样本,区域,年度终端碳强度,扩展生产责任P+_kt,消费责任全口径C+_kt
1,A1,0.5857250253644145,8931.031526788094,9002.976088594247
1,A2,0.6155881100152432,5947.521100166918,6556.747716644228
1,A3,0.5949025750922293,1014.8124896379107,5451.526428174297
1,A4,0.6236347666842769,13102.778091130933,7752.616396604869
1,A5,0.15187782749521359,539.8974807636959,814.9108688484997
1,A6,0.5017530728623263,4856.566581892692,3988.382026278642
1,A7,0.1737614481693834,308.4575190339592,672.6895382761893
1,A8,0.39166350971042896,1394.7616125972536,1855.9773385904857
2,A1,0.5853512113676042,8967.31821145497,9035.961143686809
2,A2,0.6152037084608061,5932.115290401184,6551.139386319601
2,A3,0.5966948952071065,1027.0620746780162,5463.636154076049
2,A4,0.6240739305740622,13144.661797532019,7784.052587153776
2,A5,0.15090854106338944,537.3967334693102,816.4216120082631
2,A6,0.5003335827880326,4831.279664209704,3960.7506708264555
2,A7,0.17297396338515175,306.7084760834542,671.6875256179851
2,A8,0.39321501960405186,1404.0791188160924,1866.9722869558104
3,A1,0.5855498419786647,8945.339432873601,9012.810649805093
3,A2,0.615098138802883,5946.869175229136,6561.301871988226
3,A3,0.5946901947894054,1021.1078656334872,5462.016278427607
3,A4,0.623817373533624,13159.197283141679,7801.566205659774
3,A5,0.15236332344401887,535.7018218058163,812.9714902685256
3,A6,0.5022998593966069,4846.685081253223,3970.2187728421186
3,A7,0.17423591154758206,310.36423561991893,680.654489680971
3,A8,0.39481800072459133,1411.609622351405,1875.3347592359492
4,A1,0.586288346315912,8962.31264256228,9029.323954354948
4,A2,0.6166453845874768,5946.518758697784,6555.647706146177
4,A3,0.5961525639501574,1027.6183823194426,5468.081903774599
4,A4,0.624323741677431,13118.644102834423,7761.008795357104
4,A5,0.1534912211661983,538.1546376675982,820.3787511143966
4,A6,0.5012032796407263,4865.89866155388,3986.520421968669
4,A7,0.1737455791409816,307.00486467661176,672.2977702512278
4,A8,0.39255423088170766,1396.9323119210824,1869.825059265977
5,A1,0.585694740755041,8940.829480152606,9010.96127927327
5,A2,0.6163681150651202,5959.459066871024,6559.026221231864
5,A3,0.5953020439010871,1025.7566514165853,5475.720870568984
5,A4,0.6237614697552265,13190.711986131975,7830.983768161046
5,A5,0.15295475983429113,540.9735606767244,823.5945019718537
5,A6,0.5005806906355948,4799.710453407648,3932.2179476584065
5,A7,0.17485815494946483,312.84759756671025,676.5981158491503
5,A8,0.3913344539725545,1401.263592955828,1862.4496844645291
6,A1,0.585608342585992,8911.671881219409,8980.162672564347
6,A2,0.6152305264481667,5953.353203795799,6566.791965236404
6,A3,0.5952034831733326,1012.65114986399,5464.562276951031
6,A4,0.6245905326406773,13139.966010752836,7767.919031903105
6,A5,0.15102313370974366,536.2086245018525,815.2859375479384
6,A6,0.5008719901277823,4839.901329760711,3970.5176910040122
6,A7,0.17351386524057977,306.68405595970415,671.4606199141233
6,A8,0.39179504759146194,1397.5933265502895,1861.329387283625
7,A1,0.5850276071277426,8923.64467445479,8990.857340638633
7,A2,0.6158047971441003,5963.127525560284,6580.127967239768
7,A3,0.5959312239117895,1024.8426043143295,5452.034930815127
7,A4,0.6244854304241817,13187.078563041006,7846.545785483853
7,A5,0.15164878440847904,540.600440198044,812.8205874410139
7,A6,0.5013392698188535,4827.1259263435095,3950.34840541708
7,A7,0.17451427670426833,313.24223368842985,676.3877705264254
7,A8,0.3922722260090574,1392.1352573678319,1862.6744374063285
8,A1,0.5850377614816712,8930.68140874168,8999.249816021951
8,A2,0.616409336635924,5958.415528289112,6565.941124939517
8,A3,0.5933886472370045,1020.6135433892774,5451.505438641869
8,A4,0.6215545616554821,13072.023788474668,7729.365998572511
8,A5,0.151641346101655,534.7286237678327,812.9607788989869
8,A6,0.5014118005843544,4832.610561857039,3950.0385379823697
8,A7,0.1756839542777011,311.21519551150254,677.640057876817
8,A8,0.39453924536211243,1413.8146741599687,1887.401571257061
9,A1,0.5852862459594115,8893.91416191808,8966.182852596801
9,A2,0.6159325219441271,5916.31593543006,6533.1689488105585
9,A3,0.5967455558715139,1020.056406207995,5511.98511601422
9,A4,0.6254319727405391,13206.254009200922,7793.704157620063
9,A5,0.15015399717512878,532.4723922233795,808.123969288018
9,A6,0.500303026648069,4810.457007417119,3940.296684946545
9,A7,0.17467787914409116,310.8021440297104,677.1705050425061
9,A8,0.39264924977409216,1398.386651525029,1858.0264736335846
10,A1,0.5844526925053917,8887.556440534905,8953.579433088438
10,A2,0.6157847583509523,5943.075226509372,6559.845684179268
10,A3,0.5950607120198766,1017.6301787386464,5472.225668977112
10,A4,0.6234558095100509,13128.663104800253,7750.276987138962
10,A5,0.15269296288067388,534.3427627021898,815.9490107146016
10,A6,0.5006233632094268,4830.9903798522755,3963.9818626051515
10,A7,0.17377858937700122,308.1609324615949,675.7398348740196
10,A8,0.39137789667078654,1391.3110023043319,1850.1315463260157
11,A1,0.58660712008111,8969.841732038172,9041.595032091189
11,A2,0.6143026415671731,5914.967656846347,6530.690082341242
11,A3,0.5949155646793761,1020.3927760164161,5458.739705125514
11,A4,0.6241267134373473,13169.686915335966,7813.509895761354
11,A5,0.15142383359244457,541.0728696324048,813.2025460748835
11,A6,0.5012781699922948,4841.697635075096,3972.833588626085
11,A7,0.17270075819435093,308.5843885130609,668.2938488770527
11,A8,0.3920135349487328,1389.2494258787171,1856.628700438861
12,A1,0.5851270933536651,8932.189396033735,9001.5931338028
12,A2,0.6140288121238207,5923.855994915135,6548.491180660976
12,A3,0.595042147158358,1028.615034793159,5458.904510716942
12,A4,0.6234054597861831,13179.548531857574,7825.572158990626
12,A5,0.1511943564196193,537.7174594574834,809.1513104862258
12,A6,0.50114809742488,4825.176033888276,3955.990490260532
12,A7,0.1746562217899052,311.46312843349983,673.894789626862
12,A8,0.3939567913219608,1404.5246619688278,1869.4926668027258
13,A1,0.585414318204832,8946.54009076836,9015.528960051934
13,A2,0.6159951107557254,5945.759358818864,6552.917841513311
13,A3,0.5959231363705574,1025.639956035262,5480.479002231958
13,A4,0.6237929677253511,13122.55186967642,7756.647869163838
13,A5,0.15112940831754493,533.3981983283105,809.7690746487143
13,A6,0.5014335994835898,4854.909725019357,3987.2321491559533
13,A7,0.17449525129552318,312.4973164543056,675.6799943841137
13,A8,0.3927024893789731,1402.485382911061,1865.5270068621205
14,A1,0.585523789778534,8909.493566535624,8979.697673185061
14,A2,0.6165108028132273,5981.805585111114,6593.701750933401
14,A3,0.5941016245028824,1022.5980394777712,5463.487402644922
14,A4,0.6222425121195305,13126.777707830617,7770.176084497491
14,A5,0.1518458210071406,535.1071346062156,813.1046915866798
14,A6,0.501582206062652,4829.745055590543,3961.09314033235
14,A7,0.17448554459471138,313.41747111594816,675.4271447195239
14,A8,0.3913631944139008,1391.683471355141,1853.9401437235438
15,A1,0.5856519328666263,8968.220332135914,9037.328121685157
15,A2,0.616466825882584,5943.665013044153,6556.001659895189
15,A3,0.5954852119852952,1018.5509850493037,5476.211328567625
15,A4,0.6231416366199909,13165.178807355987,7795.075005435662
15,A5,0.15100049408285918,538.2613916320876,809.6794900358984
15,A6,0.5017863526440913,4850.732369855096,3974.7979751724943
15,A7,0.17365223988162437,309.27220703857654,674.4605618795792
15,A8,0.3919609085456037,1394.136387747025,1864.4633511865413
16,A1,0.5852949105734943,8941.1062679003,9011.844894871994
16,A2,0.6154048476732655,5959.131274128127,6579.443342825176
16,A3,0.5952062633118548,1024.4288915024931,5469.332704495584
16,A4,0.6231728697118142,13178.257772932593,7810.5707000296115
16,A5,0.15109496406874842,536.1327939137153,808.4794639336311
16,A6,0.5013349850779791,4832.654665941674,3965.90601504949
16,A7,0.17315327008871467,305.5739249493708,669.9260346155859
16,A8,0.3923468118646171,1397.999670370785,1859.7821058179854
17,A1,0.5857735880442462,8889.154736981118,8955.562038963953
17,A2,0.6162758563893366,5953.690045980603,6572.726618767193
17,A3,0.5952811490543964,1017.9891537904465,5457.053868786443
17,A4,0.6230063420737674,13080.562119418355,7725.499055284443
17,A5,0.15077095830041207,533.6342469792935,808.9357304366337
17,A6,0.5006201189357594,4830.634344610216,3959.8039444540937
17,A7,0.17456122225338075,312.03352783934224,677.1988365819242
17,A8,0.39295151407088746,1403.368796409111,1864.2868787338014
18,A1,0.5853818183931231,8893.85160416999,8964.064980924588
18,A2,0.614694022181087,5921.077958244537,6538.824054489754
18,A3,0.5949963405182106,1020.4251599166103,5444.076131652119
18,A4,0.6231672879374243,13112.413020263188,7770.404440478869
18,A5,0.15166949309989228,543.6850917893909,814.4566307367579
18,A6,0.5016304835205606,4849.295253552849,3976.42097979094
18,A7,0.17700640519756305,317.43942870104615,685.4288567392065
18,A8,0.39443215305311813,1413.6936464816192,1878.2050883069924
19,A1,0.5855108899996766,8898.151688587888,8968.88261138414
19,A2,0.6159526682998518,5991.064828152958,6599.3081290663
19,A3,0.5957374515097598,1022.1252017556884,5471.225418341493
19,A4,0.6240674348810222,13106.147611633434,7742.482727218025
19,A5,0.1521794910186166,535.5566622699163,814.0034318271461
19,A6,0.5007616498668264,4845.833527054063,3971.901810654507
19,A7,0.1740624805225008,305.84216836647926,672.7621384164155
19,A8,0.3922886009036684,1398.6317321121685,1862.7871530245714
20,A1,0.5857399268798833,8908.038362342542,8979.388132774871
20,A2,0.61554346209428,5898.002138855821,6505.8172884914475
20,A3,0.5948036599028408,1028.810480037843,5473.272282530721
20,A4,0.6226369607386147,13105.548864541968,7742.180823651011
20,A5,0.15295914889693787,541.4598080560426,821.8407621066002
20,A6,0.5016156480785616,4832.81948032668,3968.227301453544
20,A7,0.17519346910862182,312.29004693748254,676.926469500107
20,A8,0.38987341770316564,1378.908527676164,1838.2246482662435
21,A1,0.5853647019041118,8915.816843049699,8986.869647659536
21,A2,0.6153441979960976,5951.391573722576,6560.042939061835
21,A3,0.5960223472749054,1018.6566944949847,5456.5963761910925
21,A4,0.6236290864484736,13130.967609138526,7773.6790229517055
21,A5,0.15238784264079816,535.2154530194625,815.9299967217592
21,A6,0.5014541072195903,4843.4667803553175,3975.0870623317737
21,A7,0.17413152824232256,311.3273274921067,675.8735900835037
21,A8,0.39406117168382127,1397.0509760428579,1859.8146223143285
22,A1,0.586112672425834,8935.439781578472,9004.2517250299
22,A2,0.6164053006193803,5980.831089579584,6593.9304327782975
22,A3,0.5957359467488836,1026.353902329431,5458.604756126025
22,A4,0.6244173796801147,13138.923053499147,7791.218533028422
22,A5,0.1532135266717963,541.1981161809558,815.8530066930231
22,A6,0.5010937794664206,4844.105520246435,3961.484948477686
22,A7,0.17347984958018567,307.8323655650427,676.2091572027917
22,A8,0.39510505699624243,1408.708070321208,1881.8393399641297
23,A1,0.5852433876946592,8944.009873865532,9015.165118829656
23,A2,0.6151138450754658,5947.534429009633,6562.197448367335
23,A3,0.5952428224558609,1022.4711792077921,5447.935951557026
23,A4,0.6230538143113192,13143.58027492615,7796.10230659284
23,A5,0.15221453941562688,537.1173987155246,814.1364866943195
23,A6,0.5010314241173492,4817.91525115033,3947.1926066131696
23,A7,0.17361698792244604,307.876110932792,675.0656584654498
23,A8,0.3930193631751343,1398.1628977754199,1860.871838463373
24,A1,0.5854488793189445,8922.158661486304,8993.07396580939
24,A2,0.6171054273751237,5957.6660354138485,6565.320484729142
24,A3,0.5969464422870702,1015.712076343718,5468.436803754187
24,A4,0.6251682197462038,13222.334438063455,7853.863512607615
24,A5,0.15151100603717407,533.257029607939,811.963943442175
24,A6,0.5019677767456199,4834.736964996163,3965.899066353779
24,A7,0.1753034697594092,311.44328305115005,678.2782805524258
24,A8,0.3949786099761688,1410.8909985052758,1871.3634302191401
25,A1,0.5853020229053227,8920.84536098289,8990.575480937961
25,A2,0.6159626481740177,5957.072995194774,6562.969041429438
25,A3,0.595158377654529,1028.0866788774729,5474.661296057833
25,A4,0.6239661997326635,13182.321433387115,7820.141819037894
25,A5,0.15222871671883387,535.3811690966048,817.8154235771111
25,A6,0.5015616727416738,4850.183858209693,3975.0477884201377
25,A7,0.1753364756465014,314.7284104865118,681.1496805642688
25,A8,0.3922301787792281,1408.1889894234225,1874.4483656338434
26,A1,0.5858658826613026,8933.431273071255,9001.298133717393
26,A2,0.614428359633938,5932.851891209128,6556.398491174144
26,A3,0.5948956364862076,1019.1310813518963,5454.804788333271
26,A4,0.6238361868353318,13100.520274125112,7746.623763750921
26,A5,0.15039593264358062,536.3126439492518,806.1925795600524
26,A6,0.5007357467478935,4813.135016827864,3942.3174007739276
26,A7,0.1743192891354399,312.21050803450805,677.8908194631565
26,A8,0.39399163601601467,1397.9170442859886,1859.9837560821375
27,A1,0.5857563782868241,8929.108894846553,8999.418612589532
27,A2,0.6150927645096705,5914.641129499631,6520.068253151733
27,A3,0.5980867721241835,1023.5713847054222,5475.211664348694
27,A4,0.6265399563345404,13190.37882987709,7829.182471278051
27,A5,0.1514695035719378,540.393928160132,816.5524818120624
27,A6,0.5013396716217414,4822.041511070072,3951.2140647790943
27,A7,0.17537099069041256,314.70775094872727,677.6286751389665
27,A8,0.3956429020740853,1406.8843364620568,1872.4515424715478
28,A1,0.585844376443427,8900.292321306824,8969.056029314406
28,A2,0.6169083837456588,6002.268403869696,6616.408841052074
28,A3,0.5940934542342716,1014.4385235044535,5444.388725555957
28,A4,0.6226231970457976,13157.050808878343,7807.9952759654425
28,A5,0.1523474603696766,537.8970939631655,816.3201412945126
28,A6,0.5014718253651692,4832.401385765332,3961.4469549747278
28,A7,0.17306309179415388,308.60885691774325,673.5063861530273
28,A8,0.3918077525552551,1382.4132252836578,1846.2482651790694
29,A1,0.5860420550889917,8899.437460086367,8971.09200795686
29,A2,0.6161132067350301,5986.023096601375,6598.009538022943
29,A3,0.5953751259292133,1019.4425566424104,5495.526622489608
29,A4,0.6236517836694047,13141.446279749578,7747.775514870537
29,A5,0.15135171407704667,535.5320677786059,811.764830485672
29,A6,0.5010467313404141,4813.852741869956,3948.151609400776
29,A7,0.17398783322254965,311.08860246070674,674.3398148822065
29,A8,0.3918452467465335,1396.254098564593,1856.4169656449917
30,A1,0.5859846950565805,8933.164100427159,9001.980045099659
30,A2,0.6161628680485799,5969.518915566564,6585.031446684215
30,A3,0.593906983264981,1017.2629701848507,5439.031421314073
30,A4,0.6219149870246086,13119.856587158083,7783.583970543666
30,A5,0.15021255393641905,533.4613082107712,806.9336107518258
30,A6,0.5020846756192447,4851.506589372044,3971.8118310181817
30,A7,0.1728570059498564,309.3380092216548,672.1718251227204
30,A8,0.395979304416887,1412.5790039793933,1886.1433335861761
31,A1,0.5861638734241881,8956.03710355591,9023.245130518228
31,A2,0.6145516256936338,5902.154365956401,6521.682178621028
31,A3,0.5953040697292994,1015.818626573597,5445.178805463242
31,A4,0.6233626881301559,13168.190496799329,7816.504188876469
31,A5,0.15098023769424324,539.4461406129963,815.7488124966114
31,A6,0.5012016223432965,4846.800345905907,3969.3034114820193
31,A7,0.1759716536565226,315.93310772430806,681.0238982018486
31,A8,0.39403075759211303,1402.4535935486,1874.1473550176038
32,A1,0.5863937953017619,8972.126149094807,9040.590632646823
32,A2,0.616231367449878,5958.038849619803,6568.114657835736
32,A3,0.5949386519707066,1018.5908123034693,5434.367560438123
32,A4,0.6235198353105794,13121.02545484964,7793.077752201511
32,A5,0.1522684321317582,541.3650160774997,817.1513635577221
32,A6,0.5012501269591563,4807.797452066219,3938.547207554243
32,A7,0.17408788681946674,310.0382299662623,675.917247536246
32,A8,0.39526139938924504,1411.5909090117489,1872.8064512190435
33,A1,0.5856977015692183,8960.44091945728,9031.532226644822
33,A2,0.6177121143563338,5994.401893395987,6600.3182906888005
33,A3,0.5941165235102619,1019.2043217285938,5443.174373250856
33,A4,0.6224875820912955,13097.438205717517,7765.605394759933
33,A5,0.15135431418260564,535.6378030663683,809.3184778988148
33,A6,0.5010343878992515,4827.192959785606,3946.2335525415297
33,A7,0.17282655781286194,306.2785625669403,670.4393729501036
33,A8,0.392429929741413,1381.5759169367714,1855.5488939202044
34,A1,0.5855937951522324,8888.065175170022,8957.48881026922
34,A2,0.61531734186097,5931.981945692773,6543.1716642693245
34,A3,0.594938871924579,1011.7185245286091,5500.631796167939
34,A4,0.6238006941746088,13155.349153396399,7750.318229881345
34,A5,0.1518209846300827,540.0643009463412,816.5121606204316
34,A6,0.5007856819783282,4843.938751099064,3977.7780965736156
34,A7,0.17399087816517064,306.5986692264831,674.301645796656
34,A8,0.3930480699207006,1405.1280593939775,1862.642175875137
35,A1,0.5858714513323305,8940.493072489806,9009.070407258248
35,A2,0.6162114506727424,5978.138719441434,6588.001552088442
35,A3,0.5961091916116265,1022.0081154344039,5474.1420495557495
35,A4,0.6241825460712324,13183.981244803192,7821.527569838903
35,A5,0.1520443744184155,536.1094728564975,811.4071004188868
35,A6,0.5014742427495242,4828.92352475573,3956.3595471804897
35,A7,0.17586466254994218,314.28888676809885,681.0096348190197
35,A8,0.3928790185838333,1394.5315415088783,1856.956716898301
36,A1,0.5863051302050195,8932.301817471638,9003.511378713936
36,A2,0.615797666923571,5959.395051432388,6570.593858503819
36,A3,0.5969589456892851,1007.0647155954707,5464.278897279292
36,A4,0.6254741444115117,13180.637706427446,7808.717005830428
36,A5,0.15099745785808968,538.8426704537217,813.0547784820579
36,A6,0.5005608123767814,4836.01846101298,3967.295237696597
36,A7,0.17451534715438344,311.082012787999,677.0318868229318
36,A8,0.39365086509537456,1411.1274935927224,1871.9868854453025
37,A1,0.585768972891854,8953.588307685503,9022.597820930774
37,A2,0.6154107689785666,5929.020053503665,6541.238071260245
37,A3,0.5967303008860557,1021.5321868313881,5480.2962109175605
37,A4,0.6244147181341061,13147.601445783523,7775.855667133605
37,A5,0.15018263106466237,534.3609727173846,809.1461195825071
37,A6,0.5014511203962358,4846.809899137519,3976.9329615922393
37,A7,0.174699971568499,313.0205402606526,678.2797270055029
37,A8,0.3917787021666889,1390.509729042611,1852.0965565398087
38,A1,0.5865993392878357,8880.069093357422,8951.571002553675
38,A2,0.6155094600339692,5958.236514479146,6561.928156862808
38,A3,0.5950924064252436,1018.8210852865484,5476.025867237886
38,A4,0.6235849941489087,13153.818412029497,7779.902610244418
38,A5,0.15323794238271007,538.5063035093214,822.5849865740341
38,A6,0.500830793896704,4855.769839920736,3988.7095055146965
38,A7,0.17411784243803688,309.826553201491,672.5141008667895
38,A8,0.39315562879993227,1398.7851249067342,1860.5966968365894
39,A1,0.5859216010729239,8936.085090198238,9006.447392830736
39,A2,0.6158512611716652,5976.589088672633,6595.627300153671
39,A3,0.5952942049338144,1018.3295385391121,5432.711842352757
39,A4,0.6242061988121574,13166.378225825429,7826.656763160132
39,A5,0.1523873126920116,542.3892652295525,820.3984166339554
39,A6,0.5010633957944721,4836.61024561434,3966.837506275797
39,A7,0.17401004206928686,310.1892942133742,676.0798501095992
39,A8,0.39428578645921364,1405.3320004501284,1867.1436772261552
40,A1,0.5858728357476782,8935.735166274217,9003.32326085031
40,A2,0.6159479349343207,5936.250514806063,6560.533441257535
40,A3,0.595151399740989,1015.9973976357466,5458.755501602398
40,A4,0.6236649230800131,13148.443122961742,7784.032529608307
40,A5,0.15033108827125236,534.3904172962401,807.7052543010527
40,A6,0.5001073396005665,4829.11741602725,3958.870088566665
40,A7,0.17555257292150156,316.35360879005583,680.4507719084822
40,A8,0.3922447087391492,1399.3068876034015,1861.9236832999702
41,A1,0.5860480680069406,8867.252585702887,8940.107096811706
41,A2,0.6156802178937976,5957.338716415397,6572.590671975301
41,A3,0.5956212929453439,1017.3677738892088,5474.451556032409
41,A4,0.6237178791595333,13127.391529406994,7752.006454658026
41,A5,0.15206435753604497,539.9201742168303,812.7755149479237
41,A6,0.5003789765951461,4823.419775517515,3955.2859606206844
41,A7,0.17407326001261259,309.74592573529475,672.7007003116682
41,A8,0.3937165560531281,1394.8602215879891,1857.378747114395
42,A1,0.5849636255221923,8982.377580403563,9050.073773545537
42,A2,0.6158667420186683,5968.4560107249035,6573.201662004896
42,A3,0.5964055559598778,1013.2297498863704,5461.618029255407
42,A4,0.6239910655232558,13137.52161557887,7779.7188218404035
42,A5,0.151534435888557,534.9998521066445,813.6986695447604
42,A6,0.5006883796992742,4856.250521753915,3981.7108966780634
42,A7,0.1759960671680034,318.12461826613674,682.5011629889159
42,A8,0.39310469721824015,1403.1328710553546,1871.569803917775
43,A1,0.585055482982043,8855.506460598652,8926.620098880367
43,A2,0.6152846056613539,5958.2924632034255,6571.622000027008
43,A3,0.5947466675595475,1020.2134939685509,5448.555921598085
43,A4,0.6230081622851207,13153.262536294837,7803.798149369946
43,A5,0.15205015067037939,534.1281099648434,812.8326724940584
43,A6,0.5011510341097045,4833.469676787658,3958.3418237240576
43,A7,0.17427725421155701,312.2876612101497,678.8541765783441
43,A8,0.3921044585995591,1388.6153674042812,1855.1509267605295
44,A1,0.5855785402389786,8912.638019442846,8983.837484384028
44,A2,0.6151518407076269,5966.494623289456,6571.239839202541
44,A3,0.5946289250839681,1005.0890374854716,5458.466573558706
44,A4,0.6230345804452956,13144.242634537313,7776.624165519845
44,A5,0.1515325431908347,537.1480596203777,817.8887722252921
44,A6,0.5014121334895874,4825.070102039185,3943.9615586009227
44,A7,0.17484987834449778,313.77967385814094,675.9865513208568
44,A8,0.39384244343035657,1389.4067470800842,1865.8639525406836
45,A1,0.5852940699351245,9009.646655332657,9079.967256102584
45,A2,0.6161950055495903,5960.062836335722,6571.700726101323
45,A3,0.5950643606886181,1011.6396336234062,5450.835190212033
45,A4,0.6231813407839354,13135.745530513295,7778.976150686558
45,A5,0.15276745655450855,537.7602854789658,815.8163199602811
45,A6,0.5013204553803047,4842.31758643615,3964.4940952874513
45,A7,0.17472591169183718,310.75815211551924,675.5879905881067
45,A8,0.3913862730765692,1388.8475748492212,1859.4005257465992
46,A1,0.5856592694124735,8907.883963173412,8978.532477730823
46,A2,0.6161862462143746,5951.586015899596,6562.774238132286
46,A3,0.5947097363299502,1016.1494375496869,5464.250367104133
46,A4,0.6224107433446038,13118.622381019919,7756.095055513753
46,A5,0.1501431402725821,533.3765704021348,808.2429418968532
46,A6,0.5015728817069162,4843.349027206943,3968.3214815795864
46,A7,0.17519593866423455,314.3166298531195,679.647632022203
46,A8,0.39294974381182546,1404.3777215892705,1871.797552714444
47,A1,0.5851448331661144,8929.754111139522,8996.724045758096
47,A2,0.6161741924961027,6005.030624783993,6617.766006306505
47,A3,0.5962146403295573,1020.2494222876611,5469.055483015282
47,A4,0.6239770812854651,13152.069248718253,7789.964395172402
47,A5,0.1509854655361573,536.6451726308743,813.1115229263669
47,A6,0.5008053638514384,4808.877633121891,3943.893327998875
47,A7,0.1751886334066594,312.5172843745918,675.9524610343854
47,A8,0.39166029056162444,1399.7301231437034,1858.406377988578
48,A1,0.5856213759851941,8934.635333946972,9003.107982434876
48,A2,0.6154218589847367,5971.677762101028,6584.946246065752
48,A3,0.5940138436130707,1013.4668272475807,5419.595973061141
48,A4,0.6219905938089242,13133.575936659754,7808.137743220187
48,A5,0.1520486440781462,535.9400772301758,815.404706760217
48,A6,0.5008677985743595,4826.4474175450105,3958.091105335125
48,A7,0.1735427283986656,307.8978934674836,672.7349473988277
48,A8,0.3936877092821702,1407.0492539027002,1868.671797824581
49,A1,0.5855598598546954,8964.733760832565,9033.329711761244
49,A2,0.6164004119159491,5976.584603815513,6583.483936411157
49,A3,0.5947323167192162,1020.3783214949118,5476.249934530673
49,A4,0.6225892227475153,13096.569126795594,7726.809784216952
49,A5,0.15211150679047533,538.6469836357709,818.7262841089652
49,A6,0.5014836489962552,4821.188310079704,3948.209910561388
49,A7,0.17331301816049488,310.53907341949423,673.3300082454168
49,A8,0.3911786302092671,1385.8454605582313,1854.346070795989
50,A1,0.5856360460961876,8947.630098366617,9016.73464413532
50,A2,0.6152001912917645,5948.441392762488,6559.716251812172
50,A3,0.5943163044471867,1020.6621314417333,5436.072619271846
50,A4,0.6225384109409363,13167.539008004725,7841.139501630672
50,A5,0.1507256401290489,537.2067341367774,809.9922406737728
50,A6,0.5005866252009646,4821.624552099199,3956.6018338577837
50,A7,0.17499555337538847,314.07528716452845,678.666728468236
50,A8,0.3946414476282788,1398.990196478991,1857.2455806052558
51,A1,0.5860658467300689,8920.257024472794,8988.799387839708
51,A2,0.61513722547631,5980.3594014779665,6579.66349361286
51,A3,0.5948173337560806,1025.1719397840557,5460.525503567655
51,A4,0.6223292245593519,13084.730811288344,7743.909690953009
51,A5,0.15183564843116687,536.1913095290296,815.1288226581108
51,A6,0.5014844964151439,4855.575963581965,3988.239951835353
51,A7,0.1739259602676103,309.2832142485802,670.7317276982907
51,A8,0.3924750618740948,1390.4255718828072,1854.9966581005565
52,A1,0.5862396246579417,8940.834018486492,9010.346212705912
52,A2,0.6158016026959976,5947.4728588854305,6564.694653566835
52,A3,0.5944541008551555,1017.2496311391458,5443.535483672484
52,A4,0.6237594648769386,13079.073118358363,7733.729926749311
52,A5,0.1523255315495443,538.5102740698997,812.3712357356802
52,A6,0.5008005177917576,4830.087233707989,3961.6341233030175
52,A7,0.17474008583575296,312.39674371891124,676.3031935056551
52,A8,0.39164989144566753,1392.572190363435,1855.5812394907707
53,A1,0.5849867806992026,8925.458418924085,8997.711958895768
53,A2,0.6143211589495287,5932.53355741845,6547.953971687529
53,A3,0.594817805546292,1020.5677732814994,5461.349770077937
53,A4,0.6231049705463294,13108.165223352476,7748.612951978282
53,A5,0.15065852312994518,534.4988057490625,809.286075802708
53,A6,0.5013253567082114,4824.200316999833,3952.90837227706
53,A7,0.1739160319878229,315.05916598062396,675.0513378807156
53,A8,0.3936278619589152,1405.62234617497,1873.2311692810028
54,A1,0.5854252762651635,8935.178685103527,9004.44458938573
54,A2,0.6159646873659449,5941.895158903288,6555.899763248284
54,A3,0.5966101267554581,1017.6903840383156,5488.1579810158855
54,A4,0.625044193987805,13220.658433825485,7835.729348936967
54,A5,0.15087623354559165,538.6715820362007,811.8137873813173
54,A6,0.5006603365460209,4803.693769968024,3936.0065594244015
54,A7,0.17346676794976293,306.82692431977534,670.5882441005308
54,A8,0.39458197653355936,1412.2661571626622,1874.240821864158
55,A1,0.5857588885698514,8950.437164573977,9019.417468400456
55,A2,0.6153141722838473,5936.885801029974,6561.518262396601
55,A3,0.5958266548639132,1017.8386499569399,5471.970099089558
55,A4,0.6243851173790744,13146.0320921578,7770.303561456779
55,A5,0.15119446033801262,541.2338161265317,811.9045059998305
55,A6,0.5010426831575293,4845.831738402549,3968.173276602818
55,A7,0.17476136945589207,310.90972813702695,677.6240422963932
55,A8,0.39220330344382165,1387.4101844533704,1855.6679585957324
56,A1,0.5847617708561852,8955.379240108561,9026.440646039246
56,A2,0.6158953187047844,5925.690890360689,6538.239121182342
56,A3,0.595063870549812,1011.5530090574714,5423.088157804491
56,A4,0.6237691431250821,13117.512307982197,7791.401934140408
56,A5,0.15165010940079585,538.2334113568737,812.4610197839862
56,A6,0.5013876196626065,4841.484813864983,3977.149839517256
56,A7,0.17340339964170243,308.09252162858786,671.2605781732897
56,A8,0.39286877214510413,1404.9876911564643,1862.89258887481
57,A1,0.5853050335890635,8917.509220846921,8988.264710531826
57,A2,0.6153608218184223,5961.905511594243,6570.886168995724
57,A3,0.595089212841281,1015.1243086763591,5451.864594305503
57,A4,0.6237762956798721,13141.896934870647,7793.680796686812
57,A5,0.151449023713425,537.3517726802619,811.9806060252012
57,A6,0.5008014987548159,4831.8525418534555,3957.6952800827967
57,A7,0.17457515077715802,312.94230332184094,677.5691222338347
57,A8,0.3943562458211928,1404.7543549628513,1871.3956699448825
58,A1,0.585157287838776,8939.726652494828,9010.628234338683
58,A2,0.6157635229969629,5953.173427570027,6563.048243511382
58,A3,0.5956268402881593,1013.4244997232804,5435.582761987543
58,A4,0.624386266450405,13180.191691680511,7842.935981601861
58,A5,0.15166674776670896,539.2668081433743,816.5629462440896
58,A6,0.5010454259520889,4827.751190878517,3954.70591070179
58,A7,0.17528296832836973,315.9553111443039,678.4693948376688
58,A8,0.3921316069322995,1391.8850156489598,1859.4411240607803
59,A1,0.585660434269889,9010.80644749308,9081.436018826593
59,A2,0.616518476587776,5968.014356366057,6578.731005049153
59,A3,0.595604902603893,1017.9094115777398,5456.415451058378
59,A4,0.6239221305419761,13130.361382016492,7776.90846073102
59,A5,0.15171811321610817,538.7629944995191,815.2308893801572
59,A6,0.5011118381175729,4841.699813415735,3966.6911187656997
59,A7,0.1743739992640216,312.6278380335313,676.6632180624101
59,A8,0.39383486973648413,1396.5901581119458,1864.6962396406952
60,A1,0.5855537685406872,8968.844837588238,9038.272368797434
60,A2,0.6154120536549498,5932.476517004595,6539.230478536349
60,A3,0.5961324096886423,1014.6285796655196,5435.559698316766
60,A4,0.6251390641115027,13099.517639872196,7761.700382278361
60,A5,0.15253270593467605,535.9879406251258,817.143549303709
60,A6,0.5011344104275102,4843.5306771065425,3970.5559145649163
60,A7,0.17599585230583095,317.67187923413456,683.6317324467608
60,A8,0.3925762615813977,1395.8891054564301,1862.453052308486
61,A1,0.585409853206505,8960.939181700986,9028.791301887404
61,A2,0.6163838176782741,5984.876971292926,6606.29624030934
61,A3,0.5957170515180658,1010.8998428458616,5458.446402021106
61,A4,0.6239955498864288,13148.270662185638,7779.932336489454
61,A5,0.15172900002189205,538.0495039916476,812.2984837953237
61,A6,0.5015979693442255,4856.4212089124285,3977.2361120454802
61,A7,0.1749410774809954,310.36733697427155,677.1893647824576
61,A8,0.39219788077736956,1398.5572272090235,1868.1916937822205
62,A1,0.586695193281198,8934.236239251515,9001.644246897236
62,A2,0.6151364201138099,5939.653437484923,6553.776041834197
62,A3,0.596054690353022,1019.583921810702,5436.949941665972
62,A4,0.624647343627904,13160.070643814248,7824.17622699502
62,A5,0.1523142823725536,537.8655711352361,815.8796917589273
62,A6,0.5015111979527818,4871.252894642644,3990.861080857994
62,A7,0.17371948766898387,310.1079366217619,675.5287471780202
62,A8,0.3923099150440684,1392.2826951549532,1866.2373627286156
63,A1,0.5852280779453268,8939.050309078862,9009.593865742985
63,A2,0.6171241171304961,5936.431286420289,6558.193201366658
63,A3,0.59574411574294,1021.9953135913088,5476.828208765334
63,A4,0.6239059916008781,13160.442434778255,7779.335719313113
63,A5,0.151772482641468,535.1690035547588,812.0040138071993
63,A6,0.5010849306577878,4834.553833761978,3959.595673059296
63,A7,0.174623747905656,310.54442200912473,677.0281482840758
63,A8,0.3911067770927521,1385.1939212871548,1850.8016941430708
64,A1,0.5866017099214895,8953.250478516586,9023.12181311736
64,A2,0.6156059247797824,5955.837334873099,6576.4879188805035
64,A3,0.5955238340096322,1014.2987739867932,5476.077112318435
64,A4,0.6237793699790029,13158.116847407,7775.593488357522
64,A5,0.15148811283577482,541.9382283962273,814.2031409523404
64,A6,0.5011613053914911,4852.950661241959,3977.406298455724
64,A7,0.17388987275091808,310.4315412738549,676.3860434430785
64,A8,0.3925042345802807,1395.2157195016557,1862.763769672213
65,A1,0.5851342564665734,8926.705647505085,8996.831515392543
65,A2,0.6155544295748661,5932.6077803929675,6545.89133874162
65,A3,0.5960492831052249,1031.9241287408975,5487.5062343922755
65,A4,0.6241504093543739,13183.853935570598,7812.909433460773
65,A5,0.15221423525175262,538.7057133389104,813.6250423726866
65,A6,0.5012008171801046,4821.015901951842,3952.4821907632904
65,A7,0.17488085873729878,314.46080541655175,680.4446788138298
65,A8,0.39316311423235334,1401.4698031455728,1861.0532821254035
66,A1,0.5856559887315348,8927.167733636667,8992.236691438302
66,A2,0.6147400966815825,5940.050437695056,6553.549422155348
66,A3,0.5951689261954685,1021.5966329939208,5452.203013113952
66,A4,0.6237698752716136,13099.055927390473,7754.477066603662
66,A5,0.1518121750801002,537.6050864475206,814.9227921505393
66,A6,0.5023243647530835,4835.915842534401,3962.7791890023755
66,A7,0.1746405501050483,312.85250564589325,677.5123699685196
66,A8,0.3930766177737295,1399.6700414158688,1866.2336633271
67,A1,0.585826561965261,8945.020958906793,9011.631487591783
67,A2,0.6147997782910366,5927.287193176577,6544.293708520466
67,A3,0.5942333799964701,1013.4814593663871,5444.011173252046
67,A4,0.6227401169065622,13082.817348939567,7736.644126324038
67,A5,0.15174652695018392,541.1047780628935,814.6546823517087
67,A6,0.5010820347703353,4832.15175473759,3964.293656192782
67,A7,0.1756113283199575,315.5477045190792,683.636651181592
67,A8,0.3947672408259245,1409.6706193813225,1867.9163316757908
68,A1,0.5861087526863838,8915.469780382326,8982.311674119259
68,A2,0.615877534390568,5953.505026708442,6567.388100270127
68,A3,0.5945776915620763,1014.0048947222048,5483.71206922095
68,A4,0.6225819504156486,13131.593116471127,7745.460828348874
68,A5,0.1510764101199525,537.4937055858678,813.897890598284
68,A6,0.5010540697886765,4835.994867179981,3964.0583431325826
68,A7,0.17354155084394354,308.8485729093629,671.077668834461
68,A8,0.3922795664400447,1387.576606002484,1856.57999543726
69,A1,0.5846817567446908,8917.596016820313,8988.519839939643
69,A2,0.615688411187003,5967.180327219539,6575.894559336807
69,A3,0.5950217372945281,1029.4662456909455,5503.445954197501
69,A4,0.6230459187967824,13163.033588805729,7777.33896486557
69,A5,0.15227661538204537,539.512228024174,815.2302186937409
69,A6,0.501332818962728,4843.059784834865,3967.7259864662897
69,A7,0.17497073683767345,310.773542472144,678.8651806913239
69,A8,0.39441211383951114,1397.1384882377292,1860.739517914566
70,A1,0.5858502811515928,8903.407533931904,8970.862349327668
70,A2,0.6157200375012036,5943.582203976953,6559.797060946522
70,A3,0.5942485503401413,1024.4092933501931,5476.0413309486485
70,A4,0.6216580044935711,13140.488127248154,7773.012763998627
70,A5,0.1521255244267968,539.7882343035199,813.5251520410006
70,A6,0.5013301785125609,4845.797756476503,3970.409795363434
70,A7,0.17441401895479156,312.1363683248514,679.6086261550192
70,A8,0.394276784429824,1407.5138608606997,1873.866299691855
71,A1,0.5857278931804257,8964.317636161988,9033.618038450579
71,A2,0.6166807964209226,5972.00782706067,6582.090213662631
71,A3,0.5961846075809965,1010.8795522927431,5450.147835407036
71,A4,0.6251885464488424,13149.535467666446,7794.747931518926
71,A5,0.15150715176169363,535.7831837156368,814.017959855895
71,A6,0.5014897449729956,4824.600571356417,3952.0163796780403
71,A7,0.17438198250654013,311.19142977862316,676.52990673243
71,A8,0.39254305350508856,1397.635916602989,1862.7833193299773
72,A1,0.5858367794561747,9007.42832168378,9074.589339941605
72,A2,0.6158750630842725,5943.676235752438,6549.844926737364
72,A3,0.5960246811697407,1018.8343339719621,5460.421142500954
72,A4,0.6242912173262235,13131.29981239865,7776.37015349166
72,A5,0.15146716394255166,537.9507634482169,820.9132983583752
72,A6,0.5012548777418417,4835.679652707044,3962.85954613075
72,A7,0.1749486726991651,312.9162697455799,679.7067928259108
72,A8,0.39276833093368935,1393.8595901350052,1856.939779856052
73,A1,0.5861462344555461,8909.385250151641,8978.253587759053
73,A2,0.6156752775516801,5966.681427998643,6579.334912549122
73,A3,0.5958705434868491,1021.4757899262054,5478.540043144913
73,A4,0.6236389085129265,13213.591879450023,7844.218895333648
73,A5,0.1514166448114476,539.787681171352,813.0863073863329
73,A6,0.5024026298986924,4852.834249946117,3977.037774776288
73,A7,0.17456865161811147,313.9710936435105,676.9781301464632
73,A8,0.39244251543043795,1397.6770348196167,1867.9547560112894
74,A1,0.585450305099457,8936.746171122742,9007.875162435757
74,A2,0.6172845310644633,5999.389775424477,6611.558602978109
74,A3,0.5962480699787698,1017.0377387968572,5485.153907721597
74,A4,0.6244819844239594,13196.940839063933,7809.950199291486
74,A5,0.15085719689656618,535.8247843130993,814.3526038849491
74,A6,0.5010153633502759,4824.293091117399,3947.5530417712544
74,A7,0.17386804879786735,308.3281151907484,672.920051643338
74,A8,0.3949919833037215,1415.4851168027117,1884.6820621054753
75,A1,0.5848653697580326,8908.828315747021,8981.470002708484
75,A2,0.6162065081997243,5964.768627264941,6573.6849811333805
75,A3,0.5969677828435808,1024.4178626537148,5477.151244406963
75,A4,0.6257718784911178,13172.333770625324,7801.895785462493
75,A5,0.15156311730993466,539.7951218502374,816.6887911590901
75,A6,0.5017916295606303,4862.2898854265,3991.5630936011776
75,A7,0.1752712938215064,316.1076947987436,680.5280740279757
75,A8,0.39413025460063456,1403.7635568895366,1869.3228627564533
76,A1,0.5856140342359955,8943.563309059296,9014.860168332045
76,A2,0.6161159766541314,5927.94671277767,6546.024050200794
76,A3,0.5963355546197411,1009.7718342302693,5446.263748459026
76,A4,0.6245606064799757,13170.688113508297,7811.287278073244
76,A5,0.15182749719318753,538.693110839945,812.6853457377574
76,A6,0.5010617386708155,4823.710988513205,3950.2657904615194
76,A7,0.17393893599816168,307.78829619751184,671.4617651039936
76,A8,0.39385211944468,1400.2756495290087,1869.5898682868271
77,A1,0.5851319095464264,8929.095603054473,8998.0573843174
77,A2,0.6158575587214304,5933.2371982842205,6540.271690223694
77,A3,0.5937445281380044,1017.6715000228362,5456.142907893019
77,A4,0.6218018732768301,13065.333137096935,7715.294911856078
77,A5,0.15074433297380946,535.7570974035705,813.7762767215895
77,A6,0.5018803332370496,4830.183034133883,3963.802053733831
77,A7,0.175106538622025,311.4370320020443,676.9236413603272
77,A8,0.3950584342907342,1411.3911406717507,1869.8368765637708
78,A1,0.5861154565909538,8912.109300190326,8983.85177351993
78,A2,0.6165449609821295,5940.458474997793,6551.249965704308
78,A3,0.5948269953241343,1016.9592905676103,5454.5692553727695
78,A4,0.6231997545785248,13081.420198917385,7725.25850550678
78,A5,0.15164959126349462,536.2593462954645,814.079468334182
78,A6,0.5012911725779527,4843.979426919433,3971.5068574294555
78,A7,0.17344886531198422,309.88723171711143,672.9279871620109
78,A8,0.39344490210567745,1405.6407122040512,1873.270168779735
79,A1,0.5848992654728838,8897.235059960089,8965.889293816725
79,A2,0.6162679685741776,5951.118160302334,6571.870358865648
79,A3,0.5968973101586335,1016.21220141785,5456.603174563302
79,A4,0.6251807262348292,13151.272995121944,7783.573857265208
79,A5,0.15163564020392278,535.521068289031,816.1216506203366
79,A6,0.5005524882007157,4814.404610373341,3946.6447756101334
79,A7,0.17454646454653186,310.64010672422233,674.6080347240585
79,A8,0.39390067079679353,1410.8686681979334,1871.9617249213327
80,A1,0.586047656347237,8942.533995798127,9012.400520027562
80,A2,0.6154333066134718,5955.937322252008,6567.695297356835
80,A3,0.594808016505351,1017.5075903887166,5437.78294952852
80,A4,0.6232361654915457,13094.632621157438,7756.077197675381
80,A5,0.15175606174109596,537.7581474788255,816.0520467274538
80,A6,0.5007886466278051,4842.432839808127,3969.547713786516
80,A7,0.1751310353666019,312.7478803151623,679.4245425265098
80,A8,0.3939360168530768,1403.0693875520253,1867.6395171216539
81,A1,0.5854657378849731,8941.36246813951,9009.50641621856
81,A2,0.6149841071554573,5907.534242524813,6520.473811568169
81,A3,0.5963021800137647,1015.3069022763045,5464.615925310387
81,A4,0.6245095819551174,13198.336302864975,7830.614741825154
81,A5,0.1517798216430838,541.9745785416528,821.2129202488632
81,A6,0.5010239798760887,4796.342027749004,3929.932347814318
81,A7,0.17379491332388783,309.70811726294477,672.3022048732224
81,A8,0.39235830894449597,1396.5978116448282,1858.5040831453612
82,A1,0.585802495167453,8946.420765309755,9017.665682474095
82,A2,0.6161424971346328,5947.550834839968,6554.93327053906
82,A3,0.5956593758426036,1021.2397997940654,5470.527237482466
82,A4,0.6241321194004383,13135.561837622969,7772.042033348593
82,A5,0.1507943872469737,535.0201781344924,812.4594527590906
82,A6,0.5009349267968412,4840.3513995480225,3969.2651504575897
82,A7,0.17515963244340796,314.3221410680486,678.9507992468834
82,A8,0.3916064275314681,1401.665768624735,1866.2890986342807
83,A1,0.5855819178463331,8914.81597492169,8984.465008846722
83,A2,0.6148349224097507,5972.50709037638,6584.274970268114
83,A3,0.595526726429286,1030.762196036565,5468.621851115295
83,A4,0.6236527282038543,13083.605888573227,7728.794627432571
83,A5,0.15310452117625067,540.4038602446268,818.4769971094571
83,A6,0.5005986265686916,4822.062722372241,3945.983654632241
83,A7,0.17537989175544624,314.8538407133354,681.4593753622604
83,A8,0.39233099856030723,1396.56747322537,1863.5025616967725
84,A1,0.5852010719263616,8896.225228729267,8967.757650392547
84,A2,0.6159033749136661,5937.096777605109,6528.79349089822
84,A3,0.5952661137734658,1015.1226128906311,5455.922709727481
84,A4,0.6245740674708676,13107.001547739927,7760.944135855314
84,A5,0.15200190876110092,536.7463280265634,820.6615932289081
84,A6,0.5007404538554759,4829.848767567779,3957.2437385307926
84,A7,0.17398232141487635,306.17614891725526,671.7822318142752
84,A8,0.3947258827795503,1403.4762482475815,1868.5881092765737
85,A1,0.5852347738221542,9047.946835874387,9116.119873698957
85,A2,0.6149669388538377,5944.905491164238,6570.125074167818
85,A3,0.5956889409250684,1026.4618781472068,5477.096060214476
85,A4,0.6235567252859819,13202.5062979678,7828.886775463618
85,A5,0.1523105471177716,541.746482758082,814.2083577119927
85,A6,0.5003235290151948,4844.185530371236,3973.116035286262
85,A7,0.17544298214529064,312.5868487169567,674.9724995805108
85,A8,0.393168350084939,1407.3017276456094,1873.1164165218854
86,A1,0.5850322967442658,8948.51926648222,9017.541656530613
86,A2,0.61558338772835,5935.426840406737,6544.405434597171
86,A3,0.5944999691646071,1018.7275918078498,5431.373366388037
86,A4,0.6227018836875047,13057.840507643134,7734.788414120151
86,A5,0.15209743278170412,538.6227864976618,812.6975870630237
86,A6,0.501213310593387,4851.940118604984,3979.6610405795122
86,A7,0.17403248966312088,306.16658447702605,669.3926739956621
86,A8,0.3936327038240986,1398.309288837864,1865.6928114833102
87,A1,0.5854214527893884,8977.741291162982,9048.71662285439
87,A2,0.615232580324613,5955.7562993814045,6554.0466373447
87,A3,0.5940622989087169,1018.5444115566245,5418.009959210587
87,A4,0.6222434037240682,13033.780219052935,7729.321058034174
87,A5,0.15129359601092782,534.9425999325895,812.8021637748502
87,A6,0.5013178505001613,4825.5409627921335,3948.9552853615874
87,A7,0.17489491390516815,312.699065942301,675.2872974931397
87,A8,0.3912317129783402,1381.869797765148,1853.7356235126874
88,A1,0.5853223589180707,8952.580673769462,9020.666522420548
88,A2,0.6146660532320588,5944.528590130718,6554.495226298721
88,A3,0.5948375163942253,1023.8757196037284,5458.964650339013
88,A4,0.6227769001609165,13139.213113833572,7792.281124772455
88,A5,0.1512899094214227,540.5991229527357,817.023885909019
88,A6,0.5012918975554554,4831.843294418677,3958.9553660156666
88,A7,0.17597975465334728,313.92108472256905,678.9228205857382
88,A8,0.39332700671023196,1408.1667459283583,1873.4187490186584
89,A1,0.5862692566162243,8907.572328136463,8979.738583694912
89,A2,0.6150053075664697,5949.768510514275,6567.784579258048
89,A3,0.5958446556936828,1023.3226535778123,5471.095076218801
89,A4,0.6233784763070531,13113.054976803822,7743.960346113839
89,A5,0.1522688065180832,541.2214392440617,813.3717732864424
89,A6,0.5007422928285048,4861.356911609142,3980.555524500335
89,A7,0.17488729874678793,311.3127458783442,677.4023883685425
89,A8,0.39396256319932393,1406.5899707517026,1880.2912650747012
90,A1,0.5865905661259506,8881.476919344816,8952.30543834802
90,A2,0.6161968838163003,5982.895661978562,6593.783055744519
90,A3,0.596379950059044,1018.8563306378614,5458.4433470415615
90,A4,0.623987037352966,13195.6805903805,7842.522624925443
90,A5,0.15071319259622576,538.0927926975861,811.4094171660081
90,A6,0.50060206538618,4827.3644171491915,3949.8149283346675
90,A7,0.17617416790793575,313.95500532477155,680.8668214277268
90,A8,0.3941171591204954,1404.3865206153625,1873.5626051407091
91,A1,0.5858517386355075,8899.901645057596,8970.662430618344
91,A2,0.615648233392007,5936.112319302758,6560.523772750826
91,A3,0.5957787504984494,1011.3770793665487,5453.782869900305
91,A4,0.6241889888744865,13165.213860098762,7795.73418888373
91,A5,0.15227288668445194,536.521081379363,808.9808248989762
91,A6,0.5006386677167144,4815.946272549281,3946.0083632848
91,A7,0.1745539360915872,312.74785336825806,676.1631328939843
91,A8,0.3935354258300176,1401.0111673552735,1866.9756952468751
92,A1,0.5854510266073227,8896.689297003526,8967.41142338386
92,A2,0.6154447239099985,5953.735087354335,6558.660642311319
92,A3,0.5946324988316916,1017.0725979330182,5459.105344616038
92,A4,0.6223755991015375,13113.69597173891,7761.227174366321
92,A5,0.1509088721730688,533.8092869284039,809.987253285676
92,A6,0.5014616943388912,4844.8905614872765,3974.6729610835578
92,A7,0.17284719522737416,302.66057913383565,667.8196183852878
92,A8,0.39530005115482364,1417.0090766901112,1880.6780408373527
93,A1,0.5859291476949742,8920.135656878516,8989.926455041958
93,A2,0.6155781708080326,5952.65538101856,6565.559249349575
93,A3,0.5968229241831537,1020.309550239396,5457.703835797599
93,A4,0.6253377801014973,13132.540366574878,7780.16214731131
93,A5,0.15151338194748695,540.0668987242977,814.6637302240847
93,A6,0.5010180505652689,4837.740252438811,3972.2357871363856
93,A7,0.17472795726397716,313.3358324570438,678.8728171738248
93,A8,0.39387931862787157,1399.5048030646058,1857.1647193613726
94,A1,0.5855562199925156,8952.858038616303,9023.209283961842
94,A2,0.6154366430068082,5942.134227510788,6563.847058462545
94,A3,0.5961976239593029,1012.9329453271703,5462.078986747369
94,A4,0.6247441401943249,13171.476304925245,7798.456228714483
94,A5,0.15012853592653336,531.1203409807862,807.1631316050853
94,A6,0.5011267856324507,4807.509394854456,3933.3715279397707
94,A7,0.17388465796256716,310.27779207162223,668.9075420476661
94,A8,0.3924987209051613,1393.299520630806,1864.574805438417
95,A1,0.5859654115349837,8923.044225256122,8997.092486705498
95,A2,0.6166599704953061,6014.308024877377,6624.285108850396
95,A3,0.5965038427810766,1029.5478356123365,5489.966247500767
95,A4,0.6246754037855958,13179.7163844127,7799.326843969126
95,A5,0.15134116253904625,538.1652945189244,815.6282831455778
95,A6,0.5012949577941544,4839.505751754783,3963.804033108207
95,A7,0.1745824047353251,310.42469055191975,677.1263060273287
95,A8,0.39409532840727873,1405.2040373954337,1872.6869350726934
96,A1,0.5859617213061873,8901.112644402729,8969.595495004414
96,A2,0.6166923893412282,5970.845640542751,6583.428933264868
96,A3,0.5951952524190899,1027.4172880809435,5476.372529003036
96,A4,0.6238979420374617,13124.475123826007,7760.08993034569
96,A5,0.1516526367227149,539.2715893998849,814.6458642334844
96,A6,0.5013913752621567,4861.107266736184,3983.582022167784
96,A7,0.1745578731392155,310.94121536028894,672.8134683314146
96,A8,0.39211313350602134,1385.5565928332935,1860.199118831388
97,A1,0.5854287496369979,8908.179499184062,8979.837543836367
97,A2,0.6159400217826136,5984.7685603197715,6583.910872653093
97,A3,0.5957890547937993,1029.5767090000431,5482.612006803036
97,A4,0.6235788466474027,13120.284987648392,7760.456044624482
97,A5,0.15081775371036735,531.7672984399304,810.3362954688901
97,A6,0.501079530630757,4822.440055599158,3952.366605745597
97,A7,0.17385141573567664,311.35631817907677,676.5304518802923
97,A8,0.39283479401914806,1400.7689402564956,1863.0925476151729
98,A1,0.585221157554071,8860.588450676101,8928.507648693405
98,A2,0.6156728258319766,5958.74736228734,6578.663935993853
98,A3,0.5958952111787298,1024.3085659959593,5458.906502629349
98,A4,0.6247605719360565,13165.131635682723,7812.868927870086
98,A5,0.151772996401952,537.0557398457917,809.1499553649459
98,A6,0.5016063440293154,4864.3561302991375,3984.7649722293017
98,A7,0.17391870222136602,314.7805545955951,677.6352421587252
98,A8,0.3927049217024249,1382.833007880809,1857.304262323794
99,A1,0.5859405381070807,8939.647530848073,9010.063991021418
99,A2,0.6157352551294831,5955.664071790815,6563.023193483597
99,A3,0.5942105272144957,1012.3037143767552,5447.933436723146
99,A4,0.6232753009858566,13119.578240986279,7770.409033934859
99,A5,0.15313253051084993,544.5331187256445,822.7403613104754
99,A6,0.5000938763811205,4858.80649193232,3993.8707898803605
99,A7,0.17442807805294794,312.2373679722417,677.2129150472571
99,A8,0.39286414775907713,1399.5173052355249,1857.0341204665408
100,A1,0.5860576315027326,8970.38649078966,9041.442074009326
100,A2,0.6144278966730304,5904.513428380353,6517.165334412874
100,A3,0.5945467705886155,1023.7175062293563,5429.587413083527
100,A4,0.6221576255662189,13114.004481397023,7794.645438711901
100,A5,0.1497850322461799,532.6751524835772,804.9525902624207
100,A6,0.5012091645816747,4834.206784736329,3964.714551368027
100,A7,0.17453234658898012,313.2018187895105,679.1078417712438
100,A8,0.3932105511168623,1389.8784847878717,1850.9689039743587
101,A1,0.5850486328586342,8917.85552148461,8985.569334455711
101,A2,0.6153706000979863,5917.219080801875,6538.702962459981
101,A3,0.5956814793527483,1016.7094509088397,5440.526704048557
101,A4,0.6242251942341788,13182.889844887171,7840.297072946579
101,A5,0.15009495442463006,537.388776425726,809.8058016815816
101,A6,0.500981188322327,4865.7464145939175,3994.1833224390252
101,A7,0.1750328495591274,310.0406895462645,676.0900085947484
101,A8,0.39249948609473284,1396.2975571780034,1858.9721292002255
102,A1,0.5846953133749371,8920.75578805424,8988.536565814971
102,A2,0.6142760303083274,5912.431810671542,6531.660249953521
102,A3,0.5934619104703288,1012.5751168448929,5453.858727596371
102,A4,0.6225917023494124,13141.503281702786,7779.910218077579
102,A5,0.15168492456394994,536.5479230200771,812.6246986539555
102,A6,0.5008850547931011,4794.474690530142,3919.9235558965242
102,A7,0.17383625869763877,308.52160891643257,673.9136008568875
102,A8,0.3945046257692573,1403.5221801999596,1869.9047830902614
103,A1,0.58589425920939,8960.481559387697,9030.166774372645
103,A2,0.616211790209957,5940.700092969363,6559.345361993882
103,A3,0.5968327484493497,1018.8477142176469,5480.40851578433
103,A4,0.6253645783010489,13153.566950611917,7769.106672250655
103,A5,0.1510694865984147,541.0839374980548,816.1231766013474
103,A6,0.5015633936737176,4828.192428129532,3957.7107519580068
103,A7,0.17519094482819914,315.5540033226037,679.8072715800065
103,A8,0.394026672997583,1402.7688378057817,1868.5269994017256
104,A1,0.5851223458062962,8937.765382386926,9008.357598338447
104,A2,0.6154401262355405,5972.922994343704,6575.6095091255775
104,A3,0.5932500201895184,1014.6133734842895,5405.862803262924
104,A4,0.6218049959272105,13096.174599157403,7797.123265910274
104,A5,0.1516066795015674,539.8556023379058,816.4850957749267
104,A6,0.5004422762088788,4834.224635820148,3962.37734937228
104,A7,0.17379103902689985,308.51527795431366,672.0676106295447
104,A8,0.39388781687933727,1409.2666649631071,1875.455298033823
105,A1,0.5852216195400477,8939.547335418396,9008.476400620571
105,A2,0.6149254450904652,5942.111133984526,6561.314893785066
105,A3,0.5962409886239521,1023.6445087265547,5487.561533248148
105,A4,0.6247435554225982,13197.265362433869,7815.4756134986765
105,A5,0.15148143936866298,537.7188082157179,809.8144760537205
105,A6,0.5012078202386343,4826.5119023330135,3964.0206994734945
105,A7,0.17566318805940173,313.92979579091656,679.5821922305588
105,A8,0.393201744381534,1397.042944561294,1851.525982554054
106,A1,0.5856506235945947,8869.41140365172,8938.138653135304
106,A2,0.615349820896946,5899.273685732827,6511.859595686895
106,A3,0.5962480137437488,1026.7628879367612,5430.831859848634
106,A4,0.6245531144621315,13189.734609915498,7869.60215454168
106,A5,0.15172754953876832,539.7912134248508,817.6060317842728
106,A6,0.5014415015112502,4837.347490166532,3969.546017893603
106,A7,0.1743830197663894,310.94189073650375,675.4019972347141
106,A8,0.39307033709096945,1395.2542506026664,1855.5311220422566
107,A1,0.5859170487394413,8946.466284696939,9017.508053358391
107,A2,0.6159815674011272,5939.94635282938,6550.95368777245
107,A3,0.5963095696978854,1021.8260011120217,5484.496058636379
107,A4,0.6247029675605403,13166.896129174533,7782.336504381431
107,A5,0.1512995125955699,535.3501634781794,817.3217351852894
107,A6,0.5000297997459419,4840.449470574679,3967.77072531512
107,A7,0.17376585727673058,308.1572371561558,671.7683393666135
107,A8,0.39220188893099095,1397.092015032984,1864.028550039201
108,A1,0.5858160747844984,8920.956495746927,8990.302565723176
108,A2,0.6144447619041901,5935.526153166842,6551.461241135385
108,A3,0.59611077099019,1022.1155035278462,5458.088552048576
108,A4,0.623625667506779,13085.81191409566,7732.289416768758
108,A5,0.15179335386524995,538.2706706688599,811.5410908166986
108,A6,0.5014345971504026,4826.007096392374,3953.6745344927062
108,A7,0.17511985919027165,313.2722961151694,679.5031749897016
108,A8,0.39242597930221235,1401.3041263702348,1866.4036801089094
109,A1,0.5857129982199677,8951.422574128372,9019.144582768886
109,A2,0.6156989412737511,5948.275378379718,6560.138460625566
109,A3,0.5967564968922003,1021.5603279441226,5467.262204590309
109,A4,0.6247379622094382,13217.501298268253,7859.276604442434
109,A5,0.15182916522485324,538.9904720526793,814.5159807205039
109,A6,0.5015150259065017,4812.58815512589,3935.959224538379
109,A7,0.17453252247819007,313.65942648679254,680.218726433608
109,A8,0.39406051548799165,1402.665846087336,1870.1476943534758
110,A1,0.5847820870872371,8952.183934872464,9020.918953337223
110,A2,0.6161036041375192,5956.189770742118,6561.13572492752
110,A3,0.5962336758231808,1017.905055685817,5486.4991122563915
110,A4,0.6249941623421155,13145.320603395307,7764.999755585792
110,A5,0.15190817902160045,538.0886414931276,818.4490935781026
110,A6,0.5018549107064574,4852.583864964383,3977.6111331366333
110,A7,0.1741391163261611,309.16012386041143,675.1635559097504
110,A8,0.39313812636018086,1395.7086314961396,1862.363297778355
111,A1,0.5848683328748252,8922.04534576794,8991.571453535107
111,A2,0.6154485219386653,5950.105027630685,6561.803548176097
111,A3,0.5952635733073572,1020.7809734040402,5481.406604876804
111,A4,0.6237572837635644,13235.708134516452,7857.583690338403
111,A5,0.15085097944170875,534.4641040404142,813.0975367505501
111,A6,0.5021906802113661,4837.042226657579,3967.443368151436
111,A7,0.17311906857460843,310.6464346381304,674.1776289349834
111,A8,0.3926584692777371,1394.939316070367,1858.6477319622284
112,A1,0.5852245823284357,8920.125800606307,8989.952705386844
112,A2,0.6153683387593991,5940.180042933868,6548.883196073631
112,A3,0.594946800085878,1017.7163797613256,5440.331903003494
112,A4,0.6223603299960583,13111.05365686955,7770.496828805211
112,A5,0.15152144248287389,533.5182610544748,813.4069706191643
112,A6,0.5016481611603733,4852.432879729139,3981.922322606352
112,A7,0.17416195042482063,308.5282278588711,676.3340413388556
112,A8,0.39281895668519684,1400.7809366536392,1863.0082176336227
113,A1,0.5850109129280648,8931.322212554445,8999.114669959868
113,A2,0.6157591381221676,5955.570379741696,6567.235884378491
113,A3,0.5960449101498522,1024.546983185274,5460.22092099307
113,A4,0.6246217390779729,13090.830240793515,7738.84412127741
113,A5,0.15185174813805796,538.2134810394907,816.7674380356558
113,A6,0.501551996579348,4859.714683804106,3981.148312548351
113,A7,0.1737220727583672,308.78136811815415,673.6331313278152
113,A8,0.39346415412439467,1389.978232443474,1861.9931031594983
114,A1,0.5852535598067808,8919.018262626614,8989.384273430374
114,A2,0.6162906035397744,5988.963914964959,6594.161683328282
114,A3,0.5953277009904039,1023.3321090079447,5466.598095514193
114,A4,0.6235736472345292,13135.33103119117,7778.7046971314985
114,A5,0.15215165478021808,538.0379085818365,817.1916253079698
114,A6,0.5014613549448911,4819.899996262413,3946.0892488263853
114,A7,0.17478852261859612,311.4300786804997,677.7011374382781
114,A8,0.39278041227307586,1403.1105538673573,1869.2930942058158
115,A1,0.5858582230045737,8936.178744460976,9002.003148483083
115,A2,0.6159800024505545,5961.12674502817,6569.470105340702
115,A3,0.5951535740335161,1016.3277041510502,5436.51656760628
115,A4,0.6239292580721727,13132.49995481305,7800.996671242558
115,A5,0.15098998186997273,534.1242721398835,812.8644168412998
115,A6,0.5013451203378375,4836.418794241421,3962.5586690727428
115,A7,0.17302365735957353,305.90408950878543,671.5686661735455
115,A8,0.3936468636538694,1400.288894491153,1866.8909540742816
116,A1,0.5856458098805915,8941.042502841023,9007.823188843935
116,A2,0.6145165048229303,5932.637948105825,6545.3781042839655
116,A3,0.5941789669654434,1018.9283008168987,5449.001156495536
116,A4,0.6221278818858419,13087.35241245075,7744.191456219156
116,A5,0.15148025703341084,540.5013572526567,815.0525781500808
116,A6,0.5008745609582501,4840.087732360535,3969.382559580474
116,A7,0.17526986683476525,314.6495421411204,682.7051835135162
116,A8,0.39261972345935464,1405.3431855403874,1867.0087544225314
117,A1,0.5860969139915848,8971.055734298905,9039.233407774826
117,A2,0.6156365787800752,5961.178429400649,6582.652928227862
117,A3,0.5950302601431663,1009.71046682694,5458.769228194969
117,A4,0.6238980465535273,13175.05937024538,7804.29372683328
117,A5,0.1515172920565958,537.8642656748186,810.8344208714077
117,A6,0.501408998679547,4848.878909074156,3975.376975659726
117,A7,0.17546980842607598,313.89164531914895,682.3640962856234
117,A8,0.394353702985914,1399.2480328848164,1863.3620698771217
118,A1,0.5857908924712724,8944.281303060074,9011.236808660258
118,A2,0.6158854860844433,5934.644970992651,6549.0132957584165
118,A3,0.5959088937426557,1025.594958478586,5487.866483330267
118,A4,0.623786601947741,13169.070662151287,7788.935906170604
118,A5,0.15179949861739817,539.1870600941621,816.6914293894004
118,A6,0.50111962118062,4854.823978834266,3982.873159744971
118,A7,0.17351743606653602,310.88470961361566,672.8022719164871
118,A8,0.39400443559189074,1401.4276300095003,1870.4959182637385
119,A1,0.5858753138679342,8927.99208767901,8998.408065230993
119,A2,0.6154803467192236,5935.367808563472,6537.244282691811
119,A3,0.5954600192916502,1017.6924981589896,5468.345119950996
119,A4,0.6229867854041224,13093.211873948414,7733.85941568876
119,A5,0.15199206133061602,537.6666908477828,817.0147650859946
119,A6,0.5012293193904337,4826.877002779991,3963.794244022456
119,A7,0.17512595162903377,311.90503352832474,675.1623490897717
119,A8,0.39263094013340466,1400.621953368078,1857.50670711328
120,A1,0.5861773164051757,8935.524846982677,9004.30972677234
120,A2,0.6160609730828266,5980.729483622008,6583.3636658614905
120,A3,0.595694482122224,1030.5771411420258,5488.507752688624
120,A4,0.6232316746775954,13130.565617797629,7765.573415718465
120,A5,0.151398307086346,539.1294874516688,816.4934422313313
120,A6,0.5006146429210458,4824.4380327766,3951.6814139079315
120,A7,0.17442430344190457,312.264269403849,676.3191371374246
120,A8,0.39213168608156135,1393.664091054298,1860.6444159131481
121,A1,0.5860244699024274,8882.065920734616,8950.613627551591
121,A2,0.61606869705214,5975.41505597086,6584.21043516195
121,A3,0.5957113252960831,1024.6783632758643,5486.34281052113
121,A4,0.6228365200821198,13121.381623122164,7746.350243462049
121,A5,0.15233805494536845,538.9492440366113,817.7348775484542
121,A6,0.5017948283135168,4830.902571890478,3955.806535286974
121,A7,0.17444144035560652,314.68260387679885,679.5847306801414
121,A8,0.39381874197783395,1396.2542264825734,1863.6863491776758
122,A1,0.5854753650935091,8939.5862066693,9009.324274500363
122,A2,0.6145969757947283,5943.65947778187,6556.928473204673
122,A3,0.5952393934847263,1013.5787944465525,5447.504020398022
122,A4,0.6229038378199357,13141.015404855936,7791.8814667108445
122,A5,0.15061484870201375,535.2380416893025,808.5143849398405
122,A6,0.5014360870679248,4871.0832041717385,3996.100546948655
122,A7,0.17495728182804557,314.77294081474764,679.489779969983
122,A8,0.3932010508363171,1399.4132461221004,1868.6043698791657
123,A1,0.5859481914146639,8907.979403799072,8979.944668258206
123,A2,0.6153580389019575,5954.113363758831,6553.053277055844
123,A3,0.5953164486151781,1034.102267604569,5467.648146460488
123,A4,0.6225558627239594,13129.448742802775,7788.167044817479
123,A5,0.1518918245712628,534.4316881714905,812.4614181044294
123,A6,0.501651089438858,4838.576828784744,3972.3249237746304
123,A7,0.17513776579274698,316.04495781411566,681.1734199744058
123,A8,0.39386153108023736,1403.1973878067324,1863.121742096852
124,A1,0.5848984022993714,8885.738839690937,8953.752698160913
124,A2,0.6155363858033196,5942.336327922156,6549.890141272857
124,A3,0.5949288878174379,1013.947213996795,5477.57437083983
124,A4,0.6226741923096638,13107.447802197974,7733.480899413712
124,A5,0.15318544288510044,545.5242925525391,821.7697767642076
124,A6,0.501147269479207,4850.912554574521,3979.2718696756892
124,A7,0.17569401069903628,313.9943337506275,679.0304359286534
124,A8,0.391893960951524,1397.6119683426512,1862.7431409723363
125,A1,0.5852751520436975,8935.92614520474,9007.341009299358
125,A2,0.6163079483318386,5969.688719104348,6582.780509212042
125,A3,0.5960042110225843,1014.1791575401336,5471.772476669821
125,A4,0.6241679258243185,13165.027822679676,7787.2996983801195
125,A5,0.1516503236748706,535.995450317708,814.8596121472342
125,A6,0.5012846502631966,4828.78193398589,3957.441492260393
125,A7,0.17297837903853733,311.9897750016648,672.2729322623954
125,A8,0.39021589779731863,1379.8548714989854,1847.6761451017862
126,A1,0.5852928112683291,8904.513126098976,8975.497976058135
126,A2,0.6163740604856652,5974.826244891545,6577.58980359235
126,A3,0.5951287175099093,1012.7209353325869,5428.974757250728
126,A4,0.6235963833559836,13075.97932361791,7749.6400369374605
126,A5,0.152135291566195,533.433808782082,812.2633423004326
126,A6,0.5008470861923698,4853.751909208595,3983.232540028191
126,A7,0.17509972253643388,313.8059270398295,681.5539044292084
126,A8,0.39231254905771373,1400.9635608154329,1861.2424751904493
127,A1,0.5855753019996056,8940.282586091434,9010.788019151545
127,A2,0.6164271125466451,5943.193488180059,6561.840072669194
127,A3,0.5952932959880898,1017.8067303688416,5458.098234330607
127,A4,0.6237296966485069,13091.010171417554,7726.206573302306
127,A5,0.15364097743196617,541.2505681912356,817.8895903801991
127,A6,0.5013715168936004,4813.824915947303,3937.1911999656354
127,A7,0.17518066452707115,314.6034223206865,678.4975544635707
127,A8,0.3928628354605649,1402.9895606645662,1874.450198918626
128,A1,0.5859041784107961,8927.000367415712,8997.493679681616
128,A2,0.6158666285007726,5974.679950445934,6580.025188366904
128,A3,0.5948239257827401,1022.2744033900393,5431.124954862171
128,A4,0.6227537829384981,13047.763133759314,7726.188583917928
128,A5,0.15177229136969422,535.9210177236371,815.3378315660229
128,A6,0.5011964076915042,4848.479768791287,3975.356697070398
128,A7,0.17649523612505405,316.6256166496117,681.7812546138543
128,A8,0.3927431054460876,1401.5502431566233,1866.986311253266
129,A1,0.5865071614388905,8930.510745159017,8999.84168133054
129,A2,0.6162614390190645,5950.289384657895,6568.316318016219
129,A3,0.5955589850267221,1008.75743679512,5475.84414946535
129,A4,0.6242146709768764,13184.762092847703,7797.443966301347
129,A5,0.15171961312954316,540.0531393390132,816.2256420765974
129,A6,0.5023281557872521,4862.421297655814,3985.424488214808
129,A7,0.17770783988853547,315.97554741021423,686.0391339973761
129,A8,0.3923689576920346,1395.879105046983,1859.5133695095244
130,A1,0.5853382914213684,8882.973898619537,8950.733947227247
130,A2,0.6156620700132582,5944.456279453558,6562.509012990719
130,A3,0.5973332495391991,1016.4344823052104,5487.118846458983
130,A4,0.6257376884432819,13189.880928305063,7804.234226445493
130,A5,0.1517991782991761,539.4047151949485,809.8345484824397
130,A6,0.5009959567322255,4831.224003999907,3962.4262099296398
130,A7,0.17465580162996455,309.55464545701244,676.2724707062721
130,A8,0.3927063673688977,1402.2913481881176,1863.0910392825601
131,A1,0.5859066975857395,8956.848582061328,9028.0606936023
131,A2,0.615597300593758,5930.468726397411,6538.40174330688
131,A3,0.5945731234079505,1014.3571236662334,5431.063740530085
131,A4,0.6217875040393248,13154.286374668744,7821.759700026362
131,A5,0.150869621686547,534.8559885288558,813.4871929642544
131,A6,0.501330063996289,4860.506637458355,3987.5313299623417
131,A7,0.17382285832871147,311.96933554157107,673.0462340113856
131,A8,0.3924335178281216,1389.6468454250141,1859.588979343902
132,A1,0.5863678657634774,8919.68496933991,8990.56509992752
132,A2,0.6165624417695911,5990.960904056262,6599.805537302364
132,A3,0.5946391188904788,1019.4127981273615,5451.76297968244
132,A4,0.6225980656234796,13135.450718788696,7790.22994846312
132,A5,0.150813546517461,537.0192700729765,812.428463030344
132,A6,0.5020979743718992,4840.911751382422,3965.892989729363
132,A7,0.1737571030486841,309.9005358474206,673.5572737235851
132,A8,0.3923953697778911,1396.9233924624536,1866.0220482187667
133,A1,0.5856343323982218,8925.504189014906,8995.612829860169
133,A2,0.6160478114787221,5982.193280125526,6594.881889370076
133,A3,0.5948857373350287,1015.1185121970765,5476.190012749927
133,A4,0.6238388255338256,13143.775570400605,7764.653521106805
133,A5,0.15219265784581174,539.4754113730212,818.1886033343544
133,A6,0.5021408454578052,4864.369785817701,3987.472881657536
133,A7,0.1746029284942833,309.75600734179073,675.7474752772798
133,A8,0.393451739519376,1406.7966689488637,1874.242211863343
134,A1,0.5866915043931096,8962.003457434426,9031.667455330444
134,A2,0.6155305549030007,5928.945691317126,6534.498880574518
134,A3,0.5949615820542543,1011.9085412208034,5454.36522846693
134,A4,0.6240335325390698,13174.177304612513,7819.978237727588
134,A5,0.15130849429558482,534.9581472305563,812.4793972853361
134,A6,0.5004938189523138,4841.989711242144,3967.6700646898394
134,A7,0.1723887565189969,305.24505112815336,670.9946184811233
134,A8,0.3939976193435524,1404.4341890165751,1872.008210646521
135,A1,0.5848856887870367,8908.940842908502,8979.682075564398
135,A2,0.6151939486919306,5925.470698098692,6539.776071192005
135,A3,0.5962975630143194,1019.2363772612234,5460.3000130649525
135,A4,0.6243352808801632,13186.999603760429,7832.003997079105
135,A5,0.15045631823887787,532.5932249240504,803.5643282633613
135,A6,0.5011765462930542,4829.449490543413,3954.5474017099027
135,A7,0.17367078905867042,309.0975115006281,674.4981218689678
135,A8,0.3931306942006183,1402.3625572469596,1869.7782975012049
136,A1,0.5856101831446591,8938.027106707466,9006.371713395622
136,A2,0.6147397749918827,5919.621886103911,6528.44495887045
136,A3,0.5944107067317238,1020.0210185630575,5456.810830590463
136,A4,0.6221992190511487,13148.684968248837,7799.933770809018
136,A5,0.1516242565578814,535.5397252378899,812.385314707012
136,A6,0.5009133584143148,4833.72388442056,3968.428289716922
136,A7,0.172613509438701,302.06338728891075,665.0673757066107
136,A8,0.39298121952547155,1394.6266943927556,1854.8664171672922
137,A1,0.5861162278234511,8965.959827291701,9036.65362820201
137,A2,0.6148128567275126,5940.684252563355,6553.282388907785
137,A3,0.5957126145015629,1019.8859091214727,5462.82236905301
137,A4,0.624057419682907,13175.520473901262,7813.312105903075
137,A5,0.15154203063063432,533.1831880928632,810.8227558324219
137,A6,0.5009590832608296,4860.693913321142,3989.818027998797
137,A7,0.1734204794199102,309.02161262874404,670.1847917903441
137,A8,0.39213025916552413,1387.5693603829347,1855.6224696160307
138,A1,0.5860878529314083,8977.504988076336,9049.62763672138
138,A2,0.6165553142664173,5946.132417187817,6561.102508749032
138,A3,0.5962170567595653,1013.177148320594,5457.899618264913
138,A4,0.6241520501416146,13148.030226253555,7780.332090354205
138,A5,0.15099131308006777,537.1132728437108,813.9750364604977
138,A6,0.5008067866787872,4820.963432289878,3953.77530334133
138,A7,0.174326868452085,310.1680689998879,676.3580145972898
138,A8,0.39437883085031666,1401.549214952195,1861.5685604353296
139,A1,0.585462612099542,8926.454533890232,8995.50628827099
139,A2,0.6163692350571746,5951.170179218918,6552.772440159334
139,A3,0.5955608611411277,1023.6412590862918,5440.782849916312
139,A4,0.623941866575454,13114.26427802705,7788.913080173759
139,A5,0.15160483463574145,536.1548673257059,814.8806025678217
139,A6,0.501240540938655,4857.298567555336,3981.312927503268
139,A7,0.1755574706571287,313.8635446655351,680.2330069525791
139,A8,0.39256313727343095,1394.5374316815514,1862.9834659065573
140,A1,0.5845487097450769,8906.79463649849,8975.58383173914
140,A2,0.6155052760205882,5934.374267670667,6552.627207600494
140,A3,0.594538945255008,1018.0058401041367,5436.998784914196
140,A4,0.6229960217338586,13132.996528759211,7793.494792910627
140,A5,0.1530773006617066,540.8807230062166,815.650654922198
140,A6,0.5013234555267793,4832.13243206632,3956.4750958982886
140,A7,0.1749352185702951,313.15390331218543,680.5664591896059
140,A8,0.393297061684765,1397.4426889455374,1864.384193188213
141,A1,0.585607969493341,8929.656559038554,9000.573928185197
141,A2,0.6161777475325175,5960.189185651897,6567.2983943022455
141,A3,0.596824776819166,1024.927811286607,5474.135046333994
141,A4,0.624659930927584,13185.9030246625,7820.1758358677735
141,A5,0.1518554707793576,536.3963499303198,817.2139956532145
141,A6,0.5012554319358884,4828.6763936589305,3951.293398487928
141,A7,0.17297491452916952,307.23872327975863,673.6563827452484
141,A8,0.3914052686507048,1393.4293908980771,1862.0704568310439
142,A1,0.5859440953374125,8956.09952807492,9025.030056614038
142,A2,0.6161614300585633,5971.685429365795,6580.377223759102
142,A3,0.595528454300779,1021.1735866305007,5483.220875581621
142,A4,0.6237280265959342,13117.55148169124,7743.712508059082
142,A5,0.1515529448243347,534.6422345709159,811.1550791124693
142,A6,0.5013121079504527,4867.739768061214,3992.717171219479
142,A7,0.17455808329268413,311.3456801460371,675.2815222899206
142,A8,0.39330455507230055,1401.6076981227818,1870.350970027691
143,A1,0.5852837378862829,8885.94521088359,8956.770812060726
143,A2,0.6160448305512741,6010.308792605722,6615.612791943637
143,A3,0.5966369362446772,1024.0968582107755,5462.864083349768
143,A4,0.6244006909772956,13151.748062847682,7800.588308824578
143,A5,0.15171295813508864,534.5439172854998,812.7524195868924
143,A6,0.5016155018535183,4856.672341587297,3984.6623917363236
143,A7,0.17542922711424883,315.39920691108637,677.4590176771966
143,A8,0.39275689748763454,1389.6885707909328,1857.6931359434714
144,A1,0.5866039930812954,8925.500726583588,8999.133642266142
144,A2,0.6147316377274936,5952.738728778622,6562.142024577398
144,A3,0.595817965074243,1019.544071833424,5436.095653304169
144,A4,0.6240729036178607,13124.163039611538,7794.059668434002
144,A5,0.15193817448479868,537.6828833619115,811.9868091974487
144,A6,0.5016852677730262,4849.689987145386,3974.1525783442266
144,A7,0.17367610991057325,307.8858837482064,673.1463004106223
144,A8,0.39392751083434197,1405.9376966504487,1872.4263411791198
145,A1,0.5854611653032693,8931.482726727061,9000.733736600936
145,A2,0.6162129770826428,5935.464372007965,6541.998772000242
145,A3,0.5960220067939073,1011.8806748152173,5461.094296539387
145,A4,0.6239276778791895,13141.01385605174,7779.532977576607
145,A5,0.15227838589449183,539.9517304785309,818.4868911140967
145,A6,0.5012437820538647,4835.079005885165,3967.5682186514846
145,A7,0.17476292108472774,315.02447085030053,677.6949892166498
145,A8,0.39182808777007583,1390.8585778772178,1853.6455329937942
146,A1,0.5855095786577224,8922.830497761282,8993.352949042392
146,A2,0.6152937120480545,5954.455470980405,6572.348871846999
146,A3,0.595776491675243,1029.7166284560485,5482.339802760042
146,A4,0.6238018200183656,13150.173528575193,7778.589018728939
146,A5,0.15085274435288426,538.2041781673709,810.483981319021
146,A6,0.5010982371862787,4835.244751690564,3964.824152731109
146,A7,0.17393050804259486,309.65591070391525,673.9326489549286
146,A8,0.3908276256872436,1382.3997261247675,1846.8092670761162
147,A1,0.5858770026074518,8958.495012690722,9029.90686689978
147,A2,0.6154301478184884,5983.813589981363,6597.08864276475
147,A3,0.5928138504242751,1009.9115744210054,5434.9483178812525
147,A4,0.6213336780846258,13121.055103296736,7787.2044915155475
147,A5,0.14963036096111235,537.1395763224592,803.8913109692579
147,A6,0.5012856702469782,4825.655852113339,3959.310582425283
147,A7,0.17337204355185112,308.37579736180527,670.1364057610393
147,A8,0.39437506848358445,1413.5651661394793,1875.5250541100004
148,A1,0.5851808076640003,8933.723402266176,9002.01602171476
148,A2,0.6144589261528999,5948.697514708426,6567.297230653503
148,A3,0.5953281269511833,1013.3210985642746,5453.62678396605
148,A4,0.6224282539401422,13084.688707364847,7724.31396772383
148,A5,0.15101049041005396,535.0489204225307,810.2648024393118
148,A6,0.5002470757422103,4811.4981874971245,3934.1095792900505
148,A7,0.17517331235939962,319.3699806868142,680.8816761845147
148,A8,0.39170285212395795,1392.8944791011795,1866.7322286393537
149,A1,0.5854246033317668,8901.087892313179,8971.294069198972
149,A2,0.6170105599401383,5999.284663272958,6616.387504400078
149,A3,0.594838648635068,1017.7905595433915,5451.8073338058
149,A4,0.6227028028196319,13173.29264878466,7821.708293471192
149,A5,0.1506814252020714,533.1451140765918,804.3918022762397
149,A6,0.5012211735028643,4855.953306935538,3976.913127547192
149,A7,0.1724825994435822,305.1225780407214,669.2020051941512
149,A8,0.39326366101020205,1398.0235738753108,1871.9962009487285
150,A1,0.585539326666272,8987.630440635012,9057.189794633108
150,A2,0.6154731904223306,5937.860208650975,6549.418658505531
150,A3,0.5947105879340835,1014.6144468914673,5459.050036409109
150,A4,0.6230184254314124,13076.874690910941,7716.423967700074
150,A5,0.15227275486616146,536.9812647538197,814.5171789067725
150,A6,0.5007862044128458,4838.740391180163,3967.7070013179355
150,A7,0.1745575518548439,310.7662239173876,671.4926204654417
150,A8,0.39344864036790506,1400.724264028211,1868.3926730300075
151,A1,0.5861428953634553,8903.96112588975,8972.80635849612
151,A2,0.6143903138842586,5919.165252871776,6538.352767473988
151,A3,0.5959034457698522,1018.5303068253437,5476.722693350721
151,A4,0.6245778395487483,13199.166797570768,7823.563106310918
151,A5,0.1512826391041616,543.9190490978791,814.8758285703328
151,A6,0.5008731108616358,4834.702610111856,3969.082401554778
151,A7,0.1739726957250464,309.8856584269336,675.0892227858277
151,A8,0.39209445891524414,1391.6274437621278,1850.4658660137418
152,A1,0.5857793924209281,8938.321111597561,9009.145444355601
152,A2,0.6151012507430462,5941.499266565832,6549.78668657876
152,A3,0.5952463374936001,1016.3591219362924,5436.439340116572
152,A4,0.6234657357081114,13146.53816198017,7809.431414961596
152,A5,0.1514574634446242,531.3347343751282,811.8071859118314
152,A6,0.5008839143371258,4832.9205936693215,3955.8730104208944
152,A7,0.17497588132064423,316.8810498495337,679.1151418161985
152,A8,0.3925046134488902,1391.9803721148137,1864.236187927199
153,A1,0.584920259555754,8962.10151911089,9031.602891794346
153,A2,0.6159168080818053,5944.3606513121,6562.573220303389
153,A3,0.5965445352326607,1025.1117362265045,5478.687539474745
153,A4,0.6237473363051953,13171.493541758255,7795.4836410595535
153,A5,0.15192485503056607,540.7936913370733,818.342078953925
153,A6,0.5006893194861691,4841.434634380355,3969.373705093905
153,A7,0.17376209734854048,313.12055194539397,676.278457391739
153,A8,0.3927809904114755,1407.6812827806789,1873.756074779646
154,A1,0.5857935232215479,8934.429884810681,9004.662566801157
154,A2,0.6148973785736495,5938.644381962504,6552.705776500746
154,A3,0.594677475787589,1017.9300909722082,5455.644811228762
154,A4,0.6222377559940758,13138.234333887842,7781.474477324467
154,A5,0.15206508768156043,538.2906988000151,815.3613583217065
154,A6,0.5011645383189366,4864.887183683111,3999.8544921304133
154,A7,0.1741714407763303,312.9313702945196,674.0123258234606
154,A8,0.39289938616567177,1397.1782267320782,1858.8103630122516
155,A1,0.5866193114950691,8956.308212304919,9026.991731314462
155,A2,0.6157595391622419,5991.565727660052,6595.161662932503
155,A3,0.5950710105458472,1011.2632116469726,5460.598728831683
155,A4,0.6235212609344724,13153.183834984611,7795.30918656433
155,A5,0.1515621101809951,536.2779546298542,811.9910621015697
155,A6,0.501537081010066,4819.672635761922,3943.759495933143
155,A7,0.17423551998144685,315.111213837319,674.1903792528383
155,A8,0.3925874337769732,1387.971588730699,1863.3521326258199
156,A1,0.5851971353642023,8968.847019690396,9035.992705001248
156,A2,0.6157378273450204,5962.689418548902,6584.371373794167
156,A3,0.5950211763570155,1021.675987092074,5457.5807493525235
156,A4,0.6226289782376466,13089.432944397888,7737.499354872782
156,A5,0.15133651062110162,539.7460358135768,809.7719766697642
156,A6,0.5012103866769146,4852.350828824629,3978.4224869915574
156,A7,0.17294323568413197,308.2866451168694,673.0102725468056
156,A8,0.3938707615513428,1399.910440370069,1866.2904006255599
157,A1,0.5857138375251805,8972.259206882029,9041.767560016913
157,A2,0.6143159555134231,5930.447629014371,6547.583351640448
157,A3,0.5956429974237283,1015.4083368603767,5473.200881418117
157,A4,0.6241879765173641,13158.018335357214,7780.200278037378
157,A5,0.1518348544151468,536.2018152813474,811.8465131163308
157,A6,0.5003696824934653,4835.497729500501,3967.1746886749193
157,A7,0.17495451929445616,311.4254602115183,677.4348990974952
157,A8,0.39317401795315315,1396.1175527238445,1856.1678938296025
158,A1,0.585765289352572,8914.091279561742,8984.377535218402
158,A2,0.6148198586051,5926.860689403558,6535.657185670367
158,A3,0.59438861327617,1017.2161663100459,5436.366525209503
158,A4,0.6219257738226287,13077.647183466888,7742.641676710515
158,A5,0.15244894026269384,536.879129696185,817.7618374953599
158,A6,0.5007087102350645,4828.809840195866,3953.291606961568
158,A7,0.17531331718301774,313.28716432798575,678.3596857707003
158,A8,0.3934244583461147,1400.3335078903103,1866.6689078161635
159,A1,0.5858143049211938,8979.596723022627,9050.233491158322
159,A2,0.6149640404247495,5927.006397731446,6539.684328569537
159,A3,0.5963706984563493,1021.9327487613075,5467.302770378237
159,A4,0.6244920716797897,13153.168320604022,7789.831024748121
159,A5,0.1510522924411615,538.1803637323578,815.1706379646273
159,A6,0.5014450628752407,4853.088652551892,3982.346317034516
159,A7,0.17507948850676588,313.2467532176894,678.6236221683104
159,A8,0.39167688277150486,1391.0600778109472,1854.0878454106166
160,A1,0.5865718876924411,8948.864080983527,9021.401138041942
160,A2,0.6150331436948581,5918.555581110069,6533.46187818893
160,A3,0.5961689175104947,1019.3558659210858,5484.971591685171
160,A4,0.6242092881024852,13178.791019883934,7793.17404443386
160,A5,0.15220493308596028,536.4052579410911,812.5433471702022
160,A6,0.5014356898486605,4848.2395401259355,3967.7205975068005
160,A7,0.17558442966277452,313.8093672508508,676.3406995162431
160,A8,0.39322183238817077,1401.7198917714056,1876.1273084447505
161,A1,0.5856912640592761,8929.162641954572,8997.851914875864
161,A2,0.6157706211529798,5952.82888971622,6564.864126244341
161,A3,0.595549331338673,1013.7241625969348,5453.4021985157015
161,A4,0.6242341198302476,13167.837191195758,7815.616883890916
161,A5,0.15086707275878206,537.3061421909006,810.9063559653639
161,A6,0.5015566496644233,4848.18331365443,3976.0193900321337
161,A7,0.1751838686581212,312.79797808859524,680.6069833844092
161,A8,0.3943000971638272,1402.3240268236314,1864.8964933123136
162,A1,0.586638884024808,8896.024199011135,8965.042334754296
162,A2,0.6161741617382418,5972.557205559389,6582.434563624996
162,A3,0.5937146780461442,1018.1730955118236,5443.302098061577
162,A4,0.6212125426947683,13056.526141823766,7714.96583153235
162,A5,0.15123524405530622,540.109011673115,818.4974013703807
162,A6,0.501181990900763,4824.731986069266,3952.161590945186
162,A7,0.17418408930859003,308.62460282350315,673.52669915229
162,A8,0.39369633791418246,1400.9647770209774,1867.780500051898
163,A1,0.5855737449231333,8918.595736023333,8987.431718085667
163,A2,0.6152419892623473,5956.068660503697,6561.146860289595
163,A3,0.5948011742215413,1023.049399467723,5445.98629907826
163,A4,0.6227651879882368,13092.170919927492,7757.008923758418
163,A5,0.15181516827720373,538.3146378487949,817.7070952787728
163,A6,0.5008711318898474,4846.433083708416,3971.947455063723
163,A7,0.17447175547827323,312.79482676567426,674.4167249949402
163,A8,0.3932226172702671,1398.1795590152333,1869.9617467109863
164,A1,0.5848814731099928,8906.709504038834,8979.020794346494
164,A2,0.6165995171183628,5978.921068153724,6580.638337532863
164,A3,0.5941541228651318,1026.851200112962,5456.377177362286
164,A4,0.622483649762112,13144.401658814284,7806.249158059595
164,A5,0.15241736877080583,539.5398490051144,817.3629095658138
164,A6,0.5008125990109241,4837.313053382166,3959.6113743641085
164,A7,0.17532209160880796,314.5073423132143,678.8624370458444
164,A8,0.3929081401163547,1388.6050188570375,1858.7265064003343
165,A1,0.5859005110904847,8919.982187620206,8987.368282581978
165,A2,0.6146906132765619,5919.800539393443,6536.094187468688
165,A3,0.5949953252510308,1025.0645266118154,5471.416479969477
165,A4,0.6235206973077998,13148.422628677607,7792.0378306877965
165,A5,0.15153771196593635,543.2556718181297,811.2648264908552
165,A6,0.501564422281559,4849.943958352923,3973.3732068703775
165,A7,0.17552807346551763,314.47055892121654,681.2306704491057
165,A8,0.393106578890637,1396.578266062044,1864.7328529391061
166,A1,0.5857502132695958,8910.453081955859,8979.749775719996
166,A2,0.6163447430259356,5965.682018216807,6572.5437702812505
166,A3,0.59613620689688,1025.623804051226,5476.757168320753
166,A4,0.6240869044235274,13144.34546585174,7783.900094091276
166,A5,0.15166763964342614,537.8630747052083,812.3967612858196
166,A6,0.5018970545227287,4880.015311717485,4000.305358846224
166,A7,0.17400668874939812,310.3802671688776,675.88762257374
166,A8,0.39377342330280873,1407.3868600447986,1880.2093325929377
167,A1,0.5854107519538072,8932.06893807851,9001.912977885466
167,A2,0.6160108240960185,5943.689231236642,6551.88017659773
167,A3,0.5954736052280983,1021.0173559169808,5445.832808602646
167,A4,0.6243301814114697,13115.893583020701,7775.0809675436885
167,A5,0.15185092832518063,533.5599626252487,814.4184092919925
167,A6,0.5013349322185507,4838.536590607046,3960.377303065717
167,A7,0.17492204270736486,314.65235483730027,680.2672124621803
167,A8,0.39368603968461663,1410.9158377456918,1880.5639986187002
168,A1,0.5855848665494483,8910.423387240116,8983.325177659392
168,A2,0.6150304168040243,5913.019186442205,6516.333549856598
168,A3,0.5956117550953712,1023.520148088331,5476.021980388831
168,A4,0.623252604358612,13172.427495422899,7808.625671707707
168,A5,0.15237288265439844,540.6397844917092,818.8609204628599
168,A6,0.5011198655518786,4829.852002167675,3958.7627675593253
168,A7,0.17321540741846447,309.7427975418589,674.3935711829705
168,A8,0.39220709678110716,1388.7852947608721,1852.0864573379852
169,A1,0.5858963938460572,8934.86791880105,9004.175406397855
169,A2,0.6152213985679272,5968.802690847019,6585.302741089126
169,A3,0.5956675679408758,1012.0253430354325,5455.632029542414
169,A4,0.6248898620340056,13121.793746103383,7759.028917018633
169,A5,0.15098875632669634,533.3118728834527,809.007112583116
169,A6,0.5012849281049061,4847.80213341482,3981.7652709067484
169,A7,0.1753731750654104,311.92035750593385,680.3488896468601
169,A8,0.39435682765231805,1400.9705021780267,1856.2341975843633
170,A1,0.5852110055016952,8959.71397948927,9031.583289478098
170,A2,0.6157465672345034,5974.1345562545175,6595.962231882758
170,A3,0.5960506477089238,1016.5606771213816,5464.407971214481
170,A4,0.624514531454217,13171.619874468655,7796.459448425097
170,A5,0.15155272221212368,535.0540217968417,811.024335248449
170,A6,0.5009088312597008,4859.06036074874,3984.9363517561824
170,A7,0.17410181566574373,310.032415796721,677.8159671915649
170,A8,0.391868767371228,1399.8248251334464,1863.8111156129414
171,A1,0.5861883589617782,8892.978499936804,8962.163453678211
171,A2,0.6152957901225307,5940.416837349285,6561.861941230428
171,A3,0.5958081440170645,1018.6418898213781,5478.185377173057
171,A4,0.6235578353774742,13134.439726265555,7756.362839642981
171,A5,0.15129657522504678,537.5427512928298,809.8570814260524
171,A6,0.5007281708023608,4826.935981847087,3951.154864460025
171,A7,0.1745695715188488,312.3902713648454,675.1667339550312
171,A8,0.3927177888844848,1390.5009819015404,1859.0946482135403
172,A1,0.5859645250387576,8868.5210269391,8935.33593359021
172,A2,0.6150529519442466,5895.062936135688,6509.765390320792
172,A3,0.5945930330746587,1008.9522320487129,5473.287487006928
172,A4,0.6230971455812032,13188.91444458967,7804.1363539368085
172,A5,0.15227481017895395,539.2622699466,818.6833543918408
172,A6,0.5000624947612902,4826.594502349989,3953.223927478236
172,A7,0.17566847573362573,314.5578241761559,677.3119884604862
172,A8,0.3909883257644586,1389.0613813175023,1859.1821823181153
173,A1,0.5860285127870202,8916.048583597336,8988.320748201775
173,A2,0.6157930052180153,5967.3779387257755,6579.300747631902
173,A3,0.5954869219743434,1010.0546000994607,5452.334792957036
173,A4,0.6241117054800592,13118.265874649118,7758.163579701369
173,A5,0.15177063741613497,536.2233922951054,811.4610889866808
173,A6,0.5006710892270364,4844.458041785914,3972.304618830889
173,A7,0.17483033639471102,314.5087043561661,676.0854693473384
173,A8,0.39194627423591055,1395.961013373849,1864.9271032257393
174,A1,0.5857989344420111,8934.137610442187,9006.508740607349
174,A2,0.6158216730359665,5956.319719007266,6557.029566348298
174,A3,0.5952846887184747,1020.6018288926857,5452.098808207103
174,A4,0.6236463812403142,13183.565235238715,7841.058128360004
174,A5,0.15214470420670756,534.582447225943,815.1311546612324
174,A6,0.5009455552366613,4828.5931524388825,3950.359741872987
174,A7,0.17558256775487,316.7676371867018,682.9211777233957
174,A8,0.39362185503995756,1396.9622507902086,1866.4225634422246
175,A1,0.5856295569528551,8883.8720577799,8953.106889106877
175,A2,0.6158495866416396,5969.479843883525,6580.115800522568
175,A3,0.5965433937338079,1015.5574189232668,5481.482928803049
175,A4,0.624043566819451,13185.012975164715,7803.940161495426
175,A5,0.1525464358389254,538.7344264983462,815.3083016838555
175,A6,0.5006351484142529,4833.609117407789,3956.753585130174
175,A7,0.17533880304767666,315.92388152549506,678.3090083236788
175,A8,0.3938859438311964,1404.1995845109338,1877.3726306283397
176,A1,0.5850360135025119,8957.746903349589,9027.85446008371
176,A2,0.6158247592595065,5932.9760683245095,6549.072963326727
176,A3,0.5953580747631455,1018.6502480221505,5438.398495416426
176,A4,0.6235064087751641,13124.99296300126,7786.638682855122
176,A5,0.15018899013418927,534.8857100191435,808.6798304795732
176,A6,0.5008971062169015,4841.440505217377,3974.2949910065413
176,A7,0.17482488102788013,316.0727588238766,682.750992351438
176,A8,0.3933168801989586,1398.5904294481882,1857.665170686553
177,A1,0.5856107293213896,8886.184254653877,8954.945152291628
177,A2,0.6154520037834991,5941.660870843304,6539.766056666119
177,A3,0.5955426897527462,1013.2153150399871,5455.4899330776625
177,A4,0.6229643824865827,13125.93998131519,7778.512096531017
177,A5,0.15259073885074892,538.1853904166069,818.1168862234466
177,A6,0.5016649133450549,4829.611692020118,3960.42938077954
177,A7,0.1762246871797025,317.0720227899393,684.8316373909078
177,A8,0.393835102483451,1409.6069000878292,1869.3852842065357
178,A1,0.585598105968561,8922.090292989496,8987.874312888567
178,A2,0.6172718172522769,5972.377816414655,6590.022018425127
178,A3,0.5951215065623444,1014.7586252433583,5461.851900136277
178,A4,0.6240830105111248,13141.265392607482,7776.860561396737
178,A5,0.15184857610847027,537.9375747096117,813.1892263015573
178,A6,0.5012885866863052,4846.428692713584,3973.0423769503745
178,A7,0.17525215990015358,313.2247673915662,677.2019751461926
178,A8,0.3935076319262891,1403.974740337892,1872.0155311628123
179,A1,0.5855283748048953,8930.778185042216,9003.459382509449
179,A2,0.6163622524420552,5982.670328612364,6593.1740600502935
179,A3,0.594191819150447,1022.0112436052002,5460.70394000948
179,A4,0.6219550871254526,13120.482851622422,7762.671163495606
179,A5,0.1512011695625161,535.9727700035437,815.3932946031234
179,A6,0.5012601598224293,4827.346089470164,3955.9396170148357
179,A7,0.17533238742633597,313.593810179156,679.1680181743885
179,A8,0.3954837875101122,1413.7852241206645,1876.1310267985577
180,A1,0.5858698836931351,8938.384487396184,9008.848475399735
180,A2,0.6160717286126958,5939.493159016911,6544.37414811371
180,A3,0.5944456084680554,1012.727158022989,5468.215909024516
180,A4,0.6232862151205298,13163.168899956314,7795.814402081617
180,A5,0.15228510346289467,539.4931911808684,816.3382173623146
180,A6,0.5010507615042976,4824.682383034853,3958.3445531544858
180,A7,0.17333216324573145,309.5156695168481,674.1855117335749
180,A8,0.3923453322612554,1393.1901786558117,1854.5339099108255
181,A1,0.5864748047507979,8918.301052842628,8988.86190990655
181,A2,0.615516046778636,5951.354582060249,6560.803104001015
181,A3,0.5952262493818024,1018.5644116276942,5450.705669603563
181,A4,0.6226874831367016,13094.450523077812,7747.277582868645
181,A5,0.15233363859895596,537.4153524902505,814.8481136855589
181,A6,0.5010170462461784,4849.4313340707795,3974.892272839098
181,A7,0.17408838074240093,309.50183398957836,671.0979890759024
181,A8,0.3938474666159619,1395.0358042656192,1865.5682524442793
182,A1,0.585366345985719,8915.727624137939,8985.789897807128
182,A2,0.6147103187045629,5950.97252000715,6558.682156256435
182,A3,0.5962105670743262,1013.4987550838906,5474.725136795811
182,A4,0.6249110572071603,13165.82631280868,7793.892043502875
182,A5,0.1501132907627161,532.1976137064214,807.7763986630835
182,A6,0.5007743515495824,4831.505944805691,3958.649908999659
182,A7,0.17429291891005858,313.71124522827137,676.5626137880181
182,A8,0.39233967344430776,1387.6407163054305,1855.0025762704606
183,A1,0.585051151591641,8894.31747817771,8960.659087337135
183,A2,0.6148374230750668,5928.603927331583,6544.961444036083
183,A3,0.5944496351031671,1014.8070927875692,5460.980021905641
183,A4,0.622563650284164,13045.170938614652,7679.990121619368
183,A5,0.15239743580750936,536.3650020334132,814.5954259836183
183,A6,0.5004607823541788,4843.962890686174,3975.733892033347
183,A7,0.17416774087534567,309.4555927003773,672.383791797371
183,A8,0.3930558072421531,1398.5811231080622,1861.9602607269783
184,A1,0.5857704843492596,8906.623098625529,8975.656496236123
184,A2,0.6140871883466382,5913.722804750158,6524.375751696869
184,A3,0.5943596667609222,1024.1937826360893,5439.674591076532
184,A4,0.6225837279931602,13123.658821258494,7793.163635602102
184,A5,0.15226045260220714,542.5752221932333,820.2052164163139
184,A6,0.5005951444970134,4837.786055808672,3967.7972268653903
184,A7,0.17548333221370885,313.53259995143384,677.2551162337775
184,A8,0.3942787245902488,1397.008650609495,1860.9730017059978
185,A1,0.5852355087819273,8915.599702374193,8984.995717735463
185,A2,0.6161115017000096,5953.4670985503335,6582.577718538178
185,A3,0.5970109494874836,1022.3805477414229,5494.368112331714
185,A4,0.6247543608475695,13242.218622232693,7838.9253798959135
185,A5,0.15135574525380022,534.4459261482557,808.9093460206046
185,A6,0.5011548714166693,4824.095807353237,3958.7961424282817
185,A7,0.17500135031131342,313.25572248759414,679.0507923729868
185,A8,0.3941640652780786,1412.9969155844678,1870.837133149058
186,A1,0.5847965680394678,8921.572084305682,8991.32302389207
186,A2,0.6152754545060615,5932.446954013446,6549.952411511048
186,A3,0.5960182207248763,1023.5376680896229,5483.2680394705885
186,A4,0.6239899206942832,13159.732691409341,7786.5813100646565
186,A5,0.15081783074516275,537.2527575500169,805.1207868260657
186,A6,0.5006745116626038,4847.5245281562875,3980.151460054285
186,A7,0.1737948136075787,309.25725554168264,674.278442465905
186,A8,0.3933905588275449,1403.1172725395986,1863.765737321054
187,A1,0.5852902374621772,8932.362468852474,9003.579512406353
187,A2,0.6153314966673641,5944.668365520943,6552.488137385696
187,A3,0.5961231192280727,1016.1494133097202,5478.194662703504
187,A4,0.6248218328137832,13151.925956056017,7776.407450577826
187,A5,0.15263420061801972,544.342743655685,822.6124310852604
187,A6,0.5009657985531987,4832.920022981178,3962.530934361486
187,A7,0.1747327826316676,307.9371213270792,672.9653931225707
187,A8,0.3941790642197054,1405.133064848391,1866.660634908791
188,A1,0.5856596775791804,8919.612776361868,8987.205619777982
188,A2,0.6154165168140822,5995.505445417077,6616.28705004349
188,A3,0.5959550753066243,1022.7362410840838,5490.537050183857
188,A4,0.6242305964203135,13231.620265564361,7845.560366142698
188,A5,0.1511813898703359,540.491258213695,811.2701659752269
188,A6,0.5003918110801034,4819.518965789075,3949.475476880795
188,A7,0.17504575290146407,309.37456146995925,676.3153062411717
188,A8,0.39368766068137906,1399.428954997038,1861.6374336519334
189,A1,0.5859344759045293,8940.731675813606,9005.336928972978
189,A2,0.6166337706860049,5969.770488516116,6579.2393000062575
189,A3,0.5948837129083131,1012.9759540180647,5464.802488907407
189,A4,0.6234012246994551,13154.673645450472,7789.196804972204
189,A5,0.15164143923126072,534.7818313329863,816.7065239688415
189,A6,0.5005751244499168,4829.237777866206,3956.740439686536
189,A7,0.17408525595512284,311.1665870240429,674.9256277303972
189,A8,0.39208610298308105,1396.73852573448,1863.1283715113525
190,A1,0.5856852837785829,8972.495162983218,9041.521460625787
190,A2,0.6151349756262943,5967.762464157827,6582.742628543229
190,A3,0.5945214373979104,1007.8809476230391,5449.941254921617
190,A4,0.622916249026862,13143.866298870933,7784.7667865864505
190,A5,0.1515084083176056,534.2490655595811,809.2847371677219
190,A6,0.5010035597385246,4848.393694163167,3968.7669427105893
190,A7,0.17405830605905112,309.9042539463558,675.929106850698
190,A8,0.39299714419986803,1393.2732589247407,1864.872228822768
191,A1,0.5855541702430709,8958.532848903238,9029.47547303114
191,A2,0.6160686770817976,5955.06078587362,6564.687924335886
191,A3,0.5953519124376009,1020.6627996049111,5440.212090305955
191,A4,0.6243880399507257,13185.105252920543,7852.735615700487
191,A5,0.1509019797819311,537.9102728873064,810.8776761804476
191,A6,0.5009235981921343,4839.159300608631,3972.9645551349845
191,A7,0.1751243126881487,314.13732686895366,681.4687977411929
191,A8,0.39336401101734153,1404.5894075881322,1862.7358628252455
192,A1,0.5855478856566958,8930.958051271864,9001.971348065515
192,A2,0.6160182845486151,5954.939891538632,6569.332403582878
192,A3,0.5953656864300857,1023.6938656645094,5468.641631101106
192,A4,0.6228590825991799,13142.680205847708,7782.499935699007
192,A5,0.15099484001799365,536.8263400546437,809.4680339480046
192,A6,0.5021824911851357,4839.354291253783,3973.759529526395
192,A7,0.17483901451406167,310.67359524353066,677.5460359230932
192,A8,0.3940911471589413,1410.2480846494366,1866.1554076781083
193,A1,0.5859627998075972,8916.025310862547,8986.374069121783
193,A2,0.6146577862868484,5922.0316060872265,6539.3460374075585
193,A3,0.5963399079937406,1022.8888255707996,5477.4981206828925
193,A4,0.6245822320882662,13202.71237559515,7827.098494665947
193,A5,0.15201342710879315,539.9383635543537,815.2345926643467
193,A6,0.5003433162686749,4844.243739018557,3975.031578457115
193,A7,0.17513365277854462,313.04275600271245,679.84237578363
193,A8,0.3935986728499108,1408.999175257509,1869.4568831655854
194,A1,0.5848360084000723,8941.471067460141,9010.523815043955
194,A2,0.6157888277678566,5936.544678941963,6548.7196482188365
194,A3,0.5958209657398602,1023.244159150619,5466.454304754636
194,A4,0.6235436301980583,13128.96637758673,7769.318948780284
194,A5,0.15116546189968144,534.2394917235165,810.6294512918633
194,A6,0.5012567662789394,4850.188180254283,3980.920497147814
194,A7,0.17423319081960953,312.4455777413793,676.5697206808497
194,A8,0.39115190841982983,1386.5256487886757,1850.48879572907
195,A1,0.5850135077068511,8929.494459548761,8998.902489862818
195,A2,0.614846736531676,5923.067762261318,6535.470352442446
195,A3,0.595872203970098,1021.8313715753861,5452.779524023068
195,A4,0.6228806656805774,13149.331142787256,7798.91418946234
195,A5,0.15277812490636955,541.0063685687576,820.3917181242133
195,A6,0.501351221502327,4812.072186342309,3933.313479948904
195,A7,0.17443058264919256,311.6709726723594,676.5746412044152
195,A8,0.3930478085677961,1392.9487079223857,1865.0765766103289
196,A1,0.5857031160664021,8950.721713237584,9018.002477872655
196,A2,0.6147505490004621,5884.6854552031855,6503.20416602268
196,A3,0.5957295161496091,1023.0899217179604,5465.772932473729
196,A4,0.6240630017003683,13116.11119390605,7756.117431007605
196,A5,0.1513862696922378,538.0108731545503,811.9740868413684
196,A6,0.5004751960438535,4821.075298598727,3952.797732188108
196,A7,0.17471672007409836,311.54498624896877,677.6795405968088
196,A8,0.39240638712443976,1395.997612261271,1855.6886873253459
197,A1,0.5862000363880716,8894.783864295532,8966.392974722658
197,A2,0.6145552676898237,5906.848682988567,6510.754316580495
197,A3,0.5952635231935738,1023.121754355547,5461.246607037565
197,A4,0.6232137862586502,13131.998133678095,7784.38842933235
197,A5,0.15240145339062655,541.1178513621991,818.1568519942742
197,A6,0.5006529391674607,4849.270297646762,3978.589345608916
197,A7,0.17537872618135095,314.80046209886444,678.6097885593035
197,A8,0.39296498514430095,1396.8280365501175,1860.6307691401203
198,A1,0.5856800921561218,8885.61037231815,8957.481734328636
198,A2,0.6165576854176746,5967.4659212726165,6570.3509263484775
198,A3,0.5945903576886439,1026.5238345096777,5437.4380521131625
198,A4,0.622273639260993,13121.414691853623,7796.674677602223
198,A5,0.1532682860181846,538.1391064354497,818.5599777303202
198,A6,0.501267476688843,4837.848973138622,3962.0677530944527
198,A7,0.17538787332470263,316.97191104401344,681.9397903186953
198,A8,0.3958930087205368,1413.206169014572,1882.6680680507552
199,A1,0.5858997278084563,8950.891278011024,9021.03952744611
199,A2,0.616095810262478,5960.531484962948,6572.4023094372415
199,A3,0.5950501362197952,1016.1655207368159,5463.708644665528
199,A4,0.6234570555069451,13135.704391863717,7775.160120073815
199,A5,0.15071103132170655,535.7740744667876,808.7451952228166
199,A6,0.5007787192533178,4833.421230642879,3968.2394190707055
199,A7,0.17482099988740749,312.70130664934834,679.0278313943423
199,A8,0.39402576626344665,1407.9188005255264,1864.7850405484924
200,A1,0.5858488441745268,8932.41523381404,9002.195111224833
200,A2,0.6160147120520413,5951.168090839178,6560.541693037512
200,A3,0.5950306056965516,1010.4925244043394,5463.693858942694
200,A4,0.6231584540639964,13176.21396383307,7808.375791863121
200,A5,0.1521260532070309,537.7502149231506,815.2912583702988
200,A6,0.50157375348656,4820.592267746483,3944.8466898804522
200,A7,0.1735780230580015,310.0505463690337,675.2993866344731
200,A8,0.392772489485099,1392.1823608973925,1860.621412873304
201,A1,0.5855149444419073,8930.580737287595,9000.044759513046
201,A2,0.6157266940906518,5960.849741850103,6566.747857061488
201,A3,0.5948373252148353,1021.3165354768436,5445.790918128018
201,A4,0.6225357103518463,13132.869692142245,7799.122063179804
201,A5,0.15182649390696276,537.1513220234556,814.0586524459289
201,A6,0.5008050411229877,4840.688667424065,3969.4354230191293
201,A7,0.1744870779558048,312.62147573412125,678.1694861825986
201,A8,0.3934645144554657,1401.7424383424348,1864.4514507508522
202,A1,0.5848804654024791,8908.51416361969,8978.065188598053
202,A2,0.6149014117029201,5947.991793213408,6560.476424147765
202,A3,0.5957325214636529,1025.5044511602214,5459.245139541277
202,A4,0.6238669966651882,13136.452052097266,7789.298324805501
202,A5,0.1510014501130234,535.4041690801981,809.601883994054
202,A6,0.5016120510000003,4837.034245236504,3963.230412075772
202,A7,0.17579043551564189,315.8083491240745,682.2035429603408
202,A8,0.394478826648809,1399.876933256969,1864.4652406655655
203,A1,0.5850969658627386,8919.823407324351,8989.894615142872
203,A2,0.6158649245001443,5951.855494796819,6568.305943766142
203,A3,0.5967020322386536,1011.537069017591,5461.906065606267
203,A4,0.6256616389042454,13151.182956117085,7780.039465899107
203,A5,0.1518276801592876,539.4508475971192,815.1520941287368
203,A6,0.5004730363838785,4814.728813391294,3941.6920439830956
203,A7,0.17414440910907203,312.11466251449883,677.332582354398
203,A8,0.3926184678027829,1395.9966385057598,1862.367078383901
204,A1,0.5850083512385229,8934.196044788829,9003.574638483242
204,A2,0.6157055457019418,5943.427569756301,6571.718412515041
204,A3,0.5949193524843325,1018.4642798796458,5449.760995083283
204,A4,0.6230034888550904,13133.824587624473,7775.8987772595665
204,A5,0.15058727386993528,542.7163230445741,813.5728629586845
204,A6,0.5019035913768543,4843.582728820305,3974.193450501566
204,A7,0.17528291131865567,312.95331826900684,678.5784438305742
204,A8,0.3931941488886182,1405.71485029826,1867.582121849437
205,A1,0.5856981698554977,8886.031894693926,8957.079723783325
205,A2,0.6158202116892898,5937.245073336905,6545.611703064768
205,A3,0.5953946714644119,1013.9451474666845,5466.574161256318
205,A4,0.624208569456215,13145.174900972952,7775.834600198592
205,A5,0.15177720621898216,539.4285052562617,817.6867932843264
205,A6,0.5012887397845055,4830.620083230729,3952.9314467268487
205,A7,0.17521676061874206,314.5568490164025,681.5174477488318
205,A8,0.3925761133169014,1399.0020203219265,1868.7685982327816
206,A1,0.5859827944225989,8946.427607000765,9018.123505421265
206,A2,0.6154269405488323,5923.978209377639,6535.719964605842
206,A3,0.5966532778914572,1012.8333929032248,5467.925284855196
206,A4,0.6251443544241926,13136.190964369225,7761.493318028361
206,A5,0.15221605298717653,537.7661249319676,815.706292808679
206,A6,0.5014979815163476,4852.577302758477,3976.949255853486
206,A7,0.17503288161575287,314.1666483703808,677.5640490071613
206,A8,0.39165737600985695,1381.8260130794808,1852.284592211173
207,A1,0.5851287030324565,8891.029689510338,8959.48321827741
207,A2,0.6149007437113478,5960.216076003045,6587.236919404381
207,A3,0.595559895806644,1010.4879368358713,5448.336096641713
207,A4,0.6238222776457529,13096.350800911601,7739.036746111349
207,A5,0.15031743273980508,540.257812735148,806.2595370006593
207,A6,0.5007605651343637,4837.738414262694,3965.764356892353
207,A7,0.17636402618563127,314.7909893976693,682.0255950551198
207,A8,0.3926118328321655,1391.9607722099556,1854.690022483338
208,A1,0.5852571312724176,8919.236959749442,8986.958309137128
208,A2,0.6155988662357698,5997.946281990535,6620.129747849164
208,A3,0.5967287968519477,1024.3201593562926,5454.105822593242
208,A4,0.6247081636181042,13204.55748618794,7852.668132216046
208,A5,0.1517733775990342,540.0284010828366,813.5704860027821
208,A6,0.5008501373660277,4844.703100385894,3971.1255481563708
208,A7,0.17332965507414927,306.49037458438715,672.5269397849787
208,A8,0.39323650842590097,1400.435941336891,1866.6337189345093
209,A1,0.5857972371840441,8963.79038584818,9033.587850906826
209,A2,0.6155855428889638,5964.579099350985,6580.305071567263
209,A3,0.5953023938427932,1019.7706542888413,5455.30056852669
209,A4,0.6231449909368386,13157.069661589876,7800.914712462458
209,A5,0.15094327530705226,535.8683457779035,812.5419068582381
209,A6,0.5017192387105976,4842.001978895778,3969.1381012980505
209,A7,0.17451620131248108,309.6110433877107,676.6539683714086
209,A8,0.39350320273956774,1398.5538968770982,1862.8028860254371
210,A1,0.5853570794348082,8948.64925422618,9020.924418022269
210,A2,0.6157186456251796,5933.123588589975,6539.951566204254
210,A3,0.595446272255207,1021.6743886778409,5474.543854809613
210,A4,0.624268867899218,13197.569886021984,7829.161295583417
210,A5,0.15243780451437933,542.2089184901022,820.155252985377
210,A6,0.501175029649917,4807.398356196994,3940.554364802003
210,A7,0.17483854849861494,309.60450300634466,675.016513632745
210,A8,0.3933977999482055,1404.0460415424775,1863.9676707122244
211,A1,0.5859119779587387,8929.08107532461,8998.7418254023
211,A2,0.6158968467538926,5930.527365734365,6541.214905275643
211,A3,0.5957799281972582,1021.7793607471172,5455.119347530832
211,A4,0.6241783311307348,13076.960251828998,7733.266393339217
211,A5,0.15114700875325546,536.3856321957131,809.0464825988203
211,A6,0.501340600767494,4835.760074149987,3961.3813635588804
211,A7,0.17527780015837874,316.9992168128999,679.6866649425924
211,A8,0.3938860155407617,1403.2056531998614,1872.2416473452718
212,A1,0.5854410450342968,8989.299027369707,9059.188362913144
212,A2,0.6151852537854191,5943.999876757627,6559.913570276698
212,A3,0.5932546550948888,1021.1446858425708,5453.036293427315
212,A4,0.6226296237686291,13169.329955684238,7821.467341429748
212,A5,0.15326755359783958,542.7878372015927,815.4065510071258
212,A6,0.5013062964312962,4829.296552042113,3954.115726394542
212,A7,0.17420814830743006,309.97336318888404,672.9466899690756
212,A8,0.3931233675461008,1403.8373860259558,1873.594148695044
213,A1,0.5858592166142552,8932.734232731385,9001.592022826659
213,A2,0.6158084471650528,5928.13490993159,6546.504704932897
213,A3,0.5954948728961337,1017.1388602994544,5453.957998611168
213,A4,0.6241055623342253,13171.285410247528,7816.7844883000935
213,A5,0.15024762441179493,533.2376352805089,805.1528075818132
213,A6,0.5010105854266875,4837.66778509846,3963.8584242155166
213,A7,0.17466129510286707,312.31774731006317,677.0119238333355
213,A8,0.39312329051947653,1398.174016794266,1865.828227391776
214,A1,0.5857023393516223,8914.79903948951,8984.458812522962
214,A2,0.6156265786129383,5948.5080264256985,6561.320213815647
214,A3,0.5950039426497252,1010.2375198004156,5426.371832393575
214,A4,0.6246455129815296,13137.103482491122,7804.395493761185
214,A5,0.15280090261672344,544.2178915678213,819.5896173182455
214,A6,0.5006664243715493,4840.607203246405,3976.3566187269907
214,A7,0.17636662480385246,319.66951148713565,684.0755838110417
214,A8,0.3928534658864111,1395.9160734105026,1854.4905755689624
215,A1,0.5855677251873161,8929.738886901903,8999.253288918282
215,A2,0.6162324657157474,5968.930512123112,6578.35097218085
215,A3,0.595839968141333,1015.8960343897021,5468.642640191121
215,A4,0.6245037179712551,13158.040598342799,7792.354216141433
215,A5,0.1522312659402364,540.0084112686827,814.9038707064029
215,A6,0.5006929616355078,4830.783139898237,3964.973168735248
215,A7,0.1745200296728534,311.5175732712071,675.2957865641563
215,A8,0.39467634157534937,1410.4965052611026,1871.637718019254
216,A1,0.5859531412754831,8922.82573900747,8990.521657463121
216,A2,0.6161616341385492,5985.921676764188,6600.470085895459
216,A3,0.5948568325797529,1015.7979163878589,5481.661587941305
216,A4,0.62335905554184,13090.780561220075,7711.994554691326
216,A5,0.15295806788985025,540.1324562882464,813.2328303375127
216,A6,0.5012208242503702,4855.342045939605,3979.5520539189597
216,A7,0.17443960895513108,313.1613147847055,678.5981944041068
216,A8,0.3932873445811771,1402.4164511310892,1870.347196871446
217,A1,0.5857928061234194,8968.731919645998,9039.550250891374
217,A2,0.6161532157156401,5975.077358219734,6587.2076958109665
217,A3,0.5961485061794125,1013.7602234390979,5455.782050943295
217,A4,0.6249019795720588,13139.31958602545,7776.699187967682
217,A5,0.151710173707788,540.1364100449341,818.7077970337932
217,A6,0.5011089675147868,4819.668755441218,3951.2884342305883
217,A7,0.17485100021675506,310.9910530999293,674.860414315067
217,A8,0.392949267218116,1392.9843320749849,1856.5738067985767
218,A1,0.5850464807425021,8912.374037940452,8984.509081501996
218,A2,0.6147582482787949,5947.725806084196,6560.456408128953
218,A3,0.5963706025231724,1023.2466931560247,5470.605817279973
218,A4,0.6251688235954372,13142.561158595334,7778.298923233103
218,A5,0.15082016848144156,534.3469493927645,808.7890414516321
218,A6,0.5008361354869569,4833.749806810738,3965.0403046833817
218,A7,0.17437227765907054,308.28323481184975,674.1729987807485
218,A8,0.3949623322865223,1411.988114288268,1872.403226019841
219,A1,0.5848778517372857,8937.00192564718,9005.312973821037
219,A2,0.6157956446631472,5933.3939274705135,6550.183060919409
219,A3,0.5959584842756163,1023.3095027950561,5452.484826062775
219,A4,0.6245402218090402,13165.330117412374,7817.092841760386
219,A5,0.15147862336744072,537.7298442800137,814.5985936314014
219,A6,0.5007077826898952,4839.328674722949,3972.08527751402
219,A7,0.17519056332339109,315.42898308246794,680.4526055088628
219,A8,0.3938688038479223,1402.20408813894,1861.5168843316035
220,A1,0.5859352986237132,8929.52370653487,8997.275637601642
220,A2,0.6151566450036247,5940.687224633983,6555.864765196417
220,A3,0.5955257968314627,1020.9235483619525,5467.536431925154
220,A4,0.6228701351620805,13078.30423481101,7716.962927586863
220,A5,0.15207593815728626,535.2816826045569,810.648687420872
220,A6,0.500778287414102,4841.903338249832,3969.800522202506
220,A7,0.1750916637696476,311.43701334510155,679.9595658030061
220,A8,0.3938780565688698,1407.8660775531494,1867.8782883579956
221,A1,0.585791054929205,8959.314779681099,9028.901630039016
221,A2,0.6165064111346895,5982.716846081494,6597.428123694396
221,A3,0.5954849438976664,1015.8506904879183,5481.305375756156
221,A4,0.6238176532314244,13157.581004938176,7771.865482919483
221,A5,0.15248868506791816,537.7313407070143,813.8589145780388
221,A6,0.5012297239473322,4848.798838890182,3981.9212980753437
221,A7,0.17595198475667928,315.2977858730006,680.9005692454765
221,A8,0.3916224638559552,1390.1138693908842,1851.2237617418602
222,A1,0.5858548650524126,8933.915795687515,9006.177532282374
222,A2,0.6157477506507003,5945.108924353486,6557.009719753107
222,A3,0.5951319604349165,1017.2817400004666,5470.770849703737
222,A4,0.6237604134064146,13143.942978355935,7767.436428592831
222,A5,0.1519700042998702,538.8516292771017,818.2432631640836
222,A6,0.5008201192161297,4841.963230997325,3976.396306889245
222,A7,0.17360334495672985,307.3229674328922,674.6049534800758
222,A8,0.3938323565846855,1400.4784857637594,1858.2266980030251
223,A1,0.5852899030409843,8892.978545839123,8965.18481167404
223,A2,0.6153308098297607,5945.361801540454,6549.607179557129
223,A3,0.5945426117601817,1022.5449201080999,5460.274378137906
223,A4,0.62252100546725,13152.294754828967,7805.291608673893
223,A5,0.15167470727644083,534.0430603793803,809.1515544968013
223,A6,0.5019882366882199,4831.15431184606,3957.232735265854
223,A7,0.1741623789011916,310.5677846771895,674.0328922589432
223,A8,0.393747063156259,1404.3254438768786,1872.4954630315883
224,A1,0.5853611718656806,8975.810082340005,9045.72901436975
224,A2,0.6153868776927105,5937.896357318125,6554.4086097309255
224,A3,0.5949723833635927,1013.9839227712324,5455.1169766615085
224,A4,0.623584906924769,13141.873303435521,7779.4823447738
224,A5,0.1517579684577012,538.8091152417174,815.7792407367806
224,A6,0.5012433441214051,4852.978874353371,3977.364865550741
224,A7,0.1752273800366175,315.4470351414581,680.2708723783095
224,A8,0.3963803655880118,1413.9344781735922,1882.5812445732104
225,A1,0.5864141548061902,8916.203771721524,8985.588760850047
225,A2,0.6167328333480744,5964.659739258018,6569.90599729902
225,A3,0.5948566817327873,1022.6296930890802,5460.918037723777
225,A4,0.6229162568143333,13112.231522299711,7764.9662016864495
225,A5,0.15012624018957038,533.4913754099673,810.7023945663484
225,A6,0.5006027409283951,4831.285603306755,3957.6776772299654
225,A7,0.1727150141525313,306.06200865900877,666.4255415322228
225,A8,0.3913982614932848,1378.543255200098,1848.9223580563346
226,A1,0.585393678155907,8945.964368931473,9014.41583961135
226,A2,0.616189858317836,5956.160293326112,6576.487952789644
226,A3,0.5951585761742914,1018.6096565940053,5464.180681124085
226,A4,0.6234253133073191,13086.573104860036,7723.345504643659
226,A5,0.15066969723632598,537.926507697415,809.4575794771386
226,A6,0.5017713904561336,4864.406256445529,3994.292717841111
226,A7,0.17316653559747971,305.5332559983276,669.0424066833045
226,A8,0.39292465229213963,1394.864861756557,1858.8156234391574
227,A1,0.5855852748119167,8930.076865200183,9001.05875266418
227,A2,0.6149237178672757,5937.501093610088,6553.992042311698
227,A3,0.59488963349101,1010.2198007653973,5429.33426925581
227,A4,0.6240229401600006,13167.953195773305,7829.789463590636
227,A5,0.15190366730024127,537.104249179294,811.0048425735461
227,A6,0.5009966820679972,4835.161611652535,3960.505708812846
227,A7,0.17457996763302946,312.08558268279415,676.6180969627325
227,A8,0.39288316492468583,1397.6223372758325,1865.4215599679844
228,A1,0.5853375049630447,8955.948481030606,9026.109139138696
228,A2,0.6149371340523362,5938.91005877709,6552.954562844397
228,A3,0.595672258243131,1023.3309317384419,5458.314569242405
228,A4,0.6238698770941192,13195.770752980856,7842.486284113814
228,A5,0.15135950144125812,539.2775620428473,814.8481817612036
228,A6,0.5007769178725396,4840.194391802602,3971.5643769021854
228,A7,0.17578157322482946,316.95185693273623,682.7440732015781
228,A8,0.3942179756747109,1416.895179585917,1878.2580276868161
229,A1,0.5852365323076929,8900.399366811162,8969.996859665094
229,A2,0.616566771081731,5959.895442825571,6573.590640320887
229,A3,0.5953569444937623,1023.1171906801836,5462.3630890905115
229,A4,0.6232438008147572,13136.362743023803,7783.700229968177
229,A5,0.15220249391715146,541.7019995730359,813.7191467078067
229,A6,0.5011337313484677,4857.793458287464,3987.50345979836
229,A7,0.1739431600769516,309.5537281771846,674.4133011994103
229,A8,0.39295398115737196,1398.6221094493249,1862.1593120774849
230,A1,0.5849138603138079,8943.49465589984,9014.995699944868
230,A2,0.6156910883204426,5971.18383215645,6585.510936047324
230,A3,0.5956876061238487,1018.2138245608763,5470.033917182907
230,A4,0.6241446546700916,13224.730499205776,7854.775538039812
230,A5,0.15199535934363287,543.9861273966771,816.8761685728261
230,A6,0.5009820611189826,4850.0933082751435,3976.239127509101
230,A7,0.17468562387967213,307.9827168712679,675.5741805364828
230,A8,0.39437517288003165,1421.503866452643,1887.1832629853548
231,A1,0.5856094891586917,8898.11825902038,8967.89861677247
231,A2,0.6165851008104538,5974.684128160916,6584.760818948583
231,A3,0.5961501945153415,1019.3561242785305,5474.284151161089
231,A4,0.6246611117686711,13185.527275020759,7813.054369719599
231,A5,0.1525523206328493,539.0376286943939,818.0340232784246
231,A6,0.5012913416169914,4840.396826748762,3967.7365837155025
231,A7,0.17466307392547772,309.15167754889455,673.4189925006415
231,A8,0.3921024782953614,1394.501817361133,1861.5861807374554
232,A1,0.5853798312248993,8936.56836724556,9006.983366736773
232,A2,0.6152167448733064,5952.103688478524,6567.487468011768
232,A3,0.5945583944252582,1010.0686422179895,5470.951738500465
232,A4,0.6236992669718167,13163.623976384086,7782.374148772756
232,A5,0.15073091862238439,535.4734887738169,813.6998847702208
232,A6,0.5012743058916571,4852.28504925499,3976.7961240448967
232,A7,0.17550147492929494,315.3613710375447,677.6040394027297
232,A8,0.39429396623923196,1409.3426800120992,1878.9304931650033
233,A1,0.5864975992999814,8952.008892519449,9022.374429181138
233,A2,0.6158933443674112,5961.70597473813,6582.776148391475
233,A3,0.5965284373624476,1021.6607662873647,5459.199486968046
233,A4,0.6251195210289704,13154.35043441752,7792.902501075183
233,A5,0.15097351144934648,536.8929365431159,812.84823596259
233,A6,0.5010679229410895,4819.753978473698,3947.4905429494074
233,A7,0.17393680019587995,310.0339036153035,675.3844023693475
233,A8,0.39420006054544615,1403.8391583745913,1867.270298071984
234,A1,0.5852904398785271,8940.012272591332,9012.003798720894
234,A2,0.6158663569603656,5955.045142010716,6571.266928309738
234,A3,0.5971458263363306,1022.2925397501855,5452.915994004119
234,A4,0.6253745765002284,13132.992452782422,7782.836608092701
234,A5,0.15147032683390813,533.8727833897376,807.0782361125274
234,A6,0.5014906194610063,4854.294428181168,3980.5496281002747
234,A7,0.17390578491187833,310.54912438010376,674.9022451711022
234,A8,0.39217030936025365,1392.3461400817935,1859.851444656102
235,A1,0.5855150098121311,8921.982250547591,8989.389362100977
235,A2,0.6151947661060972,5947.172200781209,6560.853741770211
235,A3,0.5956346890386488,1030.463009174744,5473.670835042004
235,A4,0.6235178724222851,13119.06277227034,7758.221795921151
235,A5,0.1527317846037102,538.5853867866638,818.3090730831925
235,A6,0.5004907510086335,4829.532593880615,3949.9115978092327
235,A7,0.17348958451108307,312.98016130087035,673.8610121385135
235,A8,0.39003002442519347,1379.250224078394,1854.8111809551472
236,A1,0.5848703609420587,8963.749184864979,9034.366133759682
236,A2,0.6168503418537512,5937.985777467864,6547.373442330278
236,A3,0.5955985755486496,1027.4138614386172,5443.641501200552
236,A4,0.6241123967235682,13074.183216953365,7736.607076676168
236,A5,0.15235604032991884,540.3830313693986,823.0133344922427
236,A6,0.5007386038186844,4796.933583141272,3924.849910007102
236,A7,0.1738907340134553,312.43842119964904,677.0798745350793
236,A8,0.39319315951769346,1396.8713126321447,1863.0271160661832
237,A1,0.5850877024348577,8939.153941405606,9009.30821255917
237,A2,0.6163398253514208,5968.149145047308,6592.637659601621
237,A3,0.5958166753683798,1013.7348735851891,5499.914799790667
237,A4,0.6243889355977915,13208.71008289589,7794.607985170181
237,A5,0.15045708540013836,540.0828592349977,814.2256353926939
237,A6,0.5011528995724944,4824.43350141287,3955.2429063727473
237,A7,0.17472409128143795,314.45628184768117,680.355645906161
237,A8,0.39457842393538334,1410.4002985261288,1872.8281391624305
238,A1,0.5862427615417853,8922.47738381215,8993.501222255236
238,A2,0.6153700318499307,5948.359596848447,6564.672312872355
238,A3,0.5960679576843108,1022.7272321330277,5477.25435650164
238,A4,0.6239786149792168,13137.981476310142,7768.958278799619
238,A5,0.15224009518836928,542.6818109357374,811.738551231151
238,A6,0.5013672698150767,4844.919441813129,3969.681459435911
238,A7,0.175131274321487,310.04104561368564,675.6456119564389
238,A8,0.3930333396204035,1404.7583077533743,1872.4945021673454
239,A1,0.5852981818804014,8946.287206646939,9014.271938107227
239,A2,0.6136779146100698,5914.919474009421,6530.656854262193
239,A3,0.5956745547254294,1024.0115771494563,5445.222204174138
239,A4,0.6238114783702016,13088.15617390478,7752.430900280167
239,A5,0.1509656130341074,541.9336954623886,815.0837226899245
239,A6,0.5004085673759705,4848.088000526535,3974.378636236771
239,A7,0.17591646021218976,314.40041067468536,682.1206035960207
239,A8,0.3953363829552725,1410.8149621347186,1874.4466411624842
240,A1,0.585068831825224,8950.377576315537,9018.81680534241
240,A2,0.6155527298861238,5948.157212506771,6560.210898950991
240,A3,0.5960793619641298,1012.2337998238658,5457.592862140749
240,A4,0.6237791112414481,13157.592998163993,7797.4544715576585
240,A5,0.15069771687304234,537.3515553359969,813.4920028395577
240,A6,0.5019957741731558,4859.755278657517,3995.5000281785697
240,A7,0.17357345119337184,308.9532399108084,671.0553713516434
240,A8,0.39398590770571806,1403.3610826418085,1863.6603029947141
241,A1,0.585817386918032,8919.186834484459,8989.145444634605
241,A2,0.6164402568724932,5983.8267706865845,6599.075309138228
241,A3,0.5953250879081651,1004.7458557905323,5434.561305052835
241,A4,0.6241540275346216,13156.852264745005,7807.696810499067
241,A5,0.15174336363173005,533.6049593867318,809.5986880597618
241,A6,0.5005857325085288,4853.013721169018,3982.5958034573596
241,A7,0.1744961175840685,310.7488913545397,678.9475736023136
241,A8,0.3935596917040303,1406.6515180077383,1867.0098811804382
242,A1,0.5855681011341896,8950.103948221493,9019.675269443944
242,A2,0.6154085229769596,5956.489435958882,6564.203672532889
242,A3,0.5943797689449785,1010.1370765218222,5446.261943525356
242,A4,0.6233689348678079,13116.681067256213,7765.493363813596
242,A5,0.15216982172730284,539.5880791720581,818.9321790912431
242,A6,0.5015529412459563,4848.701922110025,3974.4181654287745
242,A7,0.17531054726717074,317.9654951736885,683.095577820974
242,A8,0.393040022469492,1397.0879076934557,1864.6747604508566
243,A1,0.5860011785894931,8950.024628493116,9023.325984054018
243,A2,0.6154014519609258,5938.770722588128,6547.250828786373
243,A3,0.5960082094897139,1022.4189876625807,5469.303356757323
243,A4,0.6230969769914616,13143.803820490815,7780.277519716791
243,A5,0.15188225479451983,538.0526926510234,815.2968712684069
243,A6,0.5016375836566214,4840.251648194433,3966.7636242363315
243,A7,0.17502578341452962,311.2780901606783,678.8765107358983
243,A8,0.39262275089483695,1389.2581064072265,1852.7640010928562
244,A1,0.5853771868416953,8867.519227607263,8937.471826499394
244,A2,0.6160714382291612,5934.055602367541,6542.637516887585
244,A3,0.5957712324606412,1018.6490606244906,5477.474821679252
244,A4,0.6238303443578632,13152.383506684691,7779.720503006472
244,A5,0.1511762540222596,534.5816652213614,812.1591713290846
244,A6,0.5012751532812498,4812.466458037239,3941.008345656689
244,A7,0.1751640259226504,310.16865131770635,678.4740515045655
244,A8,0.3927344708189039,1404.9251799480037,1865.80311524525
245,A1,0.5855915873143054,8917.659147617334,8987.374279697036
245,A2,0.6156487381426117,5974.81002599521,6586.836799149768
245,A3,0.5949613505965273,1003.1599414824557,5444.6179122644235
245,A4,0.6235009590569354,13143.888696658054,7791.491424544843
245,A5,0.15204114735372667,542.7786129412569,815.0560390754838
245,A6,0.5015404879099012,4819.708175566522,3951.6512113851954
245,A7,0.1740224707284885,306.98074688983286,673.7322336636943
245,A8,0.39147211054769787,1391.8267691929004,1850.052216563122
246,A1,0.5853156074212563,8943.756889481705,9012.673689514157
246,A2,0.6160029314590584,5950.8556249721905,6565.097950552708
246,A3,0.5965597668287935,1014.6001727062504,5455.3799165140645
246,A4,0.6249465365031396,13176.220541503884,7819.048077256443
246,A5,0.15103150890636396,537.717403383495,812.3912030803302
246,A6,0.5009548578962197,4854.400610541856,3976.297736422481
246,A7,0.17507304088966558,314.01738665110656,677.6669247189044
246,A8,0.3927429441605847,1396.4661405745442,1869.4792717559444
247,A1,0.5854866683626954,8966.56265802338,9037.239348359284
247,A2,0.6159329076364338,5948.8632795931435,6557.00575800904
247,A3,0.5946814113506357,1031.680588346162,5465.088342776142
247,A4,0.6220943033102468,13121.430015579605,7778.182300185363
247,A5,0.15185046161408322,536.7882148972427,811.0017580925705
247,A6,0.5011672364950331,4849.512902091015,3982.9777606688995
247,A7,0.17546667747005074,310.89359151454147,674.1193951218861
247,A8,0.39341453394628656,1400.4161849760374,1860.5327718079448
248,A1,0.5849205880537566,9036.764149238777,9106.03550369102
248,A2,0.6149347726382078,5937.9427854201,6548.462384660759
248,A3,0.5957904009357418,1015.6321948207564,5470.998115607038
248,A4,0.6239795331794591,13179.392368396118,7810.37486200977
248,A5,0.15194475963954054,541.0323444448607,817.4735049585875
248,A6,0.5009162018264338,4819.667821281373,3945.823651742305
248,A7,0.17375173485283021,308.52879994588136,676.296132119445
248,A8,0.39360759934026274,1408.3775660208937,1871.8738747798322
249,A1,0.5857879574956544,8948.89784680662,9017.191067911592
249,A2,0.6167252078747288,5990.676751935604,6594.382084527523
249,A3,0.5952706229344226,1012.836975668225,5456.276458924737
249,A4,0.6238726169131175,13149.235541567828,7793.974162059369
249,A5,0.15161365351882727,541.40694278595,823.7966456758436
249,A6,0.501597767160163,4848.582915633393,3972.189229262109
249,A7,0.17490363223161942,312.49718644565934,679.5735223816847
249,A8,0.39540356696826745,1403.721895993264,1870.472886093688
250,A1,0.5856850495303793,8951.61526536998,9022.338779946836
250,A2,0.6170354269590032,5989.2270731442995,6599.8863681343855
250,A3,0.59494236739416,1019.8073017814232,5476.046107210169
250,A4,0.6228712765058797,13148.034160394996,7775.700601753875
250,A5,0.1520719335296836,540.8446678843635,816.4276557208091
250,A6,0.5018016215951603,4840.620799102121,3966.4318852981824
250,A7,0.1744606175788851,313.44783067287466,677.1834347249198
250,A8,0.3941936519653242,1406.5128092957375,1876.095074856617
251,A1,0.5857079333474351,8915.421742475879,8983.505429992982
251,A2,0.6161917635433534,5951.23575852516,6562.799804321404
251,A3,0.5945886089830075,1011.1499093813845,5447.903239639449
251,A4,0.623794186687959,13105.858859579244,7760.171225958152
251,A5,0.15133167230188893,536.5800619744848,809.326804753912
251,A6,0.501425559119496,4825.401550101798,3951.183367517042
251,A7,0.17479773221694173,312.670141988127,680.5099269739945
251,A8,0.39395039684448274,1420.8414259588922,1883.7596508280335
252,A1,0.5850058915946801,8956.840574215594,9025.806468805671
252,A2,0.6156708193363841,5920.429687586717,6542.418442667681
252,A3,0.5954854873224518,1024.1546825788093,5437.827202819763
252,A4,0.6239432200659014,13159.408447863727,7824.297049702514
252,A5,0.15055220811802542,535.4246460257687,809.460903100772
252,A6,0.5004975116956494,4814.699386805933,3943.8986991458587
252,A7,0.17493715860146605,313.8474025457041,681.3508401741517
252,A8,0.3935085145235838,1400.1538659811692,1859.8990871870074
253,A1,0.5853012447728512,8872.826552148521,8942.74687270232
253,A2,0.6152636509692736,5941.823925471541,6551.5400609354765
253,A3,0.5970707248140777,1019.3749755885722,5482.051333871193
253,A4,0.625656050282464,13158.11441041662,7778.580553183904
253,A5,0.15176814472585518,533.8502787643042,812.7569992092496
253,A6,0.5017614652324901,4819.843526119093,3952.3828166161584
253,A7,0.1748218106325576,312.8646085229525,675.9511182655051
253,A8,0.39427016428700384,1406.8761429455135,1869.5646651933118
254,A1,0.5857252820683706,8976.67176352517,9044.710952668205
254,A2,0.6157206485317585,5926.143214918822,6536.424833169312
254,A3,0.5960873835733231,1026.7554403062381,5496.463887671786
254,A4,0.623781527943968,13107.861476450249,7726.080010222591
254,A5,0.151686365322869,543.0272396577371,819.454705230684
254,A6,0.5015997734540261,4832.72208217551,3954.452298692107
254,A7,0.17554123358949952,312.5612716834918,680.0466837888407
254,A8,0.3924736396501538,1392.5400587778506,1860.6491760515448
255,A1,0.5852804484200351,8943.586631288574,9011.133429041129
255,A2,0.6162708613369342,5974.247416705124,6585.3937139124655
255,A3,0.5956635961131417,1018.8878882862315,5457.29851550379
255,A4,0.624565177269993,13165.122879747792,7817.482225196238
255,A5,0.15101385646952425,538.7756891423701,812.8228197957669
255,A6,0.5018101339594947,4849.224596551535,3974.731051076158
255,A7,0.175494374569967,309.988401058161,678.3514310835111
255,A8,0.39174445995732454,1388.833762358073,1851.4540795288028
256,A1,0.5862328310623488,8896.66804695003,8966.477158855068
256,A2,0.6159891368953027,5951.951193147112,6562.364240158306
256,A3,0.5962493569218797,1017.2338291913496,5462.751521892407
256,A4,0.6243513396079141,13136.618676767634,7772.240397060085
256,A5,0.15268990732658608,541.5026064377385,821.9747401052911
256,A6,0.501400895820232,4820.946537211993,3943.745902188385
256,A7,0.17534865641807368,313.57203085981206,679.2692930388844
256,A8,0.3929457112359451,1399.1711264054954,1868.8407936727394
257,A1,0.5856373264995738,8958.993481502494,9029.893452060402
257,A2,0.6151166553030895,5944.486800705002,6554.573586867084
257,A3,0.595968228336572,1019.0523448685744,5464.761738330072
257,A4,0.6253737556103157,13217.032233561935,7860.802363332206
257,A5,0.15080957801565859,534.6117683286595,807.5261347161514
257,A6,0.5001034045159141,4854.825076811463,3980.654898126033
257,A7,0.17396223192613006,309.6564016885874,675.8776851047224
257,A8,0.391796112261731,1394.4620492638194,1859.0302981938644
258,A1,0.5858715863881608,8959.797400543117,9030.716611068763
258,A2,0.6154343361913399,5929.733237274501,6534.391791061786
258,A3,0.5945646950286616,1015.4518731985006,5451.195289468743
258,A4,0.6224317150106426,13102.203876351017,7751.715390469649
258,A5,0.1532452734354913,539.9772938755985,820.9850222527286
258,A6,0.5008475803845533,4832.009642792031,3954.2212435761307
258,A7,0.17534242145641712,315.1165267761501,682.968629247089
258,A8,0.39293136563842795,1398.7682990661285,1866.864172732153
259,A1,0.5862210136402913,8905.468141287014,8973.720841258924
259,A2,0.6159267958267852,5962.497217941635,6570.139621188792
259,A3,0.595931119688678,1015.8226023412883,5463.6020038263705
259,A4,0.6240639222363266,13121.725414229197,7761.679569342417
259,A5,0.152640147728659,535.1198584095624,813.3010376454081
259,A6,0.5014178193405074,4856.731620651897,3982.7159718869566
259,A7,0.17524809564628843,313.8359468513238,677.2635901363553
259,A8,0.3930383474616334,1399.5005337854848,1868.2787002121754
260,A1,0.5858832678373088,8954.70616901982,9024.807720117311
260,A2,0.6155173608954996,5967.011655336332,6584.690798371595
260,A3,0.5958961150492635,1005.4460949850278,5433.390637828142
260,A4,0.6249917888349344,13150.700998759628,7798.947524037395
260,A5,0.15211306819306925,538.6922814198307,816.2426983218387
260,A6,0.5010112225007703,4838.098770775799,3967.1424941087625
260,A7,0.1746248960944491,311.3862495881717,676.1759712610184
260,A8,0.39392514676667817,1400.619174790604,1865.2635506291474
261,A1,0.5848731546339638,8890.739414259262,8961.57517675461
261,A2,0.6148911800009235,5911.707212627703,6523.114764468787
261,A3,0.595154174214128,1013.0788687102108,5465.828867293809
261,A4,0.6237603591084504,13124.27798577182,7757.587319151439
261,A5,0.15066821308016298,534.7948044110524,809.5035532100047
261,A6,0.5022447633625969,4866.642611018591,3987.8231322108427
261,A7,0.17480878813145417,311.2054535644501,676.3050675870445
261,A8,0.39227873347424036,1395.848440915439,1866.5569106019889
262,A1,0.5860421398677933,8888.482250518384,8958.564096188717
262,A2,0.6149798960787725,5954.409935763509,6573.668003928534
262,A3,0.5933751020258364,998.3342247649871,5410.190668519637
262,A4,0.6210656710531255,13124.520156439898,7793.200552764082
262,A5,0.15099851799698383,540.2311952360806,810.5353972178538
262,A6,0.5008118437647605,4836.403812261841,3966.357979002232
262,A7,0.17427367925740395,308.56788288739125,674.1597801096152
262,A8,0.39261442579106737,1398.9773886868359,1863.2503688282554
263,A1,0.5853399043693438,8966.110370110096,9037.153317994542
263,A2,0.6163042219181669,5940.100677133005,6548.432462771108
263,A3,0.5959815688356086,1035.268577790162,5463.691202953448
263,A4,0.6240746079931712,13160.57421315408,7816.4841464700585
263,A5,0.15266170227038564,538.9780924027867,815.9201665603721
263,A6,0.5011731698225671,4834.022085288678,3955.3941306968177
263,A7,0.17487677276838734,312.194541787752,677.0729210225699
263,A8,0.3925695321657576,1389.7892295007582,1862.889438698401
264,A1,0.5855548343729604,8890.012399780147,8960.549838172512
264,A2,0.6157390373502115,5938.60879556511,6553.367304282103
264,A3,0.5970617778316547,1021.1700271318412,5509.740663792162
264,A4,0.625121744934783,13193.395078972468,7784.528516076871
264,A5,0.15128518133335842,534.9311435739077,812.3960081939297
264,A6,0.5011989188657404,4802.5954917040235,3926.504457837795
264,A7,0.17374464821526772,313.4851469368334,673.7780214773138
264,A8,0.3916437633769485,1380.3142610362013,1853.6475348678478
265,A1,0.5858558689805401,8893.045672252934,8961.275147949724
265,A2,0.6153236486539414,5973.024572719487,6579.97554322263
265,A3,0.5947804157863117,1023.7649949649912,5457.210858368499
265,A4,0.6232792187541815,13146.647743736143,7800.496936392614
265,A5,0.15170452617532756,533.9797140099976,814.0464476788638
265,A6,0.5013036914063831,4862.846708761234,3985.403592398965
265,A7,0.17529175213581402,313.2723253365198,676.337709477042
265,A8,0.3936560566746337,1394.4511273024957,1866.2866235954625
266,A1,0.5852593549737676,8920.87011150378,8991.525071153996
266,A2,0.6155013986907698,5964.028941692525,6581.941561553224
266,A3,0.5948075958440044,1013.6908854859653,5445.754903812024
266,A4,0.6231745942973281,13110.966514573249,7757.061486306787
266,A5,0.1507235687253947,536.154715845516,813.008833063168
266,A6,0.5014009913337782,4838.87483683871,3971.727150549766
266,A7,0.17509992501304206,313.92776785771457,676.958225242091
266,A8,0.3935931466262543,1404.6110979257062,1865.1476400421152
267,A1,0.5860732266041137,8944.736239939577,9012.274997081588
267,A2,0.6153491809056436,5926.297443220252,6542.074912319606
267,A3,0.5939428093315446,1015.068298774074,5447.784761878103
267,A4,0.6221869332005746,13101.50714546021,7750.564519440535
267,A5,0.15250157443039983,542.6716153884441,818.9343822148709
267,A6,0.5016862675176824,4839.2574190775085,3962.2328315371965
267,A7,0.17562067368598533,315.973319766846,684.6738201707187
267,A8,0.396544502534505,1417.126500691319,1884.0977576756106
268,A1,0.5854037049249835,8890.472582185874,8961.791375329327
268,A2,0.616306334607151,5947.924994172941,6561.598782584326
268,A3,0.5959661617589254,1019.6119605265056,5484.304849112169
268,A4,0.6240308451441133,13173.704874365858,7791.845341169936
268,A5,0.1510671246953219,539.4312895684627,814.599567271726
268,A6,0.5012713491542867,4845.804452539747,3970.299423683452
268,A7,0.17389973769146486,309.8458047060014,674.3113995240606
268,A8,0.3905811723942597,1380.6652087644827,1848.710428154873
269,A1,0.5859418310474789,8925.282052946031,8995.623577001898
269,A2,0.6160096302800286,5969.732047996347,6572.674241931276
269,A3,0.5953216298853691,1026.7572444958457,5448.717906077117
269,A4,0.6230040678456396,13110.067598822701,7781.402288880957
269,A5,0.15149501801111898,543.083387934177,818.7534357316139
269,A6,0.5008731282758868,4841.958826508721,3969.876930374905
269,A7,0.17327749238860815,308.84141059198055,671.0283355388863
269,A8,0.39259050489119474,1400.665916238926,1868.3117699980792
270,A1,0.586187298898188,8916.293432711303,8984.44928659588
270,A2,0.6165980642764928,5962.950074344707,6586.409249530686
270,A3,0.5963213427146754,1021.3881193310868,5454.760702780744
270,A4,0.6247841375706357,13168.179931283903,7811.363223267785
270,A5,0.15103066930128886,538.858870106218,812.5105055314965
270,A6,0.5012615536057998,4821.233879498763,3945.2112387232537
270,A7,0.17291912502359397,306.1376445535502,669.3834424687894
270,A8,0.3942252428664222,1400.094381991233,1871.048684922131
271,A1,0.5857699811354914,8930.254298963662,8999.616808642006
271,A2,0.6154546951630893,5943.7146124770825,6544.006620350857
271,A3,0.5945837544082123,1017.9976052342272,5473.897399883256
271,A4,0.6220309993655386,13153.08276205324,7785.073027019901
271,A5,0.15269485520724893,538.1006893015762,822.8180077673666
271,A6,0.5026667596503576,4845.165220793257,3969.9796048007925
271,A7,0.1732580333394206,310.08990194412354,675.7864380770333
271,A8,0.3931228991579641,1402.5487813274085,1869.7759655533669
272,A1,0.5856400820974784,8905.011057425565,8973.27540583761
272,A2,0.6151707814194105,5920.637339718963,6539.674458252812
272,A3,0.5962645791154603,1016.9723448901461,5487.009872701603
272,A4,0.624966765573287,13208.067880038887,7813.725472539184
272,A5,0.15162363346340116,536.2911818619574,815.6375016835016
272,A6,0.5011509646012373,4839.9448021523685,3970.9308843869385
272,A7,0.17340220757426988,311.34946675881315,673.1141191380876
272,A8,0.3932977596198434,1398.9085270025057,1863.8148853094713
273,A1,0.5860358136539214,8966.575614725647,9035.959992673064
273,A2,0.6163160232854118,5979.005427527964,6589.979498036283
273,A3,0.5945618565831005,1019.9746421987992,5436.442432072732
273,A4,0.6227507122296004,13105.924359607354,7772.643379661303
273,A5,0.15162625903341226,536.2052435199257,814.8390899166063
273,A6,0.5013318222053519,4817.116085579894,3943.181402420544
273,A7,0.17526323797774168,314.0023716794274,677.3834378505032
273,A8,0.3927060270368976,1392.3288564415102,1860.70336864949
274,A1,0.5851623057219373,8977.68097552333,9046.686098183964
274,A2,0.6148198153234372,5893.746025170303,6504.784062162733
274,A3,0.5943317767091267,1017.4704906663205,5439.7075950973995
274,A4,0.622312012505526,13116.150584234994,7784.795239312691
274,A5,0.15187611089815,538.5885649334065,811.5118979693098
274,A6,0.5012441039566793,4829.452872548677,3956.9722572379724
274,A7,0.17423836612984744,312.2781796272208,674.4944346826794
274,A8,0.3926384784005352,1387.491306701981,1853.907414759484
275,A1,0.5854513881832478,8886.086233550384,8955.816669009
275,A2,0.6154668550167613,5961.945778428469,6577.221136012451
275,A3,0.595010076565301,1013.7231786285829,5444.070169301773
275,A4,0.6241667932873939,13153.286305312175,7802.010492312188
275,A5,0.15234640427383017,538.403311204625,816.7092745329479
275,A6,0.501481233421138,4850.917511333204,3983.3767449441866
275,A7,0.17484718821084982,314.02930684715966,676.2831078460595
275,A8,0.39349108499191593,1396.4722963843894,1859.3763277303835
276,A1,0.585535200110712,8944.54434014543,9017.73165223094
276,A2,0.6161696555732752,5980.281898959412,6596.597827697328
276,A3,0.5940486842305496,1023.1517575735742,5435.863889082286
276,A4,0.6218525233015342,13130.633689651095,7794.578887584431
276,A5,0.15165880229652945,538.7873214832604,814.8568764164656
276,A6,0.5008620648255749,4832.221135973645,3967.450545124802
276,A7,0.17454591943451925,308.8604921202553,675.4417829744333
276,A8,0.3917534807022173,1391.9718081876986,1847.930982983687
277,A1,0.5854315244092306,8912.59262995905,8981.158986847282
277,A2,0.6156504588214876,5917.237799519826,6530.068552418677
277,A3,0.5962219363156412,1023.6931798311577,5452.633502547623
277,A4,0.6242479719786141,13167.877153720321,7820.7156927331525
277,A5,0.15157386767144607,532.2685345983425,809.9354887772158
277,A6,0.500237524368923,4812.520589802833,3931.323702745348
277,A7,0.17524547517934794,311.15834473951213,676.7812633355175
277,A8,0.3951856632262224,1405.6717954912012,1880.4028382574259
278,A1,0.5857356818649339,8918.812181250247,8988.146752692724
278,A2,0.6141844223289272,5917.31815172586,6524.771235295394
278,A3,0.5955549067557367,1017.5713934822422,5476.449050439212
278,A4,0.6233990291915815,13150.096267412842,7783.17109390698
278,A5,0.15191071720090954,540.7216954455005,814.4277817152552
278,A6,0.5014001655262307,4857.097803264648,3983.8159624950476
278,A7,0.1739149098333252,309.9147811686191,674.6477184671597
278,A8,0.39374580358128997,1405.2734197582895,1871.376098496472
279,A1,0.5855063161427166,8938.241096840125,9006.34829484587
279,A2,0.6159335453153361,5944.694347595436,6567.682162094869
279,A3,0.5951999121022926,1020.693634640643,5451.461010074669
279,A4,0.6235151006913401,13130.210106413851,7776.66217084184
279,A5,0.15172788039420615,542.8905463608282,815.8548466094281
279,A6,0.5019653208584556,4821.173589199926,3950.397711049291
279,A7,0.17398869787188417,312.7493545970646,672.4783501641983
279,A8,0.392603010856674,1393.4148873212637,1863.1830172889736
280,A1,0.5854396277624727,8913.047718434196,8983.979663806484
280,A2,0.6164031536870337,6003.3864005093965,6612.382282756513
280,A3,0.5947796752388351,1014.881674157739,5447.562138619437
280,A4,0.6236054595374118,13117.959880662918,7769.374141348671
280,A5,0.15067687530859356,533.9379065492327,810.3151076402254
280,A6,0.5015450387662527,4841.811214748049,3974.0921557147008
280,A7,0.1737434973295168,309.9473782594631,673.068785037633
280,A8,0.393335893846128,1393.4942082526593,1857.6921066499888
281,A1,0.5853635391764948,8920.03468533502,8991.968310151115
281,A2,0.6151222411504009,5949.069828046264,6564.29601107953
281,A3,0.5954846988789976,1013.7270234035554,5448.079995017635
281,A4,0.6238788949913247,13160.15697058539,7805.225982920791
281,A5,0.15172516899629393,544.930872026669,819.5135005237141
281,A6,0.5010679000996454,4809.700733793619,3941.3260295844557
281,A7,0.17394716675662372,311.37026464649153,674.3459054246536
281,A8,0.39229416564315533,1401.9966764107992,1866.2313195459124
282,A1,0.5856459079433702,8911.311083352517,8980.880787873573
282,A2,0.6174613105582939,5962.544684952555,6586.289961297119
282,A3,0.5972174018083735,1016.8298457413605,5480.251028912515
282,A4,0.6254948191181332,13164.08504223311,7774.853295103578
282,A5,0.15134371173678487,538.9344227698982,814.0373253760622
282,A6,0.5003725542007194,4816.553764603834,3938.3462648272775
282,A7,0.17500854129613497,309.61535213679684,676.9572808179978
282,A8,0.3927065681995026,1392.9742801814489,1861.2325317633981
283,A1,0.5854702333324038,8934.620038289175,9004.795907298454
283,A2,0.6157677896032369,5983.688494854495,6606.3282370973375
283,A3,0.5957751954230951,1017.119342526266,5447.986952686642
283,A4,0.6240923965197667,13064.780633260172,7713.792958567437
283,A5,0.15091261865177583,535.4243664320824,805.5255602299061
283,A6,0.501527553962311,4827.9574102594115,3954.445795741788
283,A7,0.1733457969172566,306.05208553930703,670.219338711915
283,A8,0.39214201435089524,1390.5827149706452,1857.1303357980723
284,A1,0.585832088741062,8941.332052192123,9011.507340848966
284,A2,0.6162672106329768,5953.250264895967,6553.828043703744
284,A3,0.5960743546280146,1018.5615878286173,5463.002084161014
284,A4,0.6246235140528917,13103.184583964834,7746.869279759506
284,A5,0.15346584190736162,536.4363827264611,817.96396310498
284,A6,0.5004476819993569,4824.472594805334,3955.6242212039847
284,A7,0.1770401044374705,318.5764516258702,683.6782533976613
284,A8,0.39271826490550954,1398.0105483362931,1861.351280195645
285,A1,0.5857144520950843,8867.493098925062,8935.774748812686
285,A2,0.6158451850671434,5960.426727647983,6568.196843040086
285,A3,0.5948834540329966,1013.3814617174778,5452.312248543159
285,A4,0.6225070349375308,13169.601513702997,7820.979864039828
285,A5,0.15108962549099475,535.8279905396981,811.90278395855
285,A6,0.5008001375757275,4838.122737999607,3969.2138422605526
285,A7,0.17387020339060794,309.06482990493316,673.118488716783
285,A8,0.3939140206984454,1411.008128613215,1873.4276696793318
286,A1,0.5859116457213756,8919.105921130622,8986.380144708139
286,A2,0.6155043784936344,5965.34901508541,6584.472162186528
286,A3,0.5970562566471718,1021.360541740928,5483.447555722463
286,A4,0.6248727340495672,13164.472344968113,7778.301587807448
286,A5,0.15210991814474328,537.562167002958,816.2263618423246
286,A6,0.501715858859054,4831.104551260666,3960.5272507589843
286,A7,0.17441684892062853,310.95681015927306,675.6574395506289
286,A8,0.39319044822381727,1397.132502755183,1862.0313515266362
287,A1,0.585774449634911,8934.310602474918,9001.72687446373
287,A2,0.6154413483685451,5923.87874468274,6537.080755963366
287,A3,0.5951573677755941,1019.2994873519616,5469.046223169298
287,A4,0.6225738277677789,13081.292503948589,7712.648350978643
287,A5,0.15237654291352132,539.5449399589629,818.128570008325
287,A6,0.5014248739492859,4842.201916503233,3980.338893371991
287,A7,0.17571611174998525,314.41106454689964,679.3512898383073
287,A8,0.39269466259756053,1403.1251542643038,1859.7434559379496
288,A1,0.5855995193188294,8941.682704730352,9013.502828552027
288,A2,0.6156097411374568,5958.487747066005,6564.897923222087
288,A3,0.5967751556611102,1027.4910627792015,5485.681840964941
288,A4,0.6238939612444501,13163.99051495531,7796.92763726989
288,A5,0.15160408096020545,536.8352293821239,809.2153552892551
288,A6,0.5017772544240605,4853.433658648495,3974.7452669859836
288,A7,0.17500849495331863,312.1009009613687,676.9086515587832
288,A8,0.3941995235448432,1410.5431584285775,1882.685473108475
289,A1,0.5852295310422047,8874.523849411318,8944.297743225557
289,A2,0.6154012582353972,5948.020084692068,6556.449893188704
289,A3,0.5949393494359068,1018.1507737891881,5445.672351161268
289,A4,0.6229346470810696,13158.647349077757,7815.805797598745
289,A5,0.15265577528293653,536.0654915418894,815.9923211176869
289,A6,0.5020261496408136,4844.191619518559,3971.0045211459064
289,A7,0.17410883571854316,309.06764797479144,674.9837140895166
289,A8,0.39291650066103173,1397.9399882993127,1862.4004627774993
290,A1,0.5857583456727626,8939.066660503135,9009.183064199551
290,A2,0.6169612206452192,5990.651406411092,6603.7518633371965
290,A3,0.5938728991546737,1016.0340174376995,5451.946947001288
290,A4,0.6225486746282216,13150.204468064778,7799.738055308023
290,A5,0.15175601546372366,536.5160886368845,810.2055214027689
290,A6,0.5010277904613641,4862.317135059416,3986.358185988971
290,A7,0.17371754105855844,311.6993067246704,674.7573871144909
290,A8,0.3946860116677284,1407.670062068637,1878.2181205540203
291,A1,0.5857231895055351,8909.625341217248,8980.271357957708
291,A2,0.6158698883394832,5980.461052588344,6593.070744497928
291,A3,0.5953945608991547,1020.3974883609568,5440.869414349702
291,A4,0.6233786181314527,13133.286817137869,7796.250277657475
291,A5,0.151756243780697,535.2436332633966,810.9107094768658
291,A6,0.5013629018320627,4844.72038996153,3976.0160961699626
291,A7,0.17354786077942036,309.9092154473399,671.752487916011
291,A8,0.3921062522030899,1388.4430143661882,1852.9458643172202
292,A1,0.5858412958958477,8961.556166600029,9032.471028367509
292,A2,0.615711458476376,5972.304129907825,6570.5790811270135
292,A3,0.5961226014168954,1022.9179692705185,5457.584155141285
292,A4,0.6234856274278558,13075.97085843471,7733.720216353984
292,A5,0.15173307796730515,533.0453292362592,813.2102125909402
292,A6,0.5005086173862485,4841.298259958574,3969.582614152564
292,A7,0.17500298702424374,310.87064810643113,676.6139239038422
292,A8,0.39123888765729153,1388.688782388554,1852.890912265763
293,A1,0.5863238971021276,8937.283736509919,9010.190902466396
293,A2,0.6158893148357846,5975.335378199735,6586.53523681593
293,A3,0.5949812856400436,1012.8677567295712,5451.912762181693
293,A4,0.6236772773879595,13181.565043214203,7821.993833783776
293,A5,0.15279758215458916,540.0204315884786,817.6052344975164
293,A6,0.5007791395533323,4842.001869102676,3968.6497493910183
293,A7,0.17400494389136473,310.2473669878721,678.4073961918605
293,A8,0.3929947912831005,1396.7492401749494,1860.7757071792087
294,A1,0.5849986742065021,8900.159776140306,8966.666920648762
294,A2,0.6148996384792262,5933.9826456479,6540.573285395885
294,A3,0.5950532044678649,1026.6982879661045,5470.439134520031
294,A4,0.6230499877909788,13174.0182640657,7820.9990449820625
294,A5,0.15124644525677847,538.0589358196593,816.0064209317924
294,A6,0.5012889020113743,4865.85672632075,3995.7797388326894
294,A7,0.17375147178899536,310.5181088338342,673.1979877819426
294,A8,0.39336166217587115,1398.3687837877667,1863.9989954888538
295,A1,0.5861586851555646,8936.883748754035,9006.69803178243
295,A2,0.6163140818604221,5955.349806737807,6570.5628052957445
295,A3,0.5963060419858871,1016.6536142815712,5476.999991721232
295,A4,0.6246160410031482,13189.145575997918,7811.69929969589
295,A5,0.1518370587149566,538.9323578944309,815.055468460361
295,A6,0.5014615834886486,4851.105478103177,3979.1448371180845
295,A7,0.17395920833012074,308.0253160573963,674.1623517148789
295,A8,0.3946539685844151,1410.6523098750795,1872.4254219127927
296,A1,0.5847335186560437,8972.546494496275,9040.726320236981
296,A2,0.614591488313953,5890.895851147743,6506.047294911592
296,A3,0.5956902855051627,1029.1436556108913,5444.174775427556
296,A4,0.6231618721635777,13172.29391861436,7838.773665491413
296,A5,0.15198032870142966,535.709881447661,812.8350168643477
296,A6,0.5003953116508275,4828.757036043596,3953.2196919688204
296,A7,0.17403424686114335,313.21472166022636,678.2354758470533
296,A8,0.3912559902606096,1381.1333629782746,1849.682681251263
297,A1,0.5855687234678152,8975.87120453663,9042.420970457606
297,A2,0.6151445595735385,5962.767768449899,6580.655373581875
297,A3,0.5949755362093846,1011.7015977553787,5454.987648547032
297,A4,0.6234917424893434,13128.05329502662,7766.361521940805
297,A5,0.15259491694214572,536.2097433142515,812.0642476090164
297,A6,0.5010960257067215,4818.032950704723,3945.346474179739
297,A7,0.175253638123318,313.16167395528635,680.8263895528557
297,A8,0.3937721513475188,1412.18991991962,1875.3255277934802
298,A1,0.5866016814802922,8917.56750164694,8985.263572007623
298,A2,0.615606607046454,5937.121950086614,6537.733233593243
298,A3,0.5962587398489738,1011.0194902335583,5470.793591066192
298,A4,0.6244870277663579,13171.440373800477,7805.10257539066
298,A5,0.15284531780833582,538.8647661054956,816.7005668508082
298,A6,0.5005336230303716,4839.354674222154,3971.366616807712
298,A7,0.17472634801920586,310.3342394195773,675.2002800630185
298,A8,0.39299247628769973,1397.0893177994906,1860.6318775350446
299,A1,0.5857074323030401,8902.912024523615,8972.00619581018
299,A2,0.6159810160421071,5929.417950764188,6540.506517436075
299,A3,0.5949308056551171,1014.2870487602411,5454.417567165782
299,A4,0.6233226016915479,13076.349763868326,7719.386007117001
299,A5,0.15251442341269653,540.0415739205276,818.0621896556127
299,A6,0.5011143650521426,4829.147431423839,3953.136836781344
299,A7,0.17362626025463762,309.8473835491829,673.9827587603505
299,A8,0.3941644312491125,1402.5876140463854,1873.092718129957
300,A1,0.5853177633484091,8920.612452853742,8989.061133124536
300,A2,0.6158549715452567,5925.593133122033,6537.325101673139
300,A3,0.5945450532366431,1007.9503608264887,5447.9702782210015
300,A4,0.6230700482872127,13147.809861447977,7792.382490791422
300,A5,0.15142131543440254,534.7979546130216,811.6913889472104
300,A6,0.5006872679849301,4851.028062212157,3982.1326203715157
300,A7,0.1748315287683269,309.8867860702044,677.3790076875035
300,A8,0.3929664029506433,1399.6993391495923,1859.4359294788885
301,A1,0.5854387020524291,8949.15756073128,9019.70902526339
301,A2,0.6155025500648021,5919.647734350681,6544.402866054442
301,A3,0.5954885387302444,1026.7641727930925,5471.427062585407
301,A4,0.6240175258629128,13155.360478191331,7785.328794382628
301,A5,0.15080624902232126,539.022554992827,811.5683081594594
301,A6,0.5012442577983716,4864.911365746473,3986.2247918153266
301,A7,0.17665053059074387,317.181939872676,684.4904513534674
301,A8,0.39535505504326496,1400.8565842351636,1869.7510912994028
302,A1,0.5853368524250571,8962.296421269079,9030.691288513748
302,A2,0.6152943114059995,5965.985925666808,6579.795901297817
302,A3,0.5946450612250932,1026.0145963794832,5445.425611264711
302,A4,0.6225913623071453,13100.114498885016,7763.278062750003
302,A5,0.15218731733678503,539.4885351505438,817.1691319905531
302,A6,0.5010335683794848,4873.8498999655685,4004.572308622655
302,A7,0.17471169662612293,312.9553279920973,677.7264750312189
302,A8,0.39500010568523963,1417.2497798273362,1879.2962056652225
303,A1,0.5859484474850805,8923.037027913691,8993.170380826117
303,A2,0.6153166943867207,5933.043732377837,6549.136308496298
303,A3,0.5956165443031717,1020.3641341273999,5455.774668820801
303,A4,0.6241567527138245,13141.734350053477,7785.500515763375
303,A5,0.15125717628757784,536.9726881241112,813.9881325610259
303,A6,0.5002971768361891,4815.5539977056305,3939.24506283407
303,A7,0.17439760095047466,312.96697109780246,675.4749804977932
303,A8,0.39252749890080196,1395.9490476365852,1867.3318992370532
304,A1,0.5858905189092258,8946.665520055298,9019.779529961348
304,A2,0.6155869251008708,5982.478277000989,6590.348350360144
304,A3,0.5951561564358068,1031.078978180452,5452.104033872946
304,A4,0.6237503381613139,13143.837555518336,7805.644087594359
304,A5,0.15181882195758098,534.6698569090485,813.303697358156
304,A6,0.5018157836283922,4858.459769783649,3979.9515193554057
304,A7,0.17569179945590085,313.787621650881,679.4729300972962
304,A8,0.39293941831264056,1403.0544973626704,1873.4279278616677
305,A1,0.5863487278832208,8916.83992887548,8988.99142861998
305,A2,0.6156648300739819,5989.868732733267,6604.530618650489
305,A3,0.5955452069784593,1015.6643934268227,5459.58199689286
305,A4,0.6234622308627416,13164.96223989531,7803.495759852363
305,A5,0.15177613226086012,538.1118878958506,811.1315837729477
305,A6,0.5014743818921308,4845.745016504099,3974.1642309495105
305,A7,0.1742645984682494,312.28629251136044,678.1745646933958
305,A8,0.3942408347161841,1396.5528349530466,1859.9611433636885
306,A1,0.5856349116970256,8977.093249668987,9047.093791090498
306,A2,0.6170124054007305,6004.257492286444,6617.890331586047
306,A3,0.5950081885292845,1017.1453999547072,5457.402966271111
306,A4,0.6233259983308757,13186.464229368148,7826.454741827061
306,A5,0.15190625564951613,536.0107539173008,813.4033783453907
306,A6,0.5012243036527122,4827.311127933249,3957.035392227749
306,A7,0.17451413241565725,313.74199019570295,676.6932370610443
306,A8,0.39228346876585835,1396.1754283043094,1862.2258332199474
307,A1,0.5850631615748187,8932.27796797666,9001.764961841778
307,A2,0.6149321367404014,5893.302863999314,6511.706378291235
307,A3,0.5931062845799493,1014.9357605489116,5448.668479017314
307,A4,0.622068900683486,13067.342914537483,7714.569169048821
307,A5,0.15172759719971124,537.9243138284342,810.9110417804976
307,A6,0.5003989610625881,4835.652673038962,3959.690282589767
307,A7,0.1735618181973722,308.6082814838452,673.0617360467622
307,A8,0.39307845604692543,1407.533955532533,1877.2066823299701
308,A1,0.5860822628074257,8923.151954322308,8992.482041987661
308,A2,0.6149024059886383,5937.814794680195,6557.147955548962
308,A3,0.5942169028132057,1015.8595252354746,5474.633048052154
308,A4,0.622226299183599,13177.458166311233,7800.939813385614
308,A5,0.150809980356773,537.5205277122722,809.490574808408
308,A6,0.5015757645829911,4848.163453130517,3981.9060416549464
308,A7,0.17364836844770187,311.2917991943969,674.4577930239229
308,A8,0.3935993605156596,1404.8550211038603,1865.0579732285785
309,A1,0.5855699156490425,8928.701573126917,8996.755914898105
309,A2,0.6147516067330306,5968.697873045202,6591.263885362489
309,A3,0.5955749529046823,1026.5271413490257,5466.132914142963
309,A4,0.6237262150611173,13087.943576826723,7724.482849334245
309,A5,0.15127588716970466,533.7982471930657,809.5242977439646
309,A6,0.5005377681021329,4813.556207292222,3946.853474649785
309,A7,0.17585816491230907,315.9466770393198,683.7737586888501
309,A8,0.39313461495360047,1404.534199646378,1860.9184006984485
310,A1,0.5854815409913009,8971.39327612233,9042.33201529433
310,A2,0.6151764821768636,5949.68566151581,6560.969495524614
310,A3,0.5963577530744344,1025.9406694765871,5474.2505228432
310,A4,0.6242408706650459,13199.605000381967,7833.809881882691
310,A5,0.1517133621984951,536.9587320471599,816.4574293063787
310,A6,0.5017471706499246,4826.802660129819,3952.493146351312
310,A7,0.17380282475015205,312.6758039482713,674.1394938634681
310,A8,0.3928391975540872,1396.070931978104,1864.6807505340507
311,A1,0.5850934781539441,8936.563605361749,9004.921712923768
311,A2,0.6161419747958577,5950.594798773913,6564.193816483478
311,A3,0.5962288670426121,1022.013255827217,5467.127398759082
311,A4,0.6244944081753432,13116.424906018916,7756.176191997655
311,A5,0.15054340433687613,536.3649948987847,811.8669552915206
311,A6,0.5014512489944633,4841.192680974071,3963.8683302231225
311,A7,0.17351188846945503,308.177763214227,671.0074588102144
311,A8,0.3949985214051707,1401.5129871243723,1873.683127704413
312,A1,0.5858883005659464,8907.328935663038,8975.091403164315
312,A2,0.6154313025028801,5966.646275293518,6579.285488256262
312,A3,0.5954323965254894,1018.0832478944452,5475.812687569299
312,A4,0.6236633846894065,13149.250228769291,7773.456913001427
312,A5,0.1520747413448914,534.4868388880254,814.9295979093743
312,A6,0.501357139636569,4877.061187318813,3997.1159446279353
312,A7,0.17501916511325466,312.47925715850937,676.5546882692225
312,A8,0.39246830171345887,1395.547689693062,1868.6369378808636
313,A1,0.5855444379588719,8965.258878661061,9033.800300065426
313,A2,0.6156562796204754,5978.648707150991,6591.849338629058
313,A3,0.5953092633404562,1021.9603090505108,5463.726757355501
313,A4,0.6233622979874619,13146.432074385018,7792.178565193598
313,A5,0.15104141755415984,537.1582602463789,809.2850866026832
313,A6,0.501061330831121,4843.761293756685,3971.0960641558363
313,A7,0.1748555115406317,314.3549049882447,680.2254950335491
313,A8,0.39466923852598895,1410.9518435241234,1876.3646647273624
314,A1,0.5857400607660611,8923.994265194857,8991.488220379706
314,A2,0.6160278418242215,5982.156737812361,6608.751944151216
314,A3,0.5964253964311044,1014.2392426870422,5485.594771580206
314,A4,0.6248713983110684,13163.821935881184,7770.398000389017
314,A5,0.15094406398218999,537.9147185898636,807.9665173274855
314,A6,0.5004780672998558,4820.162588469841,3948.986537275391
314,A7,0.17500304508544748,315.23034084517445,680.6176646872069
314,A8,0.3933042190775833,1394.8573693919534,1858.5735430820475
315,A1,0.5852297807890273,8932.617089259977,9002.801215374353
315,A2,0.6159750051455212,5947.060692165203,6555.6024493912355
315,A3,0.5959357090933458,1022.4041611042338,5460.828662990704
315,A4,0.624107186556293,13116.944142331087,7766.66852383927
315,A5,0.15177139047243576,537.2274926900685,813.333444494505
315,A6,0.5009644048972948,4813.329054174685,3937.3090836081733
315,A7,0.17454185706680128,313.9882122502379,679.1349677084595
315,A8,0.39181278165718364,1390.3457845799467,1858.2382811487428
316,A1,0.5856320022975902,8886.830821891617,8956.40154118314
316,A2,0.6153998437086311,5965.550616389245,6587.476070146895
316,A3,0.5959174559200571,1021.2503801616142,5469.6293508965655
316,A4,0.6250891259611104,13174.69299489252,7805.4088232280765
316,A5,0.15131444191809162,535.7110440760667,807.702335867598
316,A6,0.5010895173341668,4831.669998052482,3960.3701322604284
316,A7,0.17541233832147995,315.77696852630146,679.2287950648014
316,A8,0.39276808414013015,1392.98571623252,1858.2514915748643
317,A1,0.5860274768170661,8909.122636760718,8977.875546879874
317,A2,0.6165077367279715,5988.116410478629,6602.848693013963
317,A3,0.5954132858381855,1021.3278525032017,5450.79417858217
317,A4,0.6243046014193008,13102.170411383691,7752.652993135184
317,A5,0.15100126273399495,535.4560629153535,815.0612695024561
317,A6,0.5014150676524051,4833.336604708778,3961.3701721277575
317,A7,0.17558784418296697,315.97148896734154,683.6640416555882
317,A8,0.3934938493578455,1398.260249724035,1859.494822544754
318,A1,0.5859021909350549,8926.983382955972,8994.762290390576
318,A2,0.6150280293402179,5969.100716817426,6584.072772162786
318,A3,0.595353512145707,1008.3517193916083,5450.409413657073
318,A4,0.6235661012406212,13165.846460852094,7810.521038296758
318,A5,0.1522345998685204,539.7021946686225,811.8194495923208
318,A6,0.5002803135355061,4820.231134894333,3946.9914276286304
318,A7,0.174833161380685,310.17506417350944,676.4563603381506
318,A8,0.39400808110439806,1397.5797349857576,1862.9376566730261
319,A1,0.5852797393759858,8945.916803769489,9016.242731594657
319,A2,0.6163165384000798,6004.659294580207,6616.6349549124725
319,A3,0.5951460396543166,1015.0656289273921,5441.374065185626
319,A4,0.6233925838162941,13133.033937942222,7794.371942872436
319,A5,0.1515737595909526,539.0365801981504,810.6495615952479
319,A6,0.5014019369033151,4844.8532296919375,3969.4078413437396
319,A7,0.17447683614705434,309.35605122370424,675.075523464013
319,A8,0.39375323115256944,1399.0221358887572,1867.1870412536648
320,A1,0.5848113709281877,8930.015006492189,8999.455036069874
320,A2,0.6157299114685083,5967.091739303648,6577.115310956038
320,A3,0.5941554690204116,1016.8026677307527,5480.08822753315
320,A4,0.6219227818648281,13112.697650222475,7735.805302488112
320,A5,0.14962243728855168,533.4449349151438,809.6577970716316
320,A6,0.5011844173006357,4840.608029383962,3968.367302412915
320,A7,0.17385597352986254,307.5114630514446,671.9048761337599
320,A8,0.3925821389969954,1399.6964285685533,1865.474067002683
321,A1,0.5858914218114627,8993.196411995756,9063.812489933285
321,A2,0.6147124489428385,5950.976279004481,6552.0449200152525
321,A3,0.5934091417804362,1016.7972807021749,5462.808345709987
321,A4,0.6227028113939089,13125.548012379923,7768.287869997544
321,A5,0.15235048202930207,538.2335366456723,819.6513789194419
321,A6,0.5015826546323129,4850.304488349229,3981.68100518368
321,A7,0.17319697642336873,307.0184995443563,670.4778023007791
321,A8,0.39331505926439947,1406.4005841975456,1869.7112807591645
322,A1,0.5860004288883874,8931.929676953783,9001.506847385484
322,A2,0.6153126524751916,5980.312007312097,6589.530770202973
322,A3,0.5942628018541641,1026.676720431647,5446.162136229812
322,A4,0.622722985428301,13131.453983906256,7796.681710426124
322,A5,0.15097164348402284,536.328797586164,815.32477638443
322,A6,0.5007936739888936,4836.513120846499,3961.364177725569
322,A7,0.17459545293162018,310.4900147584655,678.0387940938703
322,A8,0.3937363166657485,1398.0156159345438,1863.1107252811948
323,A1,0.5856362183472731,8945.102153557655,9015.174983086274
323,A2,0.6154738621782442,5960.041150872664,6563.6625237840835
323,A3,0.593473196854334,1025.9890547206276,5429.870844734815
323,A4,0.622145965391027,13108.640079430974,7796.912045832308
323,A5,0.1515702053721031,542.6639741183753,817.3758316386449
323,A6,0.5004576148271673,4840.368190226337,3970.405698755353
323,A7,0.1737326972851039,309.0482464766138,676.3300862044727
323,A8,0.3937306330294863,1406.0946970946889,1868.2155324619855
324,A1,0.5846779239091477,8861.34397279835,8929.618025855469
324,A2,0.6150716992067924,5952.090319056404,6569.801691116621
324,A3,0.595273782267068,1031.1193596856665,5457.135897209263
324,A4,0.6234347289356236,13203.386836917553,7858.845304207478
324,A5,0.1513067213795371,540.0741885880151,814.4381700445135
324,A6,0.5009682636683322,4803.125393302111,3933.7559788151643
324,A7,0.17551956707162292,310.2846025801242,674.5391230532891
324,A8,0.3936682106530364,1405.059265747824,1868.3497483742456
325,A1,0.5851958071258859,8961.110600537766,9027.525252648978
325,A2,0.6152621154076539,5933.410125946023,6549.674437713426
325,A3,0.5952587973538458,1030.9880012692647,5468.213085584709
325,A4,0.6229992804639631,13122.801556024853,7770.659639271245
325,A5,0.1506417690310541,532.8670075619548,808.3259102581055
325,A6,0.5014571412393865,4847.262961638478,3975.5664591431396
325,A7,0.17407770246758555,305.8294202085559,671.4509315777366
325,A8,0.3925625573348496,1395.44087920044,1858.2948361899948
326,A1,0.5849426390920336,8913.444818458192,8985.171263982853
326,A2,0.6168903750644776,6025.041582657044,6639.9852281630665
326,A3,0.5958972641561245,1013.7905214635828,5444.27300257922
326,A4,0.625008376122984,13069.422306205463,7719.387403570466
326,A5,0.15078832790151164,538.123667281349,812.3077501241225
326,A6,0.5014564545766446,4828.098422217852,3958.070926583155
326,A7,0.1749754182039569,310.74055787105925,676.5200632785126
326,A8,0.39489468512930237,1406.3488401163563,1869.295077989503
327,A1,0.585683900080508,8869.366657857925,8939.803904124885
327,A2,0.616551973882488,5954.610651547529,6576.343628786574
327,A3,0.5950033906816288,1016.0145784318934,5424.16613545572
327,A4,0.6239584957439913,13120.130342135584,7786.908927090717
327,A5,0.1513741759804088,536.4289388246998,811.7251795952556
327,A6,0.5001677599817089,4835.222767464492,3964.5152039770005
327,A7,0.17488991793174627,310.0377803236901,676.5735721120258
327,A8,0.3931078632838332,1402.4311140420677,1864.2062794857034
328,A1,0.5857702192448204,8908.94251995777,8976.123044403643
328,A2,0.6160143978986923,5947.905100623323,6564.848910911782
328,A3,0.5945443398136977,1008.0138251362895,5422.3119827723585
328,A4,0.6234522872734691,13118.370321504954,7791.112397379533
328,A5,0.15082263227567566,539.5028087291608,811.4133278215239
328,A6,0.5005857706957626,4841.034303523829,3966.62131448186
328,A7,0.17390404940339685,310.2280060516283,674.6875237638885
328,A8,0.3926335678168389,1401.0038973759642,1867.882281368328
329,A1,0.5846525396804539,8938.702403617426,9007.19058531101
329,A2,0.614859751333705,5932.552320746442,6540.905436392576
329,A3,0.595499365938771,1024.562552277296,5456.309569885809
329,A4,0.623921028897053,13131.14280087542,7790.3860838908195
329,A5,0.15035591226227152,538.35492017614,811.8523631705086
329,A6,0.5013943683217609,4832.553181501485,3961.59935090413
329,A7,0.1744383147779028,310.62428572727066,674.507464627141
329,A8,0.39212747268815706,1394.9978740762413,1860.7394848157253
330,A1,0.5858412169532313,8930.89578740027,8996.24274362757
330,A2,0.6150533462436986,5922.638215815627,6554.547784999506
330,A3,0.5950353974128169,1023.781531877304,5471.054122170092
330,A4,0.622884938402042,13122.135350004075,7750.505581557332
330,A5,0.15056419988931202,539.7303385630701,808.1374804699897
330,A6,0.500695196844621,4817.957503412312,3949.7328232773743
330,A7,0.17339983783376806,308.42009325616533,672.1113815563114
330,A8,0.39203008558875013,1391.8345683903178,1855.0614710609639
331,A1,0.5859051707157519,8985.961712155195,9055.095868339302
331,A2,0.6169875382116967,6009.7426559579035,6623.709220288708
331,A3,0.5962513392789465,1023.457332803145,5464.002270165193
331,A4,0.6243824027144873,13134.068261399365,7775.089091847679
331,A5,0.1522687385624272,536.7738325886007,813.2845024096637
331,A6,0.5008361987234283,4835.521771736874,3959.7104875183177
331,A7,0.1744568728148817,309.91718077529913,676.0178389250154
331,A8,0.39260839369927425,1404.7896859853222,1873.3231539078251
332,A1,0.5859277546193131,8957.41775241707,9025.942795215427
332,A2,0.6159331110450881,5944.554273924899,6560.161140904943
332,A3,0.5951524770912076,1015.2578695211512,5470.620547963099
332,A4,0.6240233031142751,13178.737350225283,7807.917313548908
332,A5,0.15158721510279285,540.9580170107198,812.6992150739868
332,A6,0.5001391932215612,4825.710924684153,3956.0472777638074
332,A7,0.17442238319561346,316.1474502322749,678.5299126731819
332,A8,0.39162758455014796,1393.6590435473952,1860.5244784195943
333,A1,0.5856700099372495,8950.545056013845,9022.086265163127
333,A2,0.6162980919621698,5988.006643224742,6587.8865849088015
333,A3,0.5952516443388379,1017.1104655045607,5490.0569358733055
333,A4,0.6239046317728596,13156.661672629803,7775.129873111208
333,A5,0.15264220074550366,541.7931613642367,820.8737211865691
333,A6,0.5016547017618224,4837.348404347014,3970.854868429319
333,A7,0.17405076396481958,311.8581002972165,672.4754984877537
333,A8,0.39200068597128573,1405.2870850990084,1869.246841320345
334,A1,0.5853858801249952,8939.290694449657,9010.869108046803
334,A2,0.6155092959666386,5937.77066564794,6542.756132636242
334,A3,0.5960907860549856,1022.8914486084855,5464.45979573949
334,A4,0.6242642605286232,13193.125736620299,7843.614908898339
334,A5,0.15185581895119907,538.6796893447753,812.7883945492713
334,A6,0.5015609596956583,4836.457817666623,3960.6445167577094
334,A7,0.17424253161662137,308.25628298294606,675.6108583182435
334,A8,0.3930603538268499,1404.6808043786586,1870.4094247532894
335,A1,0.5858153619994946,8912.7146206877,8985.07494931298
335,A2,0.6157436286414283,5966.162651234178,6573.116051144341
335,A3,0.5951495198723641,1019.1848735191469,5463.649074055841
335,A4,0.6233118813416236,13138.10994720399,7782.0306645691
335,A5,0.15189514767234774,537.8917978376727,812.1835350018896
335,A6,0.5010677000968725,4808.369983059381,3931.276267071821
335,A7,0.17524959304079862,313.056556884837,679.7386102180144
335,A8,0.39171953186402936,1392.9759916315745,1861.3972706844932
336,A1,0.5853234315152184,8943.305318620569,9016.252677648668
336,A2,0.6158056119604295,5970.515431924959,6581.768893083631
336,A3,0.5962476359564851,1020.7178742104735,5455.498519810095
336,A4,0.6237374892496144,13169.156053324043,7814.402097139944
336,A5,0.1521439073288749,538.7340266490172,816.1220336666325
336,A6,0.5015851999940868,4814.304821433967,3945.3807009705083
336,A7,0.17396331022971587,311.9049402471941,674.9578156671256
336,A8,0.39284365931116283,1390.1275952040028,1854.383323627623
337,A1,0.5856286986121092,8951.2683975598,9019.984385766917
337,A2,0.6153078124161351,5965.243138270797,6581.467157376951
337,A3,0.5957329749346453,1020.4039017558396,5473.374944020215
337,A4,0.623201500050642,13158.265966703077,7785.371697014128
337,A5,0.151522560559915,541.255601875262,817.7707851098057
337,A6,0.500123127447859,4812.474321917581,3941.451692193291
337,A7,0.17382554816368728,307.77255169877014,670.4391577167025
337,A8,0.39343650655008844,1402.0563372586312,1868.8803978417486
338,A1,0.5857046772678344,8908.659398417902,8979.138930811718
338,A2,0.6158563606510843,5983.321065859323,6593.425915219299
338,A3,0.5952840738630693,1010.0284914703187,5454.63506746533
338,A4,0.6237504685221298,13123.2047949967,7763.116718279549
338,A5,0.15165206190464056,536.8931193825349,814.350947611188
338,A6,0.5007833575291365,4814.669608059498,3945.441461859105
338,A7,0.1739419962355737,310.44329953011305,673.9698890536263
338,A8,0.3923942173378946,1398.1563843797067,1861.2972317962797
339,A1,0.5859311872062973,8910.14883139356,8980.861075528206
339,A2,0.6152067836296147,5914.314251291097,6526.514788608919
339,A3,0.5965375016808098,1022.0804614138567,5474.842705668011
339,A4,0.6246657393555443,13177.351798802407,7808.428466815965
339,A5,0.1501233651808188,536.6053566762691,812.0369531374739
339,A6,0.5013335764122551,4841.245693092814,3961.297567214614
339,A7,0.17501385390512567,315.8006387808836,680.1061856872185
339,A8,0.3946829612869784,1410.1162096926225,1883.5754984831053
340,A1,0.5849413520041103,8920.344316281034,8990.469354598665
340,A2,0.616527870781622,5979.887215634089,6584.734887847413
340,A3,0.5932552662642283,1015.2379151698133,5426.632220748066
340,A4,0.6216739592281917,13095.754915545689,7770.014785735866
340,A5,0.15275464376689962,541.1817503466217,822.6823444351462
340,A6,0.5010960511994356,4833.095901751627,3963.8331680091464
340,A7,0.17388932166121662,308.4569465667941,673.3391424578202
340,A8,0.39413528388859304,1415.4946315733173,1877.7476890368664
341,A1,0.5848698967716782,8927.159646691336,8995.076277794002
341,A2,0.6162919251497467,5971.499392954828,6590.974250348584
341,A3,0.5951815506966838,1019.3860995398001,5476.4502969505575
341,A4,0.6237311133240812,13183.260184670893,7807.416335849303
341,A5,0.15182339541178172,539.8718943498232,812.8861775866277
341,A6,0.5017740490236582,4840.741790334907,3961.2620350278403
341,A7,0.17544332361290585,315.58284392446836,682.8688701784449
341,A8,0.393263975939799,1395.4210768553753,1865.9886855860725
342,A1,0.585970539278635,8971.703855749685,9042.375512883416
342,A2,0.6161814530334981,5968.476252935514,6579.453719803483
342,A3,0.5963769268192582,1014.9932996697669,5460.695485441395
342,A4,0.6246732145769609,13175.821936234674,7812.062522077891
342,A5,0.1517360407402,537.0478322173013,815.2019067913902
342,A6,0.5013689313812909,4807.7544258934795,3939.7226212371966
342,A7,0.17441916184413245,308.91580731722115,674.0032702743109
342,A8,0.393437504817893,1399.9338983742607,1861.132269882821
343,A1,0.5859525636749755,8943.895587084276,9018.14242702233
343,A2,0.6164507408683321,5960.493232934474,6569.27802055155
343,A3,0.5951915471813161,1019.7836096738212,5476.568126965187
343,A4,0.6237417763982084,13171.238352564302,7794.675947285391
343,A5,0.15289235152555988,543.0848553400344,821.121190922206
343,A6,0.5008792659181036,4841.67420543029,3971.1749325194987
343,A7,0.17516960182779273,311.92107376762414,680.1549550879184
343,A8,0.3945251671049492,1405.838430892259,1866.8137473330023
344,A1,0.5862487385837352,8946.300974768306,9014.864738796434
344,A2,0.6151810880942911,5947.053338494747,6554.767442870815
344,A3,0.5948875827753974,1014.9476530705915,5443.572857977605
344,A4,0.623398044102975,13093.070546198349,7757.6011840307565
344,A5,0.1508122038472041,541.4616856577289,815.9475370897816
344,A6,0.5007427969242716,4854.313535230002,3982.3031436145384
344,A7,0.17489410475761089,310.72928694002763,674.7172484900789
344,A8,0.39189513716261964,1393.9315038887846,1858.034371378526
345,A1,0.5851296013251475,8939.147793104763,9010.112477210063
345,A2,0.6158666934753743,5977.397333478659,6583.751894375986
345,A3,0.5944555309926487,1022.3096283703894,5459.849161146185
345,A4,0.6221307214072361,13163.566453403822,7813.276671327728
345,A5,0.14998370730626734,533.1739535397767,810.7656302172815
345,A6,0.5003472307264406,4844.12699390899,3975.6945068985365
345,A7,0.17468306699812658,315.87034636983896,680.03619787842
345,A8,0.3942317724189852,1402.320702824879,1864.4266659469163
346,A1,0.584936860497219,8930.018078521227,8999.887813905047
346,A2,0.6148279074416103,5930.730095461281,6543.200216897483
346,A3,0.596147062337565,1011.2006063815506,5451.487094794268
346,A4,0.6247366953997612,13168.113770260885,7812.275216806546
346,A5,0.15179007786076715,539.6965731472872,815.6786129878127
346,A6,0.5001404608816052,4830.358307286504,3959.1709646976947
346,A7,0.17321347631908032,309.9271984051367,673.6112026898727
346,A8,0.3942017256286327,1407.359595182996,1872.0931018681395
347,A1,0.5858070364327006,8935.530151740699,9005.868250840314
347,A2,0.6145678637741756,5923.820016798138,6542.610337707534
347,A3,0.5959021817340996,1020.9872253925776,5468.450539508381
347,A4,0.6251780290203574,13126.61479372795,7756.52497588598
347,A5,0.1515860088236901,537.6369550642621,814.0862936569612
347,A6,0.5010022025385179,4845.999036615122,3964.8791906920947
347,A7,0.17505825874824876,312.2693134539939,677.7362049876976
347,A8,0.3930487858216102,1400.1340664398647,1872.83576595364
348,A1,0.5859251324224797,8993.944250209972,9061.284229091434
348,A2,0.6155484041199831,5957.594251081715,6583.929532169544
348,A3,0.5947687375226627,1020.7562983232634,5453.263991093022
348,A4,0.6235443307914973,13163.297322929027,7805.598303972867
348,A5,0.1516975880056504,542.0229521792706,816.0367745881774
348,A6,0.5013467878064276,4830.056701324518,3957.987899091306
348,A7,0.17512955458435833,315.3205360724074,678.2409383330908
348,A8,0.3916817504735658,1386.7040122776798,1853.3546560584098
349,A1,0.5852704857198037,8894.196590405254,8966.510769898689
349,A2,0.6154330002095484,5940.962034555738,6554.288645830295
349,A3,0.5956213311174795,1023.3766392395162,5451.56480431662
349,A4,0.6241896329112087,13150.15611362613,7802.237432334809
349,A5,0.15084596136206233,535.955213115944,812.7122542278829
349,A6,0.5019098034045132,4841.647151307237,3969.306236898405
349,A7,0.17507094645431456,312.8674272980361,678.1190713679632
349,A8,0.39302844368955464,1404.7543533286198,1869.1763080018104
350,A1,0.5854218642293272,8948.588409599935,9015.576429633084
350,A2,0.6152808863904632,5946.471432414042,6565.4486686824375
350,A3,0.5948760089205293,1020.661788648662,5449.563485242521
350,A4,0.6227426206609031,13114.672663955102,7768.055655985883
350,A5,0.15070466896812842,534.9759719308473,808.1203169750283
350,A6,0.5012774019586055,4844.487820308069,3974.129380521469
350,A7,0.17357207364889174,311.14551903874235,675.1117634956403
350,A8,0.39231875876895583,1393.0424581852922,1858.0403635446285
351,A1,0.5859772471307021,8949.64286929066,9021.489754793518
351,A2,0.6155307507270292,5912.239568450512,6526.239064900088
351,A3,0.5966821618330596,1029.897408684823,5464.096663683101
351,A4,0.6244223167847273,13166.942851340105,7814.773884581145
351,A5,0.1517550394075681,540.0336091888938,812.448860689443
351,A6,0.5019984925386571,4824.85811545062,3945.8423549543368
351,A7,0.17493061020377518,314.85665019188315,678.6160571695629
351,A8,0.39241089299134035,1395.327711912729,1870.292143739032
352,A1,0.5859894957179151,8933.912238829951,9005.037692943159
352,A2,0.6164071323276967,5952.121948054008,6561.976448775268
352,A3,0.5950660607989203,1020.2032196673716,5468.710414058404
352,A4,0.6235611555069397,13176.032831862765,7815.763301760377
352,A5,0.1514885315371829,539.3888035748278,813.0657720170094
352,A6,0.501281479757875,4838.405208455636,3968.026664019553
352,A7,0.17607659878379034,316.22079996082294,681.7149386458331
352,A8,0.3927926607392547,1398.0713384683054,1860.0611566540883
353,A1,0.5855245794483571,8924.139244133708,8995.90301268416
353,A2,0.6154510918496273,5932.265711593565,6544.4244201868505
353,A3,0.5964150065663905,1030.8259683152273,5464.20642548532
353,A4,0.6243632432183731,13161.543914528178,7811.920366688595
353,A5,0.15300934618634998,539.2538386512618,813.2691716442239
353,A6,0.5007134535643569,4861.364133421037,3989.721755871598
353,A7,0.17429015740338216,311.8082971784077,677.4294881604843
353,A8,0.39370866336776034,1409.8937877232552,1874.2202548234063
354,A1,0.5854783057138596,8940.96467885892,9010.942707213637
354,A2,0.6147168586900429,5931.3581020378215,6550.687331155424
354,A3,0.5962041203413501,1010.6388691889483,5471.670621930038
354,A4,0.624287929395522,13200.259454970696,7816.292274748895
354,A5,0.15186837735035574,537.9708321417785,812.9443375851442
354,A6,0.5017651170062052,4859.626821194481,3983.031081772402
354,A7,0.17354657091721626,310.00083095675626,674.0116840156026
354,A8,0.39095706210516606,1377.7589614329454,1848.9985123612023
355,A1,0.5853601897153184,8859.160979084394,8930.458754600879
355,A2,0.6151001442455863,5952.949421726771,6558.639739571673
355,A3,0.5944927860999077,1018.2703708518084,5449.341656359641
355,A4,0.6223567085172519,13061.718263690836,7720.5768806052365
355,A5,0.15176311370867404,534.3984560923236,810.6546022633446
355,A6,0.5014843164980834,4850.6054816106025,3978.3652319278995
355,A7,0.17486312647108393,311.591359359858,678.650499955706
355,A8,0.396313350777759,1416.6426171154574,1878.649584247672
356,A1,0.5855428484865028,8930.895361358273,8997.793778909409
356,A2,0.615537138484186,5981.782637479231,6591.445501966752
356,A3,0.5959675274544534,1013.7716400289183,5469.882186756467
356,A4,0.6245548067401652,13152.444169988737,7783.123086481559
356,A5,0.15077967240920456,537.1517219537568,815.6886468832404
356,A6,0.5013228658803907,4812.599723766833,3947.848776744594
356,A7,0.17274761781166342,312.86668474380934,671.9928302887923
356,A8,0.3914087441981871,1391.157329488578,1854.894460777325
357,A1,0.5861809524984672,8941.00277060067,9008.991712998515
357,A2,0.6159897831160782,5938.941745533759,6543.661170429801
357,A3,0.5944651817294238,1021.7699826270376,5444.989450205293
357,A4,0.6225717164155621,13100.429763999637,7762.188291675793
357,A5,0.15288660172062998,537.9183316819729,821.3567341261926
357,A6,0.5010396887101857,4835.020391678574,3968.739432044046
357,A7,0.1751021455695611,312.2395924671057,677.4537552668866
357,A8,0.39317686032261895,1393.57734403439,1853.519375876618
358,A1,0.58577215279677,8926.820358120392,8995.552161241116
358,A2,0.615183504602513,5946.072291946715,6562.040252789969
358,A3,0.5954796397606468,1021.6160734932647,5467.994308127955
358,A4,0.62407533199666,13103.573134030943,7741.96349807438
358,A5,0.150560321539454,538.4472179866477,810.4781828527807
358,A6,0.5014319113315723,4844.377831300948,3971.68092445471
358,A7,0.17398062498789432,307.16056495282004,672.3044397079063
358,A8,0.3931505385501666,1394.9422998246953,1860.9960044076074
359,A1,0.5865755476420788,8920.653043838585,8989.827192342766
359,A2,0.6167320678862448,5983.325167666135,6591.567524019803
359,A3,0.5952296528724501,1010.2988819969455,5459.7885206752735
359,A4,0.6240608724942186,13179.131512905402,7818.262902560417
359,A5,0.15118467572641556,537.989556198476,815.1062949649187
359,A6,0.5009572178536799,4845.387271766642,3974.3429567405096
359,A7,0.17575686407018606,311.21251419605375,677.8077857779065
359,A8,0.39393377913578737,1399.6343753265185,1860.9291468131594
360,A1,0.5861897283301484,8929.159477021363,8997.566027399826
360,A2,0.6161086204033176,5973.35489518822,6586.897495071384
360,A3,0.596019260014895,1019.3896944598665,5440.907362688699
360,A4,0.6246683688386374,13134.730894389217,7799.816177189463
360,A5,0.1505564906894405,533.4343303271224,807.0636100310019
360,A6,0.5011344627215147,4862.914731380548,3982.735705254634
360,A7,0.174857191932056,313.29979329505943,680.4473202234461
360,A8,0.392775212203114,1401.1360867033636,1871.9862049063054
361,A1,0.5847969601973171,8920.765695854805,8986.851576352954
361,A2,0.6158400445944935,5946.894895587993,6552.214622555095
361,A3,0.5958059510453573,1013.5140734156442,5453.662734079423
361,A4,0.6240907557143717,13126.75851487008,7777.585884464746
361,A5,0.15250691335165031,537.2296187705358,815.7471516077392
361,A6,0.500692213834299,4859.5625658843455,3976.515287187526
361,A7,0.17486791368833146,309.9809257022524,673.5070207097052
361,A8,0.3940993357220315,1392.0796698706583,1870.7016829991178
362,A1,0.5855825384297406,8902.498077923561,8973.74416882638
362,A2,0.6159459359290216,5985.984219679582,6592.224032821752
362,A3,0.5959070096508516,1023.4861529017984,5472.575567081438
362,A4,0.6240039215780955,13167.260047680236,7808.890025118836
362,A5,0.15100355972278098,533.4487617415477,807.1324226589342
362,A6,0.5017904120627383,4836.950390439403,3967.680766634036
362,A7,0.17610056332177515,315.2074447370801,679.1452291828759
362,A8,0.3923104579518109,1392.2809225328645,1855.7238053118197
363,A1,0.5854691732706426,8936.611889942655,9005.192812923355
363,A2,0.6147669930064735,5980.558405355976,6593.488429582241
363,A3,0.5952215942115593,1022.7988036999178,5450.8828546626055
363,A4,0.6233935568164128,13106.278726302153,7760.100470442768
363,A5,0.15219512510871339,537.9252859329173,815.3900031032521
363,A6,0.5008079489385493,4824.755596536719,3959.001723550795
363,A7,0.17510811578599994,313.5194471008381,680.287024928629
363,A8,0.39366454035946385,1405.2864778255687,1863.3913135030964
364,A1,0.5860580696715618,8983.673362045354,9053.518907397187
364,A2,0.6158026511027651,5953.625077314828,6564.029054815976
364,A3,0.5961382157621219,1018.3678956209898,5493.185355259877
364,A4,0.6240254986803359,13161.855815655139,7773.127495196143
364,A5,0.1530425280786318,542.7257268190933,816.7946753370562
364,A6,0.5008376003037938,4809.615554812007,3935.8460712751344
364,A7,0.17377556654038723,306.35845208403583,671.6118881833663
364,A8,0.3928987972255128,1395.3504383894856,1863.4588752761938
365,A1,0.5859075030660805,8943.308130502268,9011.38910570385
365,A2,0.6153280191189697,5960.06661577556,6567.9320834450355
365,A3,0.595795938641838,1024.7127672096613,5487.356015394174
365,A4,0.6236701713576479,13188.357223017472,7815.261618566606
365,A5,0.1506946321591642,536.7543906828635,812.0963876050176
365,A6,0.5005703914579893,4840.773396435136,3971.351926941975
365,A7,0.1742660767637481,309.48058282000676,675.1924161740611
365,A8,0.3946123848027689,1399.9569248965438,1862.8304775087934
366,A1,0.5859634713309083,8975.876391989961,9043.847870538179
366,A2,0.6167066036579678,5964.161404386512,6570.43047745065
366,A3,0.5955594235771937,1016.329832618953,5457.995447764064
366,A4,0.6237279945090018,13154.8212665589,7799.872531197314
366,A5,0.15266465510442193,538.6619706808077,819.362150474216
366,A6,0.5016734592938332,4868.205172904639,3991.3158973816394
366,A7,0.17232952499008378,305.95358654124453,668.0566325614367
366,A8,0.3920386075494757,1390.0080875374672,1863.1367058509904
367,A1,0.5861790139104913,8871.587099273742,8942.905278286116
367,A2,0.6151879058797178,5962.921209689792,6564.738052278684
367,A3,0.5937429069249897,1020.9944874423168,5453.045473753726
367,A4,0.6217575103711953,13112.914746231889,7775.241324569434
367,A5,0.15194696781242661,538.2265867540372,812.3647388342736
367,A6,0.5014164961882058,4876.010925836206,4007.924607332995
367,A7,0.17355760992533062,310.29673522003355,674.9000235807653
367,A8,0.3921661904401758,1401.380571902972,1863.2128637149951
368,A1,0.5859112983689803,8951.004700159603,9022.53707647815
368,A2,0.61557135487207,5960.721933223184,6569.07510911633
368,A3,0.5934379079292231,1012.1561910647938,5437.525144204701
368,A4,0.62234611168478,13123.145473813573,7780.2361550973665
368,A5,0.1519585212454044,539.6315452713812,818.2120325364979
368,A6,0.5012890668024987,4850.705892178935,3980.304619286989
368,A7,0.174639116389281,310.0738642022464,674.8314336256865
368,A8,0.3944754645166455,1407.7667302033415,1872.484759771338
369,A1,0.585301298041294,8962.389467108973,9033.329577740398
369,A2,0.614557657103105,5931.113692656202,6562.921359851221
369,A3,0.5960016176801275,1016.0245694600742,5453.201141763669
369,A4,0.6250724422664877,13150.286746992091,7782.639984650786
369,A5,0.15068033227257754,536.9478774690776,807.5058708584255
369,A6,0.5009006571856265,4841.72547391043,3973.0200170404705
369,A7,0.17417022179286362,310.8726752978186,673.6177755491215
369,A8,0.393289192383205,1398.1759161749615,1861.3006916155366
370,A1,0.5853958958970832,8914.05285141148,8985.559416706377
370,A2,0.6156268411250408,5958.813362650244,6560.448455225214
370,A3,0.5942321104127094,1020.5898277455092,5486.291526980216
370,A4,0.6220508547279078,13128.96678422359,7749.9124168658145
370,A5,0.15227154682816887,539.1924213090377,821.0949618657883
370,A6,0.5008561547663637,4818.757181741766,3949.934350536357
370,A7,0.1754799955806175,315.49569491214197,681.1359890571724
370,A8,0.3940731429687915,1400.576540636018,1862.067547392848
371,A1,0.5850798970019525,8903.031508908616,8971.33820330617
371,A2,0.6166055737283372,6010.32500363938,6626.957743425536
371,A3,0.5964329561930304,1016.7808521303816,5476.971786032419
371,A4,0.6250413754545648,13169.755077461854,7792.949912734194
371,A5,0.152306447028308,545.4505028782415,818.0300878240504
371,A6,0.501476332213678,4844.477628878595,3967.9859181466895
371,A7,0.17501295885013807,314.2947654347011,680.3664761217807
371,A8,0.392110552860849,1382.8111809631419,1852.3263927040684
372,A1,0.5863832954171683,8936.242580989161,9007.548573584661
372,A2,0.6155510883721155,5951.534739670426,6568.32114700051
372,A3,0.5952854484244526,1030.1591715405073,5454.285782677036
372,A4,0.6233450584301525,13082.992389322138,7735.098069629222
372,A5,0.15252847269857878,536.2243601699079,813.8023579382873
372,A6,0.500930457763978,4832.779297147903,3966.079611554837
372,A7,0.17563569476944418,314.3928491061053,680.9879003661518
372,A8,0.3931994253582606,1403.8988942538833,1862.1008394493235
373,A1,0.5857550802889028,8956.14710351567,9023.322270495675
373,A2,0.6146109412304168,5922.092912268487,6533.119260928301
373,A3,0.5960510014128182,1019.5322682043768,5437.657146469156
373,A4,0.6244176622040192,13120.724184823546,7789.204917390376
373,A5,0.15058319032701814,533.461256744408,809.3187442563353
373,A6,0.5013655785988287,4819.731401041645,3950.5381871379395
373,A7,0.17487628541188774,312.0192858946194,677.0537909647995
373,A8,0.39123182295768966,1396.1840336139646,1859.6781284641365
374,A1,0.5844707003768221,8932.236915687092,9002.568755107937
374,A2,0.6158030928216666,5987.474349806502,6595.213917214835
374,A3,0.5953593541491481,1019.9927222766264,5481.333165437345
374,A4,0.623338331336995,13153.13724712346,7777.839637764954
374,A5,0.15236005530359661,541.4063221451787,818.2557023998723
374,A6,0.5012110788992585,4799.418730640522,3929.2049198872237
374,A7,0.1740926991997694,311.6553441502737,677.4099489615453
374,A8,0.39462102675460364,1401.1156724827824,1864.6112575387249
375,A1,0.5851628680834875,8934.328315869945,9003.51555054182
375,A2,0.61673959387759,5977.240867252815,6589.780128315293
375,A3,0.5960036046453037,1030.5560593551766,5455.686473664387
375,A4,0.6236823574236187,13174.5967185779,7834.028967568946
375,A5,0.15153972470354324,534.4638227564706,809.8788627713344
375,A6,0.5005536246010867,4855.115581414257,3983.2294868891245
375,A7,0.17393816616170024,310.76783615435295,676.0562557236772
375,A8,0.39374158127763215,1397.89127679974,1862.7847527060774
376,A1,0.5854270144804982,8904.533545860953,8976.975914123079
376,A2,0.6143587653805669,5907.825706681173,6515.766017239413
376,A3,0.5951742519918196,1021.7450310869622,5441.95255121006
376,A4,0.6230990592669886,13067.366412482712,7729.754904002159
376,A5,0.15378597632578625,544.1121996236908,823.603824832123
376,A6,0.5003877714547912,4844.068971224775,3968.740347335833
376,A7,0.17406902500831256,308.6646635794603,674.0939979821469
376,A8,0.3943048398997737,1413.5150053454936,1880.9439791604068
377,A1,0.5851110168766471,8937.197464611054,9008.825743670639
377,A2,0.6163619390685745,5952.912289534126,6564.3740842707775
377,A3,0.5955783327585442,1023.4391639530107,5465.958339913877
377,A4,0.6232889357674459,13168.110170656764,7807.004132125757
377,A5,0.15195099283778865,534.8510114447527,813.0424332510247
377,A6,0.5010186872720745,4831.149455378143,3959.7872647876156
377,A7,0.17409723598541288,309.3724283526197,673.1144376254182
377,A8,0.3938011909102107,1406.862505312064,1871.7880535974264
378,A1,0.5853097060843998,8930.986367808928,8998.58674765196
378,A2,0.6173569248036432,5987.294253425547,6595.560168339379
378,A3,0.5956209029470344,1023.819440144396,5453.007729112495
378,A4,0.6243481507461104,13159.040105607895,7816.524054898007
378,A5,0.1538427575679257,546.6498745283294,825.219958469731
378,A6,0.5012086558337758,4838.529922028496,3963.212283557597
378,A7,0.17462462969692982,309.4215495885694,677.7133737786658
378,A8,0.3933178645203325,1396.4601981722144,1862.3773954965382
379,A1,0.5849829398052959,8913.065293905851,8982.385476272166
379,A2,0.6161839433792079,5978.450074084847,6594.291831581317
379,A3,0.5959761751959957,1020.0557597636257,5463.5157944290295
379,A4,0.6240085285733933,13148.089184063327,7783.417249662541
379,A5,0.15225110710565157,542.8251794891288,819.7662373813472
379,A6,0.5018086882962136,4859.70107350834,3983.5380050106314
379,A7,0.1757981694709455,315.5050371672098,683.8549533376303
379,A8,0.39379282063735627,1412.2547647666959,1879.1768190743687
380,A1,0.5854000580582647,8948.179642609692,9016.77895349456
380,A2,0.6153428789904326,5942.340957195596,6557.347895106091
380,A3,0.5955531387616909,1025.6931724334013,5470.925598276737
380,A4,0.6232891768838192,13171.50091455734,7807.156601685159
380,A5,0.15241902986927183,538.5142558912285,815.6849020628252
380,A6,0.5010015491098285,4838.273391844447,3973.4854054932866
380,A7,0.17377500381231578,307.04969548952596,674.7250282752436
380,A8,0.393869275203862,1401.8310993420032,1857.2787449693292
381,A1,0.5851403924316568,8942.971901383335,9011.022496487716
381,A2,0.6158581932365499,5945.647869851701,6560.507596669444
381,A3,0.5970723761147826,1025.353171010925,5468.032091753609
381,A4,0.6245188396816435,13170.497066847067,7807.630318262134
381,A5,0.1520306669746359,538.2746210551142,817.3036009855664
381,A6,0.5005003050606363,4845.7690834418145,3972.3137193457187
381,A7,0.17458979620081233,314.9752046354389,677.0120179065157
381,A8,0.3935232934954813,1399.6444132434158,1869.311490058104
382,A1,0.5859781938357559,8943.521263507426,9015.361914189794
382,A2,0.6149524333752278,5953.320594113424,6559.566729120366
382,A3,0.5943523236425754,1019.735145092051,5464.437418654375
382,A4,0.6224325113044487,13109.645915242032,7752.813147066145
382,A5,0.15047567708408607,539.2367570230831,815.6787349722763
382,A6,0.5011175871701663,4816.174986072036,3939.5360552776115
382,A7,0.17409757169259052,310.2283690864241,675.2097303248778
382,A8,0.39390714543183536,1408.6385857598414,1877.8978862908637
383,A1,0.5857235966295039,8908.710563114893,8978.327749844579
383,A2,0.6157036738652367,5927.590644213332,6553.650088970428
383,A3,0.5962096912011585,1019.8557187975089,5484.897003086696
383,A4,0.6246746133711951,13232.124742688267,7838.603186290237
383,A5,0.15020744972187014,539.3567420769383,813.3664201078095
383,A6,0.5006659283498849,4837.154827569203,3964.95931034065
383,A7,0.17327905762296217,312.3660795636505,674.4903501061636
383,A8,0.3920846343749097,1386.684837213239,1855.5500464904685
384,A1,0.5851941344901423,8970.264270639447,9039.357868659954
384,A2,0.6154294228881851,5932.216841835994,6539.218374877208
384,A3,0.5947953470652482,1022.662391311941,5479.985601030303
384,A4,0.6226497824607096,13136.313857581801,7762.752233657951
384,A5,0.1519704141120536,538.0541202742418,820.4054075435907
384,A6,0.5012104653342624,4847.001975635869,3970.5325047071296
384,A7,0.17533210073512723,314.5702062013212,679.1928022222012
384,A8,0.3927894321721002,1394.658733466035,1864.2976042483167
385,A1,0.5856201999105396,8896.462300150051,8964.019499402071
385,A2,0.6141735724071337,5914.49829515516,6533.87262519911
385,A3,0.5950589470307119,1017.613680782984,5467.689107707173
385,A4,0.6236274279674059,13099.434273464363,7730.201884618311
385,A5,0.1522950168426645,539.0332387573185,811.9394506476069
385,A6,0.5011466144732297,4832.044288798739,3968.03007604156
385,A7,0.17392814891230607,307.4319795795735,674.7261075873075
385,A8,0.3929015018476866,1396.4509813305622,1852.490286815615
386,A1,0.585473640897533,8935.404910732026,9007.500739175744
386,A2,0.6150242797013119,5969.88885862757,6576.356063284939
386,A3,0.5956375575692404,1025.2192031865152,5488.203945422591
386,A4,0.6241124142362158,13187.323669551231,7813.5162438261195
386,A5,0.15070250265805493,536.0671539435244,810.3334570335203
386,A6,0.5005549349203297,4814.366143660229,3943.237285848136
386,A7,0.17393937293229567,311.59459551376756,676.0227829367735
386,A8,0.39472381925227124,1409.1020602930364,1873.7960779800726
387,A1,0.585187717848786,8917.268139062164,8989.40102864508
387,A2,0.6152843933326868,5956.778643699714,6565.269731419102
387,A3,0.5935856020523251,1018.0398974031995,5440.918873841873
387,A4,0.6216524813761859,13104.90564725648,7768.289426983154
387,A5,0.15115799453630843,533.4706701283287,809.9867255379189
387,A6,0.5011144237705814,4846.386531501064,3982.7930858593704
387,A7,0.1739217405050298,314.02123674904715,674.3135046402745
387,A8,0.3916469603820395,1398.662032430116,1858.5604213033412
388,A1,0.5852292599493343,8900.77814082829,8970.596657220718
388,A2,0.6161788306683407,5941.4878043136005,6548.836120256225
388,A3,0.5956730865149011,1020.6676254596798,5462.933028960028
388,A4,0.6240065095235039,13201.702193446203,7847.541270454929
388,A5,0.15171275042514135,534.314629171242,812.5669622371198
388,A6,0.5009292738170753,4834.6388775658415,3957.0607762927343
388,A7,0.17419795963949714,310.2492064780398,672.6186515769781
388,A8,0.39144433547781926,1385.8115191117292,1857.4965293758903
389,A1,0.585613033019939,8909.070363752806,8978.701138499653
389,A2,0.6166423588946038,5961.957667468987,6570.117151455915
389,A3,0.5954074979712242,1025.5832348689964,5500.409444603033
389,A4,0.6233741981482215,13194.232451364802,7808.543842507861
389,A5,0.1518917210789928,541.277196180192,816.19691837386
389,A6,0.5008836975587889,4836.312679102059,3961.699357852626
389,A7,0.1751069432815228,311.642783638024,675.7561730462245
389,A8,0.3937460206114275,1397.0970509242597,1865.749400960952
390,A1,0.5857116978991281,8922.538725324512,8990.859944198859
390,A2,0.6167761564781046,5973.502456848748,6585.850667836913
390,A3,0.595754245039037,1012.858701477178,5469.60557129594
390,A4,0.6242059030802198,13185.499071811311,7809.870162033535
390,A5,0.1519914597585585,538.457103961043,818.5683530096403
390,A6,0.5008952525640593,4830.470880800212,3959.5189874734288
390,A7,0.17421569226758366,307.64445387560323,672.4506065067045
390,A8,0.3936655783287193,1392.6187781960205,1856.8658799396073
391,A1,0.5858137600260115,8937.525421594604,9007.929056652838
391,A2,0.6157586584986002,5973.958591812206,6584.43516471644
391,A3,0.5963615443175351,1020.6755241979236,5495.144061441065
391,A4,0.6239068354426374,13139.8456640172,7748.928077447903
391,A5,0.15040277882387829,531.3408664923783,809.2241919609036
391,A6,0.5015399344543728,4846.882945142954,3971.401017515777
391,A7,0.17510423111997292,312.4603966709628,678.2174783527993
391,A8,0.39361200270855773,1404.2028770637073,1871.6132389042125
392,A1,0.5852222138973396,8925.795614645374,8992.614103363407
392,A2,0.6154148038116013,5952.319251988791,6560.547061931698
392,A3,0.5940570440269812,1019.1881114123107,5441.633192992832
392,A4,0.6220256801878374,13066.669315140804,7734.195814749801
392,A5,0.1519787627961926,535.228760493171,813.4908894547623
392,A6,0.5022012722322206,4848.730675724228,3974.781153594328
392,A7,0.17450609917058327,313.45271673999025,676.1988850686113
392,A8,0.3932161434745653,1396.079255688947,1864.0026006781745
393,A1,0.5857867905328159,8919.154055877423,8990.694510534757
393,A2,0.6166416809982417,5977.470013045908,6590.220311259874
393,A3,0.5957460740902623,1030.468234259105,5473.532956542416
393,A4,0.6230989330321425,13137.001899554325,7767.586823269937
393,A5,0.15118142387444772,538.3948112739787,821.2305312983527
393,A6,0.5009394312581559,4849.980227147937,3978.589772705561
393,A7,0.17462819228415596,311.4440712005568,678.6893890174077
393,A8,0.393085279903405,1404.9811932617115,1868.350210992637
394,A1,0.58559025730789,8925.075850696932,8993.830864706284
394,A2,0.6172914144872647,5991.976274703425,6611.945895191519
394,A3,0.596826799060018,1016.1148710674294,5438.039937524169
394,A4,0.6254784665012051,13117.498243297363,7777.095651256163
394,A5,0.15084939341927117,537.2425333258865,809.5074361410375
394,A6,0.501412413237312,4844.128433714326,3969.3806485911887
394,A7,0.17439156055928104,311.41345245219105,672.5034376847685
394,A8,0.39282862098123095,1398.1991986387816,1869.3449868012037
395,A1,0.5850956784392454,8885.85344947941,8954.566165866572
395,A2,0.614889144016206,5940.415861926082,6553.999442259324
395,A3,0.59511193755906,1016.1359683949745,5428.870785918023
395,A4,0.6229189256136635,13108.242992725993,7779.908126695582
395,A5,0.1510037133178719,537.035100627646,813.9779823130975
395,A6,0.5006096427077519,4839.812572815592,3965.3448453323062
395,A7,0.1740399164185228,308.49875668061446,673.2296352449857
395,A8,0.3931929954730837,1402.3275661756702,1868.4252851960903
396,A1,0.5858580045369883,8960.573726896873,9028.444822705887
396,A2,0.6154455731766958,5959.213552440416,6578.516453332904
396,A3,0.5952521063196158,1019.1701363608238,5463.244948165937
396,A4,0.6234352591549278,13123.008932824927,7761.363524683098
396,A5,0.15098350524840462,536.1814438581645,807.6008041585187
396,A6,0.5008589529981408,4840.146020232143,3969.4251266508463
396,A7,0.17452854612186675,308.79113181303956,675.5290865639744
396,A8,0.39347361110173434,1403.748767270833,1866.7089454360494
397,A1,0.5861428490055027,8951.267657331067,9022.607145386952
397,A2,0.6161045601397824,5945.951235529042,6559.290857912918
397,A3,0.5952558863744347,1006.831175443516,5454.85682640073
397,A4,0.6239711490321169,13156.91266699278,7787.438628742535
397,A5,0.15243703446530765,543.4698703144618,821.2225360121902
397,A6,0.5007875458673466,4847.41879229279,3978.1428955258107
397,A7,0.17396809453602394,309.83902296154434,676.024181832341
397,A8,0.3912175966845427,1390.3315826569358,1852.4389317086627
398,A1,0.5857184710521557,8957.180996057412,9026.952898446818
398,A2,0.6157983096885545,5953.020059566687,6559.189640299695
398,A3,0.5947247925499134,1016.8791849773808,5428.232112513189
398,A4,0.6231679882195491,13076.353808766882,7752.27071799008
398,A5,0.15256617468393419,538.6703982774843,816.7685177601578
398,A6,0.5013294793951448,4834.041228184701,3958.4145456464557
398,A7,0.17586000794061085,314.0717204637403,679.6315392693467
398,A8,0.3945449892465809,1411.5425634594255,1880.2999878279718
399,A1,0.5855605209643272,8936.600717790498,9004.658895964096
399,A2,0.615207769841327,5952.471233388744,6560.746983653216
399,A3,0.5963985709146009,1018.3352447509144,5482.208361285575
399,A4,0.6248610754541918,13172.882654840494,7797.2019646201215
399,A5,0.15184308938868923,539.2973292681952,816.078091313299
399,A6,0.5013181578298926,4833.284692004072,3958.948108555158
399,A7,0.1755354487490545,309.6368559068674,678.5302842259338
399,A8,0.39426153049950063,1398.1363090064622,1862.2723473388455
400,A1,0.5854211480159618,8907.820053011039,8979.352313337002
400,A2,0.6145451425919263,5920.750829962941,6538.652250880148
400,A3,0.5965297483876809,1019.8652864142956,5470.362111407529
400,A4,0.6250987734290412,13151.481931476334,7783.04073558314
400,A5,0.1503049789209203,536.5063839693719,807.4761691360268
400,A6,0.5011718790989681,4807.9371696217995,3938.950834657807
400,A7,0.17308392866366815,306.6667393949597,669.9587512456745
400,A8,0.39385579946850496,1395.1883458678044,1858.4235734712136
401,A1,0.5850213107545482,8902.673875863358,8971.517191657302
401,A2,0.6153978066008163,5950.535754815539,6558.602250354855
401,A3,0.5950124724922109,1014.9995122287378,5452.770102396049
401,A4,0.6233631616655136,13180.381683772815,7831.483103862548
401,A5,0.15089972508755312,536.376159874833,811.7447346834673
401,A6,0.5002378922575794,4851.761963316849,3982.333804496866
401,A7,0.17509464690438878,310.0396647159403,679.7549256435082
401,A8,0.392542331938881,1403.7935247243151,1862.3560262177916
402,A1,0.5853584379077348,8919.618471855872,8992.054342469864
402,A2,0.6166920102320581,5958.6686934727895,6575.699440463272
402,A3,0.5960811706348907,1020.4032487857257,5470.2862707999275
402,A4,0.624307659412416,13142.07441999215,7770.430573709311
402,A5,0.15172662186206987,540.1647561600007,815.5731086020276
402,A6,0.5016043836023896,4828.10522467156,3951.235592600531
402,A7,0.1727176415039429,308.006611671341,671.8601729617103
402,A8,0.3935626149610819,1397.1737074393156,1867.0756324421136
403,A1,0.585940299052296,8895.829158089091,8964.078320029726
403,A2,0.6154999496970531,5967.662221965167,6578.750285021197
403,A3,0.5944886581239818,1022.2627937043,5453.538042767592
403,A4,0.6218296853244131,13117.977185060354,7773.083164949084
403,A5,0.15189797641444225,538.4433270898893,812.8558057252407
403,A6,0.5015130637036649,4835.422326161904,3965.890360794054
403,A7,0.1756655228617693,313.3185591149854,675.6338260538649
403,A8,0.392720802876007,1395.7820257290396,1862.8677915739706
404,A1,0.585752787780221,8917.807994968789,8987.92636675338
404,A2,0.6171938028146134,5941.43735796354,6554.995623839095
404,A3,0.596466701157606,1024.8253824051385,5472.108900818955
404,A4,0.6240167726921296,13122.811687186884,7756.594462765103
404,A5,0.15109606736173856,537.8898608395897,816.153224581027
404,A6,0.5012190473953432,4824.640705635804,3948.917685015817
404,A7,0.1737609841290637,308.23641943315806,674.5382425602784
404,A8,0.3946698435381818,1408.8506308351339,1875.265532934377
405,A1,0.5852539572556386,8931.74294474256,9004.194890870078
405,A2,0.6176800091156153,6023.858995921581,6642.184270650823
405,A3,0.5963003632969177,1016.9586615892728,5462.852820498435
405,A4,0.6248396395461825,13147.557941225392,7785.380040995491
405,A5,0.15024313598629332,534.6228943629613,803.015841319989
405,A6,0.500870603270714,4830.82494285634,3954.639665395928
405,A7,0.173742780389574,308.57064551895144,675.4409287566685
405,A8,0.39446280019466157,1407.2337238046218,1873.6622915342668
406,A1,0.5852498662897144,8923.45862439277,8991.82422506499
406,A2,0.6165125809619986,6006.796914689683,6613.56375983721
406,A3,0.5956748914025833,1019.2815936684884,5458.63354495184
406,A4,0.6238118329840072,13159.119998019381,7804.8071463897195
406,A5,0.1522244533838317,535.3650762247723,814.951626423425
406,A6,0.5002877337693646,4827.156382403299,3960.148939196586
406,A7,0.17433795251276044,312.9519371407905,676.0839132106971
406,A8,0.3922029105712743,1395.6926196705579,1859.8099911352783
407,A1,0.5848052805266402,8925.494237873329,8993.091126849416
407,A2,0.6157174135760763,5965.521849251837,6582.049991793525
407,A3,0.5953110959570954,1019.6590562165507,5449.983081525203
407,A4,0.623975920886028,13134.194027732055,7785.2270935880315
407,A5,0.1529303210303184,543.7728286505494,819.7480747571336
407,A6,0.5014553877987235,4844.0841671001735,3972.47368125347
407,A7,0.1754838932035429,313.82903433437855,679.2203760181758
407,A8,0.39351740329438184,1403.4678179429288,1868.2295933168423
408,A1,0.5858267481580598,8910.642848256372,8979.648155715007
408,A2,0.61486649122599,5898.7230223656115,6512.459487532299
408,A3,0.5949560970911346,1020.2492420904657,5452.590558898919
408,A4,0.6228604904933569,13144.170427056079,7799.341936664645
408,A5,0.1506701548866833,536.8811062690385,810.2309989717779
408,A6,0.5012119399676498,4851.465247899714,3979.9231684833558
408,A7,0.17510716259487832,314.4986761664942,677.4128405261719
408,A8,0.3913452111278316,1393.4044332733702,1858.4278565849668
409,A1,0.5849101395383776,8908.679390794674,8978.712938977787
409,A2,0.6156847071933125,5950.27853484919,6559.536775436185
409,A3,0.593777249425777,1021.6677729857107,5473.384167619995
409,A4,0.6220820787618478,13137.032516427891,7773.292784320996
409,A5,0.15065476455922913,533.9288956352057,808.6382509351923
409,A6,0.5014570284707046,4847.308563024747,3976.0183266717477
409,A7,0.17501681529658344,316.53888089900596,680.9652231661198
409,A8,0.39291134850267995,1401.0812882911364,1865.9673757795324
410,A1,0.586250346775909,8926.437341589113,8996.10646131523
410,A2,0.6155685415184463,5941.149318066497,6557.302076163302
410,A3,0.5959315241530393,1021.4108276837469,5456.413954493597
410,A4,0.6239105132097602,13166.80087660179,7814.421993074506
410,A5,0.15166868895136054,536.8396700973478,810.0717799900382
410,A6,0.5010570968172056,4826.4619323768375,3953.672713350386
410,A7,0.1735943468191271,311.161255838838,676.6606136603391
410,A8,0.3936191707325255,1397.664090684992,1863.2757208917596
411,A1,0.5853779521922318,8895.750020573782,8965.112247215868
411,A2,0.616002857240576,5959.469906212273,6575.210099708341
411,A3,0.5957978052925013,1024.28903659961,5484.794334098773
411,A4,0.6238225548809094,13127.511446787888,7748.938735146104
411,A5,0.1518486702051595,538.1098970159185,812.6361741844441
411,A6,0.5013531409907829,4842.70469870339,3968.1274293728025
411,A7,0.1743673432232297,306.18680395024774,674.9149080634556
411,A8,0.39340501458227795,1398.3957067226659,1862.683588775983
412,A1,0.5857390467888149,8918.835569072728,8988.950373163318
412,A2,0.6153949559560108,5921.115902877035,6530.393986062402
412,A3,0.595623301263857,1022.0097673397736,5450.95665306207
412,A4,0.624668560669549,13155.985078524256,7810.158801867021
412,A5,0.1518593706733664,534.0635313074553,814.4259363638563
412,A6,0.500857345584677,4847.342741117375,3973.1669678527674
412,A7,0.1742966525630709,310.9486263576292,675.3370464203308
412,A8,0.3920107423069795,1391.7930985638895,1858.7045503683798
413,A1,0.5855118132157427,8920.019325393598,8989.418834317416
413,A2,0.6159699927727942,5906.026607196864,6516.2195965834535
413,A3,0.5957228336884455,1013.0214025188058,5457.920144772397
413,A4,0.6249065128646111,13216.963248996173,7856.77148985904
413,A5,0.15046487681513182,536.4253870080333,814.0146539424749
413,A6,0.5009688149679014,4853.229660091259,3977.7977969276053
413,A7,0.17458554131248102,310.1601622741869,672.2722837892852
413,A8,0.3922416615074866,1392.627253525582,1864.0582468128298
414,A1,0.5851326594552808,8942.001046089266,9014.019627875443
414,A2,0.6153941579396373,5912.740405143055,6517.708651529399
414,A3,0.596729115887595,1019.011156451012,5453.472048388323
414,A4,0.6251164614711326,13191.22229242462,7845.866288732701
414,A5,0.15247224471460658,539.9483080482759,817.3131598169809
414,A6,0.50073347025287,4842.408759552725,3969.741859294569
414,A7,0.17470318913042487,310.10223225477614,672.8001986428186
414,A8,0.3916016903351128,1388.4343454230598,1854.9467111065571
415,A1,0.5853247539506621,8893.63609517378,8963.919037939215
415,A2,0.614823110173098,5955.560942684777,6557.72606007105
415,A3,0.5939836197501376,1017.6214890451083,5451.872787128296
415,A4,0.6218272133555416,13173.74299800564,7833.1663129313
415,A5,0.15152273350456655,537.7393610912771,812.8272155387443
415,A6,0.5010367083644601,4830.214629387816,3956.3446106910105
415,A7,0.17591556501504224,316.7981330825264,682.1658754845893
415,A8,0.3912758914208478,1385.712404685114,1853.0041533718318
416,A1,0.5852206351117935,8919.813543123499,8991.631622847666
416,A2,0.6154244235959351,5954.480876999307,6553.477378709145
416,A3,0.5931207717239827,1022.5263884794263,5454.431886711432
416,A4,0.6205981039537309,13104.186309134233,7766.310566418006
416,A5,0.15227765695568685,542.0229079136949,819.843612418013
416,A6,0.501827699430092,4851.366204409351,3972.5956156401967
416,A7,0.17461178186256976,309.6534833460997,674.3199552272822
416,A8,0.39465682344306985,1398.4472641554235,1869.8863395892936
417,A1,0.5852979766991193,8947.087412463368,9017.69442497358
417,A2,0.6162957799578924,5981.720675348001,6587.309240168942
417,A3,0.5960424957991608,1012.6313595086058,5462.522173464231
417,A4,0.623969360917131,13168.735001411915,7802.832325147364
417,A5,0.15226415381610406,534.1605989994863,816.6733601193044
417,A6,0.5012533077094399,4828.627941903422,3962.7730851285464
417,A7,0.17493573891331293,311.7071725731295,678.498156177686
417,A8,0.3935111381518543,1400.3977535030635,1856.7651505313388
418,A1,0.585977041975019,8947.298067457412,9013.0239660981
418,A2,0.6159143581396153,5953.510242524253,6565.605457734788
418,A3,0.5947403797060211,1021.3952075711037,5456.01553359466
418,A4,0.6228985099067533,13098.762613920328,7752.754653014443
418,A5,0.15167272251551753,535.4451399239058,810.2934154021806
418,A6,0.5011448784255633,4835.373788850084,3953.818308670778
418,A7,0.17478855008576838,312.63313107944725,676.4093549876134
418,A8,0.3939724178299021,1396.700632360144,1873.1981341841156
419,A1,0.5858284615891555,8916.364300476042,8986.517780817223
419,A2,0.6170166868145077,5962.434757255905,6576.933508879524
419,A3,0.5960560106379637,1021.4134388893198,5479.188040708272
419,A4,0.6245585646129066,13203.241576290724,7826.63397918794
419,A5,0.15182266120941923,539.0043382017118,813.3550648303868
419,A6,0.5016427991859697,4832.710150882056,3960.129463279343
419,A7,0.17487653700327208,312.05486587693053,678.6579706904931
419,A8,0.3942925425328904,1397.9182648298543,1863.7258843093598
420,A1,0.5856291771391341,8930.543994508038,9000.560871270116
420,A2,0.6155812185598568,5954.150240295647,6571.680835389711
420,A3,0.5956064024185669,1020.5333753790509,5451.947977964969
420,A4,0.6240200080480243,13071.502184779947,7721.77546784422
420,A5,0.15190462316146597,535.4196743454206,807.6055525217755
420,A6,0.5000198855734972,4833.750749024502,3959.9617604427826
420,A7,0.1755232919596684,310.8996608381791,677.1860605343838
420,A8,0.3939479664064192,1408.676199777975,1874.7575529807987
421,A1,0.5854908818546197,8922.882210581649,8994.175585656849
421,A2,0.6158693296978627,5983.58597322866,6592.299100997293
421,A3,0.5954859686689599,1025.0699497549283,5460.097234325757
421,A4,0.6239354842884041,13132.764640671792,7782.35749704634
421,A5,0.1508210517314485,536.85659691946,815.243409172402
421,A6,0.5015526801376571,4828.630913936403,3956.818641607582
421,A7,0.17437921673342943,311.78073346855115,676.4493228667042
421,A8,0.3951954878938961,1407.8874154521236,1872.0176423406429
422,A1,0.5859527057849351,8971.991555086925,9041.510767856058
422,A2,0.615871230936861,5940.159008242363,6558.25387139726
422,A3,0.5951468072913545,1015.8650256953507,5434.0037062071115
422,A4,0.6234203397735391,13145.407944995804,7804.416949143717
422,A5,0.15146268577805674,535.8510522825486,814.4327460002314
422,A6,0.5007060967334402,4839.670609509074,3970.1076414983513
422,A7,0.175643209475834,314.20547096169497,679.5975431349832
422,A8,0.39178826892469043,1391.476406694995,1852.3038482310444
423,A1,0.5854514602341261,8941.72931638112,9011.616838404518
423,A2,0.6162457701669113,6004.1625991462215,6608.707829895007
423,A3,0.596044893313245,1033.68521874285,5465.435532377429
423,A4,0.6240714749637578,13155.784632994346,7813.718492017895
423,A5,0.1513750495046768,533.6895620902751,811.0561097802644
423,A6,0.5005760979799978,4840.92063562718,3973.7817586327765
423,A7,0.17476618660461893,312.23536230212034,678.287644022585
423,A8,0.39265324561626974,1404.7117289141338,1864.3148510677688
424,A1,0.5849185717412307,8941.318025893732,9011.047357356914
424,A2,0.616292485973374,5952.540308645035,6559.643560834921
424,A3,0.5960425796796794,1024.9959822285437,5463.913435745301
424,A4,0.6232936622183083,13174.02635156917,7815.9637729976575
424,A5,0.1534459132910619,543.8135829565232,826.7266591439177
424,A6,0.5017015592298234,4857.850580710087,3977.346567012706
424,A7,0.174075786421479,309.7403786996644,670.897484593761
424,A8,0.3925160485818083,1396.0401461717845,1874.7865191893593
425,A1,0.5854718719404776,8911.198471721164,8979.799468125602
425,A2,0.615898494689244,5952.946615244604,6569.0667963496735
425,A3,0.5954010203694966,1015.1149507136795,5473.79043300309
425,A4,0.6244406350482592,13152.278038336208,7780.642462159355
425,A5,0.1513917374879126,537.7484583414594,808.9305268992794
425,A6,0.5013722821310831,4815.220831309609,3944.332252419815
425,A7,0.1740089610498175,315.00074034876474,677.4237625342575
425,A8,0.39063010239637386,1380.9832287880376,1846.5056333124487
426,A1,0.5857626793213706,8966.466995997736,9036.424803745738
426,A2,0.6163130001115484,5988.30445370653,6600.094317469109
426,A3,0.5978772326356045,1022.4394063044397,5465.18523127496
426,A4,0.6264075757274381,13230.437815233612,7869.575417400839
426,A5,0.15159310221550357,535.0653435234597,812.4490937682323
426,A6,0.5014656074120003,4833.643568613435,3963.9285841996566
426,A7,0.17429698171023034,311.4690022544071,676.6506126133643
426,A8,0.39201946550349565,1390.3584649353081,1853.8769900970274
427,A1,0.5857518883976331,8905.309412856623,8974.706843147718
427,A2,0.616230859132188,5950.116051557642,6566.022774470933
427,A3,0.5955179540512326,1026.9018110079799,5459.244007832697
427,A4,0.6231969903027058,13132.432028554605,7778.436968666771
427,A5,0.15251612202864148,539.1411044747,818.7763895249865
427,A6,0.5011825662678783,4858.235872653084,3985.3106479937733
427,A7,0.1726679117019019,308.28925879443904,667.1966491100515
427,A8,0.39301443231209093,1399.6851120838703,1870.4163712360144
428,A1,0.5856766936066716,8936.035387331975,9005.772918202614
428,A2,0.6170034173031711,5954.930992245963,6567.407205342097
428,A3,0.596341459573974,1021.6522335815312,5458.901341687437
428,A4,0.6240880622656018,13186.662743344925,7833.5199185165575
428,A5,0.1518171101455824,538.3748529151719,813.9506338709041
428,A6,0.5007802773487059,4825.075650259543,3951.184955092817
428,A7,0.17378938063244498,311.33786095365895,676.5196678665403
428,A8,0.39267450021041445,1402.7239944461414,1869.537074499938
429,A1,0.5858346698540172,8939.057247063734,9008.08867493092
429,A2,0.6155657151201037,5941.934218580041,6550.400499925851
429,A3,0.5952184993659309,1026.168859811212,5459.675339301254
429,A4,0.623246971232057,13128.188047450472,7781.237549987277
429,A5,0.1516890456463679,534.2182042548014,814.0481138541828
429,A6,0.5010461565584903,4843.261264450064,3971.4988099551238
429,A7,0.1758003743825527,314.6703483587402,679.2916197438445
429,A8,0.3927745863318432,1403.395148613585,1866.6527308841976
430,A1,0.5853592608054731,8982.729802192176,9054.729976701485
430,A2,0.6146318637919786,5924.500599582333,6531.9374368166
430,A3,0.5953695397137061,1022.5710463753503,5457.349556161053
430,A4,0.6237310386827525,13128.932917865663,7780.62422808928
430,A5,0.1521201678475616,540.9318400734035,817.7187151776089
430,A6,0.5005302428188471,4835.999502861898,3973.082311905772
430,A7,0.174856356330688,310.02971016694306,675.6444415547573
430,A8,0.39399443126240613,1405.4825596372164,1860.0913123484268
431,A1,0.5852412265114142,8940.177602573382,9008.210577962995
431,A2,0.6141824583876487,5928.424767954708,6545.19832758086
431,A3,0.5950063987900986,1023.1155472598613,5452.640345480479
431,A4,0.6228896020740777,13174.174019780115,7830.794065578994
431,A5,0.1516564699686787,541.3956879418172,812.8760824981978
431,A6,0.501511910662844,4830.0313260271205,3955.7706193535387
431,A7,0.1745761281575166,309.7309663521761,675.125806493935
431,A8,0.39445005985697085,1401.8216260795223,1868.2557190197017
432,A1,0.5865387671709187,8940.093546345239,9009.78412087966
432,A2,0.6160289154886691,5975.923687976028,6589.076423272593
432,A3,0.595189367121409,1023.1430349443955,5452.345991827691
432,A4,0.6233062767798632,13155.734628787217,7805.090211306327
432,A5,0.15237169966750203,539.0808704373027,817.6420197104105
432,A6,0.5002777455423685,4820.038338426459,3949.654252809718
432,A7,0.173595944322772,309.3865783476372,675.5178259829801
432,A8,0.3945220966647889,1402.9895978604177,1867.2794373353163
433,A1,0.5855610003572438,8898.217071348572,8968.855045099783
433,A2,0.6150598101584931,5939.358029536117,6561.032354297681
433,A3,0.5943715195019883,1020.4878373942174,5428.600226131044
433,A4,0.6229325209578783,13086.840248200402,7754.020629648659
433,A5,0.15177872992263605,544.4040107856647,817.9334699491706
433,A6,0.5011294334723665,4849.068585698635,3982.715248075021
433,A7,0.1741016799048361,309.7509826726137,670.830713745935
433,A8,0.39134123931201825,1398.3076522837996,1862.4467309727295
434,A1,0.5862570832463985,8987.104617225765,9056.210063509985
434,A2,0.6154427818287191,5939.853947069699,6549.8670322871385
434,A3,0.5963072948150006,1016.3453534343478,5475.5515844139645
434,A4,0.6239457309649858,13147.242293440368,7775.425262841695
434,A5,0.15151223912062,532.5804038317912,807.9185292395209
434,A6,0.5018597138869522,4832.19190122034,3964.2651563553686
434,A7,0.1742458145815222,310.4446957955105,675.0984947167833
434,A8,0.3912995276892751,1387.7727317009028,1849.1998203542637
435,A1,0.5852657192673792,8925.92189096064,8998.211583360997
435,A2,0.6159540908701572,5981.04164330563,6590.048166113928
435,A3,0.5963503677237344,1026.6903606072485,5456.089291434025
435,A4,0.6242751623529808,13110.455342974903,7766.581035985858
435,A5,0.151152610160674,537.2315428168289,812.8154817360279
435,A6,0.5020920366298534,4854.534457443739,3975.7200212798334
435,A7,0.17467513639456989,313.4244980386172,676.8212598019537
435,A8,0.392230913108001,1390.7515886835477,1863.764485118535
436,A1,0.5853020588554863,8924.109209236549,8994.998524274079
436,A2,0.6150737161859828,5937.549225488125,6548.339676736786
436,A3,0.5959622449141232,1016.4656064318214,5448.789455015526
436,A4,0.624653413106419,13160.559568713921,7814.724495499043
436,A5,0.15142837022638234,535.4144286515245,808.5863357772247
436,A6,0.5012855957371674,4806.021478945311,3934.5991042824808
436,A7,0.1746207422919297,314.31911706228095,677.5947525990957
436,A8,0.3930575174163211,1403.887422357428,1870.6937127027209
437,A1,0.5856424942134577,8899.151808136467,8970.812700151515
437,A2,0.61708269721954,5958.351817474178,6556.823962875956
437,A3,0.5948239357251744,1027.2351460500681,5449.018700545807
437,A4,0.6228294405445276,13114.694758649883,7786.71540148678
437,A5,0.15230325939822112,541.760669067773,819.1832367961754
437,A6,0.5017436031200746,4843.180688453936,3976.660861370129
437,A7,0.17490870054627813,312.9803623173167,675.4876340345044
437,A8,0.3910059511781008,1387.3575563895774,1850.010309278331
438,A1,0.5861070263865633,8904.272486806181,8974.854450906523
438,A2,0.6156501361094815,5960.722764758238,6575.18166528308
438,A3,0.5966676901266954,1015.7399927897679,5458.158418082221
438,A4,0.6252122929214278,13158.800347140728,7794.610089850311
438,A5,0.15178014633552792,535.3813873864011,815.3507366332841
438,A6,0.5013412716786646,4818.615472331772,3942.674738086937
438,A7,0.17527260837577174,315.2249808780985,679.9352683537212
438,A8,0.3946267587472823,1408.9253285868476,1876.9173934819576
439,A1,0.5853731153328646,8929.221612567566,8997.553670915127
439,A2,0.6150811903798511,5950.952524288667,6555.730991468674
439,A3,0.5947262578752534,1021.0165112675746,5466.073864274715
439,A4,0.6233060089245496,13130.024657372014,7777.670554144337
439,A5,0.15227500393601986,535.5240385370801,812.1940866604364
439,A6,0.5006490525686437,4843.794157652116,3969.6623415757226
439,A7,0.17512686401700323,311.0883278533903,675.3435153803924
439,A8,0.39321071654018197,1394.1037801627128,1861.4965852817174
440,A1,0.5857454871331237,8942.91457348871,9013.000765151977
440,A2,0.6159810508023708,5941.621762490332,6549.672484765391
440,A3,0.5960782373205612,1017.9574073706294,5411.515945481681
440,A4,0.625200634647484,13133.462163239685,7822.5536482759635
440,A5,0.15276963301202184,540.980023494026,821.2314521404584
440,A6,0.5002592163058155,4821.1548247897135,3952.239452594801
440,A7,0.17326770148959317,312.7994695807015,674.5611586548523
440,A8,0.39282482381547473,1396.107893210184,1862.2232105988523
441,A1,0.5856008701351696,8925.44156320118,8993.493094683015
441,A2,0.6157713006394782,5948.290892631381,6565.108033214839
441,A3,0.5951106098421903,1019.5600231976817,5436.327167845694
441,A4,0.6227955705314048,13158.152947522593,7820.219760389841
441,A5,0.15254938655054864,538.9991036672709,817.843906816759
441,A6,0.5015159004781516,4837.414205916976,3965.4029419604863
441,A7,0.17517331035975067,311.7989271079884,678.9446812858984
441,A8,0.39462840979274644,1403.1298385244718,1865.447915573008
442,A1,0.5848716596743816,8921.855983860149,8993.369130491024
442,A2,0.6155434143645325,5945.0500495916385,6546.40172313165
442,A3,0.5947660497397033,1018.8052618314965,5447.868242339497
442,A4,0.6235346764907406,13170.643272708663,7833.484589633555
442,A5,0.15147409993306393,541.0726804877315,816.9987707751316
442,A6,0.5017809586837423,4842.269414769962,3971.105675239097
442,A7,0.17524271988925452,313.45544684036423,676.7848463941657
442,A8,0.3928664399355034,1392.530518630562,1859.6696507164452
443,A1,0.5854873258707548,8942.938695756835,9014.031531671553
443,A2,0.6155310746500521,5924.225066355906,6532.948854232177
443,A3,0.5947821708454091,1028.3156981068014,5454.12356285783
443,A4,0.6222886229129401,13186.125965249303,7841.242543168977
443,A5,0.1520052046559975,538.8041157649868,819.8736084226592
443,A6,0.5011981538192435,4823.345681862891,3952.0676271960047
443,A7,0.17536891266701754,314.9154257635117,680.2254005131479
443,A8,0.3925950413942761,1390.4076766987362,1854.5651974966231
444,A1,0.5855089279132866,8887.194768095706,8959.18465074152
444,A2,0.6150082971875659,5973.863323378034,6586.43576550847
444,A3,0.5959378966487631,1010.3512078449338,5433.290118590707
444,A4,0.6239855982509225,13134.514456074741,7794.558112230287
444,A5,0.15071372089325435,535.0236761624452,808.945480913415
444,A6,0.5009054159091156,4853.585870642189,3981.012176539697
444,A7,0.1745620824481231,312.771129391331,679.0301651068655
444,A8,0.39365367220505887,1404.6563014604405,1869.5042634188608
445,A1,0.5855503642593494,8889.433678001009,8959.518124553984
445,A2,0.616130716600397,5948.021748054102,6556.8530260070975
445,A3,0.5955545984987805,1027.503511487478,5464.644764170738
445,A4,0.6229557529627079,13165.038259769211,7814.167414854426
445,A5,0.15300533021095727,539.6052887114647,816.9541054073641
445,A6,0.5011354505637191,4834.679482048782,3962.8852750503625
445,A7,0.17460207075611334,311.5792621911902,675.2586424715844
445,A8,0.39174369063904285,1391.57100153677,1857.150879284447
446,A1,0.5852752271453482,8868.037526143586,8935.161976951746
446,A2,0.6144825260190497,5961.412345128869,6576.872747069059
446,A3,0.5949709684082474,1015.6452376870717,5450.583931436948
446,A4,0.6234670353424172,13100.028250619001,7748.233619067751
446,A5,0.15121940331105468,536.4953210658678,811.3695606580783
446,A6,0.5016497948760649,4869.396231879917,4001.643207507519
446,A7,0.1740274379644368,307.75634614327674,672.9609307607755
446,A8,0.39424753809840196,1397.6347328632169,1859.580018078926
447,A1,0.5862477502366071,8953.074901629343,9021.772909014853
447,A2,0.6150472913091413,5942.956370062758,6552.560248378674
447,A3,0.5961660979310566,1017.3006027528976,5458.652018050772
447,A4,0.6242933945865626,13122.643450295745,7771.341753672256
447,A5,0.1504422615991398,532.7433697174913,807.2464426312495
447,A6,0.502045820762603,4851.576318162679,3975.9879488919787
447,A7,0.17285317552420112,309.4510497986788,670.9482049942449
447,A8,0.3926666770258591,1400.8584999800894,1872.0950367656535
448,A1,0.5855883557687808,8935.650909529237,9006.017127663812
448,A2,0.6155193849883763,5927.957521525852,6539.400043782509
448,A3,0.5933732615644244,1016.8420493181483,5447.502390156125
448,A4,0.6215162020434872,13132.123272043242,7788.721416867252
448,A5,0.15211154429121215,541.5557131498375,813.4688811297018
448,A6,0.500426256972721,4840.892221126826,3968.890800379706
448,A7,0.17522141690821005,312.3446199825534,676.5357572850445
448,A8,0.3951140375291695,1411.6154105651558,1878.4452999767032
449,A1,0.5859012127198853,8957.819148582443,9027.09197418027
449,A2,0.6146036575980719,5925.485326933265,6535.278926376012
449,A3,0.5961838903398652,1013.310446941246,5454.471395255219
449,A4,0.6244349254834549,13171.405168520312,7818.165867881569
449,A5,0.1510715843821534,536.5067415253139,810.773842182185
449,A6,0.5001118098558093,4845.366550789606,3970.7620672287403
449,A7,0.17508987741558868,312.04744941590036,677.6995469059957
449,A8,0.3931938405117436,1392.1183900515912,1859.8156027496848
450,A1,0.585471890025154,8911.211158871447,8979.065607974968
450,A2,0.6158306336625066,5961.294949186596,6576.576589186095
450,A3,0.5959460050070363,1013.5151736497833,5489.95129643276
450,A4,0.6239261044196873,13168.151173323566,7774.85658022743
450,A5,0.1516201808019844,537.055230068018,812.2984480431511
450,A6,0.5017068543649867,4830.004765184209,3954.0261058874803
450,A7,0.17534725673620577,315.67122029256444,679.4817372627597
450,A8,0.39345750866027634,1392.2175698461804,1862.8648754077226
451,A1,0.5857815882106245,8976.523944304052,9044.242653614447
451,A2,0.6158769885195311,5967.952559706505,6576.712392538256
451,A3,0.5959731005520161,1019.4644842062086,5483.405068047642
451,A4,0.6242651881533998,13113.122638531364,7736.410304688773
451,A5,0.15229002484184526,535.66416274029,814.8708475808509
451,A6,0.502237016584097,4857.332956812979,3982.4218477241634
451,A7,0.17357487782178355,306.5686183940058,673.6793500041879
451,A8,0.3932670698986772,1399.1776067162564,1864.0645072133407
452,A1,0.5861875970715578,8928.93174208158,8997.622057343176
452,A2,0.6155538533911022,5952.017909217423,6563.038636186091
452,A3,0.5952831281519679,1018.0279953362117,5461.245893109191
452,A4,0.6244056462441634,13171.27104096743,7815.2685056310775
452,A5,0.15154356903033708,535.2047547665,811.1943710110322
452,A6,0.5017616527544014,4860.327762825257,3992.889156992105
452,A7,0.17322732850220657,309.5019995887597,672.3936904063137
452,A8,0.3914647066686141,1393.7872575842969,1855.4181516884703
453,A1,0.5855992055113054,8929.26526355692,8997.261276647032
453,A2,0.6152495087552153,5932.988894263019,6541.203500364388
453,A3,0.5940535559404218,1017.4079125408733,5443.753000987962
453,A4,0.6225457749765864,13117.677834358437,7778.475473397084
453,A5,0.15275881746940925,539.2706624707072,818.1267335953411
453,A6,0.5005511967842351,4821.377288336658,3950.983173695802
453,A7,0.17510852471121077,312.21820603825967,681.6001192463144
453,A8,0.39167826349698026,1393.837104855632,1852.6398884865835
454,A1,0.5858831327101278,8919.754267198052,8989.2099160202
454,A2,0.615411835645961,5902.53074572402,6507.374192168181
454,A3,0.595810867423184,1022.971908996178,5457.1721951351155
454,A4,0.6233973854052847,13132.953609499891,7785.8977276033775
454,A5,0.1506227059680547,536.3749854164959,816.7109233226694
454,A6,0.5006933596007884,4854.931945806644,3981.3361976707924
454,A7,0.17308745259029737,306.5435076084598,670.7507845093413
454,A8,0.3929387950668109,1390.261921513842,1857.8709553339033
455,A1,0.5857290649141301,8925.98314422255,8996.496742833262
455,A2,0.6148197463243631,5936.884902066666,6543.503310657974
455,A3,0.5962164459010615,1022.6655997834724,5476.938283078577
455,A4,0.6241811006120149,13154.879801961393,7787.706025425831
455,A5,0.15176734873328757,536.4287711336768,813.6740501923316
455,A6,0.5012893414902395,4848.862876796573,3979.844471098006
455,A7,0.17485936847917072,315.9762471602835,680.9508995310214
455,A8,0.3913092200875932,1386.2185493962916,1848.7861097038988
456,A1,0.5855930079848285,8908.03846351406,8976.49094027949
456,A2,0.6162487610874792,5975.509270659768,6589.284685287657
456,A3,0.5956814961465501,1009.2398258079063,5471.695017989481
456,A4,0.6231653873677202,13189.71721776995,7815.269696546169
456,A5,0.15026008485495007,535.7808932863089,807.7950573455988
456,A6,0.5009298683365624,4829.56873534366,3952.3487578101744
456,A7,0.17394875909602572,310.3419244634482,674.1103562483027
456,A8,0.39339323552529304,1398.4476851455738,1869.6495044838061
457,A1,0.5851029958460805,8940.73256836504,9009.611839329384
457,A2,0.6148985762333125,5954.37652055303,6565.761071035253
457,A3,0.5947139386730748,1021.9069336672222,5475.920487342146
457,A4,0.6231456616109187,13156.681022681678,7791.550917225986
457,A5,0.1519227919949512,539.6928204304897,814.1946211997989
457,A6,0.500629775874044,4840.209571553025,3969.9906095094307
457,A7,0.17441093380783484,307.9067406289906,676.872356492007
457,A8,0.39449142140246357,1410.3674457306606,1867.9717214761317
458,A1,0.5858346849918837,8911.434821659706,8982.346729326531
458,A2,0.6157241480049096,5954.107454059834,6567.847384449827
458,A3,0.5957161628162225,1027.0100556698455,5466.318131761565
458,A4,0.6238812785590575,13165.282459390291,7807.753110452485
458,A5,0.15108631070671885,536.7798395420158,811.7310957619238
458,A6,0.5017971700455068,4842.579964180701,3977.1046392416197
458,A7,0.1737436988776293,305.8127376810802,672.6103655668221
458,A8,0.3943298748711633,1407.588546696544,1864.8844223192434
459,A1,0.5853030934774569,8906.963422338333,8974.498330427647
459,A2,0.6162994225342905,5924.641491105804,6542.203716469352
459,A3,0.5950602407149523,1014.332713183419,5427.428002198292
459,A4,0.6239112721033584,13150.112574109793,7822.072719804622
459,A5,0.1511254259968187,538.1495582922619,809.6481449201525
459,A6,0.5001487325051266,4833.177979407356,3957.765265179064
459,A7,0.17457429187284954,315.46743204039825,677.6800865206234
459,A8,0.3923158923374414,1398.1482404041985,1869.6971453618137
460,A1,0.5856262517808943,8956.096132385255,9025.632275235375
460,A2,0.6161625107992534,5951.83652933051,6557.402929551156
460,A3,0.5944531186274754,1012.8664531597135,5449.878855126626
460,A4,0.6230800907185176,13149.151583364499,7802.857281283078
460,A5,0.1516751141305528,538.9898212741446,813.3068968096131
460,A6,0.5012212104223679,4843.198520408692,3972.410959014311
460,A7,0.17407291360040972,311.71256542401534,674.610258701663
460,A8,0.393063787873153,1410.2164550866748,1877.9686047116809
461,A1,0.585281596793529,8915.80739780467,8986.974607980517
461,A2,0.6164912747715797,5976.759557924442,6577.9219921896965
461,A3,0.5950434001421575,1018.5678028586909,5442.253724367537
461,A4,0.624175172009061,13092.425287067228,7752.122530619282
461,A5,0.15289995868444858,537.099806056347,823.7158636129122
461,A6,0.5013232481210311,4839.031620121346,3965.0627176034186
461,A7,0.17322572270984346,305.339125933463,669.5168375888355
461,A8,0.3935527021323777,1402.0788629345295,1869.5411867385174
462,A1,0.5855998354259309,8941.655981736092,9009.1810582715
462,A2,0.6151466399233962,5928.032562185176,6543.359912083581
462,A3,0.5965227353131173,1025.7416842984094,5476.116731789542
462,A4,0.6232602407021233,13101.829222520526,7734.805882652217
462,A5,0.15201540960521354,539.7727194185408,814.6322517568389
462,A6,0.5015656390362573,4854.067796153742,3979.4528746799015
462,A7,0.17422155003067485,313.10630406903385,677.6991807216268
462,A8,0.3925063517824671,1401.8281594087375,1870.786537835047
463,A1,0.5860944879602239,8954.457899388151,9021.92763848123
463,A2,0.6153298121228092,5942.794758993283,6565.697370412719
463,A3,0.595278423323675,1010.6435163701852,5449.193235302037
463,A4,0.624390869656152,13157.959900323633,7797.087377954003
463,A5,0.15169717706614452,538.3221154190829,811.4332841414099
463,A6,0.5017083643885931,4823.394123820756,3949.4603423514222
463,A7,0.17578737451819734,312.2413112318598,679.6483806361307
463,A8,0.39137101776929184,1399.8783943257629,1865.2443905937666
464,A1,0.5867119095866654,8989.532893759086,9060.188463295557
464,A2,0.6166820954866261,5945.083226008698,6556.089760806831
464,A3,0.5953601842484841,1015.4314958717462,5447.456686296373
464,A4,0.6238460784191399,13150.806687495739,7799.391284013561
464,A5,0.15251557748780736,536.038964833085,816.0932907999766
464,A6,0.5013249492011226,4831.544508612328,3953.8835475828473
464,A7,0.17588351022150456,313.4001545209466,679.1321377694202
464,A8,0.39395898275973235,1400.868207830323,1870.470968367393
465,A1,0.5854307020359569,8918.722569448753,8988.939739304338
465,A2,0.6159567672131595,5971.635881061355,6586.973599346464
465,A3,0.5948986703624911,1017.3686478918377,5413.212039333289
465,A4,0.6232957825546097,13112.085566484267,7798.312930494449
465,A5,0.15128055789962805,532.4970194250204,807.1736943542071
465,A6,0.5011062177623214,4834.015615360224,3962.6841586194682
465,A7,0.17401054896489196,307.2298860124846,674.0696017669144
465,A8,0.3928672361005071,1396.809705602573,1858.999128067384
466,A1,0.5855130487545993,8963.315968071125,9032.452018223537
466,A2,0.6151824649007694,5938.836174693429,6553.529637081934
466,A3,0.5954649372250992,1012.220278908537,5435.97001510491
466,A4,0.6238804860122433,13165.856269750042,7823.184302724166
466,A5,0.1522859056488899,541.9485130666321,819.2262499508053
466,A6,0.5003227763280096,4830.3985063228065,3956.7101700222656
466,A7,0.17424092875440694,312.19346680281296,676.2921041736566
466,A8,0.39217959768259963,1398.6390512643313,1866.0437315984386
467,A1,0.5860256808250586,8935.964979231934,9004.165571328695
467,A2,0.615093292088138,5933.500806919446,6554.397839116183
467,A3,0.5955589001603684,1021.5601251414838,5451.303301093845
467,A4,0.624036446894157,13168.102509545832,7821.655336624102
467,A5,0.14986585226962568,538.7195764040258,808.3664153188801
467,A6,0.5011710116846433,4839.538284594554,3964.397023950097
467,A7,0.17483845517421104,309.3949896508294,672.8583094765145
467,A8,0.3928926900213357,1389.8943382874556,1859.5318128672473
468,A1,0.5852664460819236,8937.626778277187,9006.742430608356
468,A2,0.6162472423896125,5978.89140681599,6602.152752102597
468,A3,0.5958066440389385,1020.4139862820816,5480.495055893214
468,A4,0.6238117501985158,13150.026472243997,7767.027018929356
468,A5,0.15073789155943543,538.9207941332423,812.4107144368343
468,A6,0.5005971748677741,4824.363117296838,3951.5112855485645
468,A7,0.17353995421298063,310.42809545395886,674.684005862577
468,A8,0.3916748651997994,1395.7430552232781,1861.3904423450736
469,A1,0.586400018860542,8950.21387438145,9017.299458605701
469,A2,0.6146110224090214,5921.609399283546,6538.322196322895
469,A3,0.595298699450523,1018.6322974944966,5467.201464913709
469,A4,0.6234414070868091,13113.768254428727,7747.908818822293
469,A5,0.15130373838087252,534.1571246692941,808.7518054084236
469,A6,0.5012831559128873,4832.129970282822,3967.781996889369
469,A7,0.17398744626020146,309.97855418341135,672.7608521902289
469,A8,0.39087843701553876,1390.7311990291032,1851.1940806002322
470,A1,0.5860969581883316,8976.114370010628,9048.285048334958
470,A2,0.6152229349266821,5950.50325606612,6568.519728493021
470,A3,0.5961058802925752,1013.5375291293376,5449.236378887105
470,A4,0.6245828171116347,13190.193612827436,7830.416957008209
470,A5,0.15183347877933637,536.0588870273511,811.2054361875045
470,A6,0.5012481474483194,4843.1737636458065,3967.06537878252
470,A7,0.17476487113982278,309.3845126327554,675.744274765323
470,A8,0.3930052538927015,1400.6788645396657,1869.1715934204644
471,A1,0.5858298009510754,8865.957344755685,8933.86741761416
471,A2,0.616219078257085,5968.636542399277,6572.972489867031
471,A3,0.595946508878703,1018.9554159185933,5472.600531287185
471,A4,0.6241736182142298,13154.718531234757,7792.6471962242795
471,A5,0.15114303243748892,535.487590004849,815.0540564314805
471,A6,0.5004486769043234,4853.952886148883,3980.0632282867923
471,A7,0.17492079290382476,310.5063289127341,676.537654438427
471,A8,0.3943176641124369,1402.535511178042,1867.007576403466
472,A1,0.5857524421132538,8930.595979755699,9001.840426829776
472,A2,0.6149929923029648,5908.738617264333,6514.574623854619
472,A3,0.5950042147581468,1022.9628298791714,5457.7929074369185
472,A4,0.6236275916046491,13137.560250936713,7785.207012393742
472,A5,0.15279970837570456,539.4306969247631,821.9552693015256
472,A6,0.5010815811357535,4849.4436109040025,3977.3196673053785
472,A7,0.17415831099642315,310.54947452993645,673.7081278411904
472,A8,0.391681091384572,1385.5937704414716,1852.477195672946
473,A1,0.5852922288678392,8903.37390918757,8972.509215263275
473,A2,0.6167188657166798,5988.3335008933645,6601.163300492502
473,A3,0.5943895896803887,1014.7810743352189,5445.682620265072
473,A4,0.622215240111676,13104.963941266491,7753.432981183517
473,A5,0.15138844737333057,534.6218603290436,815.5892440082271
473,A6,0.5010687248814649,4823.546208652457,3954.817063920906
473,A7,0.17371421118851496,308.28213924809666,671.3328319167485
473,A8,0.3923316781201005,1394.114976572618,1857.4903534346104
474,A1,0.5859913043626565,8999.12514266384,9068.915778447317
474,A2,0.6167345657110488,5973.070960212504,6586.07054130206
474,A3,0.5944182811737453,1023.8280240394802,5482.54547717915
474,A4,0.6224889026416709,13157.055192029777,7783.135364840081
474,A5,0.15134857736653792,534.7385477446672,810.0632390201798
474,A6,0.5009715693185653,4824.652383073795,3955.228595330734
474,A7,0.17525669847046943,314.61052155635605,678.474109061499
474,A8,0.39384639275508304,1405.182429393065,1867.8300955324669
475,A1,0.5856115656247861,8900.698392739718,8972.205089984891
475,A2,0.6153366091819963,5965.281197888497,6578.372525855421
475,A3,0.5971853089271794,1019.9965338334137,5507.194347679
475,A4,0.6257022882324753,13192.869314160249,7790.624953219195
475,A5,0.1511779500227879,539.9645504941064,811.5308743750205
475,A6,0.5005604846400792,4823.329731533535,3954.7386852598947
475,A7,0.1751301114387573,314.9879417039343,680.818588895598
475,A8,0.39447391751041694,1409.8535828340541,1871.496179918491
476,A1,0.5856232114778749,8957.658691401653,9026.435203209398
476,A2,0.614496899820357,5891.377030475078,6508.573371277312
476,A3,0.5948848109426225,1009.821155719727,5467.508611242595
476,A4,0.6234266952238965,13162.718439223005,7788.492457740053
476,A5,0.15105604879896695,532.1311559289558,805.1996574522482
476,A6,0.5017020400242836,4810.193755054907,3939.482304754909
476,A7,0.173068600626447,309.5166626713608,671.6339223608572
476,A8,0.3938147702415369,1402.1104736675375,1868.2018361048515
477,A1,0.5854231600257606,8941.29501835072,9013.20480009491
477,A2,0.6156769274194481,5940.80421290198,6545.074736390713
477,A3,0.5945891030963388,1034.0061786442027,5458.050722023433
477,A4,0.6226849283586212,13146.721837796867,7808.597706689596
477,A5,0.15276627879921723,541.3777681092279,820.1143919502559
477,A6,0.5009258480693657,4836.500282970301,3965.784647837308
477,A7,0.17598902417619458,313.3261049269477,677.5428501808293
477,A8,0.3922685747787637,1403.8314320537304,1869.4929805869328
478,A1,0.586080621545326,8964.885295718894,9034.045148136734
478,A2,0.6162473639245636,5966.966511590157,6569.945063120813
478,A3,0.5963374453791286,1022.0385087350982,5467.248392687541
478,A4,0.6245710955302575,13138.350854962215,7782.589712525336
478,A5,0.15189839900380137,541.9742311828347,823.6331166105092
478,A6,0.5006625632784911,4855.8819837409965,3984.702886862965
478,A7,0.17293295317774032,307.11989427270885,671.3749300884472
478,A8,0.3943750576429301,1411.6528624635432,1875.3308926340983
479,A1,0.5849081211259729,8900.037738184506,8971.74300094225
479,A2,0.6170147706334465,5971.353254257495,6573.300987389448
479,A3,0.5946200075407772,1024.0034485032027,5444.27815565059
479,A4,0.6221241770059273,13067.644008554074,7733.555288603739
479,A5,0.1527081584472895,540.6126240336805,821.6775321044687
479,A6,0.5000581508505983,4833.478013914818,3960.4071292312215
479,A7,0.1743372163618238,308.1999422546125,676.8872461958623
479,A8,0.3945975539480719,1396.7186922200492,1860.1983818048584
480,A1,0.5857081801172767,8955.586061422235,9026.647157937832
480,A2,0.6157688625682365,5959.630211429322,6569.094287796535
480,A3,0.5956597995577949,1030.4494943628554,5464.232983295149
480,A4,0.6239841112299864,13110.250108322354,7764.442213596301
480,A5,0.1517796364059257,537.6314486252959,812.6693520649492
480,A6,0.5010031895762962,4831.539670741249,3957.0283415692347
480,A7,0.1746045504986132,311.8227452588019,677.9331810885441
480,A8,0.3949540837691281,1412.3597239356995,1877.2219467492678
481,A1,0.5864063430911358,8951.742517496345,9021.71081430075
481,A2,0.6147245681062512,5937.243851165536,6543.5972385442765
481,A3,0.5948729871011377,1025.926254308142,5474.625089349998
481,A4,0.6214610747915564,13088.68841118263,7731.058295925635
481,A5,0.1527853368973789,541.4307590858742,815.5528719048876
481,A6,0.5002177408571103,4833.08572982059,3960.08349499192
481,A7,0.17535970969636394,313.17605967031824,677.7508606766795
481,A8,0.39237187819766994,1401.9336390432304,1868.848556078519
482,A1,0.5854828810894885,8918.86450771594,8989.863423131179
482,A2,0.6147851914925595,5945.242938667308,6557.146230243364
482,A3,0.5959800369729987,1015.7266336737653,5459.60123973673
482,A4,0.6248466986631331,13139.773150480685,7778.1293999274285
482,A5,0.15055372704661354,531.1517399868094,809.6190457457002
482,A6,0.5004231875386734,4821.656668669064,3952.736801038286
482,A7,0.17514660123024411,313.61297267053675,678.0699145521287
482,A8,0.393458020873091,1408.713052678424,1869.5756101677136
483,A1,0.5856071437474092,8934.43219668926,9004.387389409861
483,A2,0.6152746912939256,5963.076370866948,6582.2844059145455
483,A3,0.5953521447161724,1012.0446066721308,5468.507550803482
483,A4,0.62400069818315,13177.81958595203,7797.567746846148
483,A5,0.15252718752601188,537.7054841219209,813.839909764088
483,A6,0.5012391092366535,4813.664479080536,3943.294507745891
483,A7,0.1736529682034298,307.3572225456644,674.2305032832251
483,A8,0.39288873834935883,1397.1266759024236,1859.114608063673
484,A1,0.5856930309291735,8949.786250604731,9018.178428234021
484,A2,0.6152543213517244,5966.2621864569655,6575.225366615862
484,A3,0.5932370001246147,1013.3668239004796,5415.7608395619745
484,A4,0.6216501832788889,13078.110982262224,7767.893159316336
484,A5,0.1505700306820149,536.1671832685543,808.7657398264824
484,A6,0.5021093634728414,4857.431153881771,3987.6702815040076
484,A7,0.17502529627658198,314.7042171490272,677.7472412368336
484,A8,0.39499620122937773,1409.3861207023322,1873.9738619305663
485,A1,0.5862901182338097,8941.056383384228,9010.199383420444
485,A2,0.6153426955743277,5916.830674977067,6525.746216784647
485,A3,0.5956005182804346,1018.9246134940289,5434.463794496116
485,A4,0.6246234471365726,13162.697842632722,7832.990276312784
485,A5,0.1517971356481602,541.5737557998,818.9245919331856
485,A6,0.500217148636237,4848.608406618226,3973.172481491257
485,A7,0.17412375804833286,311.2294434599108,674.6033109608458
485,A8,0.3931839980806476,1392.7688424253301,1863.5899073920336
486,A1,0.5855704253113367,8911.273432803646,8982.110137605045
486,A2,0.6147468571619026,5883.541940508916,6499.275279560004
486,A3,0.595554947526326,1015.0225382367709,5425.7126853644295
486,A4,0.6234852334755933,13165.415984367519,7831.639438180023
486,A5,0.15134325582481314,536.6143372212381,814.1950395067121
486,A6,0.5008662357862428,4856.956261008522,3986.9633518248365
486,A7,0.17605705293437965,313.6531383452799,682.4918648066576
486,A8,0.39398293029983683,1406.175550927594,1866.2653865717825
487,A1,0.5856091460265064,8928.767318110331,8999.987338538298
487,A2,0.6155013544471253,5963.141667061228,6571.613909570195
487,A3,0.5959635903095982,1011.2551750405052,5467.554993761981
487,A4,0.6243522623440412,13119.094943024462,7750.062677645569
487,A5,0.1517205889316708,538.997053507289,813.9471779176685
487,A6,0.5009921295855037,4817.204474158812,3947.348343596605
487,A7,0.17468454647718096,312.29815052297664,678.0618581622693
487,A8,0.39469988990782434,1404.4960759110063,1866.678558144022
488,A1,0.5855785261577693,8888.780876491677,8957.445180879678
488,A2,0.6155835675852943,5937.923455038104,6552.22388935047
488,A3,0.5960935950205162,1020.7181645634861,5508.149726575692
488,A4,0.6243764565053055,13146.342152632937,7737.171315922653
488,A5,0.15185193996180754,538.1535672199732,818.9458622415235
488,A6,0.5009001723779771,4831.149945365209,3961.9822456435254
488,A7,0.17379398331846743,311.5304046086168,673.1187761751363
488,A8,0.39188769836771215,1398.7913004415161,1864.3528695728382
489,A1,0.5855447659895816,8914.461798032902,8983.140517244796
489,A2,0.615128465372842,5938.666101101342,6546.908890413934
489,A3,0.5953345066693503,1017.6752698815469,5469.095824042283
489,A4,0.6233112923183443,13165.983572520992,7801.623441327696
489,A5,0.15138583197183292,533.057449190781,810.4156058583345
489,A6,0.5011612076881509,4837.784099134565,3962.3017157254208
489,A7,0.17533026353391387,314.82536357568074,680.0672247783147
489,A8,0.39413146805381477,1402.746073975959,1871.6465080229923
490,A1,0.5858557250393469,8900.742324733263,8969.416922026587
490,A2,0.6149667365615994,5943.443103256983,6559.950050839354
490,A3,0.5957517233647931,1012.3495200099683,5457.90218507688
490,A4,0.6236195776352907,13169.843948462323,7805.518277604982
490,A5,0.15218730216771506,539.3593649349335,815.3994385425332
490,A6,0.5006813141998009,4843.001475944573,3974.92395613234
490,A7,0.1735379610700935,307.8203812286634,671.0280476157966
490,A8,0.392382373801677,1396.6375685944408,1859.0588093266756
491,A1,0.585682924821204,8982.906535576425,9053.609493651167
491,A2,0.615649276535517,5966.636485829841,6569.522836744023
491,A3,0.594505678213281,1015.4573775040382,5454.681928280655
491,A4,0.6227452275113269,13073.67313667835,7717.947874787733
491,A5,0.15367819429336652,539.7591925570998,822.9212648598634
491,A6,0.501033580704359,4829.228704458368,3953.069606268525
491,A7,0.17387559739813993,308.98828243101053,673.5838190017497
491,A8,0.3937834728481784,1393.0852220842773,1864.3981135256943
492,A1,0.5851554232236924,8956.329578649991,9027.626484652474
492,A2,0.6163715162804317,5936.316613282823,6548.210207834634
492,A3,0.5935815914182214,1017.5807299208877,5462.220974148946
492,A4,0.6217949375772109,13108.74260207596,7749.948763727394
492,A5,0.15241880575250497,542.3975871886744,816.6689050005488
492,A6,0.5010718034430336,4828.895577023824,3956.418522709215
492,A7,0.1755298838910201,312.66998526595614,682.2962515697708
492,A8,0.39313655022285043,1390.754105806936,1850.2966695720734
493,A1,0.5856765876217666,8915.445147551662,8984.223830084145
493,A2,0.6157234708354171,5954.607315474916,6564.723302396798
493,A3,0.5946804751004553,1023.5734455041378,5445.904572886462
493,A4,0.6227510232908303,13144.350883041763,7810.844900146773
493,A5,0.15119597016609318,537.5835324470858,812.5512836136829
493,A6,0.5014758495833371,4831.283820256221,3950.371946185327
493,A7,0.17546494634234103,313.7433819050533,676.7190957279835
493,A8,0.39324646040841116,1403.07632311451,1878.3249182541763
494,A1,0.5856563956382301,8921.725449922797,8990.309275711397
494,A2,0.614464586966504,5916.43710187049,6526.565620267438
494,A3,0.5948289319870926,1014.3298081840217,5457.552151915423
494,A4,0.6232325418436688,13136.558789744346,7781.826965124862
494,A5,0.15183679310435622,536.792613861603,811.4565796789745
494,A6,0.5004819949678487,4853.28800924517,3979.4250695305345
494,A7,0.17448175802200228,310.30845140470115,679.9175971612758
494,A8,0.395612011250803,1411.8432882888412,1874.2302531320659
495,A1,0.5866696989987985,8971.828860145435,9040.647012046242
495,A2,0.6158339210617604,5944.231163225932,6551.964557044677
495,A3,0.5951241896268719,1017.4816490356118,5469.961612896959
495,A4,0.6232757311711724,13147.443965262171,7780.770071407152
495,A5,0.1510579507136128,536.8885510048719,817.641456433913
495,A6,0.500632561974843,4819.036762959398,3946.9443653133576
495,A7,0.17460171268525182,312.5115787994076,678.9538458063602
495,A8,0.39268962654384576,1399.836638190831,1862.3762476749998
496,A1,0.5854994938406233,8956.301142348686,9024.758477525447
496,A2,0.615769926005699,5956.8628619494375,6578.4342466610815
496,A3,0.5942009848382006,1009.7184604608935,5447.343812353123
496,A4,0.6223765201904992,13122.52148421201,7765.473246254233
496,A5,0.15112771205908723,535.8773664607816,808.1291580868427
496,A6,0.5010151952411747,4843.899794350871,3965.515810957765
496,A7,0.17491165160312333,312.8363919924147,679.0312149546232
496,A8,0.39281335872692935,1386.787089104083,1856.1186240860584
497,A1,0.5853906759234806,8921.682074935376,8990.52830517348
497,A2,0.6158668099920028,5982.348706932514,6595.869359164979
497,A3,0.5943919634020419,1013.9902120178435,5437.386664327721
497,A4,0.6229869160565266,13161.109569516166,7824.488663400478
497,A5,0.15143515415500486,539.1080369996455,811.0966206123562
497,A6,0.5012728142325987,4841.183595391338,3972.416706271183
497,A7,0.17457939109009799,311.85396446619535,673.815193792587
497,A8,0.3921171730457537,1389.5757450005808,1855.2503925168728
498,A1,0.5861767558735446,8935.806370288541,9008.660274229756
498,A2,0.6156480889254198,5932.299234548389,6542.944810494414
498,A3,0.596541227779801,1024.9935312630214,5494.049753953025
498,A4,0.6250979742075657,13131.162612402322,7747.909736706306
498,A5,0.15084029568247112,539.4600489445224,810.7601309875844
498,A6,0.5001685290627332,4833.02662030872,3960.1471163493934
498,A7,0.17432156369750176,310.1693323047942,672.739123260641
498,A8,0.3936599576781054,1396.98583194718,1866.6926360263633
499,A1,0.5861562410309504,8912.948744934418,8977.628474517891
499,A2,0.615052638265472,5929.273157875847,6542.5319732687885
499,A3,0.595936066070497,1023.2575452846146,5469.390593238712
499,A4,0.6244444739314067,13153.891900199185,7793.861147434819
499,A5,0.15212880851473404,537.6100857058171,817.0311971865457
499,A6,0.5012971188995807,4862.7808127167,3983.336500179794
499,A7,0.17556438749939487,315.3991482013221,681.8062443881133
499,A8,0.39359753743939807,1400.269872916059,1869.8451376192963
500,A1,0.5861141927032749,8917.804811789563,8986.604895700111
500,A2,0.6147776413826229,5940.955806542496,6556.01357722056
500,A3,0.5957078280878458,1028.8050838909073,5461.799758926668
500,A4,0.6242436933325751,13109.006422971128,7756.395998290164
500,A5,0.1532801127381693,541.3212492006775,817.6238763038474
500,A6,0.5005470516108326,4821.730071845659,3953.4450754653494
500,A7,0.17651515829211556,317.55409748346074,682.190182005176
500,A8,0.39392651976560455,1394.4290974325293,1857.5332772445465
