样本,区域,火电,水电,风电,光伏,省外输入
1,A1,0.2548323365377124,0.013990521364334672,0.01001599921302924,0.026464655921773553,0.6946964869631498
1,A2,0.49969793322222916,0.05563470920003255,0.025558106417756372,0.03609266408162206,0.3830165870783599
1,A3,0.3923625672035118,0.025429610387062134,0.03322913578312393,0.06606337048837563,0.4829153161379265
1,A4,0.33943979458449436,0.017565205619510242,0.0143620026777875,0.014213379078696738,0.6144196180395112
1,A5,0.13328708698104505,0.7270245666958561,0.05452219921026472,0.04229892046271207,0.04286722665012206
1,A6,0.18987965155661463,0.02170241583300519,0.0258147379428225,0.047822057360663354,0.7147811373068944
1,A7,0.1524243432185681,0.5687639874052592,0.12832025352945886,0.08879437642200122,0.06169703942471253
1,A8,0.352022475185602,0.30520509193684053,0.09192586112382709,0.05913746868131085,0.19170910307241962
2,A1,0.2533781290160035,0.01370496417496528,0.010317829833379356,0.02637093478890414,0.6962281421867477
2,A2,0.49671790258668813,0.055297608309915154,0.02527328822918302,0.03579234748925256,0.3869188533849611
2,A3,0.3924508178403992,0.022535725744131034,0.032550612928663354,0.06639177457900482,0.4860710689078016
2,A4,0.3370648996656253,0.015606054835949304,0.014187457161483995,0.014386764981119928,0.6187548233558212
2,A5,0.13224387846079536,0.7284979994579971,0.05429675694106785,0.0423377454803283,0.042623619659811464
2,A6,0.1881702213306046,0.022396324243846823,0.02589016305404779,0.04894041870535702,0.714602872666144
2,A7,0.1515948258036919,0.5650587981515386,0.13107406398743054,0.09088919056012124,0.061383121497217384
2,A8,0.3534654471309191,0.3037107970208883,0.0906379321184829,0.059646105587966285,0.19253971814174345
3,A1,0.2539441124966568,0.013921854140684625,0.010157740362723374,0.02623618276658405,0.6957401102333514
3,A2,0.4971644452123192,0.05561473171340951,0.02552486615546102,0.035627492693111086,0.3860684642256993
3,A3,0.3908266652682679,0.024191215653583936,0.03371708596364392,0.06644484081490006,0.484820192299604
3,A4,0.3372457210671307,0.01630972729996182,0.014183508249200042,0.014248066179106126,0.6180129772046014
3,A5,0.13324708442439878,0.7266659167159998,0.05363763807374131,0.0425713987226744,0.04387796206318582
3,A6,0.19073038086576702,0.02164935352946497,0.02573134286341388,0.04737555192040579,0.7145133708209483
3,A7,0.1531208831127653,0.5664694746889035,0.1285340113845129,0.09035936067059887,0.06151627014321942
3,A8,0.35573119946671944,0.3026049721474857,0.08993035936213088,0.05965963965784281,0.19207382936582126
4,A1,0.2552292223303843,0.013444356526305939,0.010217582714665469,0.025907511186362867,0.6952013272422815
4,A2,0.4995894509077659,0.054784138202731696,0.024686172311903877,0.03572009931495506,0.3852201392626437
4,A3,0.39255237699779083,0.023101226363234903,0.03305831873558817,0.06635988011552438,0.4849281977878617
4,A4,0.33767805510472493,0.015335947707824584,0.014224826507631278,0.01445253383633782,0.6183086368434815
4,A5,0.13475337984703326,0.7270363921334451,0.05271698023310038,0.04179967909056667,0.043693568695854695
4,A6,0.18866707743699318,0.02132335102733195,0.02593169500577924,0.04840945669351127,0.7156684198363843
4,A7,0.15195843676077492,0.5672434578888906,0.127840450455827,0.09059531784284462,0.062362337051662664
4,A8,0.35163871139954345,0.30451521760936234,0.09005437762750605,0.05951389110131593,0.19427780226227215
5,A1,0.25425028591763216,0.013794048164633825,0.009985627269478554,0.026434520980059172,0.6955355176681963
5,A2,0.4996195497250722,0.054873134301572105,0.02501075204629086,0.03584585755717663,0.3846507063698882
5,A3,0.39038816263335085,0.022756810176246242,0.03331558540752427,0.06694572589521783,0.4865937158876608
5,A4,0.3356634146967975,0.0154945049425037,0.014235466267886309,0.01435085909842595,0.6202557549943865
5,A5,0.13401635051104993,0.7266167449175764,0.0532859367849812,0.04224427602114337,0.04383669176524894
5,A6,0.1894035988165765,0.022148565034608537,0.026283071331046643,0.04917247552183632,0.712992289295932
5,A7,0.15402979451903445,0.5645022075375902,0.1295590069383338,0.09068930496291831,0.061219686042123155
5,A8,0.35206761539255865,0.3057523337837836,0.09063266402353042,0.06073954327067155,0.190807843529456
6,A1,0.2541134074557707,0.01399845390781863,0.00974881515371029,0.02656866131421939,0.695570662168481
6,A2,0.4972590087935671,0.055125022756264914,0.025182627574586138,0.03632506174917767,0.38610827912640405
6,A3,0.3906433202776174,0.023741814066883228,0.0332080497272416,0.06643105032769693,0.4859757656005608
6,A4,0.33770148946391004,0.015086824962735439,0.013834973088724669,0.014621196532433373,0.6187555159521962
6,A5,0.13184904859770352,0.7302451506088392,0.051929009205015364,0.04259384224258368,0.043382949345858214
6,A6,0.18865179593687528,0.02152959494402383,0.02630068460716997,0.04854506693222422,0.7149728575797067
6,A7,0.15185311197046947,0.5686226734069636,0.1272716316173108,0.09006497661309829,0.062187606392157806
6,A8,0.35208421586698124,0.30574823814458263,0.09026264951508531,0.06010155607484597,0.19180334039850466
7,A1,0.2521617710715574,0.01389789150383776,0.010244016292363956,0.026218027210536256,0.6974782939217047
7,A2,0.49986293128351655,0.055631813908084686,0.02525246433762339,0.03602987882679013,0.3832229116439851
7,A3,0.39440431687216826,0.023889997276836984,0.03374488470744243,0.0661455600159878,0.48181524112756446
7,A4,0.34064910676899035,0.016299556944642492,0.014550209905062958,0.014288756457374412,0.6142123699239298
7,A5,0.13324462084249614,0.7265552785473716,0.05437544351374628,0.04332104444165742,0.04250361265472856
7,A6,0.18959451196300828,0.02204999607178317,0.025915232679355218,0.04807775152464066,0.7143625077612127
7,A7,0.15313198707498038,0.5690470906089444,0.12547108968112156,0.09029060537226428,0.06205922726268906
7,A8,0.3517334227592244,0.304075044529243,0.09043537603598395,0.06029464262745694,0.1934615140480919
8,A1,0.25283949518817184,0.013834049924072611,0.010191345143051308,0.026699573902615098,0.6964355358420892
8,A2,0.4995885079874094,0.05491424728688769,0.025184952764793718,0.035491340341157515,0.3848209516197519
8,A3,0.3896287358590924,0.026549788734759286,0.03350821206648775,0.06618097297739953,0.4841322903622609
8,A4,0.33495970447348583,0.019186569468874523,0.014083062744983693,0.014600696748177832,0.617169966564478
8,A5,0.13300472126274632,0.7280406342240061,0.053072801784124386,0.04307793082037434,0.0428039119087491
8,A6,0.19063732749716594,0.021769297686374072,0.025691230347356965,0.04926184824548286,0.7126402962236202
8,A7,0.15479441372825156,0.564571310025047,0.12909027024202954,0.08983479468259002,0.06170921132208191
8,A8,0.3554186848621572,0.303235262118451,0.08945110661951791,0.05991320097860554,0.19198174542126845
9,A1,0.2527572698533541,0.013851339234009543,0.009951749583560814,0.02638747919067688,0.6970521621383986
9,A2,0.4987424936887233,0.05486653439901002,0.025529432500554394,0.035702065084909314,0.385159474326803
9,A3,0.39219984136020875,0.02245793974007542,0.03288974405724409,0.06581876513387787,0.4866337097085937
9,A4,0.339218944360885,0.014471313983274291,0.014102467051246518,0.01410888172256639,0.618098392882028
9,A5,0.13124186360949738,0.7300350473626629,0.053450499827743136,0.042629883436440356,0.04264270576365614
9,A6,0.1878679276502243,0.022485053333609,0.02608949958968449,0.04846645775935491,0.7150910616671272
9,A7,0.1536836465918624,0.5660153834832358,0.12887321610251237,0.0899195325014397,0.061508221320949644
9,A8,0.35270108026472813,0.30345150184745917,0.09024119177365335,0.06104914363190653,0.19255708248225276
10,A1,0.2502009009597661,0.013578119838582156,0.010414504174286264,0.026422570900895358,0.6993839041264702
10,A2,0.4998610401029471,0.05570332822157484,0.025030362814076276,0.03638550485550792,0.38301976400589377
10,A3,0.3911401900307854,0.024557345228606288,0.03285420939100061,0.0664958110292933,0.4849524443203143
10,A4,0.33740189731548886,0.01687774366302375,0.01402669160627993,0.014604969896597556,0.6170886975186096
10,A5,0.1339517488519553,0.7263559280777615,0.05396263276707382,0.04225987237459004,0.04346981792861934
10,A6,0.189152359889958,0.022461700898787393,0.026584668020549398,0.04822458446361888,0.7135766867270865
10,A7,0.15241229367280976,0.5619341876914243,0.13250656052851104,0.0913427525093879,0.06180420559786713
10,A8,0.35184048746328234,0.3058682643701806,0.09050024232729015,0.060491741412051755,0.19129926442719508
11,A1,0.25632974093173916,0.013400841409042467,0.009826492212237229,0.02634338184217116,0.6940995436048101
11,A2,0.4965833511945031,0.05665016703309855,0.02551612490765403,0.03587483482220299,0.38537552204254116
11,A3,0.3917476363809279,0.024454345390416504,0.03292902746163119,0.06705456174501141,0.4838144290220128
11,A4,0.33825511291034976,0.016215720783738355,0.014138062764395233,0.014303287614770895,0.6170878159267457
11,A5,0.13281507687216645,0.7277144754108176,0.053765559146481366,0.042986781253540045,0.04271810731699466
11,A6,0.18867890051451144,0.021721598242055416,0.026083720092001654,0.047665155542788225,0.7158506256086432
11,A7,0.15151309598392582,0.5681826804678325,0.12957139988524724,0.08977064651221899,0.060962177150775586
11,A8,0.3516174084842787,0.30465278678679414,0.09065873715812393,0.0599698708234432,0.19310119674735998
12,A1,0.2520378401757541,0.013608952925387276,0.010317935833292921,0.026168488324198862,0.6978667827413668
12,A2,0.4954046507776714,0.05625770220475818,0.025341811529662025,0.03637286452317015,0.3866229709647382
12,A3,0.39110994659898246,0.024249702859086623,0.033159672810633437,0.06650102995285757,0.48497964777844
12,A4,0.3362400476609141,0.016641675038212508,0.014015517651092302,0.014373777853831097,0.61872898179595
12,A5,0.13274530186875508,0.7284057038545257,0.053957305252777,0.042548198920004554,0.042343490103937696
12,A6,0.19025818065675332,0.022235279221846465,0.026560732166090735,0.048145777672086436,0.7128000302832233
12,A7,0.15381210937459489,0.5658624897154416,0.12866837631219602,0.09048194973568846,0.061175074862079154
12,A8,0.3547216668989919,0.3015232270998058,0.09089001028206256,0.060959436087290736,0.191905659631849
13,A1,0.25356031015002645,0.013658314245156334,0.010400273845230639,0.02630871421253187,0.6960723875470549
13,A2,0.49977594432980993,0.05511580671993458,0.02511147337365809,0.03634035904925925,0.38365641652733806
13,A3,0.39193525668630774,0.023911888316622446,0.03304621671794735,0.06567134760770243,0.4854352906714201
13,A4,0.337234854005617,0.016453440334871058,0.013974016314529668,0.014363719106682705,0.6179739702382997
13,A5,0.13246474125680976,0.7283953954969699,0.05402945890661733,0.04241107622553774,0.04269932811406521
13,A6,0.18967830955521575,0.02183289737660389,0.026055897348450433,0.048002318862135386,0.7144305768575946
13,A7,0.15362157716976182,0.5663397368586853,0.1272645182495914,0.09173344815355652,0.0610407195684049
13,A8,0.35368652569470777,0.3053543540449574,0.09007155186694052,0.059883791652141326,0.19100377674125296
14,A1,0.25404732523622386,0.013826249830976533,0.010189895464350097,0.026414152363937994,0.6955223771045114
14,A2,0.5015812586627142,0.05559263052190594,0.025343564007582198,0.03563583384412775,0.38184671296366984
14,A3,0.390608401457744,0.025516491942982118,0.03369340746118126,0.06616710400918205,0.4840145951289105
14,A4,0.33635284860964654,0.018575911461090926,0.014380154671627855,0.014287058371085497,0.6164040268865493
14,A5,0.13345382421669097,0.7267971346933081,0.054000643205329574,0.043248813389975584,0.042499584494695875
14,A6,0.18994735891706904,0.021694374971558263,0.02566759212617215,0.048434851206772454,0.7142558227784281
14,A7,0.15387318533984462,0.5658485344615126,0.12931544619170166,0.09024428077352997,0.0607185532334112
14,A8,0.35186253219750113,0.3059406669981634,0.09103380678154271,0.05989259633142694,0.19127039769136592
15,A1,0.25402079381878667,0.01395795440488098,0.009957197496007866,0.026253952860957955,0.6958101014193666
15,A2,0.500728241745144,0.05519255929479852,0.025485077121543874,0.035481627078476366,0.3831124947600372
15,A3,0.39108922516240757,0.0247886703460617,0.03264445521188179,0.06567393673339306,0.48580371254625576
15,A4,0.33685759962256984,0.01748822853121884,0.01413609327551293,0.014188220545412172,0.6173298580252862
15,A5,0.1326292095655312,0.7273773916635572,0.05480391748701296,0.04307408544221215,0.04211539584168651
15,A6,0.19104006203075136,0.022044415918995388,0.02579570483018463,0.048314549935507024,0.7128052672845615
15,A7,0.1521732129490923,0.5686417333144848,0.12789399310966754,0.08944959386413,0.061841466762625356
15,A8,0.3514078373803511,0.3049261835930538,0.09042490623238916,0.05988442477394342,0.19335664802026264
16,A1,0.2522498349728662,0.013880397678714912,0.009856677375926326,0.026151087663671503,0.6978620023088212
16,A2,0.4982915514856868,0.05600829626088068,0.024873198018558678,0.036019611109009676,0.3848073431258642
16,A3,0.3909493347568475,0.024247289618003483,0.033403624874683485,0.06587789806179105,0.4855218526886744
16,A4,0.33617435451270966,0.016917078528659348,0.014263902880811393,0.014240826579734692,0.618403837498085
16,A5,0.13260088300574852,0.7276118661883156,0.05384220791157994,0.04355909272743947,0.042385950166916556
16,A6,0.19017771626790664,0.022329190891390155,0.026081350873974368,0.04807166401549686,0.7133400779512318
16,A7,0.1517737966672861,0.5647207064007356,0.13073580546396898,0.09128260888263345,0.061487082585375705
16,A8,0.35292163461075776,0.30533964278178033,0.09053410891456941,0.059611151338075236,0.1915934623548172
17,A1,0.25421444040127544,0.013956247004595185,0.010067167814607432,0.025997842779206998,0.6957643020003149
17,A2,0.49949698788768354,0.055480903718809475,0.024721884096551107,0.03564310384174945,0.3846571204552064
17,A3,0.3905126793721304,0.023760628838561306,0.033002689753987145,0.06634929166523505,0.48637471037008617
17,A4,0.3358777683437866,0.01670576973092887,0.014391866703522318,0.014497961746807052,0.6185266334749552
17,A5,0.13168618637568671,0.7272286962695662,0.05478159650955354,0.04305420080995713,0.04324932003523659
17,A6,0.18881809776603356,0.021550114776253966,0.02635998806587835,0.04916861508924865,0.7141031843025853
17,A7,0.1534131692631046,0.5650342046478936,0.1293914174707928,0.09045404416869336,0.06170716444951582
17,A8,0.3538649937457359,0.3049845003130722,0.0898864108428808,0.060050922227819416,0.19121317287049175
18,A1,0.2535604146323991,0.01356220907004927,0.010249198917728223,0.026635331387159736,0.6959928459926638
18,A2,0.4955012454996249,0.05560483850244874,0.02497778753291696,0.03607861009201224,0.38783751837299735
18,A3,0.38965386822281545,0.024104862673442945,0.03332265699654042,0.06580772787862957,0.48711088422857163
18,A4,0.3346381203131103,0.015997120415754948,0.014356882604841765,0.014334443205983847,0.6206734334603091
18,A5,0.13307424305409352,0.726690672364485,0.05356687333414695,0.04391831359305963,0.04274989765421514
18,A6,0.19081480967678532,0.021726494803478012,0.0264774184272455,0.048095082521338435,0.7128861945711528
18,A7,0.15654499189133686,0.564609891446587,0.12661616971489406,0.09059131495851108,0.06163763198867106
18,A8,0.35585904860975814,0.30308407411215166,0.09045355825288513,0.059578794114255006,0.19102452491094993
19,A1,0.25342194906231685,0.013709072136683096,0.010084467410819621,0.026315871144932314,0.6964686402452481
19,A2,0.4987405806731174,0.055497390117881316,0.02491604975095154,0.03553909179779195,0.38530688766025817
19,A3,0.3929527969301168,0.024019258944177703,0.03296674684313131,0.06649876593521836,0.4835624313473555
19,A4,0.3392466025012308,0.01657630531191263,0.014248930938409374,0.014425473858108264,0.6155026873903389
19,A5,0.13365361108347681,0.7260162137802261,0.053860349811960334,0.04365278126773953,0.04281704405659731
19,A6,0.18928806403447973,0.02200460428708495,0.026616483075107257,0.048457613305196975,0.713633235298131
19,A7,0.15247527076278755,0.5628570386736329,0.13187085530125464,0.09044250034360404,0.06235433491872097
19,A8,0.35276121015096484,0.3053735477587016,0.09009806913781233,0.06006997940098725,0.19169719355153397
20,A1,0.2545078874911393,0.013724208897292348,0.009783089223484335,0.026774108182212177,0.6952107062058719
20,A2,0.4986046645710764,0.05556244081020563,0.02533121234769888,0.03596705985561654,0.3845346224154026
20,A3,0.39086224082979215,0.02467877809872996,0.0329121388367408,0.06666112501774657,0.4848857172169906
20,A4,0.33585303317842,0.01750924501967486,0.014328788681869594,0.014433723438606518,0.6178752096814291
20,A5,0.13442451912415734,0.7274166215866624,0.05258702099870234,0.04243372325179689,0.043138115038680744
20,A6,0.19039238234236197,0.021759687996926486,0.025150696069646192,0.049194638470296086,0.7135025951207692
20,A7,0.1542257145476866,0.5643721629179079,0.12980266163837761,0.08989181475090134,0.061707646145126506
20,A8,0.3496923882219081,0.3068071206136215,0.090675213133302,0.061104863435000246,0.19172041459616834
21,A1,0.2542249762171642,0.013889125558327064,0.010463478677818156,0.026475890613048763,0.6949465289336417
21,A2,0.4988007363225156,0.054863938554538264,0.025530689517231458,0.036945940270822375,0.38385869533489225
21,A3,0.39161218015004207,0.023188677661152558,0.03223951376238175,0.0669091699894459,0.48605045843697775
21,A4,0.3369508971083302,0.016236432619004353,0.014064012982153255,0.014668496677094712,0.6180801606134174
21,A5,0.13339491082530897,0.7253692863735849,0.054288456632547485,0.04329048454900659,0.04365686161955243
21,A6,0.1900677606396577,0.022125573989914143,0.02569112470458805,0.04834605097020834,0.7137694896956317
21,A7,0.15325010122850197,0.567986766033647,0.12712736667452232,0.09068697039486684,0.0609487956684619
21,A8,0.3549619972960799,0.3037897094562222,0.09014016578592601,0.05932662734211828,0.1917815001196536
22,A1,0.25515222348949546,0.013749427088473334,0.009841361741953403,0.026296298356803888,0.6949606893232738
22,A2,0.5005242019900746,0.05512738099064103,0.025109507061276033,0.03594704905412946,0.38329186090387896
22,A3,0.3918150654154132,0.023239552034501704,0.03324586744377935,0.06647739992846671,0.48522211517783886
22,A4,0.3372540006750469,0.015265356873942525,0.014246175259490264,0.014107337851464409,0.619127129340056
22,A5,0.1349708669693075,0.7260315942521907,0.05390249438519205,0.04228087359571111,0.04281417079759857
22,A6,0.1890827767594556,0.021913018095635315,0.02612717640074159,0.04815720149019927,0.7147198272539683
22,A7,0.1517039694428145,0.5683910229416476,0.12680366769413462,0.09085771864774107,0.06224362127366216
22,A8,0.35476585366601265,0.3013377207029102,0.08967041288268708,0.05986633765274124,0.19435967509564891
23,A1,0.2532487960628113,0.013870759410449629,0.01023477178836086,0.026425917352714958,0.6962197553856632
23,A2,0.49678538067879024,0.05571906875166475,0.024664957628095716,0.036210393362087354,0.38662019957936183
23,A3,0.39109014948387744,0.024215858041316346,0.03318990886969759,0.06607456614291664,0.485429517462192
23,A4,0.3361052045083122,0.017057822211113714,0.014252166467313317,0.014303119932290888,0.61828168688097
23,A5,0.1332720805465773,0.7258545985787879,0.05375825057897753,0.043607275726461434,0.04350779456919597
23,A6,0.1903409163789677,0.022273811388396583,0.026318268149895133,0.04869968205997695,0.7123673220227638
23,A7,0.152048720755746,0.5671973676007188,0.12881785573457258,0.08984622336981553,0.06208983253914709
23,A8,0.353428376745672,0.30505742668303515,0.08983219306078967,0.05954599627885532,0.1921360072316479
24,A1,0.25404709013135907,0.014069399850864549,0.010064939213640555,0.026441975007859515,0.6953765957962764
24,A2,0.5005848724276559,0.05418231659957788,0.024883306032367998,0.03577165576519023,0.38457784917520793
24,A3,0.3915783636405073,0.02258322536554958,0.03285275865773017,0.06510621090048496,0.48787944143572765
24,A4,0.33742354098485194,0.014573173756892623,0.01375059595158847,0.013983694366487661,0.6202689949401794
24,A5,0.1327770833006867,0.7272647078678336,0.053604194163065,0.04351680586576389,0.04283720880265082
24,A6,0.19195095557923425,0.022161787905601867,0.026027594713573087,0.048236392978619466,0.7116232688229713
24,A7,0.15482225601794297,0.5653974784470508,0.1295970427413748,0.08926280431510335,0.060920418478528304
24,A8,0.3562466830561772,0.30184037172870504,0.09074323822123971,0.059620562744769255,0.1915491442491088
25,A1,0.2535891390730839,0.013918723675909083,0.01015656338931695,0.026541065577121006,0.6957945082845691
25,A2,0.5001684795350052,0.05527470189845903,0.025534084011244088,0.03605667351080148,0.3829660610444899
25,A3,0.39176951901893087,0.023973082593000357,0.03332108546325481,0.0667332112465317,0.4842031016782822
25,A4,0.33752899416465326,0.016053283681142887,0.014040050076021757,0.014521924670519699,0.6178557474076622
25,A5,0.13348628493983694,0.726317530578092,0.053877094974934585,0.04314057552595581,0.0431785139811806
25,A6,0.18957480598871929,0.02195792602073596,0.026091908292994067,0.047457108137059396,0.7149182515604914
25,A7,0.15463651259824684,0.564785520962279,0.12873574613597677,0.09062915395408488,0.061213066349412655
25,A8,0.3527347028429169,0.30583574102844646,0.0899586384271458,0.05983967010618156,0.19163124759530925
26,A1,0.25490301621812933,0.013642261592255527,0.010368074542381138,0.026207152029845932,0.694879495617388
26,A2,0.4952774640057682,0.05606467035488452,0.02486057844828152,0.03611109274866946,0.3876861944423962
26,A3,0.39174326407199783,0.024425081333344336,0.03319866855378944,0.06684561959894966,0.48378736644191883
26,A4,0.3381167977507288,0.01639705538340091,0.014214901824069995,0.01452694717075818,0.6167442978710422
26,A5,0.13172688294779628,0.7283322768395528,0.053230202178171176,0.04437373233881816,0.04233690569566145
26,A6,0.1894145709522334,0.0225319249775596,0.02611870119706994,0.048599951091202076,0.7133348517819351
26,A7,0.153232916831328,0.5664657107008989,0.12903447720892353,0.08973486444836912,0.06153203081048027
26,A8,0.3543246395155164,0.30245252886605745,0.09036706266808515,0.06013016221104122,0.19272560673929978
27,A1,0.2528089211880215,0.013405111282010662,0.009617310082938233,0.026290933778725177,0.6978777236683046
27,A2,0.4983780017956665,0.05584271421376914,0.025473197666997748,0.03618141853885794,0.3841246677847089
27,A3,0.3951860286961365,0.02124144472814372,0.03257864645891999,0.0664068912181646,0.48458698889863505
27,A4,0.34119290231642685,0.012556775089738563,0.014552132971223515,0.01446727343384245,0.6172309161887687
27,A5,0.13269599923628453,0.7253793133442505,0.053840296985306534,0.045151861860027884,0.04293252857413048
27,A6,0.18981013011598913,0.02219362583831219,0.02542421975157709,0.04862418430329839,0.7139478399908233
27,A7,0.1544797794266444,0.5646694915523763,0.12961418599717067,0.08955092252439431,0.061685620499414284
27,A8,0.3563063630018356,0.3016316875103019,0.08939731773803361,0.05981382515518549,0.1928508065946435
28,A1,0.2546796506610677,0.013603714843470956,0.010001114786319168,0.026554659402808618,0.6951608603063336
28,A2,0.5014477508642468,0.05495003310469903,0.02485386811097623,0.03594269764541819,0.38280565027465985
28,A3,0.38963256687323844,0.025304438274650412,0.03289231605659033,0.06675155308583583,0.48541912570968493
28,A4,0.3357041090875537,0.01771062168166838,0.014324611451616523,0.014180128948844375,0.6180805288303173
28,A5,0.13391034516088765,0.7265169221180197,0.053328032338943565,0.04356604968858191,0.04267865069356711
28,A6,0.19025206303085176,0.02175613075674762,0.026558252776745235,0.0479017468688499,0.7135318065668054
28,A7,0.15174446961768157,0.5663652839233917,0.1312029366577503,0.08928055945048546,0.06140675035069096
28,A8,0.35173034359483074,0.30405345901003666,0.09194387100289599,0.05977027113687218,0.19250205525536457
29,A1,0.25602982471714736,0.013645969458465933,0.010150782250966623,0.026716942114160366,0.6934564814592599
29,A2,0.49945405700522266,0.05522453888222598,0.02514400082738248,0.035741106048116825,0.384436297237052
29,A3,0.39039206805941506,0.024263274788108018,0.03252527950753328,0.06615964184974225,0.4866597357952015
29,A4,0.3365369573924971,0.01623521648451027,0.01421786788012225,0.01425269854516529,0.6187572596977052
29,A5,0.13284198271087316,0.72931881879689,0.0528507455913312,0.04254401256614216,0.04244444033476358
29,A6,0.19020942515243955,0.021909816968209577,0.026220874223117634,0.04904829117993005,0.7126115924763033
29,A7,0.15271408804755904,0.5653783588544113,0.12974085668468632,0.09039270734369871,0.06177398906964458
29,A8,0.3524143076236082,0.3065017391783491,0.09001270008468656,0.059748651566048916,0.19132260154730707
30,A1,0.2548304280889016,0.013577293283982465,0.010032775460027132,0.026351109018936388,0.6952083941481525
30,A2,0.499169481848193,0.05566238188432707,0.024573430596450528,0.03562643132124825,0.3849682743497813
30,A3,0.3897162312695547,0.026036696347644005,0.033228883834279146,0.06607202998517485,0.4849461585633472
30,A4,0.33507383902876947,0.018662394134448614,0.014241874831302504,0.01433471569790673,0.6176871763075726
30,A5,0.13124848505177297,0.7300806110767294,0.053299939816113556,0.04256430371233934,0.042806660343044756
30,A6,0.19098577871281192,0.02106862499543621,0.026098125528230518,0.048283161545866746,0.7135643092176543
30,A7,0.1512653710641036,0.5689489483855773,0.12650951395736776,0.09159992318663654,0.06167624340631474
30,A8,0.35657864641109943,0.3014712121418842,0.08954250863019257,0.05927905059378132,0.19312858222304252
31,A1,0.2567726252861474,0.014401320372882453,0.009844964734527745,0.02643258484913309,0.6925485047573094
31,A2,0.49634470873869363,0.056045310465747844,0.025347292280547714,0.036088045589809645,0.386174642925201
31,A3,0.39128332450312936,0.024600604788380213,0.032567839705146734,0.0663319658481355,0.48521626515520816
31,A4,0.3373709003955041,0.01744397264999046,0.014086367674857655,0.014117205395696063,0.6169815538839517
31,A5,0.1320160966185638,0.7290498337146395,0.05370768987336425,0.04211609354791471,0.04311028624551767
31,A6,0.18998406543258647,0.02174745543521,0.026376800169748523,0.048518163093597605,0.7133735158688571
31,A7,0.1548921227847477,0.5683017560887609,0.12563828762631582,0.08894331705777406,0.0622245164424017
31,A8,0.3536630251055662,0.30150528603652316,0.09027582756507367,0.06063819496030447,0.19391766633253266
32,A1,0.2564436764307799,0.013312328008362698,0.009834852098958666,0.026925915040229884,0.693483228421669
32,A2,0.5008093809198244,0.055641280470300196,0.02522129944234355,0.035851390930491785,0.38247664823703986
32,A3,0.39099402679315387,0.02355217635264099,0.033105281485155805,0.06741650338328929,0.48493201198575997
32,A4,0.3364455662603837,0.016156892120286603,0.014307930403598254,0.014448279512759928,0.6186413317029716
32,A5,0.1339341848279217,0.7281323431439716,0.052961653886042216,0.042409257035074116,0.042562561106990124
32,A6,0.1902745471902394,0.022322362123058156,0.025987596284542214,0.0484506650573798,0.7129648293447804
32,A7,0.1532646749371534,0.5646081602091988,0.1294481854080814,0.09176316498414941,0.06091581446141684
32,A8,0.3566397119865093,0.3021775962876607,0.0903201042938378,0.05937583792869154,0.19148674950330072
33,A1,0.25229204994789906,0.013265952240206987,0.010139454235860504,0.02570960613781466,0.698592937438219
33,A2,0.503373333404665,0.05516761133742952,0.02445326815475707,0.03563456535406726,0.38137122174908133
33,A3,0.3891604460435337,0.024968486020206848,0.032807049365382,0.06690783919771846,0.486156179373159
33,A4,0.3344400633580176,0.017330045413674482,0.014212708109128412,0.014320685996404027,0.6196964971227755
33,A5,0.1326502643928536,0.7273990646302682,0.05384729699634232,0.043294268444855934,0.04280910553567974
33,A6,0.18976920527907307,0.022131897932632153,0.026059489848748854,0.048673783216758415,0.7133656237227878
33,A7,0.15083514882984392,0.5655370730151934,0.12990031852107822,0.09136579117295275,0.062361668460931705
33,A8,0.3508571719872685,0.3014161227816023,0.09142310037876919,0.06099196021266351,0.19531164463969644
34,A1,0.2544899880819229,0.013799771079352914,0.010166044072041615,0.026570731047229578,0.6949734657194531
34,A2,0.4973041922358303,0.05519263918481417,0.025423630074274766,0.0358461372669428,0.386233401238138
34,A3,0.38933750063593414,0.02376658293884167,0.03326656409018325,0.06623459334590012,0.4873947589891408
34,A4,0.3365513797851045,0.015840894793340624,0.014241867964800215,0.014355649412840205,0.6190102080439144
34,A5,0.1329636636774856,0.7279892140123518,0.053157804899333624,0.04264403394358958,0.043245283467239395
34,A6,0.18823877579412843,0.022020816843709767,0.026200692170443206,0.04801352800691021,0.7155261871848085
34,A7,0.15261473826852182,0.5681940918650137,0.1270695989444705,0.09030062867927528,0.061820942242718745
34,A8,0.3538091760356408,0.30477927190484544,0.08981639591051699,0.06006758825432467,0.19152756789467212
35,A1,0.2538215272581236,0.013514921555593314,0.010023009915283057,0.026089142520039202,0.6965513987509608
35,A2,0.5010860868208494,0.056319300960657744,0.024705385101849168,0.03587876879937367,0.38201045831726993
35,A3,0.39143707855753973,0.023494676067994276,0.032227467696207886,0.06634046714874375,0.4865003105295143
35,A4,0.33690606119943645,0.015704524499612533,0.014010546156074418,0.014181776444939734,0.6191970916999371
35,A5,0.13341508255481913,0.7273968326263794,0.05314551954238887,0.043173600923928315,0.04286896435248422
35,A6,0.18956577752426113,0.0217386205420743,0.025865489651211753,0.04812504826464458,0.7147050640178082
35,A7,0.15481435632432944,0.5672508310549157,0.12781261589834125,0.08789283288901742,0.06222936383339614
35,A8,0.3533854283223707,0.30413937203826236,0.09129543128219025,0.05919523657652166,0.1919845317806552
36,A1,0.2569106896323773,0.013815997532229953,0.010104804209214755,0.026555163887203807,0.6926133447389741
36,A2,0.499305615844102,0.05525258484007174,0.02496737061920832,0.03647086297968631,0.3840035657169316
36,A3,0.3913812437020696,0.02189681301859648,0.032570430431601696,0.06597595540054164,0.4881755574471907
36,A4,0.3379059643515242,0.013842019666490298,0.013892257721212243,0.014243173378058725,0.6201165848827145
36,A5,0.1324286676446955,0.7278755530287844,0.05368673267736939,0.04358989288504145,0.04241915376410936
36,A6,0.18860671268466572,0.02244771347289493,0.025699468472042918,0.0489109468482222,0.7143351585221742
36,A7,0.15339147761449393,0.5682179526915803,0.1273177259770879,0.08943101669233268,0.06164182702450523
36,A8,0.3542454144322415,0.3029684533786879,0.09104148513082272,0.05958968875667569,0.19215495830157206
37,A1,0.2531795129883974,0.013205733582956982,0.010111782021951874,0.026155340527683535,0.6973476308790102
37,A2,0.497919687085265,0.05544986683757601,0.02497941820036994,0.03626185119365963,0.38538917668312944
37,A3,0.3919223014463809,0.022590162998049917,0.03263982624538564,0.06588536392321238,0.48696234538697125
37,A4,0.3371040329609337,0.015093446043986342,0.014320768150666597,0.014136197362027056,0.619345555482386
37,A5,0.13119437970983922,0.7276236341752006,0.05384324534582448,0.044640640822748906,0.04269809994638689
37,A6,0.1897630098551688,0.021765143677157883,0.02583487863573499,0.04833756174155826,0.7142994060903801
37,A7,0.15393336399662905,0.5636916481568417,0.1303500823721266,0.0909747281566691,0.061050177317733545
37,A8,0.3518516966009568,0.30645125174379306,0.09008720062128663,0.059419684263969375,0.1921901667699942
38,A1,0.2582509424560171,0.013567476943590525,0.0106537619376403,0.02639093512219085,0.6911368835405615
38,A2,0.4981657146853264,0.05592594139700688,0.024827682785956536,0.03585637681249223,0.38522428431921796
38,A3,0.39004394116302593,0.024389596334560282,0.03206881416939953,0.06682532838435133,0.48667231994866283
38,A4,0.3360953375968574,0.01610919328635709,0.014073473112184579,0.01444452288582064,0.6192774731187803
38,A5,0.134038400658224,0.7237680341116637,0.054013874965669575,0.04378860668147532,0.04439108358296724
38,A6,0.1888595904411099,0.021671731491820553,0.026342221416446494,0.04860840333032118,0.7145180533203019
38,A7,0.15276772103539554,0.561789401637687,0.13176879953153778,0.0917337913479533,0.06194028644742617
38,A8,0.3539427437434262,0.3055807615202643,0.08986209328572477,0.059045200557210215,0.19156920089337434
39,A1,0.25590623668927426,0.01409806235710766,0.0101765478659488,0.02638620160039305,0.6934329514872762
39,A2,0.49836033274859187,0.055134971032196396,0.0252846122491956,0.03556486779678791,0.38565521617322807
39,A3,0.3918275490364228,0.024156810636192984,0.03284841412567246,0.06677530073764337,0.4843919254640684
39,A4,0.33773664686603505,0.016160533032042425,0.013879210910476385,0.014220576462107554,0.6180030327293385
39,A5,0.1338854800965976,0.7272284208781608,0.05330166373745292,0.04263581585995122,0.04294861942783745
39,A6,0.1898688797961564,0.022094192861289844,0.02614379092296924,0.0486336401117248,0.7132594963078598
39,A7,0.1527748468364226,0.5677056137651976,0.12749854289990048,0.09038363419470369,0.061637362303775756
39,A8,0.3555494039242062,0.3042158360161342,0.0900462590818088,0.058948673495218526,0.19123982748263232
40,A1,0.2555165988814079,0.013693954412150404,0.010222026014468163,0.026640890228695403,0.693926530463278
40,A2,0.49826716192258713,0.055202769797465065,0.025384758189575588,0.035161558283006905,0.3859837518073653
40,A3,0.39263787189569876,0.0245928672617923,0.03321735877701539,0.06661109984986004,0.4829408022156335
40,A4,0.3394373978612711,0.01753567759813314,0.01405533419714318,0.014511259605993128,0.6144603307374595
40,A5,0.13185759655001195,0.7291330494544825,0.05420307587331323,0.04278209251374271,0.04202418560844962
40,A6,0.1868232994142516,0.02183171877886818,0.026423884939042745,0.04842417563380248,0.7164969212340352
40,A7,0.15485599211665682,0.5661873779966305,0.12691117196909626,0.09076265221286064,0.061282805704755965
40,A8,0.35227880245212406,0.30412441303581844,0.09121326563090337,0.05990902245753966,0.19247449642361433
41,A1,0.2562124471037411,0.013965967499268244,0.009923098188248455,0.02671953717464953,0.6931789500340928
41,A2,0.4984704971077707,0.05516927726008043,0.025244026499017757,0.03603693022964865,0.38507926890348254
41,A3,0.39038255488266504,0.02346590422494071,0.03264696124596269,0.06634219477089649,0.48716238487553515
41,A4,0.3361012244513767,0.015664412881553853,0.014181965723328574,0.014536727594571522,0.6195156693491694
41,A5,0.1334477287054241,0.7254653913369996,0.05479357057078228,0.04330484209389124,0.042988467292902545
41,A6,0.18870559610571852,0.02235707689171553,0.026159104220665058,0.049005699169388586,0.7137725236125124
41,A7,0.15265339846460144,0.5666830004881325,0.1284104559752988,0.09027049198848146,0.06198265308348585
41,A8,0.3542794480722796,0.3036981590641108,0.09088400128768623,0.05889223250143145,0.19224615907449188
42,A1,0.2525392767979169,0.013860083054403243,0.010086543168130527,0.02676388685504355,0.6967502101245059
42,A2,0.49956357104699695,0.054928593428776554,0.025659345736613923,0.03604072751795932,0.383807762269653
42,A3,0.3924021966322234,0.02376775667883795,0.0325189795928408,0.06566451431038821,0.4856465527857095
42,A4,0.33855558099188876,0.01658155468302476,0.014002121436796383,0.014482538943170616,0.6163782039451196
42,A5,0.13312774731816815,0.7285298505137259,0.05389086567692,0.04198149504005452,0.0424700414511313
42,A6,0.18900128925256215,0.022467572281911388,0.026318400460924613,0.048237967516946,0.7139747704876558
42,A7,0.15545898878079809,0.5641814933048549,0.12881862057848123,0.09023110841347468,0.06130978892239127
42,A8,0.35303873936993085,0.30408027132117954,0.09055767596808859,0.0592606203224798,0.19306269301832135
43,A1,0.25370271774822006,0.013993941838539536,0.010281866125990649,0.026886008514122785,0.6951354657731269
43,A2,0.49776738736422227,0.055320222276354476,0.025572452248206253,0.03593154031234368,0.38540839779887337
43,A3,0.39074204666761164,0.024885468983862215,0.03241945170687366,0.06700281302160037,0.48495021962005197
43,A4,0.3362547761750602,0.017306302587323623,0.014171660110101701,0.014294485307074962,0.6179727758204394
43,A5,0.13305226385171476,0.7273314808557236,0.05375978371079253,0.042247521137327756,0.043608950444441394
43,A6,0.1895264602474143,0.022204314598255462,0.025921709786562098,0.04828853569589448,0.7140589796718736
43,A7,0.15272665089618925,0.5646272109998747,0.13047362001759713,0.08971996864383706,0.06245254944250197
43,A8,0.3519874852031322,0.30548748790619074,0.09011113720113327,0.0597589974036887,0.19265489228585503
44,A1,0.2540970393381881,0.013681007521086528,0.01010962791983849,0.026568604741865044,0.6955437204790218
44,A2,0.49840285367338893,0.055968034959831485,0.025547048777241992,0.03591203239005774,0.3841700301994798
44,A3,0.3882575505326312,0.024314954342186626,0.03276039896287413,0.06625002149219728,0.48841707467011064
44,A4,0.33470641698710374,0.016824106461582798,0.014120146641838756,0.014018264857424474,0.6203310650520502
44,A5,0.13245584315241352,0.7270729009113969,0.0534335716596608,0.04356419782866014,0.04347348644786862
44,A6,0.19065318899363892,0.02221752694770345,0.025922500262295152,0.04855426633811629,0.7126525174582462
44,A7,0.15369692642235827,0.5647154983065836,0.12986191632642652,0.0898728280748331,0.06185283086979868
44,A8,0.35315186207525456,0.3020566268945874,0.09104982264092748,0.0592636847406669,0.1944780036485636
45,A1,0.2535715632038317,0.014015801650684766,0.010047609912535643,0.026563412185257353,0.6958016130476905
45,A2,0.4993515182329611,0.055435242910359186,0.024643870788592814,0.03583316929657324,0.3847361987715139
45,A3,0.39137102827170706,0.02460844502148067,0.033340781640099154,0.06600301333072756,0.4846767317359856
45,A4,0.33779393362511523,0.017967472580003974,0.013943820461855574,0.014290017907094573,0.6160047554259307
45,A5,0.13392840983680826,0.7267253485626121,0.05364461069726224,0.04209514601629662,0.04360648488702057
45,A6,0.1901776515490487,0.02181202359026172,0.026452370048555947,0.0482471306584822,0.7133108241536513
45,A7,0.1533669273494068,0.5645315594288669,0.13042731914615924,0.08940827636714346,0.06226591770842345
45,A8,0.3507558817897707,0.305192183818664,0.09052161226863946,0.06031459315180262,0.19321572897112324
46,A1,0.2546667004239921,0.014053930593584799,0.010027664449349275,0.02642718456729342,0.6948245199657803
46,A2,0.4999931722143537,0.055210527669592474,0.02553982695459227,0.03558545585246247,0.383671017308999
46,A3,0.3886111925392095,0.024638427361460245,0.032891142298028364,0.0657367760433906,0.4881224617579114
46,A4,0.3340013687127051,0.017493452189967854,0.014367555591362807,0.013913270149939138,0.6202243533560252
46,A5,0.13149073341955803,0.7298239736356583,0.05365816641610059,0.042831948576061235,0.042195177952621614
46,A6,0.19061091776455752,0.022196473745441987,0.02560166159388499,0.04851967590248202,0.7130712709936335
46,A7,0.15420332704670528,0.5647161105341726,0.1291352122832201,0.090236491694771,0.06170885844113076
46,A8,0.3538329838154354,0.3055358835251575,0.08995862258657711,0.05935097885287956,0.19132153121995066
47,A1,0.25296058636489893,0.013774538656888848,0.010120981753689197,0.02668710852671792,0.6964567846978051
47,A2,0.4986910333906392,0.05501755875383603,0.025236084870605552,0.03522536243195254,0.38582996055296664
47,A3,0.3899988412935023,0.022265993892263476,0.03278016492484176,0.06613149940833057,0.4888235004810619
47,A4,0.33475350500215717,0.014799297838361813,0.01414214044745793,0.014295866539959925,0.6220091901720632
47,A5,0.13213869169909287,0.7284901314845458,0.05349367829803581,0.0429872322175262,0.04289026630079942
47,A6,0.18990482236479567,0.021763464285862223,0.02687850592824304,0.0488094638112485,0.7126437436098507
47,A7,0.1542988495909665,0.5632890518300339,0.13013446190086175,0.09068186701597032,0.06159576966216736
47,A8,0.3528264035350524,0.3043115914371557,0.09124324261655371,0.061445851781321004,0.19017291062991729
48,A1,0.2549660630415312,0.01383221899698325,0.010403165607539459,0.026502503462026757,0.6942960488919194
48,A2,0.4976714426761921,0.0554897065387909,0.02543216918009102,0.035533437356395255,0.3858732442485306
48,A3,0.3889026467288392,0.025627410558628796,0.03294800632737493,0.06615830107102255,0.48636363531413446
48,A4,0.3340947388006774,0.018399816132392614,0.01403490914908298,0.01418751788241345,0.6192830180354335
48,A5,0.1332315740663106,0.7264379279693258,0.05326275478787978,0.04385482841840612,0.04321291475807767
48,A6,0.1892070481015824,0.021958729531866554,0.02642906344242297,0.04840042841184124,0.714004730512287
48,A7,0.15248166194073942,0.5669283621507301,0.1306163128826323,0.08876754591271954,0.06120611711317852
48,A8,0.3544754474166535,0.30467346618035007,0.090252612977192,0.05875102418121605,0.19184744924458833
49,A1,0.2526063014044979,0.013557663518116101,0.009739385180884911,0.02628411389056927,0.6978125360059317
49,A2,0.5007238584751055,0.055267792953581765,0.02514963268483852,0.03587559625833327,0.38298311962814086
49,A3,0.3909709120891318,0.025099781046524165,0.03303194975051563,0.0662547034988505,0.484642653614978
49,A4,0.33686195936719626,0.017925832416916244,0.014386013944808944,0.014541201663667281,0.6162849926074113
49,A5,0.1333886027798741,0.7280150678637544,0.053946942013479125,0.04146946279430554,0.04317992454858679
49,A6,0.19073596421745775,0.021907815234153003,0.026292994907271723,0.04837977121700264,0.7126834544241148
49,A7,0.15196554049484076,0.5671342073398923,0.13038912334914926,0.0889546576580688,0.06155647115804892
49,A8,0.3508307396895538,0.30479618059559155,0.09137800552930918,0.06034095798621056,0.1926541161993348
50,A1,0.2534278085564258,0.01375747576870959,0.01007417576745916,0.026031074994384108,0.6967094649130212
50,A2,0.49715479345068203,0.05533158372131189,0.025614759827288724,0.0356065922656051,0.38629227073511246
50,A3,0.3905521171926275,0.02526337197936531,0.03305201951429703,0.06664974559462665,0.48448274571908356
50,A4,0.3359475098047882,0.017838551613790322,0.014188482856908591,0.0144796133104352,0.6175458424140776
50,A5,0.1320583536296374,0.7286688167202661,0.05350193384768555,0.043302906049218444,0.04246798975319279
50,A6,0.18775534346713232,0.022203841271440414,0.026339187474229902,0.047752094327975836,0.7159495334592215
50,A7,0.15423019019775222,0.5654396888913114,0.13006868840249508,0.08891225221960655,0.061349180288834855
50,A8,0.35539174145873775,0.30317205596116975,0.08994474946867394,0.059179882130282455,0.19231157098113613
51,A1,0.2557653000601777,0.01394026016535607,0.010026530929697785,0.026338653995810177,0.6939292548489582
51,A2,0.4967070519923415,0.05564521367691402,0.024846946736231317,0.035860178264853736,0.3869406093296594
51,A3,0.39082190959137153,0.025344476361147908,0.03276636072319816,0.06606117589943164,0.48500607742485075
51,A4,0.3357931574688759,0.018404921921263206,0.014252487553555949,0.014150179739527253,0.6173992533167778
51,A5,0.13312886325178008,0.7277713062050826,0.053360806477429565,0.04269054374522118,0.04304848032048669
51,A6,0.19098060287359303,0.022456918920861022,0.025366621397298304,0.04899220252559129,0.7122036542826562
51,A7,0.1528935420688319,0.5634554358565076,0.1317864192640891,0.09053755829553647,0.06132704451503466
51,A8,0.353166695113867,0.3062255747769585,0.09001488236716908,0.05916067561700274,0.1914321721250026
52,A1,0.2553457810123321,0.013550405377604886,0.00999622329061012,0.026191840989334355,0.6949157493301186
52,A2,0.500038248549744,0.0559815166936865,0.025105875171783927,0.03606917009503474,0.38280518948975084
52,A3,0.39030234374957223,0.023770836704813256,0.03437967976708443,0.06638367460664989,0.48516346517188036
52,A4,0.33665143097556605,0.015750282365148586,0.014427777085547818,0.014382342153443436,0.6187881674202944
52,A5,0.13412953292202856,0.7273548799546574,0.05306751481616955,0.04305410696850107,0.04239396533864304
52,A6,0.18939099621662894,0.02227928757836317,0.02630236308656217,0.048499442525436566,0.7135279105930092
52,A7,0.15349870339707106,0.5652008490435455,0.1293002121864529,0.08992226801663951,0.0620779673562911
52,A8,0.351467175260521,0.30549701663907214,0.08989483785184572,0.06063400339637608,0.19250696685218505
53,A1,0.2527110986940753,0.014079452456157713,0.010110665264665603,0.026558260195460447,0.6965405233896409
53,A2,0.49509771019594073,0.056214069555611104,0.02495492185557341,0.0359576171987079,0.38777568119416705
53,A3,0.39197048697751896,0.02536609799546755,0.03283897883376348,0.06651193369374955,0.4833125024995005
53,A4,0.3381842528542159,0.01794753443402627,0.014144034165874455,0.01444268346031785,0.6152814950855656
53,A5,0.13179540743120924,0.7301050804927759,0.05290522337444451,0.042421595405395994,0.04277269329617411
53,A6,0.189754818180042,0.02169728705002546,0.026341129021707967,0.04814558406209241,0.7140611816861323
53,A7,0.15315131137734064,0.5668580024838921,0.12876974286905038,0.09036684654729792,0.06085409672241917
53,A8,0.3546625630789345,0.30348892885284107,0.08999706102403503,0.06057299605236648,0.1912784509918228
54,A1,0.25392212865120667,0.013768077598799585,0.010093588030183558,0.02670404433729036,0.69551216138252
54,A2,0.49898180567163336,0.05538427101856647,0.025006913235212695,0.035764189060300475,0.3848628210142871
54,A3,0.3925180735277131,0.023563171303386532,0.032870525685238274,0.0651583523157128,0.48588987716794935
54,A4,0.33908414971425144,0.015195978037600415,0.014070949889515991,0.014073182952237473,0.6175757394063947
54,A5,0.132451887669573,0.7284624654649454,0.054292323745525374,0.04267280206115399,0.042120521058802374
54,A6,0.19006389976556579,0.021603565816668377,0.026865400952933233,0.04944894325274674,0.7120181902120856
54,A7,0.15254829288871743,0.5674624743914843,0.12956408491729543,0.08950915490250826,0.060915992899994845
54,A8,0.35580764575809615,0.3019755086397042,0.09082161118095892,0.05994775269504643,0.19144748172619408
55,A1,0.25409271214212203,0.013660939374372927,0.009995030258421909,0.0263428998618306,0.6959084183632523
55,A2,0.4973897744031845,0.055816287505838655,0.025162198036841048,0.035567844117344385,0.3860638959367916
55,A3,0.3910590780122478,0.023110774153505008,0.033093744102971105,0.06617108620584028,0.4865653175254356
55,A4,0.3370784922359634,0.015441346870411137,0.013983626792672947,0.01417809237001599,0.6193184417309364
55,A5,0.13263961306628957,0.7275209027456812,0.05345569043387658,0.04391117145731002,0.04247262229684263
55,A6,0.19000818731176022,0.02225005901359682,0.02604294406923894,0.048735477815622534,0.7129633317897814
55,A7,0.15357024945447945,0.5649147792134668,0.12760882266580345,0.09215805076194548,0.0617480979043049
55,A8,0.351819943456404,0.30430512718490116,0.09079483231587458,0.05989994382317779,0.19318015321964255
56,A1,0.2507514352777563,0.013766960941280838,0.009820639978924258,0.026544612303095044,0.6991163514989436
56,A2,0.49965617466460893,0.05544427976989623,0.025400195779709374,0.03587675391182348,0.3836225958739619
56,A3,0.390413685224716,0.023447275926859797,0.033795618684954544,0.06628260030173162,0.4860608198617383
56,A4,0.3361596870946282,0.0157680851201088,0.014309077797097232,0.014223297445701893,0.6195398525424638
56,A5,0.13344741435011062,0.7270860831458067,0.053788809914832994,0.04358684840037999,0.04209084418886984
56,A6,0.18959267226484486,0.022137578491764787,0.025706626675064397,0.048098264838139594,0.7144648577301863
56,A7,0.1523960930075003,0.5639174768885608,0.1309058958216086,0.09183891683124691,0.060941617451083646
56,A8,0.3543524029504869,0.3042310376923531,0.09174600135712015,0.059410324203600186,0.1902602337964396
57,A1,0.25345451599903335,0.013795199305968696,0.010143534434961528,0.02659880024461314,0.6960079500154234
57,A2,0.49876463167976487,0.055829521519887085,0.025290988131306483,0.03604064249716632,0.3840742161718752
57,A3,0.39295294257519586,0.025486064793361247,0.03315403377296315,0.0660204758355018,0.4823864830229777
57,A4,0.33993670214336064,0.017686553366892205,0.014166128450290503,0.014271941269005982,0.6139386747704506
57,A5,0.13296821499589695,0.7285131401132144,0.053945041512788436,0.04209755381141088,0.04247604956668912
57,A6,0.1886091093210949,0.021518019297198786,0.026535877550734475,0.04843231044491745,0.7149046833860545
57,A7,0.15327067954023288,0.5662567281261519,0.12926817334808463,0.08909620157636484,0.06210821740916587
57,A8,0.3546802619459679,0.30255304737796274,0.09014268314378569,0.059733136574455045,0.19289087095782884
58,A1,0.25263534966667534,0.013855590505429716,0.010139292153157708,0.026378363593507436,0.69699140408123
58,A2,0.5001843111969702,0.05600117717480752,0.025520700835954133,0.035717218689139386,0.38257659210312905
58,A3,0.39211148977315785,0.024121172859965814,0.032670155115304855,0.06647441204183271,0.48462277020973854
58,A4,0.33861802724205486,0.016047538242267376,0.014164257501967413,0.01412963643901716,0.6170405405746932
58,A5,0.13292756922755555,0.727688891663103,0.05417756264476954,0.042155763076299896,0.043050213388271925
58,A6,0.19013848557230173,0.02243894357941933,0.026199979418441398,0.04846370235179167,0.712758889078046
58,A7,0.15465114753735726,0.5649086325353756,0.1290357661283703,0.09026737220971899,0.061137081589177834
58,A8,0.35227653768175393,0.30472944617976977,0.08974551721047748,0.061112567603074534,0.19213593132492401
59,A1,0.2541399477980422,0.013819872230925056,0.010038132359577066,0.02635718536012534,0.6956448622513303
59,A2,0.5000040298289161,0.05445765660792176,0.02530450358321969,0.03589403871100387,0.3843397712689387
59,A3,0.3915977539032883,0.023294293136208642,0.03280903826092006,0.06699955050588749,0.48529936419369546
59,A4,0.3372830068242117,0.01605596223667841,0.014181548763744046,0.014329680004201897,0.6181498021711639
59,A5,0.1324865754496686,0.7274218210384185,0.0533852260064641,0.04287579654000946,0.04383058096543939
59,A6,0.19089007234086872,0.02246768906038051,0.026570689277172304,0.04846865976044877,0.7116028895611297
59,A7,0.15313934148444042,0.5672948533021653,0.12727423954363815,0.09055143608986281,0.061740129579893166
59,A8,0.3542361736143437,0.3027743479707321,0.09107906226849398,0.059337908729852853,0.19257250741657736
60,A1,0.25362400476208213,0.013627843795369673,0.01003868454294485,0.026485224666359056,0.6962242422332444
60,A2,0.49672127225691065,0.05510529485387727,0.02485024091435814,0.03599527524627912,0.38732791672857486
60,A3,0.3911418503272756,0.021589681880582412,0.033335873975691786,0.0669798070305296,0.4869527867859209
60,A4,0.3371979714955712,0.01351158931116741,0.014307408654257843,0.014437726709461288,0.6205453038295422
60,A5,0.1334509688536011,0.7254746884097222,0.054031024332551754,0.04318009528344417,0.043863223120681014
60,A6,0.18971227829417098,0.022395218770222797,0.02574840004415786,0.04845872370707168,0.7136853791843767
60,A7,0.15494670270818367,0.5643719884704133,0.127700515598566,0.09085188616759825,0.06212890705523863
60,A8,0.3526620553767692,0.3048100442762648,0.08889878639200777,0.06122182845788222,0.1924072854970759
61,A1,0.25224064085934794,0.013751431031064902,0.009729572681993256,0.026192901532295827,0.6980854538952983
61,A2,0.5015334272083332,0.055201435286766146,0.025509754888664644,0.03613086954348391,0.38162451307275214
61,A3,0.3914993567332835,0.02360143583761419,0.032559980577567246,0.06669226569776081,0.4856469611537743
61,A4,0.3380055887253627,0.0162970768135942,0.014159944950924756,0.014324000450526663,0.6172133890595918
61,A5,0.13291871446780024,0.7278737892909913,0.05383215590071246,0.04220508526675182,0.043170255073744224
61,A6,0.1907345392989126,0.021514130300314165,0.026652486252595316,0.04814095298389458,0.7129578911642833
61,A7,0.1535331833538834,0.5671714633285695,0.12637028395665684,0.09064728497810785,0.062277784382782565
61,A8,0.35226688381833654,0.3034025570888383,0.09175454161982649,0.06017256431198032,0.1924034531610183
62,A1,0.2571858288761562,0.01369202400646064,0.009812505146163584,0.026367172949983933,0.6929424690212357
62,A2,0.4959189831809111,0.05496407883484339,0.025566506320556362,0.03544114936219824,0.38810928230149083
62,A3,0.3921040042035885,0.023301838168031205,0.03336217822897704,0.06576471342832788,0.48546726597107526
62,A4,0.33766602733277346,0.015075960915564235,0.014203671613166454,0.014111247984944479,0.6189430921535516
62,A5,0.13304155502407738,0.7266746156839696,0.05372838817961127,0.04243977889242262,0.04411566221991908
62,A6,0.18979174334576393,0.021532784329690257,0.02623228163241088,0.04803702309158275,0.7144061676005522
62,A7,0.15193733842886087,0.5668346531475619,0.12827300915828443,0.09056245239563586,0.06239254686965687
62,A8,0.35168667437558776,0.30381348235049044,0.09124866681518076,0.059597031487405056,0.19365414497133596
63,A1,0.2533491349528257,0.0137310077863096,0.01032341820714766,0.026573992777331534,0.6960224462763855
63,A2,0.5017811455653185,0.055271823641659015,0.025129010555582566,0.03518599358137905,0.38263202665606094
63,A3,0.3906024557957192,0.02321446277161451,0.03259170984573179,0.06655139760579447,0.48703997398114
63,A4,0.3358065292252782,0.01527641049004458,0.014023332501882636,0.01459561248834293,0.6202981152944516
63,A5,0.13312404662765195,0.7280049190991015,0.05339512094749168,0.042589424574617465,0.042886488751137486
63,A6,0.18984962984896872,0.02208483583778318,0.026328731360068924,0.04837950193324158,0.7133573010199376
63,A7,0.15346820911733475,0.5650513383605937,0.12987278569150862,0.0897510510825319,0.061856615748031085
63,A8,0.35119838293224814,0.3059906130787154,0.09083158637339542,0.06014497188816419,0.1918344457274767
64,A1,0.256507117411363,0.013219165058023263,0.010049831337567533,0.026407596158828643,0.6938162900342176
64,A2,0.4982759866353347,0.05546475843179616,0.025181105046154686,0.03582892265606708,0.3852492272306473
64,A3,0.39053362831217114,0.02311184336498909,0.03332770022417665,0.06624727390957724,0.4867795541890859
64,A4,0.33683154439309926,0.015715620197385628,0.014379211825314375,0.014522469602537311,0.6185511539816634
64,A5,0.13304490063180774,0.7289126443106785,0.05216996952143376,0.04350824506062867,0.04236424047545151
64,A6,0.18899904908668982,0.02186083187114565,0.025619947930242217,0.04853810663323548,0.7149820644786868
64,A7,0.15259046991503916,0.5660273114944465,0.12859775774773122,0.09120380247667571,0.061580658366107675
64,A8,0.3522415468259079,0.3047861186466257,0.09010763732124795,0.05977482007780117,0.19308987712841713
65,A1,0.25286250273411587,0.01402848405939937,0.01002033860963669,0.026500653529496435,0.6965880210673516
65,A2,0.4982515257708767,0.05542987956152743,0.025155081780270393,0.036023087737247536,0.38514042515007796
65,A3,0.39119458527381895,0.023110261735402534,0.03292630664896934,0.06598166256519095,0.4867871837766182
65,A4,0.3359238130588001,0.015187013818091576,0.01423501247756015,0.014047613173274787,0.6206065474722734
65,A5,0.13358100520316493,0.7270314951411034,0.05374602920392212,0.04259612627870662,0.043045344173102844
65,A6,0.19029617796870188,0.021709566050278746,0.02652261246851318,0.048646473477228086,0.7128251700352781
65,A7,0.15424327274160776,0.568624438511734,0.12786712568108743,0.08826533958526774,0.06099982348030297
65,A8,0.3545332868844047,0.30395797321322726,0.09090970404710715,0.06006388005904046,0.1905351557962203
66,A1,0.25447370754247794,0.013852401328059897,0.009887105650611695,0.026680146398266963,0.6951066390805836
66,A2,0.4970434581919884,0.05673770542968382,0.02525696452424532,0.035431710642836275,0.38553016121124634
66,A3,0.39153750598659964,0.02449100027085387,0.033310438377733634,0.06606584260498655,0.48459521275982614
66,A4,0.3373524964060053,0.01639191977183656,0.014299481861751433,0.014185027677945222,0.6177710742824615
66,A5,0.13298024110477075,0.7287052440306245,0.052652657295712474,0.04245583776118719,0.04320601980770479
66,A6,0.19181104410213712,0.021518592429035248,0.025809157385599232,0.048217051218751625,0.7126441548644769
66,A7,0.15373636385945968,0.5662253129098274,0.12789449631478264,0.090924184688511,0.061219642227419296
66,A8,0.3536517832472679,0.3060304063229864,0.0896271091926347,0.05876781961201817,0.19192288162509274
67,A1,0.25404004390410395,0.01364041799993356,0.009794223461329481,0.026415548684553775,0.6961097659500793
67,A2,0.49815136721216136,0.05623576512825064,0.025741769131362145,0.03599112511568218,0.38387997341254365
67,A3,0.3913522096815576,0.02584069703016928,0.03312371887018138,0.06654433245969886,0.4831390419583931
67,A4,0.33800411152326165,0.01860547023763868,0.014200984029461844,0.014314718077547387,0.6148747161320904
67,A5,0.13334035525409568,0.7291986963776786,0.05301418466017448,0.041897736258688166,0.0425490274493631
67,A6,0.19024483242846957,0.022205786092843533,0.026407906135077368,0.04848290073484203,0.7126585746087676
67,A7,0.15498138452146618,0.5640222428779006,0.1296543449400198,0.0900719911441472,0.06127003651646634
67,A8,0.35560484080538324,0.3013576120080732,0.09084447707767268,0.05999287176994263,0.19220019833892837
68,A1,0.2557195191564139,0.013743493214186128,0.010389662380189318,0.02604680473785203,0.6941005205113587
68,A2,0.4991707055942401,0.05560664707966273,0.02509202984741773,0.035749809585208764,0.3843808078934707
68,A3,0.3902057011968869,0.025520992040656536,0.0325267856817713,0.06632196921117675,0.48542455186950834
68,A4,0.33664160861096215,0.018174620964077123,0.014104771611322047,0.014484954120078598,0.6165940446935602
68,A5,0.13251312420880376,0.7281491084332682,0.05455902208707712,0.04225094047608158,0.042527804794769204
68,A6,0.1884941557308958,0.0222308239219342,0.025447721055452274,0.04818783052050327,0.7156394687712145
68,A7,0.15205512137608934,0.5673223995126935,0.12892702653378,0.08983054769140492,0.06186490488603235
68,A8,0.3515826154306454,0.3058004692646683,0.08993299722777345,0.05888701982188178,0.19379689825503127
69,A1,0.25187963422442355,0.014341312148604249,0.010245568957828983,0.026288039058359476,0.6972454456107836
69,A2,0.4989662118360514,0.05559743779475885,0.025014569068897458,0.03605157367029839,0.38437020762999385
69,A3,0.39105126723769146,0.025365819042882373,0.03269423913740442,0.06582430578911211,0.4850643687929099
69,A4,0.3364815647257149,0.017347347343974185,0.014240457003311792,0.014219609632456913,0.6177110212945424
69,A5,0.13397641050512302,0.7273949350683616,0.05351140321061415,0.04258765073848611,0.04252960047741509
69,A6,0.19058565987261544,0.021974531146046448,0.026147121078693988,0.048696366449325894,0.7125963214533184
69,A7,0.1537293717134991,0.5636120306583757,0.12901280734842605,0.09166992297302912,0.061975867306669735
69,A8,0.3548489554477237,0.30149683766442603,0.09002032456513365,0.060980698324114735,0.19265318399860185
70,A1,0.25525493997216436,0.013942546407485159,0.00998915968363097,0.026530397735607867,0.6942829562011116
70,A2,0.4994787878768711,0.056318168325806675,0.02469901485674848,0.03596448183624107,0.38353954710433247
70,A3,0.3899723460320478,0.026595199272142312,0.03265566620051371,0.0655065184314112,0.4852702700638848
70,A4,0.3351754810847473,0.019571321255987793,0.014067747509289612,0.014124658276997284,0.6170607918729779
70,A5,0.13359080316332209,0.7270941542420253,0.05396424743582634,0.042494089433640136,0.042856705725185906
70,A6,0.18918191035489126,0.021934133240184644,0.025792710972096667,0.04802971219463091,0.7150615332381965
70,A7,0.15318507806196088,0.5656835300605292,0.12937740202631207,0.08996244735037433,0.06179154250082357
70,A8,0.35459105286584613,0.3027430989325973,0.09012997377186904,0.05962915037994007,0.19290672404974735
71,A1,0.254825478255513,0.013856461754917383,0.010243862418982301,0.026351949325319275,0.694722248245268
71,A2,0.4988994044008054,0.05401115722262003,0.02477960732041528,0.035834301350782596,0.3864755297053767
71,A3,0.39255455255650684,0.022899943393215785,0.03324450764265851,0.0662838006033394,0.4850171958042795
71,A4,0.3396583392641269,0.014950909485586363,0.0140482511314778,0.014362027969660244,0.6169804721491488
71,A5,0.13254757447034027,0.7267882837183144,0.05395975456795457,0.04347029600230187,0.04323409124108895
71,A6,0.1897322606534208,0.021476376155137266,0.025647266247668936,0.04872972012015613,0.7144143768236167
71,A7,0.15327633028045515,0.566564080321019,0.1288422312007186,0.08979769001376146,0.06151966818404562
71,A8,0.35287423204837254,0.30366496829148015,0.09059449257383542,0.060851760116359906,0.1920145469699519
72,A1,0.2531416355893738,0.013388085264412007,0.009847012694163475,0.02609141139256181,0.6975318550594888
72,A2,0.49854238095255154,0.05526192718659048,0.025076010925079065,0.035685518289884324,0.3854341626458946
72,A3,0.39288492396254393,0.023897763659334933,0.03340533863913428,0.06552531947201641,0.48428665426697065
72,A4,0.3390844758428454,0.016330833828250135,0.014211918499797574,0.014204031465214133,0.6161687403638927
72,A5,0.13233303005612837,0.7277803859530357,0.053498636535321595,0.04281136180440717,0.04357658565110709
72,A6,0.18913365348506495,0.021913809284448887,0.025659010783131396,0.04833055483237444,0.7149629716149803
72,A7,0.1539082995794882,0.5667688397114873,0.12712343107990343,0.09058726480093104,0.061612164828190166
72,A8,0.35293653145072956,0.30480926603109837,0.08990254206981847,0.05991498552809231,0.1924366749202614
73,A1,0.255115526438536,0.013457407437105275,0.009822640518297943,0.026534276720080425,0.6950701488859803
73,A2,0.49912626003238697,0.05580477020459162,0.02480256847808935,0.03617268851535063,0.38409371276958143
73,A3,0.3921797888448254,0.024716898043601634,0.032579480603248674,0.06552484473346915,0.4849989877748552
73,A4,0.3380819871941703,0.0170683777012355,0.014121955640164658,0.014292823423777017,0.6164348560406527
73,A5,0.13290229783408036,0.729744531028281,0.05326460297624191,0.04152431507154609,0.042564253089850776
73,A6,0.19068844146172703,0.021334117597936894,0.025181441764397846,0.04802985376122476,0.7147661454147136
73,A7,0.1533466083253251,0.5660965847432458,0.1295291328336348,0.08906384345113398,0.06196383064666042
73,A8,0.35243401171263544,0.3049907390333554,0.09041807845893354,0.05952352422049773,0.1926336465745779
74,A1,0.2530074983179177,0.013670476163507,0.010003038866301198,0.02633483228280102,0.6969841543694733
74,A2,0.5022698105958286,0.055232924044229255,0.024667697911699375,0.03556908371350447,0.38226048373473837
74,A3,0.3915250489369047,0.02282652150395759,0.03297437137360135,0.06597517902349241,0.486698879162044
74,A4,0.3376954433983951,0.01555207912193173,0.01418690304140501,0.013969527535022903,0.6185960469032455
74,A5,0.13206326324637582,0.7296323048845688,0.05262426714246925,0.04297944567632768,0.04270071905025864
74,A6,0.18927454945426617,0.022276660632677612,0.02603088275516085,0.048209982077018626,0.7142079250808767
74,A7,0.1528772829672701,0.5648348167585243,0.13104422693394982,0.09008713454946227,0.061156538790793705
74,A8,0.35551430047760635,0.302136532674289,0.09003224447526437,0.05945629241650577,0.19286062995633452
75,A1,0.2515752254612196,0.013773220535476012,0.009867386003976656,0.02674267839726507,0.6980414896020628
75,A2,0.4988191105954926,0.05452804618258878,0.02500536416938031,0.036010605593788915,0.38563687345874936
75,A3,0.39346450912542064,0.02194392308313822,0.03331885691706932,0.0661746105655857,0.4850981003087863
75,A4,0.3397190084019173,0.013867113902629645,0.014108098452925866,0.014324164254203634,0.6179816149883236
75,A5,0.13308136690521954,0.728040298831674,0.05316450074740615,0.043189896614080556,0.04252393690161986
75,A6,0.190156717414241,0.022103142121250974,0.025637548726590263,0.04772094528770181,0.7143816464502162
75,A7,0.1544838207384878,0.562715029191125,0.13003278712490152,0.0913419154435261,0.06142644750195975
75,A8,0.35483615274588615,0.302780734012226,0.09050765728510876,0.059741682598584415,0.19213377335819481
76,A1,0.2535190484791645,0.013744989307172394,0.009670027919217708,0.02656773176440836,0.6964982025300371
76,A2,0.5003276159466219,0.05528549474782487,0.025363743505160612,0.03601195355369484,0.38301119224669783
76,A3,0.3929156847120985,0.02362308199613336,0.03304875248297521,0.06569888980746645,0.4847135910013265
76,A4,0.33960256370137837,0.01596242376444701,0.014218756912860356,0.01431864737762917,0.6158976082436856
76,A5,0.13325789619819847,0.7274627418231495,0.053534162383276004,0.042935661744055484,0.04280953785132046
76,A6,0.1884133316480905,0.02210200125989296,0.025701586580405902,0.04796836185934164,0.715814718652269
76,A7,0.15283211525117701,0.5656309018278387,0.12880336524247532,0.09149133119269157,0.061242286485817525
76,A8,0.3538059059469808,0.30155872299299036,0.09102959526096545,0.060300998416292724,0.1933047773827708
77,A1,0.2517445016442713,0.013580507230739067,0.010089829060350117,0.026265988044169866,0.6983191740204698
77,A2,0.4995533297326641,0.055406292385541074,0.02538121979528076,0.03595741278596543,0.3837017453005485
77,A3,0.3889199459967011,0.025918650719976528,0.032955253770875076,0.06636323306858474,0.4858429164438624
77,A4,0.33455815174142295,0.018612447587643945,0.014131116999835231,0.014464060264180765,0.6182342234069171
77,A5,0.1321409281803901,0.7293698187236631,0.05424268371640147,0.04179147340742008,0.04245509597212526
77,A6,0.19191322385054485,0.021802892278052263,0.026226909664512656,0.048569249105027995,0.711487725101862
77,A7,0.1545047992959098,0.5654625650560521,0.12962051446167616,0.08934608018058794,0.061066041005773994
77,A8,0.35712137481141065,0.30220622807775194,0.09063907075619065,0.05984742409391395,0.19018590226073276
78,A1,0.25586788212594624,0.013965011785640543,0.009738624059306552,0.026585658553441138,0.6938428234756655
78,A2,0.5004397769261285,0.055352484575653116,0.024601287051037483,0.03593686448592595,0.38366958696125486
78,A3,0.39090864868551006,0.024397617534913738,0.03302672440341433,0.06677239537792778,0.48489461399823414
78,A4,0.3371861290666997,0.017231739277004585,0.014244355741526047,0.014392767814067703,0.6169450081007021
78,A5,0.132806420955571,0.7294357872749953,0.05242484115266952,0.042203393615596226,0.04312955700116792
78,A6,0.18870778306211983,0.021160350449970198,0.02618288714395159,0.04813926387923753,0.7158097154647209
78,A7,0.15209826285827285,0.5683329421929314,0.12784597747443077,0.09009228530362054,0.061630532170744504
78,A8,0.3538767815766516,0.30387395474873075,0.0905632100832053,0.05933943188680149,0.19234662170461114
79,A1,0.2536348095352955,0.01420445780384972,0.010264191394768538,0.02696931077132884,0.6949272304947572
79,A2,0.49927189388885823,0.054702989123180376,0.025500692213463398,0.03555315591844437,0.38497126885605343
79,A3,0.39238116871902246,0.021947031852567783,0.03295927177468398,0.06613381246602196,0.48657871518770385
79,A4,0.3383150607017748,0.014071877002739054,0.01416839078734982,0.014485858120212011,0.6189588133879245
79,A5,0.13288297136903462,0.7265123936377342,0.05408152706232666,0.04359240307206521,0.042930704858839375
79,A6,0.18945209151781117,0.02224222829483249,0.025984783749408817,0.04949862812511167,0.712822268312836
79,A7,0.15383744791957518,0.5656406915504046,0.1299732559781985,0.08957354160489678,0.06097506294692481
79,A8,0.3554949171966332,0.3025701772234254,0.09017228989813732,0.061368658191602234,0.19039395749020177
80,A1,0.25456155537658626,0.013609513066588084,0.010011759994686857,0.026061119593203043,0.6957560519689356
80,A2,0.49870917420962163,0.05546826209841635,0.025698292118481403,0.0358212995453738,0.38430297202810687
80,A3,0.3922224786539385,0.025000513052911556,0.033126815497351206,0.06675302411225023,0.48289716868354843
80,A4,0.3385088436897008,0.01790151192174205,0.014211628905557886,0.014327648948682528,0.6150503665343168
80,A5,0.13282135919299648,0.727696033365551,0.053390214556594144,0.04272726306333568,0.04336512982152297
80,A6,0.1890787167367263,0.0222462001343981,0.026265338572154545,0.048357255197829074,0.714052489358892
80,A7,0.1542272420859736,0.5647254287982861,0.13114936529206983,0.08822171561734811,0.06167624820632249
80,A8,0.35499009768685263,0.304885460056841,0.09004262829265089,0.05860450631506512,0.19147730764859028
81,A1,0.25256812187094246,0.013823920875656008,0.009736558479595495,0.026177349044499944,0.6976940497293062
81,A2,0.4960061381312902,0.05483145710246505,0.02542242968041254,0.03617851560343932,0.387561459482393
81,A3,0.3908485068999505,0.022925374386456303,0.03248347350698015,0.06599370230377416,0.48774894290283877
81,A4,0.3365041590148418,0.014818523082360528,0.014030516308713395,0.014244694297306145,0.6204021072967781
81,A5,0.13343095296284557,0.7288208460187366,0.05378451333726575,0.04154305834210333,0.04242062933904875
81,A6,0.19069172864895897,0.022531458122182726,0.02659471060982086,0.048422859045599946,0.7117592435734376
81,A7,0.15289185260617424,0.5651236758479946,0.12994287676655703,0.09113993097952289,0.060901663799751385
81,A8,0.35325719901927255,0.3054742502946196,0.09052575611613956,0.059727085012923155,0.1910157095570451
82,A1,0.2544542647269753,0.013677953422616582,0.010334949279950415,0.026077628722040704,0.695455203848417
82,A2,0.4999918778645678,0.055403655847108664,0.025236806558510558,0.035736594861660254,0.3836310648681529
82,A3,0.39112066971824344,0.023284918773968048,0.03366577722973329,0.06580110928200078,0.4861275249960546
82,A4,0.33687652682825286,0.015286831749142133,0.014103886522034415,0.014600003993729096,0.6191327509068416
82,A5,0.13183862303962418,0.729279244894302,0.05349421041165297,0.04240677334926162,0.04298114830515913
82,A6,0.1898823464248584,0.02211704120622445,0.026453127704148524,0.04858203058465896,0.7129654540801096
82,A7,0.1543695259386712,0.567278906123906,0.12723327420497843,0.08979170315385461,0.06132659057858994
82,A8,0.35245233442439844,0.30545525766921255,0.09012518171477098,0.061299274849526394,0.19066795134209177
83,A1,0.255134625481652,0.013980431868701444,0.010412026660946552,0.02651273838417992,0.6939601776045199
83,A2,0.4961849633602952,0.054999309141821814,0.025391211941223082,0.036352463778829586,0.3870720517778303
83,A3,0.39242958303921954,0.023958034972800205,0.03317912058092246,0.06645179273268556,0.4839814686743723
83,A4,0.3376097057574167,0.01664841744416661,0.01427319097244624,0.0143034207750049,0.6171652650509653
83,A5,0.134181169955694,0.7261728245790624,0.052753438001493166,0.04299770968167455,0.043894857782076066
83,A6,0.1890020211906758,0.022534975753073203,0.026431049305655176,0.048252757628470005,0.7137791961221257
83,A7,0.15409060538427685,0.5635101631124306,0.1293732816384992,0.09074052419760881,0.062285425667184646
83,A8,0.3519526387001438,0.30441981675893554,0.09074004792616844,0.059635346767134265,0.19325214984761768
84,A1,0.25269014003942114,0.013646680846603225,0.009840522513367611,0.026859466891526296,0.6969631897090818
84,A2,0.5002444352527409,0.05543786319277659,0.0251988542132258,0.03638512531046369,0.38273372203079303
84,A3,0.3906446447782985,0.022912163357085402,0.03373430690769058,0.06663034423733252,0.486078540719593
84,A4,0.3371184090448737,0.014561568501402729,0.014169756224800628,0.01454858640122748,0.6196016798276955
84,A5,0.13326496671455,0.7272471163040042,0.05357414159593518,0.042817347390764045,0.04309642799474666
84,A6,0.18939421156897257,0.022144919401637382,0.026005477364822244,0.04910097918787648,0.7133544124766913
84,A7,0.15231812440763703,0.5634922524143037,0.1305265195536114,0.09127070618869162,0.062392397435756496
84,A8,0.3546894477105488,0.30315776074716116,0.08883222617204697,0.059652848251903534,0.19366771711833958
85,A1,0.25115058006154944,0.013276279370793231,0.009950140833016657,0.026185580436363744,0.699437419298277
85,A2,0.49574631661386254,0.05483230607692423,0.02512724003898427,0.036304239867432996,0.38798989740279594
85,A3,0.39091002767340616,0.023551026596351585,0.03301050348543489,0.06600100019301858,0.4865274420517889
85,A4,0.3359400894328721,0.01613596274516738,0.014316876463859225,0.014133702439798796,0.6194733689183024
85,A5,0.13360351076046895,0.7263084749679355,0.054142699273110016,0.042707922686439914,0.04323739231204548
85,A6,0.18732683437852796,0.022100730607689602,0.026052223548430915,0.04843946821191749,0.7160807432534342
85,A7,0.15440299448956316,0.565117761562045,0.1273023652646289,0.09131075745445566,0.06186612122930721
85,A8,0.3539655942840805,0.3030700519951908,0.09045072633899309,0.0610421239141814,0.1914715034675541
86,A1,0.2519099787693333,0.01384364659682767,0.010271826417669288,0.02609229797756232,0.6978822502386075
86,A2,0.49892783031111704,0.0555155053844329,0.02544077365517895,0.03593075868684919,0.384185131962422
86,A3,0.3904800617178254,0.025119437880693422,0.03283892602304624,0.06661904631328064,0.4849425280651542
86,A4,0.33588173504223556,0.017406520210259648,0.014409433182629194,0.014343094705852402,0.617959216859023
86,A5,0.13361944548027094,0.726309584959558,0.05438400784289277,0.0429348727402338,0.04275208897704452
86,A6,0.18833324257121778,0.02156564914369164,0.025641435117316525,0.04818442023283258,0.7162752529349414
86,A7,0.15248522779796436,0.5654839905674318,0.1306743793839482,0.08906510904223354,0.062291293208422006
86,A8,0.353816275773149,0.30298589301212725,0.09113138508966734,0.0592170205572066,0.19284942556784992
87,A1,0.25383698149698536,0.013849431460126566,0.010155755450127642,0.02651063639412336,0.6956471951986369
87,A2,0.4980347531803447,0.055748637842521695,0.025271600836354643,0.03601262142576536,0.38493238671501384
87,A3,0.38915808278899217,0.025380113277606763,0.03286918222796707,0.06656251743869598,0.48603010426673804
87,A4,0.33402095620005257,0.017351968585471285,0.014400440066128681,0.014360287630734624,0.619866347517613
87,A5,0.13258483047081795,0.7280326562167774,0.052922581245056215,0.04377665841398655,0.042683273653361664
87,A6,0.19053317314558474,0.022212071507457413,0.025742126048068897,0.048877394587109046,0.7126352347117799
87,A7,0.15379258978407478,0.5636384355784051,0.1304970647292781,0.09026032423705344,0.06181158567118849
87,A8,0.35052370045799247,0.3052752329896372,0.09022376452095168,0.06073133506340832,0.19324596696801039
88,A1,0.25281436114749967,0.01380213143850831,0.010123364526992026,0.026213614419191435,0.6970465284678087
88,A2,0.4963905266928287,0.0563568821766449,0.024974943145031802,0.035847510554041076,0.38643013743145355
88,A3,0.39098876732682597,0.025333505184592594,0.03256729447063773,0.0663168773413674,0.48479355567657656
88,A4,0.33622729286940456,0.017789702140552522,0.014315978671626463,0.014072705528290524,0.617594320790126
88,A5,0.13296406721681506,0.7275230524998229,0.05413402663233309,0.043214426769498285,0.04216442688153078
88,A6,0.18960048260687867,0.02193766426849123,0.025975956101068506,0.04824360508747156,0.7142422919360901
88,A7,0.15494186523968836,0.564208921126898,0.12745467109081676,0.09134410172526526,0.06205044081733173
88,A8,0.35411311623043307,0.3039053501687845,0.09053568318062115,0.059810045350875675,0.19163580506928563
89,A1,0.25512314724416063,0.013159723530647588,0.010033424509649861,0.026378517200950753,0.6953051875145912
89,A2,0.49768558483771785,0.05549771751117284,0.025461355667181818,0.036397600856170075,0.38495774112775755
89,A3,0.39040765969444435,0.023655953411242377,0.03257148548827809,0.06577644726217541,0.4875884541438598
89,A4,0.33541086378368484,0.016217679788856236,0.01406576733511346,0.014395273093011158,0.6199104159993344
89,A5,0.13359539159100461,0.7266873165829764,0.05320837008739757,0.04340062429584457,0.04310829744277703
89,A6,0.1884750092588093,0.02245463561409421,0.025947236667945052,0.04811641949930391,0.7150066989598476
89,A7,0.15345533419669116,0.5643069302009794,0.12903978964037724,0.09086422612091834,0.06233371984103389
89,A8,0.35360584453794286,0.30267317377912667,0.09013057819853403,0.059682874405508554,0.19390752907888792
90,A1,0.25750790321657496,0.013481115612585914,0.0098230352582256,0.026967127265846474,0.6922208186467672
90,A2,0.4988005040327692,0.05517715818563538,0.024725507791583536,0.03562448305288149,0.38567234693713043
90,A3,0.39138579012178343,0.02255546142303009,0.03281548130519176,0.06614275685206027,0.48710051029793455
90,A4,0.3366213666317593,0.0156775389312493,0.014252979092505388,0.014187323460886081,0.6192607918835998
90,A5,0.13183931317732867,0.7289723071109765,0.05325168537053983,0.04308944370888171,0.04284725063227323
90,A6,0.18937400509614885,0.021802460466976186,0.02662164765664576,0.04909798074161499,0.7131039060386141
90,A7,0.15498050158165358,0.5624654529426615,0.13047421357832795,0.08951605246609011,0.06256377943126645
90,A8,0.35427284422454175,0.30394018306934023,0.0895981345574708,0.05908436958368532,0.1931044685649618
91,A1,0.25405465103422126,0.013540065176696064,0.009800341818414347,0.02646810349434022,0.696136838476328
91,A2,0.4980799099071846,0.05489541890609977,0.02553049188187088,0.03586658774892986,0.385627591555915
91,A3,0.3912827353328776,0.023190391712010754,0.03342379334200025,0.06597210264870193,0.48613097696440954
91,A4,0.33750405711320536,0.015796176616717613,0.013943832505196046,0.014446895656376225,0.6183090381085051
91,A5,0.13374286993973586,0.725457734508428,0.054099164330340774,0.043810911306009635,0.04288931991548574
91,A6,0.18883409378914826,0.02237494698820487,0.025942098001944146,0.04872437788979926,0.7141244833309034
91,A7,0.15368295181923097,0.5662873904629766,0.12847844823666602,0.09038949790177028,0.06116171157935612
91,A8,0.35379083617014906,0.30273171387672176,0.09106704843177613,0.059740961996253006,0.19266943952510007
92,A1,0.25387747021658813,0.013809578010925826,0.010152904461957182,0.026516942885137847,0.6956431044253908
92,A2,0.49828135843133964,0.05623693369998389,0.02508599242058905,0.03535128157255933,0.3850444338755282
92,A3,0.39259868762896005,0.026755877110658004,0.033000371220418705,0.0656294283147434,0.48201563572522
92,A4,0.338928219877917,0.01954956949066752,0.014203895226835288,0.014503359883865521,0.6128149555207149
92,A5,0.13167379997984743,0.7285941630249659,0.05455479228936805,0.041625382055115547,0.043551862650703044
92,A6,0.18959479989287856,0.021890054641571066,0.025680027082970826,0.04821779311774196,0.7146173252648377
92,A7,0.15137007472715436,0.5669503962665173,0.131724825526255,0.08830142727704275,0.06165327620303056
92,A8,0.35662047453034923,0.3029524144311021,0.08869916879174881,0.06021061092806877,0.19151733131873094
93,A1,0.2543978015228435,0.01345457289522269,0.010066300174907103,0.026312844310479273,0.6957684810965475
93,A2,0.4977928924919396,0.05498134407030084,0.025107383164287345,0.03614444162313259,0.3859739386503398
93,A3,0.39120917654147863,0.021454754782134593,0.03288587309672118,0.06626719930653406,0.4881829962731315
93,A4,0.3365779047942613,0.013337876538797859,0.013902372229748024,0.014351399934142558,0.6218304465030504
93,A5,0.1323765384411335,0.7263538057683532,0.05357220982748252,0.044183807046781765,0.043513638916249035
93,A6,0.18918814196360523,0.022186478733840678,0.026254705802814596,0.04798948592690879,0.7143811875728306
93,A7,0.15389246660740527,0.5656967378638948,0.12934355854135463,0.08983682639574123,0.06123041059160388
93,A8,0.3545703239368619,0.301960832571165,0.09102414026449432,0.06040114071451878,0.19204356251295981
94,A1,0.25307267671812456,0.013508971403567799,0.009727401953486894,0.026615952926047376,0.6970749969987732
94,A2,0.4971285656379363,0.05517947850612898,0.02472690511643206,0.03627006308826994,0.3866949876512325
94,A3,0.39119250306001047,0.022455920684197436,0.032493030987112266,0.06688167306345649,0.48697687220522307
94,A4,0.33749252642004374,0.014520384505544536,0.014189258107582824,0.014429296852139046,0.6193685341146898
94,A5,0.1316545605967639,0.7309296939339551,0.053290417415821335,0.0422025031343188,0.04192282491914069
94,A6,0.18896568236258512,0.02193927998786821,0.025917591780797652,0.04818823942796833,0.7149892064407808
94,A7,0.15252359098735457,0.5671533800888107,0.12751764281315195,0.09099365733513305,0.06181172877554965
94,A8,0.3524867689894957,0.3050911571355822,0.09012186958223271,0.0596502621202509,0.19264994217243853
95,A1,0.2560070645136047,0.014005297036239619,0.010179732675740573,0.02644943007947341,0.6933584756949417
95,A2,0.5016174941279291,0.05525418271111003,0.02532819982391965,0.03571909617556294,0.3820810271614781
95,A3,0.39173762234196113,0.022753237499602577,0.03272544126631121,0.06600042756524967,0.4867832713268756
95,A4,0.3368095142301418,0.01460655723671499,0.014091757044602997,0.014232195374514096,0.6202599761140263
95,A5,0.13256261718265927,0.727454865586049,0.05356357154163095,0.043542391876796434,0.04287655381286439
95,A6,0.18971289477856987,0.022173084410025808,0.02593680245983283,0.04811986111707072,0.7140573572345007
95,A7,0.15314314275217222,0.5658281930561828,0.12816751667816845,0.09067198185882748,0.06218916565464902
95,A8,0.35422434456615054,0.3034125608197144,0.08974599580274635,0.059507117913749547,0.19310998089763895
96,A1,0.2551061323703511,0.014087640332475086,0.00974913545200225,0.026323846987077616,0.694733244858094
96,A2,0.5009410016264214,0.055152469174838424,0.02478862973971085,0.03591382338301115,0.3832040760760182
96,A3,0.39272217637258666,0.02500628336849846,0.03254799772955358,0.06686819924799114,0.4828553432813703
96,A4,0.33896846383550616,0.01760498093667349,0.013800036058492483,0.014022075692427865,0.6156044434768998
96,A5,0.1333973104391707,0.7274879165257768,0.053953261245492164,0.04288299770355009,0.042278514086010306
96,A6,0.18916749911275205,0.022117910254006525,0.02572507830999933,0.047758035937844105,0.7152314763853982
96,A7,0.15342656462694104,0.5652042984485329,0.1297284632171483,0.08989123705010621,0.061749436657271395
96,A8,0.351371345781899,0.30431110402583506,0.09069178276011916,0.059874659758373784,0.1937511076737728
97,A1,0.2539130150719625,0.013754447631589388,0.009977134079814981,0.026829079340392598,0.6955263238762406
97,A2,0.499699896308452,0.055212659937388636,0.025387198177986466,0.03596373741625214,0.38373650815992083
97,A3,0.39193097716023845,0.02469120284516598,0.03235022962812789,0.06584333888382586,0.48518425148264166
97,A4,0.33693503134400504,0.016800237324052975,0.013731954830860173,0.01452522542563892,0.6180075510754429
97,A5,0.1318868267778083,0.7276853550795873,0.054354282818289815,0.04312466946049295,0.04294886586382158
97,A6,0.1890053847206857,0.022167823623127525,0.02589630183925275,0.04811128055062135,0.7148192092663128
97,A7,0.15276088695310894,0.5658394323440963,0.13012297972529505,0.08989077311805432,0.06138592785944548
97,A8,0.3536022045680703,0.3052597303682587,0.08986871749128289,0.05983146297071551,0.1914378846016724
98,A1,0.25224087594444,0.013827474100056289,0.00984429588873633,0.026368879516231587,0.6977184745505356
98,A2,0.49779612190355255,0.055400246766603316,0.024825721105262648,0.03583190927890173,0.38614600094567975
98,A3,0.3912772652529226,0.022561201463432823,0.03292842694867884,0.06687576607093323,0.4863573402640325
98,A4,0.33694296715050426,0.014105974565032278,0.014181546233633723,0.014559472376606274,0.6202100396742234
98,A5,0.1336111496499455,0.7268143768695088,0.054501886404585885,0.04294145638297399,0.042131130692985935
98,A6,0.1902935344339071,0.02218089223658008,0.025740590880147896,0.04806122688630624,0.7137237555630588
98,A7,0.15290249102843903,0.5662448466775086,0.12914625444958128,0.09050719029845508,0.061199217546016
98,A8,0.3516959986146924,0.3035473749661601,0.09035302839319936,0.059921213312661384,0.19448238471328647
99,A1,0.2551977677259733,0.013588522696533767,0.010197507673474554,0.026458782610272836,0.6945574192937455
99,A2,0.49836255149045927,0.05523913676130972,0.025509124395588768,0.0354124978227837,0.38547668952985853
99,A3,0.39071908367641217,0.0251517466767572,0.03354626532881707,0.06647184454255263,0.48411105977546115
99,A4,0.33781460621901105,0.01780669293911692,0.013992244942414314,0.01423372182977505,0.6161527340696827
99,A5,0.1345622514397208,0.725490590859859,0.05416122450690414,0.04242272311713271,0.04336321007638337
99,A6,0.1863929050767856,0.021980974768089502,0.025995423047625123,0.04842421480781971,0.71720648229968
99,A7,0.15347040965020226,0.5656974488194061,0.12819757707363696,0.09132921439624597,0.061305350060508794
99,A8,0.3531892926551309,0.30547673203450665,0.08992872110476678,0.059148167861528156,0.1922570863440674
100,A1,0.25524812080555753,0.013244313019285277,0.01027441146943853,0.026523126934052677,0.694710027771666
100,A2,0.4958792165175642,0.05625343529671625,0.025457573923253658,0.035671601204074366,0.3867381730583918
100,A3,0.39153241538851463,0.025032523603300338,0.03303926966979815,0.06695901170173614,0.4834367796366506
100,A4,0.33613703882192936,0.018496606006162344,0.014184542406348992,0.0146339998584353,0.6165478129071241
100,A5,0.13121499117657415,0.7302071100191013,0.05343914058422789,0.04324329603459274,0.04189546218550375
100,A6,0.1905308720848369,0.022611162871158035,0.02608863954847148,0.04833349358549089,0.7124358319100427
100,A7,0.15332380101311988,0.5640678538543863,0.12995462953895393,0.0907535786133214,0.06190013698021836
100,A8,0.3530857402276537,0.302812896852173,0.09090685555319758,0.05999925604314057,0.19319525132383497
101,A1,0.2531829616557894,0.014099231512106259,0.010000227686981732,0.026802054142867963,0.6959155250022547
101,A2,0.49833361935152204,0.05570331676587466,0.025376999681190664,0.03591365045655524,0.3846724137448574
101,A3,0.3920311614214451,0.023242124486573514,0.033571001862488785,0.06625453646211547,0.484901175767377
101,A4,0.33828493585213054,0.015997221747536417,0.014300558472040596,0.014181304135039667,0.6172359797932528
101,A5,0.13121200198175823,0.7302042800796124,0.05332801434933671,0.04268281548173426,0.04257288810755846
101,A6,0.1882417795671013,0.022274733887760544,0.02567356381650808,0.047868589994773045,0.715941332733857
101,A7,0.15361818021018564,0.5668307896518369,0.1272119030461142,0.08998906695017637,0.06235006014168672
101,A8,0.3526461772569894,0.3041914640436829,0.09122954159353053,0.05952557566957737,0.19240724143621962
102,A1,0.25210024338961656,0.01417381952317588,0.010182169185783239,0.0266295750773054,0.6969141928241188
102,A2,0.4955147660141948,0.05610780092304895,0.025105180009510387,0.03632718925107053,0.38694506380217525
102,A3,0.38952946144427447,0.024966108211424948,0.03428207369000716,0.06680897955954197,0.48441337709475135
102,A4,0.3362420458015082,0.017916210108323245,0.014049409525342829,0.014592262352437367,0.6172000722123883
102,A5,0.1325029298765586,0.7263529429694019,0.053660224108271815,0.04383038811467947,0.04365351493108813
102,A6,0.1901294926572965,0.02243851178756821,0.026559833482980865,0.04843781478558759,0.712434347286567
102,A7,0.15272551410737262,0.5655659581806131,0.13193830752880564,0.08827214639753794,0.06149807378567051
102,A8,0.3550295967070851,0.3011392086306769,0.09080261015589967,0.060425371307794414,0.19260321319854398
103,A1,0.2537163580214692,0.013537066451249448,0.00987698836779739,0.026114065607311505,0.6967555215521724
103,A2,0.4989928795670291,0.05421652394334175,0.025423852061324546,0.03609374124688289,0.38527300318142166
103,A3,0.3911037215928044,0.021343506735877243,0.03279907897799207,0.06639317870005192,0.4883605139932743
103,A4,0.33702569719284314,0.012973489045532702,0.014472874929242433,0.014296513601030831,0.6212314252313509
103,A5,0.1325534982393511,0.7283541513179655,0.05299923542981815,0.043788255504906885,0.04230485950795822
103,A6,0.1902544919782003,0.021713444114250812,0.025755331945368193,0.04860356873653857,0.7136731632256421
103,A7,0.15443739550767865,0.5644276861931653,0.12980530252601816,0.0900301542203604,0.06129946155277757
103,A8,0.3548395756013678,0.30370199319071567,0.08952983162463046,0.06007132239260912,0.19185727719067694
104,A1,0.25245181581873155,0.013806738961970846,0.010018548230112216,0.026522367014849023,0.6972005299743365
104,A2,0.4983548221452692,0.05614345109547274,0.024914797478948522,0.035723126843868365,0.38486380243644114
104,A3,0.38838236101573137,0.025523217658679292,0.03317461958356497,0.06722978268862367,0.48569001905340087
104,A4,0.33353191947991706,0.018145352643839874,0.014244125188295528,0.014305571635136752,0.6197730310528108
104,A5,0.13279528093547935,0.7271962065671008,0.05275293396614821,0.044230001128794515,0.043025577402477075
104,A6,0.1883650699870115,0.022222319502110472,0.02628205539111198,0.04860272624209453,0.7145278288776716
104,A7,0.15252380376371655,0.5676239639074792,0.1263963716053953,0.09205462124506913,0.06140123947833974
104,A8,0.35497549144196483,0.3028380514215497,0.09079225952759408,0.06002436888116342,0.19136982872772815
105,A1,0.25289718232403663,0.013783125593976311,0.010336244890060454,0.026260905426216462,0.6967225417657098
105,A2,0.49848883579709014,0.056341223608036235,0.024917609221878304,0.03669783294060556,0.38355449843238976
105,A3,0.3937487743493442,0.02412348776671068,0.032556367805667036,0.0662263095111748,0.48334506056710325
105,A4,0.34044380426608734,0.0160209172400823,0.014180269433165542,0.01436826044095636,0.6149867486197086
105,A5,0.13255622709351395,0.7275814307172392,0.05348638082125204,0.04321830369739319,0.04315765767060168
105,A6,0.18977520694511937,0.02239277357161408,0.025539263907367587,0.048567196785045556,0.7137255587908534
105,A7,0.15468374556837808,0.5667847278681908,0.1258465463286075,0.09087103031633224,0.0618139499184913
105,A8,0.3546695822547928,0.30469343883028477,0.0907578068365877,0.05947632579476453,0.19040284628357032
106,A1,0.25564125154799894,0.014305447968191316,0.00992481089269209,0.026842314785685193,0.6932861748054325
106,A2,0.498145379494367,0.055528904401852285,0.025522717605933044,0.03584547913666139,0.3849575193611865
106,A3,0.3934809809408903,0.023274673402820155,0.03307474853220233,0.06644257502058254,0.48372702210350466
106,A4,0.3384486862108618,0.0157651618652514,0.013992526273608365,0.014197126735353123,0.6175964989149251
106,A5,0.13276908966987858,0.7270182860694463,0.053650946033028446,0.04319212322255532,0.04336955500509119
106,A6,0.19017490976307305,0.022143737663072285,0.026344718022690852,0.04773505903722193,0.713601575513942
106,A7,0.1531728330511349,0.5627162335297948,0.13158592685377554,0.0907221761499911,0.061802830415303434
106,A8,0.35399911407391826,0.30347437120748083,0.09099838990069758,0.060273561547737164,0.19125456327016593
107,A1,0.25550853068184665,0.013635368988536508,0.010353182651733739,0.026466156590056772,0.6940367610878261
107,A2,0.49896407249306757,0.05512200954499884,0.025291527571796712,0.03568965716547744,0.38493273322465943
107,A3,0.39304379964008157,0.02299943550305102,0.033635111412229635,0.06582311914548918,0.48449853429914846
107,A4,0.3394426491933802,0.015487133346733777,0.014346383031505419,0.014320103828335122,0.6164037306000453
107,A5,0.13263378455371183,0.7287596048020992,0.053855042320616324,0.04200606768143808,0.04274550064213446
107,A6,0.1871368278855098,0.022323424984784263,0.026005643501608975,0.04878297273520714,0.71575113089289
107,A7,0.15212078878488294,0.5642606379698643,0.13054223107000718,0.09079698429458488,0.06227935788066082
107,A8,0.35164793630117175,0.30413307234747766,0.09055358999422514,0.060216357061450024,0.19344904429567553
108,A1,0.25378736233534177,0.013766622594420744,0.009451516368155473,0.026526608031622434,0.6964678906704593
108,A2,0.49598675569915635,0.055184177060589985,0.02613507585778533,0.03610490211766157,0.3865890892648068
108,A3,0.3915785240269225,0.022973683290568786,0.03316773572739298,0.0659916543895725,0.4862884025655431
108,A4,0.3362023803930556,0.015726343043886464,0.014299209086383527,0.014577409195083059,0.6191946582815914
108,A5,0.13333394775012714,0.7284633360257394,0.05326428020595285,0.042356335921747576,0.042582100096432894
108,A6,0.1903663400982701,0.02168182130615902,0.02639857014518933,0.04832670935472857,0.7132265590956529
108,A7,0.15414711578217133,0.5663545330192311,0.12682626627614876,0.09108622103455677,0.061585863887892
108,A8,0.35322242766213074,0.3046735836213289,0.09026506511048125,0.06066569497095217,0.19117322863510672
109,A1,0.25403575876733214,0.013759020828083942,0.009790094701511489,0.026520927732749597,0.6958941979703229
109,A2,0.497295645921659,0.0547267219536401,0.024986838947354338,0.035957041688318286,0.38703375148902824
109,A3,0.3917105059556812,0.02204456924614954,0.032891590457405986,0.06602809001186086,0.4873252443289025
109,A4,0.33690862268708094,0.014718503955337662,0.01396640339946133,0.014177875927839891,0.62022859403028
109,A5,0.13303252761994622,0.7281552441585675,0.05369894733334896,0.04191801706007625,0.0431952638280611
109,A6,0.1911031189754633,0.022702933804880178,0.026077161084426766,0.047993811911573196,0.7121229742236566
109,A7,0.15337975790688893,0.5634511834196977,0.13095065495620498,0.09046732464355828,0.06175107907365003
109,A8,0.3539745012506596,0.3024353270171594,0.08982031721573207,0.06030008784793748,0.19346976666851146
110,A1,0.2515408096443624,0.01357288085081098,0.010313246775174442,0.026628737154109954,0.6979443255755422
110,A2,0.4998483699965603,0.05573351275000701,0.025176733132245565,0.035453948037325725,0.3837874360838613
110,A3,0.3913305708440202,0.022803164542700385,0.03301977788790962,0.06595080826787192,0.4868956784574978
110,A4,0.3376020706718991,0.014280874864570449,0.014048126323326436,0.014398846123616294,0.6196700820165875
110,A5,0.1331963417852423,0.72693136624638,0.05428710086533588,0.04239131527442437,0.043193875828617265
110,A6,0.1900311334506449,0.021820857747373197,0.025498809225935542,0.047922809211485,0.7147263903645615
110,A7,0.1526166853432189,0.5686695717573393,0.12666028260132345,0.0899027383235315,0.062150721974586855
110,A8,0.3535093501540114,0.3037788101582131,0.09039092947654866,0.060060224900390584,0.1922606853108363
111,A1,0.25175688771689886,0.013799553508009795,0.01029887355100677,0.026350170032503777,0.6977945151915808
111,A2,0.4969538224392242,0.05513279820479673,0.02524873027242548,0.03560747723674662,0.387057171846807
111,A3,0.38950247591402676,0.023226449494057357,0.033453569629985906,0.0659987309864986,0.48781877397543144
111,A4,0.3351499843056806,0.015652713596586328,0.014197769765411707,0.013975304984332554,0.6210242273479889
111,A5,0.13188135499283854,0.7282776764204125,0.05351644519832477,0.04327444528603633,0.0430500781023877
111,A6,0.19101670639522372,0.021891837375113337,0.025487166826189865,0.047859404318333826,0.7137448850851391
111,A7,0.15203111508015404,0.5680564883600885,0.12884875699952944,0.09010330123653097,0.06096033832369721
111,A8,0.3526916880633348,0.3049436774346485,0.08961752491143862,0.06013463879515677,0.1926124707954212
112,A1,0.2537236669402211,0.01404894090365292,0.01019415390510099,0.026595031339665825,0.6954382069113593
112,A2,0.4975377259322215,0.0555431707693019,0.02519793420844961,0.03574692062222187,0.38597424846780504
112,A3,0.39077261996765755,0.02487374497157257,0.03279269575378707,0.06625760433246332,0.48530333497451944
112,A4,0.33564952879364407,0.018215404364873646,0.014033688545771316,0.014447758716676733,0.6176536195790343
112,A5,0.13239723996280267,0.7282134736451389,0.05269379662675468,0.04312881125660212,0.04356667850870165
112,A6,0.19066378456478472,0.021903490589156457,0.02595361644029512,0.04831560407471181,0.7131635043310518
112,A7,0.15292747258106362,0.5682426860762246,0.12872353695884584,0.0883645895896045,0.06174171479426149
112,A8,0.3531963007603395,0.3034872478207128,0.09157850690274334,0.05958149261570252,0.19215645190050162
113,A1,0.2503878452938624,0.01314122080950066,0.00998257410490352,0.026315360145028634,0.7001729996467048
113,A2,0.49898893193541716,0.05555349322125071,0.024895408499498214,0.03613770015849891,0.384424466185335
113,A3,0.39252027900489017,0.023533926101898077,0.03281747263198948,0.06639432498594738,0.484733997275275
113,A4,0.3381453507067919,0.01480457753278524,0.0142497834611349,0.014636247433120458,0.6181640408661673
113,A5,0.13314068956580108,0.7259850099318896,0.05447485903108178,0.04339673377823731,0.04300270769299033
113,A6,0.190023685693955,0.02091120047003047,0.026120896879170658,0.04889620346191193,0.714048013494932
113,A7,0.1519711961958856,0.5671468653279783,0.1296074033374297,0.08878322307919154,0.06249131205951465
113,A8,0.3526719747639535,0.30305838102262933,0.09037339681247492,0.05944063803224168,0.19445560936870065
114,A1,0.25238211406945693,0.013516528107553064,0.00995763536100924,0.02658069690908689,0.6975630255528937
114,A2,0.4996129169601068,0.05516278141749152,0.025032264992515308,0.03562395972684378,0.38456807690304257
114,A3,0.3914075375471423,0.024738621792572153,0.032984333241847706,0.06580771660301517,0.4850617908154226
114,A4,0.3369101963901243,0.017164147389970755,0.013813599187440056,0.014056999751406389,0.6180550572810587
114,A5,0.13341659905003378,0.7261951170361121,0.05420449814648457,0.042939467869804696,0.04324431789756487
114,A6,0.19076587698325823,0.021900791539024536,0.02605576660245886,0.048717535059927014,0.7125600298153314
114,A7,0.15324862511938267,0.5633069581488318,0.1301926251793558,0.09066086651029691,0.06259092504213262
114,A8,0.3534821459964768,0.30412224415436645,0.09087031565146393,0.05999980804152837,0.19152548615616438
115,A1,0.25448798934278594,0.01392962065182259,0.009968794932363134,0.02611426397945517,0.6954993310935731
115,A2,0.49993530514800677,0.05503912684793052,0.026119745153133065,0.03546216340166897,0.38344365944926084
115,A3,0.3902256818055326,0.0234899340136825,0.0330568260545602,0.06667516378659771,0.486552394339627
115,A4,0.3362368492325163,0.01528365129036737,0.014163268389499516,0.014610973380212592,0.6197052577074041
115,A5,0.1323487366841422,0.7288856631437488,0.05349519641773335,0.0427270547198675,0.04254334903450833
115,A6,0.1892967513537988,0.021697183976561077,0.025677160425857003,0.048458094228541054,0.7148708100152421
115,A7,0.15152295886233463,0.5679193473407307,0.12947387886357434,0.08935995099446525,0.06172386393889502
115,A8,0.35368831691939606,0.3032910041575799,0.08991786766512097,0.06003728879406077,0.19306552246384204
116,A1,0.25316535026527637,0.013380773700803792,0.009797441509300026,0.02655275974510785,0.6971036747795121
116,A2,0.49626957887329426,0.05582908103835545,0.02531499446320619,0.03628871302048086,0.3862976326046633
116,A3,0.3911320458788235,0.026546043527530858,0.03317769024550309,0.06577443144971137,0.48336978889843124
116,A4,0.3370909898672854,0.019354774726199186,0.014428361098611862,0.014020283462663184,0.6151055908452403
116,A5,0.13253708468430275,0.7268800715974199,0.05435182876537625,0.04298864154012182,0.04324237341277944
116,A6,0.1884713743365959,0.022376189207973227,0.02588304978039714,0.04796095101229982,0.715308435662734
116,A7,0.15477987570246857,0.5670755728313641,0.12864030703678772,0.08857876385277058,0.060925480576609015
116,A8,0.35322455255507984,0.3045617900984363,0.09072783935275464,0.05984542332302844,0.19164039467070065
117,A1,0.2547760407483249,0.013345271185882876,0.010038644488642296,0.026333175032134292,0.6955068685450156
117,A2,0.4979647569975957,0.055417068617852,0.025328310822019737,0.035489972131262634,0.38579989143126975
117,A3,0.3902191858141242,0.023662744692676107,0.03325990839444161,0.0665880294286493,0.48627013167010885
117,A4,0.33711441939790554,0.01632835987208852,0.014081937931680211,0.01411401490096377,0.6183612678973618
117,A5,0.13263088186334848,0.7282687071323481,0.053127014147732014,0.04283664328317244,0.043136753573399154
117,A6,0.18951353032672769,0.022180581574686723,0.025239107330669353,0.04844624159861925,0.7146205391692969
117,A7,0.1541169639241014,0.5650084542727274,0.12793190372913676,0.09053895150179289,0.062403726572241684
117,A8,0.35435171038656954,0.301541809228931,0.09008751092708377,0.06059564436206845,0.1934233250953472
118,A1,0.25568810386564156,0.013898509609892286,0.01033019682895105,0.026577332708153847,0.6935058569873612
118,A2,0.500315682957325,0.05585127513691223,0.02513432934398861,0.03612267474351157,0.3825760378182627
118,A3,0.39336355859099553,0.02493073769907416,0.03253564417993182,0.06590303485677847,0.4832670246732199
118,A4,0.33947027622183423,0.017552097787037663,0.013967104002249178,0.014368554094852182,0.6146419678940267
118,A5,0.13325415340678412,0.7262708976934017,0.05358467996242966,0.04417403120924682,0.04271623772813778
118,A6,0.1888594816434322,0.0224098175220214,0.02556612471324721,0.04800738689101631,0.7151571892302828
118,A7,0.15242641817491204,0.5651565263022561,0.13067435929358795,0.09057673852559053,0.06116595770365306
118,A8,0.35462370976207014,0.30253060206854365,0.09074801320281972,0.05987106654431418,0.19222660842225225
119,A1,0.2547551578203313,0.013765847572451119,0.010069936582876304,0.02628967900562705,0.6951193790187142
119,A2,0.49809633617695664,0.055741499478230906,0.024851966503263767,0.03595021922953371,0.38535997861201504
119,A3,0.3916796542983596,0.024687125798013507,0.0326375949255267,0.06603546515091172,0.4849601598271885
119,A4,0.3374921507169273,0.017979129560067957,0.014164709952120477,0.01426783412498687,0.6160961756458975
119,A5,0.13292142355963638,0.7278111545318011,0.053253839325102366,0.04227941845263293,0.043734164130827174
119,A6,0.1894471844578996,0.022224260702234544,0.026004907611319343,0.0479359971846538,0.7143876500438927
119,A7,0.15427591829238868,0.5666377113904216,0.1275287109308839,0.09018370893594205,0.06137395045036369
119,A8,0.3536017077154332,0.30531474202206665,0.09023665666611597,0.05983069221535607,0.19101620138102826
120,A1,0.2556903504285063,0.013754370121197937,0.009872552746434662,0.02643477691247839,0.6942479497913827
120,A2,0.4992153546557186,0.05523082740712015,0.025275351342831355,0.03553826786965271,0.38474019872467713
120,A3,0.39017870655016407,0.023398889529998804,0.03303851642311742,0.06576888182239182,0.4876150056743279
120,A4,0.3346172543205878,0.01585225620686775,0.014379638643691222,0.014325399035902625,0.6208254517929506
120,A5,0.1327820179742593,0.7287796412599687,0.05358421807529684,0.04209363073946272,0.042760491951012634
120,A6,0.1887845975754741,0.022012606716802004,0.025849054868385107,0.04922106864018607,0.7141326721991526
120,A7,0.15311119842959725,0.567829772646008,0.12819724717497027,0.08890119807002735,0.06196058367939717
120,A8,0.3517250835157349,0.30400703503390547,0.09115399263828079,0.059906066579745065,0.1932078222323338
121,A1,0.2558518500732109,0.014011307041336879,0.009940902279324587,0.026491953512672424,0.6937039870934552
121,A2,0.49891320158233565,0.05531194780951212,0.025147945421656943,0.03542207323691069,0.3852048319495844
121,A3,0.39132884299220755,0.024368686325297192,0.03282711125749498,0.0655254981275207,0.48594986129747947
121,A4,0.3360520080664476,0.017687935962636386,0.014175042774176696,0.01412460166244809,0.6179604115342915
121,A5,0.13377026601866154,0.7279502374880175,0.05288423658561039,0.04239630414871582,0.04299895575899473
121,A6,0.19017540787798035,0.021434427534590936,0.025705455159789656,0.04835598376846345,0.7143287256591756
121,A7,0.1531872512211997,0.5640717775772993,0.1310260842637105,0.0896785012551425,0.062036385682648
121,A8,0.35432920463397655,0.30437362870402285,0.08988204640978427,0.05907717850581766,0.1923379417463987
122,A1,0.25247736511100644,0.0135730025196299,0.009684134233993455,0.026424372606483785,0.6978411255288864
122,A2,0.49671999931339195,0.05569223739213213,0.025890050175923822,0.03595482153088886,0.3857428915876633
122,A3,0.3896584317851335,0.02349596128726581,0.03323245945486347,0.06615035523812597,0.4874627922346112
122,A4,0.3347852035158551,0.016750965392069158,0.01443711880535907,0.014050134795913306,0.6199765774908034
122,A5,0.1318839956387451,0.7288058209089184,0.05382311791966983,0.04292233278326675,0.0425647327493996
122,A6,0.18973240718809894,0.022103526917937086,0.026199286218584295,0.047600592792950334,0.7143641868824294
122,A7,0.15377165773815257,0.5610785685990582,0.1321541713520103,0.09098674899272259,0.06200885331805635
122,A8,0.3527161041451279,0.3020441822665366,0.0912749792077433,0.06014741298571779,0.19381732139487443
123,A1,0.255091194217945,0.013854301688416547,0.010075683935181592,0.02623948739466286,0.6947393327637941
123,A2,0.49779997608948373,0.055901062328594466,0.024947220572553927,0.03575589973464372,0.38559584127472435
123,A3,0.3915694170336688,0.024929218457442136,0.03235323339937034,0.06632470171579335,0.48482342939372536
123,A4,0.33585475309250673,0.01789232210670943,0.01420720973903041,0.014322971425570121,0.6177227436361833
123,A5,0.1326995081959906,0.7288548736424292,0.05274696223512129,0.04183156112610932,0.0438670948003495
123,A6,0.19008008286555889,0.021694747505191233,0.025960765034268217,0.04806375878619057,0.7142006458087912
123,A7,0.15455688717865088,0.5653945793861141,0.12642370750422618,0.09291315458896357,0.06071167134204525
123,A8,0.35509878857483673,0.3040030221273653,0.09047144554880286,0.059306923184535766,0.19111982056445923
124,A1,0.25264788580363634,0.013688252116260943,0.010535108157089575,0.02665799715533345,0.6964707567676797
124,A2,0.4983399504050009,0.0561633404404577,0.024513919741398188,0.03594091961254346,0.38504186980059985
124,A3,0.38985387371412383,0.02501742773087461,0.03237951615480472,0.06610099189610025,0.4866481905040963
124,A4,0.3361009146380608,0.018171261455178236,0.01403840525588053,0.0141071162539381,0.6175823023969423
124,A5,0.13495570988833375,0.7262327144603236,0.05421867178646001,0.04173456446686949,0.04285833939801332
124,A6,0.19009784414006176,0.021705895212464122,0.026468287062713407,0.04867697167613284,0.7130510019086279
124,A7,0.1548968267711506,0.5653605003891321,0.12873307245854157,0.08939888288208993,0.06161071749908559
124,A8,0.3524661110508852,0.3066820092541892,0.08926216932603309,0.06029184752388017,0.1912978628450123
125,A1,0.2528941997922851,0.013840591695868066,0.01000809637643606,0.026440166996809508,0.6968169451386012
125,A2,0.5003051009213162,0.0549656778471135,0.025251009014756704,0.03605958715911419,0.3834186250576992
125,A3,0.39128481244030955,0.023889638329096057,0.03242800145636187,0.06580533424530353,0.48659221352892906
125,A4,0.33775943941155695,0.016020347869373733,0.014196448916771938,0.014114119435716891,0.6179096443665807
125,A5,0.13282517611763112,0.7281464067378379,0.0529337901223447,0.043005852123476566,0.04308877489870962
125,A6,0.18894200348774623,0.022042361246114018,0.025380057436129283,0.04827831553302163,0.7153572622969888
125,A7,0.15167430431272347,0.5661716725648078,0.13059814863999258,0.09030785720526462,0.06124801727721142
125,A8,0.3493914666186558,0.30704873780689557,0.0894457076046484,0.06116328732095338,0.1929508006488469
126,A1,0.25280130952423774,0.013554161191233535,0.010014090259090527,0.026642958934747947,0.6969874800906902
126,A2,0.49990144740194414,0.054655538980364994,0.025525678718389753,0.035681282621087926,0.384236052278213
126,A3,0.3897998544881339,0.0240624330004349,0.032734725709188596,0.0663089653431313,0.4870940214591113
126,A4,0.3352697702690719,0.016130377521803508,0.014020037643607998,0.014040531836791612,0.6205392827287248
126,A5,0.1334769951422585,0.7268287482234332,0.05425161169007654,0.04238120903752289,0.04306143590670877
126,A6,0.1883424820073589,0.022340427197045352,0.02562413626812711,0.04824000684719036,0.7154529476802782
126,A7,0.15392669916141893,0.564705549615362,0.1288392592419245,0.09052579415813804,0.06200269782315637
126,A8,0.3525536814026532,0.3056707512589338,0.09018113656641835,0.05944951075420462,0.19214492001779027
127,A1,0.25413178198621006,0.013830224974592364,0.010084921256071477,0.026460497113848718,0.695492574669277
127,A2,0.4987087356088118,0.05431120678767727,0.025042011060056286,0.03573465204581207,0.3862033944976427
127,A3,0.3922906608683924,0.024877694623160293,0.032754513578239934,0.06639254471718381,0.4836845862130235
127,A4,0.33864302104421673,0.01707807810322014,0.014206636709118052,0.014299408556034635,0.6157728555874105
127,A5,0.135442556356065,0.7247298679393205,0.054343650118280226,0.04256999808796997,0.04291392749836452
127,A6,0.18986520601766665,0.021810261201775122,0.026280156315924653,0.04807305915454772,0.7139713173100858
127,A7,0.15404287761634516,0.5638885971319479,0.12849369741384947,0.09163304894070243,0.06194177889715504
127,A8,0.3532289834818776,0.3038880480899717,0.09034839945556462,0.060420786601898306,0.1921137823706877
128,A1,0.2540860426946106,0.013994551810962453,0.009651204270329403,0.026064484591368235,0.6962037166327293
128,A2,0.4985605238176959,0.05561482626343177,0.02493662614038036,0.03547576743140369,0.38541225634708837
128,A3,0.3925766525634013,0.02528841035933165,0.033120732068411485,0.06655219896263916,0.48246200604621636
128,A4,0.3380866380367697,0.018547710184467582,0.014297324595820057,0.014287260367149637,0.6147810668157929
128,A5,0.13276997590676787,0.7261677546529294,0.05363519164361428,0.04402965908260789,0.04339741871408068
128,A6,0.18881819504843034,0.022080297918711536,0.02557201857951375,0.0481376691039946,0.7153918193493497
128,A7,0.1554767638009597,0.5658524088515621,0.127447184638085,0.08880919442723731,0.06241444828215594
128,A8,0.35270670992089675,0.3045915433791973,0.09056834744652736,0.059299020832476866,0.1928343784209015
129,A1,0.25624674833564043,0.013603476766781888,0.009610326059986142,0.026520010248021735,0.6940194385895697
129,A2,0.49836232690297533,0.054824854833961906,0.02471055163872497,0.035703057507887534,0.3863992091164502
129,A3,0.3903097361034696,0.023021604746965865,0.03375665729035808,0.06572096559302265,0.48719103626618376
129,A4,0.33709193989921826,0.01578961037162489,0.013912535735025043,0.01422916528000151,0.6189767487141304
129,A5,0.13317721841068605,0.7273688502321652,0.05333369895571211,0.0434377580564624,0.04268247434497429
129,A6,0.19047779258863853,0.021111060690630352,0.0255458437773315,0.0478773546813539,0.7149879482620458
129,A7,0.15650197984944178,0.5627705486553939,0.12765654539059057,0.0898602388479327,0.06321068725664081
129,A8,0.3522045088020385,0.30457119733129273,0.08988591265551815,0.060519721653962986,0.19281865955718747
130,A1,0.25442981870288023,0.01415385562321362,0.010289786946041428,0.02655458919265244,0.6945719495352121
130,A2,0.4991946552533508,0.05558691036841218,0.025087874577814917,0.03624066231242691,0.3838898974879952
130,A3,0.3928903186333947,0.022068981592428316,0.03278269252985341,0.0656052605424007,0.4866527467019227
130,A4,0.33937852735751795,0.013677068359210226,0.013964081869339298,0.014569978801686752,0.6184103436122457
130,A5,0.13290316427409946,0.7280911219272194,0.05347367112978138,0.04215693457379499,0.043375108095104815
130,A6,0.18939522797334715,0.021987446217938963,0.02577960566554645,0.04892301206020916,0.7139147080829583
130,A7,0.15346756885831012,0.5675421075999908,0.1275435061238988,0.08969194811343148,0.06175486930436883
130,A8,0.3537065034830713,0.30359649540490014,0.08988793951087806,0.061942181537452956,0.19086688006369776
131,A1,0.2543352555403529,0.013668458873237829,0.009981758042762946,0.02618615936444476,0.6958283681792016
131,A2,0.49871587411853807,0.055996826978453665,0.02507778601947568,0.03567629923207787,0.38453321365145465
131,A3,0.39020161986360224,0.025404175518285988,0.03249588667286797,0.06642561306177976,0.4854727048834643
131,A4,0.3352798450452476,0.019009471842753912,0.014178799426269827,0.0143922677275752,0.6171396159581534
131,A5,0.13176237488317213,0.7291088210643515,0.05338098962472947,0.042487003182606134,0.0432608112451409
131,A6,0.1901536984611522,0.022045134428845325,0.026214549847062247,0.048218363914200035,0.7133682533487402
131,A7,0.15249151533513308,0.5712055755740443,0.12618938233393753,0.08838824146141248,0.06172528529547244
131,A8,0.3521186280116605,0.3057793507466735,0.08995778520370021,0.058971609160960926,0.19317262687700476
132,A1,0.2557284933755139,0.013490810292854108,0.009718648320716321,0.02651083003924739,0.6945512179716684
132,A2,0.5016839193799337,0.05568100450102125,0.025198065609803994,0.03568018085939275,0.3817568296498483
132,A3,0.3897467390853487,0.024745202481594456,0.03260267756302062,0.06667172754033861,0.48623365332969753
132,A4,0.3349057592087007,0.017302384725029468,0.014192947213546624,0.014391117549378262,0.619207791303345
132,A5,0.13236799598923701,0.7284402778303988,0.05422587047521925,0.04283066804386609,0.042135187661278814
132,A6,0.19210994595110056,0.02200901395268359,0.02595416717442993,0.04830067237757153,0.7116262005442144
132,A7,0.15291724044839314,0.5686222089472953,0.12900381336437483,0.0885521710734176,0.0609045661665193
132,A8,0.3529814743582964,0.3030312416826705,0.09147134347686098,0.0609698778711165,0.19154606261105558
133,A1,0.25545716429722326,0.013803466127965123,0.010588975429586147,0.026580819873227548,0.693569574271998
133,A2,0.4984687844161762,0.05463877403849316,0.0255821084299745,0.035415342547174,0.38589499056818216
133,A3,0.39008397725965704,0.023998605232255898,0.03327724560977717,0.06635444551998465,0.48628572637832523
133,A4,0.33683108740402123,0.01607100767915712,0.014121833817022126,0.014311282154653845,0.6186647889451458
133,A5,0.13354897494202392,0.7263019322576559,0.05442607806255109,0.04265934687064237,0.04306366786712667
133,A6,0.1904848631911006,0.021823629214801084,0.025002014508063608,0.04815284666882248,0.7145366464172124
133,A7,0.15338327412400232,0.5639988893741409,0.13042866924499763,0.09034844239890207,0.061840724857957004
133,A8,0.3539640115608509,0.30407858793898784,0.08976034843511034,0.06004999111962897,0.19214706094542203
134,A1,0.25679204930073707,0.013544971600371028,0.009821264871857029,0.026294351002014632,0.6935473632250203
134,A2,0.4980322519711101,0.05528985491356061,0.025400245724623637,0.035771385181220625,0.3855062622094851
134,A3,0.3890282440051483,0.023166721345300754,0.0337412031056111,0.06612204494952398,0.4879417865944157
134,A4,0.33554034659243775,0.015479304230544997,0.014184785101843352,0.013830298032000077,0.6209652660431738
134,A5,0.13234791498337453,0.7287850258193725,0.05375338047500567,0.04188971729540738,0.043223961426840006
134,A6,0.18880181464534734,0.022179862984061733,0.026461774695633926,0.048676340630160256,0.7138802070447967
134,A7,0.1505927078778873,0.5683183977888445,0.12811566127996463,0.09120391055552707,0.06176932249777643
134,A8,0.354192856325249,0.3022071737318073,0.09030036766807296,0.06035370162284249,0.19294590065202816
135,A1,0.2518729276377631,0.013885967730073917,0.010387637291104791,0.026196463247967965,0.6976570040930901
135,A2,0.4984175129127954,0.05516649102612929,0.025975373389070286,0.03623127195475797,0.3842093507172473
135,A3,0.3914326593217814,0.02271008815106306,0.03277687336901295,0.06623677864477144,0.486843600513371
135,A4,0.3368470061036311,0.015253302087228764,0.014008190843000286,0.014327522359648752,0.6195639786064913
135,A5,0.13192095809353807,0.7296793624982602,0.0537869602803036,0.04242448944306186,0.0421882296848368
135,A6,0.18959054577665654,0.02237683552253405,0.025939983052588655,0.04807942579556179,0.7140132098526591
135,A7,0.15224090563798906,0.5649386725579616,0.1308422563718339,0.08999582575527319,0.06198233967694218
135,A8,0.35371775706419734,0.3043357151278646,0.09113718223287241,0.058863014240747184,0.1919463313343186
136,A1,0.2541927787738343,0.0136033404840693,0.010072002366040108,0.026678228586444676,0.6954536497896118
136,A2,0.4976741918504676,0.05617697728724475,0.02506720095494038,0.03657548585160002,0.38450614405574723
136,A3,0.39162570985616,0.02647847898606078,0.03310585083053369,0.06574185956270491,0.48304810076454047
136,A4,0.3375108923644983,0.019518176891710072,0.013995014864910948,0.014385644638501185,0.6145902712403796
136,A5,0.13278421057779996,0.7273782112912748,0.05347547985301758,0.04325883094560284,0.04310326733230467
136,A6,0.1890042082896928,0.021842252927342466,0.026047111927351374,0.04867105649513691,0.7144353703604763
136,A7,0.150988452991033,0.5677612818178571,0.129842051374777,0.08968746665163368,0.061720747164699274
136,A8,0.35349330129127654,0.30394768575030406,0.09083678471704643,0.05976125476094109,0.19196097348043165
137,A1,0.25492720503843247,0.013635874834597972,0.009779118742900108,0.02634895327294216,0.6953088481111273
137,A2,0.4967456823756211,0.055815051684178246,0.02551948022703614,0.03577617616113167,0.38614360955203286
137,A3,0.39147079134030327,0.023852594443930137,0.033193576994898374,0.06578324508662584,0.4856997921342423
137,A4,0.33717358073455433,0.01579099275084207,0.014002003043592086,0.014478911694551184,0.6185545117764604
137,A5,0.13246267489055305,0.7264648718900284,0.053968501297411646,0.04363558376479447,0.04346836815721262
137,A6,0.1886138857031107,0.021680653212697076,0.025984888407745498,0.04849735022989764,0.7152232224465491
137,A7,0.1518608371750596,0.5682016060191595,0.1276325097746621,0.09037914222371815,0.06192590480740069
137,A8,0.35156126636990126,0.30462540043013125,0.09081854438029273,0.05949476538978956,0.19350002342988495
138,A1,0.25475732391062206,0.013656855747543918,0.009868582194740258,0.02619186310344887,0.695525375043645
138,A2,0.4999303438049023,0.05502276494217088,0.02517496678989099,0.03538187262199337,0.3844900518410426
138,A3,0.390924333415174,0.022381027296686222,0.03361292661644388,0.06561053917750273,0.487471173494193
138,A4,0.3365636181500889,0.015130768368546842,0.014401981176926554,0.014247982651912223,0.6196556496525256
138,A5,0.13242172138315025,0.7297788360262248,0.05346531034785865,0.04179719935513079,0.042536932887635354
138,A6,0.18982037486117262,0.022101609247162195,0.026715986541290586,0.04856094084928785,0.7128010885010867
138,A7,0.15305592295245635,0.56837825561096,0.12615077106495146,0.09063214643591,0.061782903935722326
138,A8,0.3554267225558045,0.3033688094167969,0.09066552449615498,0.05884672244044098,0.19169222109080256
139,A1,0.25298233867266695,0.01365241655638766,0.009907749506396541,0.02641416646620719,0.6970433287983413
139,A2,0.5003400880503807,0.05471662074832959,0.025633105118730078,0.03573444592453243,0.38357574015802737
139,A3,0.3925247052692925,0.024206424078060864,0.03306727480678456,0.06629581231013174,0.4839057835357302
139,A4,0.33811812236912553,0.016462994180436834,0.014234331654031346,0.014233072391730744,0.6169514794046754
139,A5,0.13267297452050125,0.7285875872502959,0.053061931536478896,0.0423629484267863,0.043314558265937456
139,A6,0.18945352433682688,0.021929426927184973,0.02610965166439256,0.04811129201487251,0.7143961050567228
139,A7,0.15457072508490724,0.5669122252984592,0.12813052159124902,0.08846082599129984,0.061925702034084616
139,A8,0.3527675257128068,0.3045777206080481,0.09056080217907131,0.05978647065747791,0.19230748084259583
140,A1,0.25128014878719057,0.014111567345401354,0.010312917909572774,0.026392561521852122,0.6979028044359831
140,A2,0.4981197501387771,0.05544110274327375,0.025510948967888317,0.03563802615550716,0.38529017199455395
140,A3,0.39030542231229215,0.02496475461029458,0.0332108437577817,0.0662405959751966,0.4852783833444351
140,A4,0.33584570789631973,0.017214071443180205,0.014165824974294344,0.01421375167913083,0.618560644007075
140,A5,0.13424819998642587,0.7246320434137398,0.05379550083064921,0.043587853727826545,0.043736402041358646
140,A6,0.18936736743842306,0.021819897427937683,0.02612391150346664,0.04795278547130815,0.7147360381588644
140,A7,0.15350252786721968,0.5629143568371526,0.12999654229864527,0.09118459477564907,0.06240197822133322
140,A8,0.3527253824115397,0.3026960870399524,0.09044379702039435,0.06016546847664721,0.1939692650514664
141,A1,0.2554347055840396,0.014117197347658771,0.009958181011177732,0.02696966493485541,0.6935202511222684
141,A2,0.5000969567930411,0.055583962131303684,0.02465639259266212,0.03615632447714574,0.38350636400584753
141,A3,0.3922119963705208,0.0228060269537729,0.032779846956688195,0.06550295525677013,0.48669917446224786
141,A4,0.33727271394702735,0.014860820514496309,0.014098680832348791,0.014224075972648114,0.6195437087334796
141,A5,0.1331742177808732,0.726365378439591,0.05431695457779031,0.04317182496026963,0.04297162424147591
141,A6,0.18931276397627733,0.02194578599932724,0.025789130092777154,0.048295465257103765,0.7146568546745143
141,A7,0.15130338366041904,0.5664052380352038,0.13013051045446855,0.09024022774308706,0.06192064010682151
141,A8,0.3506191922738768,0.3058785352845497,0.09098039059602969,0.058942511081461084,0.1935793707640826
142,A1,0.254839928630901,0.013513775282400445,0.010250368134722597,0.026267922075365654,0.6951280058766103
142,A2,0.49952844212918,0.055352553674771814,0.025212909507423397,0.03545399775037967,0.3844520969382452
142,A3,0.3913674715279716,0.024290213107221285,0.03285210566501195,0.0658950358362148,0.4855951738635803
142,A4,0.3372601679106074,0.01644572660436544,0.014280401557570026,0.01418401387529673,0.6178296900521604
142,A5,0.133153417236418,0.7272150075475095,0.05372073523643635,0.04360823281900232,0.04230260716063366
142,A6,0.18903807018839444,0.021987336129604594,0.025299430581015376,0.048434891255184735,0.7152402718458007
142,A7,0.15337090554744415,0.5647897947723702,0.128510701095707,0.0916918129841733,0.06163678560030554
142,A8,0.35311331734520224,0.30481711924997873,0.08908610679706692,0.05968446997579774,0.1932989866319544
143,A1,0.2538301019031497,0.014362631072737742,0.010147386865608284,0.026257655986270768,0.6954022241722335
143,A2,0.4988298578602919,0.054937698211349625,0.025323663002713357,0.035567999094430855,0.3853407818312141
143,A3,0.3916441626668376,0.022420132258067722,0.032537293767361974,0.0662466126655252,0.48715179864220753
143,A4,0.33645110257833516,0.014501316673239506,0.014125177623331868,0.014658577555351798,0.6202638255697416
143,A5,0.1331788852227555,0.7257220268652964,0.05430668281597652,0.04416462592272521,0.042627779173246734
143,A6,0.19024634945505062,0.02177987503201183,0.02571870097835958,0.04844727169597894,0.7138078028385991
143,A7,0.1547827722467016,0.562183476855157,0.13129652011563034,0.09040582658278011,0.06133140419973087
143,A8,0.35331779745729897,0.3036942605181858,0.09038881373015321,0.060878919591575716,0.19172020870278622
144,A1,0.2574167060191508,0.013959078011066234,0.010088670755242373,0.02609749518529342,0.6924380500292473
144,A2,0.49536343709748737,0.055655511151939556,0.025073330987594438,0.035678835563231974,0.38822888519974663
144,A3,0.39139386775360496,0.0229270518666505,0.03349904212269933,0.06609079237343611,0.48608924588360913
144,A4,0.33665546980668143,0.015520753997439981,0.01417086907115706,0.01428851896928869,0.619364388155433
144,A5,0.13320723910188564,0.7273690247800674,0.05322497435799622,0.04314389546222226,0.04305486629782854
144,A6,0.1910754800661512,0.022500201146769025,0.025555267949833628,0.048356053007049274,0.7125129978301967
144,A7,0.152615579109038,0.5644010606206109,0.13121735361631606,0.09055285724104688,0.06121314941298803
144,A8,0.35490759464088256,0.30293687987550366,0.09061649719394675,0.05996226423456231,0.19157676405510476
145,A1,0.2536720749393118,0.013741906269623228,0.01024775257626324,0.026349017735172096,0.6959892484796295
145,A2,0.4981259971750928,0.05479793617442928,0.025287909482368594,0.03498302567925072,0.38680513148885876
145,A3,0.39223637270152234,0.023382698387279712,0.03284733181939167,0.0664257470157913,0.48510785007601503
145,A4,0.3385108367821612,0.016470572500275643,0.01407421115710365,0.014621691065582292,0.6163226884948773
145,A5,0.13365044020611544,0.7255012762077557,0.054255079726523645,0.04358734331999059,0.043005860539614464
145,A6,0.19012899825519544,0.02193244137157917,0.026127174475480602,0.04860974542174999,0.7132016404759948
145,A7,0.153741046417496,0.5633084338179866,0.13004475023060308,0.09128149179440927,0.061624277739505205
145,A8,0.3522752868417631,0.3037751511253217,0.09107192167514361,0.06135557388466308,0.19152206647310843
146,A1,0.25414717428772493,0.013959413886072124,0.0098969107412319,0.02667191011553082,0.6953245909694403
146,A2,0.49747529073212654,0.05509836765859378,0.025256894815464313,0.036269154874518844,0.38590029191929653
146,A3,0.3920592300172859,0.023745667671966383,0.0327669317717833,0.06648557060264873,0.48494259993631567
146,A4,0.33735641865854016,0.016163650388228694,0.014299035393759981,0.014363032608912543,0.6178178629505586
146,A5,0.13143177867312977,0.7270330660379697,0.05371759739824183,0.044106462959515084,0.04371109493114365
146,A6,0.1887518735077425,0.021849907128405687,0.025598693405356462,0.04852426424985887,0.7152752617086369
146,A7,0.15244617287230702,0.5662367987171937,0.12893893413599167,0.09039526519419604,0.0619828290803115
146,A8,0.3501619837861185,0.3051910404264106,0.09092001346901087,0.06070156518026136,0.19302539713819875
147,A1,0.2554362109933087,0.013978987078495724,0.010308810155179126,0.026196905773335097,0.6940790859996816
147,A2,0.49918492373273887,0.0563788727105292,0.024716038904286915,0.036241517497182865,0.383478647155262
147,A3,0.3871654267361906,0.026140422362573433,0.03316231261928302,0.06685835292146286,0.4866734853604901
147,A4,0.3333383697241586,0.019001811019444145,0.014202579576984804,0.014275943979551063,0.6191812956998615
147,A5,0.13173492133030057,0.7300433591883849,0.05467545509481961,0.04272259398194094,0.04082367040455388
147,A6,0.19150352241664004,0.022256595980768967,0.026601694270407407,0.04873637929799445,0.7109018080341891
147,A7,0.15276650345350667,0.5664904441278173,0.13108710467617127,0.08932283058324696,0.060333117159257627
147,A8,0.3561920128713256,0.30323451169820903,0.09070916995601361,0.05953351517809959,0.19033079029635197
148,A1,0.25218327444275546,0.013436632351959734,0.010012714132386653,0.02664615713051723,0.697721221942381
148,A2,0.49606357937552875,0.05621627650916601,0.02539089120934691,0.03580722893207356,0.3865220239738847
148,A3,0.3905702582149694,0.024855160875163398,0.03263137470693257,0.06563330050282914,0.4863099057001055
148,A4,0.3357198635353821,0.018216156333998857,0.013950183263576768,0.01443961198510669,0.6176741848819354
148,A5,0.13189310106236615,0.728153262037101,0.053354911253088055,0.04330973551317795,0.0432889901342668
148,A6,0.188742480138839,0.022657368683339507,0.02601300811720042,0.049180474892931265,0.7134066681676897
148,A7,0.15436296481061432,0.5661354961369054,0.12820076609298794,0.08993668472856055,0.06136408823093168
148,A8,0.3510567486785346,0.3052373202485228,0.09063148343687014,0.059662450214532564,0.19341199742153992
149,A1,0.25402558723698837,0.014182954996553377,0.009971813810301718,0.026464468626937774,0.6953551753292188
149,A2,0.50017787425587,0.0545027661435812,0.02442177922831017,0.03586568127913147,0.385031899093107
149,A3,0.3890330360960443,0.02437369440287375,0.03269795671889115,0.0661850299881623,0.48771028279402845
149,A4,0.3341609387662572,0.016689069576941343,0.014216602866234815,0.014424825228721678,0.620508563561845
149,A5,0.1317954992892249,0.7295830309610128,0.05259327284842696,0.043291378794569554,0.04273681810676594
149,A6,0.18882004744301656,0.02225405712157735,0.025457737049995835,0.048023250353733185,0.715444908031677
149,A7,0.15091111003749177,0.5661894692207169,0.13066026207348988,0.09074948480988874,0.061489673858412815
149,A8,0.35286304411608893,0.3037329336797971,0.09023736225353465,0.05947628180158766,0.19369037814899193
150,A1,0.2528521252165983,0.013391471308337477,0.009724586968540262,0.02665235180976927,0.6973794646967546
150,A2,0.49595892324813995,0.05527980991795239,0.024847245913417762,0.035172803749522946,0.388741217170967
150,A3,0.39025659484305514,0.024422551195972936,0.03324856739956025,0.06640316399029743,0.48566912257111444
150,A4,0.33656596301953323,0.017640236805139844,0.014076094491050871,0.01418598475829984,0.6175317209259763
150,A5,0.13301677467967155,0.7263972951788435,0.05382140337730554,0.04272043403282103,0.04404409273135865
150,A6,0.18909057997230871,0.02174195898640917,0.026792914704581616,0.04833191375514388,0.7140426325815565
150,A7,0.1539510604736913,0.5658425001591582,0.1313883740424971,0.08793519314200086,0.060882872182652537
150,A8,0.35439835464745667,0.30509715738149673,0.08973229700679723,0.059358956534352324,0.19141323442989694
151,A1,0.2553268144943902,0.013397655927333224,0.009861661207673074,0.02667939332522612,0.6947344750453773
151,A2,0.4964222095319139,0.055856411592868194,0.025119826958584567,0.03683576326474707,0.38576578865188627
151,A3,0.39260636522931947,0.02378302571072631,0.03296160097667867,0.06626991119732022,0.4843790968859554
151,A4,0.3392007831155055,0.016000214947360272,0.014030861322811575,0.014243312588882362,0.6165248280254404
151,A5,0.13304625625527597,0.7280168779791758,0.05337260110750322,0.043571626266673165,0.041992638391371934
151,A6,0.1893288270642315,0.021687709923604165,0.02604315561338314,0.04918357386750017,0.7137567335312811
151,A7,0.15285153568829266,0.5677731452155027,0.1278539157409446,0.09014335295145116,0.06137805040380875
151,A8,0.35231030570233335,0.30667442493855984,0.08898042841190415,0.06000037149554858,0.19203446945165398
152,A1,0.2530211067376267,0.0133260003340543,0.010019021281012112,0.026019515591919274,0.6976143560553876
152,A2,0.49680447337359235,0.05574800623168791,0.025224795937396516,0.03562615258294691,0.3865965718743765
152,A3,0.3902572134878896,0.023780189545807778,0.03331925671311858,0.06595789885168661,0.4866854414014975
152,A4,0.33561559486352094,0.016521125733111992,0.014126326128604691,0.013948820424955552,0.6197881328498068
152,A5,0.13255167491647168,0.7261208799768322,0.05501458845013574,0.04318703846097113,0.043125818195589284
152,A6,0.18868416974233998,0.0225793682402411,0.025844066635508908,0.04793481426589919,0.7149575811160108
152,A7,0.15420287101476265,0.5664300007762066,0.12824838053103432,0.08988535780643239,0.06123338987156403
152,A8,0.35198217166049145,0.30414945798599213,0.09117404175136602,0.059086632929491685,0.19360769567265854
153,A1,0.2521722337393972,0.01390350765677928,0.009992192326129835,0.026707591257329497,0.697224475020364
153,A2,0.49831216168106784,0.055086416960991196,0.02510431906671118,0.03567227370780958,0.3858248285834203
153,A3,0.39282157215700403,0.023258457340553266,0.03283535333225481,0.06577854299866868,0.48530607417151916
153,A4,0.3378113989902279,0.016518200446866745,0.014248462920357537,0.014383428833916606,0.6170385088086311
153,A5,0.13290611980278433,0.7273591984810692,0.053585991119968576,0.042620917345424725,0.043527773250752896
153,A6,0.1891199154003365,0.02176049595159936,0.026374822111885014,0.049008905805843155,0.7137358607303358
153,A7,0.15309710019339443,0.56416091871868,0.12992209111190553,0.09239192244652482,0.06042796752949509
153,A8,0.3532439087243747,0.30521868134802604,0.08974270177144947,0.05986142788407003,0.19193328027207962
154,A1,0.2550981253434398,0.0137999638921024,0.00999255804596925,0.02669978473142344,0.6944095679870651
154,A2,0.49635394885046846,0.05580876599703959,0.02549110197048185,0.035426674092343485,0.38691950908966666
154,A3,0.38978677942953777,0.02478866433754819,0.033265319935590225,0.06582251554595957,0.4863367207513642
154,A4,0.3350963575208548,0.01795982265312371,0.0141790419458161,0.014517549497124426,0.6182472283830809
154,A5,0.13278872908928038,0.7264058190656777,0.0532452288611212,0.043578932140751765,0.043981290843169214
154,A6,0.1881152647564884,0.02212733129498116,0.024979644170917675,0.0482508862335576,0.7165268735440551
154,A7,0.15356107329145666,0.567723910809705,0.12816578241923424,0.09003640592874909,0.0605128275508553
154,A8,0.3536661370015983,0.30507777197211844,0.09002781217068996,0.059761891219914175,0.19146638763567897
155,A1,0.2570329474665369,0.013434280195884246,0.010018909571126467,0.026479278741696043,0.6930345840247564
155,A2,0.4996252737040931,0.05587098934420797,0.024988744389258456,0.03602973826347065,0.38348525429896985
155,A3,0.3903376451859981,0.02443838261478954,0.03302167787066421,0.06599217710005426,0.4862101172284938
155,A4,0.3369236628524028,0.016750595711656442,0.01415460599064099,0.014232414401636305,0.6179387210436635
155,A5,0.1330178476498428,0.7268558287872597,0.053193161906683425,0.04437964409906229,0.042553517557151685
155,A6,0.1915102639227191,0.02201246378192424,0.026044644154154303,0.04902020030069606,0.7114124278405064
155,A7,0.15343024791916496,0.5671604723160995,0.12899711921252022,0.08943007726908443,0.060982083283130886
155,A8,0.35253332402495663,0.30378518668242027,0.09079790234736815,0.060110808405333,0.19277277853992178
156,A1,0.2513657906132504,0.01359571378596555,0.01006080195111279,0.025934105870081076,0.6990435877795901
156,A2,0.49857799886524373,0.055674495649492506,0.025124984880047167,0.03556788906500949,0.38505463154020714
156,A3,0.39021034468272564,0.024231077887063357,0.0325972330519417,0.06667655800117116,0.4862847863770984
156,A4,0.33531098959905653,0.017386361692478394,0.014219448761236271,0.014420022953438819,0.6186631769937901
156,A5,0.13286126000121315,0.7276289061290634,0.05432999166770574,0.042741009706277665,0.04243883249574027
156,A6,0.18985730679728155,0.02191801572162616,0.02642028247730167,0.048173264329299054,0.7136311306744914
156,A7,0.15166654505703997,0.5680744264513709,0.12895732573554397,0.09006944980647735,0.06123225294956769
156,A8,0.35394011471800213,0.30313869648229613,0.09030132915562078,0.05947414123484981,0.19314571840923128
157,A1,0.2526931747600981,0.013342712753663838,0.009761517635534336,0.026223947797611516,0.6979786470530922
157,A2,0.49620761610112646,0.05620001580560473,0.025408894175893978,0.03621600565408505,0.3859674682632898
157,A3,0.3910586967831055,0.023138753747613417,0.033373947966007525,0.06621721983560314,0.4862113816676705
157,A4,0.3375586918564587,0.01583902639170234,0.014183563725550026,0.014176288803953059,0.618242429222336
157,A5,0.13286083625121017,0.727771109036525,0.053440377658950884,0.04246369824688866,0.04346397880642532
157,A6,0.18870080275103857,0.021813524371318078,0.02625098545675768,0.049494048619189344,0.7137406388016962
157,A7,0.15396550326042543,0.5652563532125537,0.12934886484107663,0.08979316019491433,0.06163611849102994
157,A8,0.3538723816913524,0.3041539170111174,0.09009588568477817,0.06017782098374556,0.1916999946290066
158,A1,0.2539439141894469,0.013755945199411233,0.009949421680327936,0.026195449059464686,0.6961552698713492
158,A2,0.4968215329851046,0.05654640456255572,0.02478894815932633,0.03585037877931761,0.3859927355136957
158,A3,0.39099752240187846,0.026060510067609288,0.03275066050691158,0.0662198749531486,0.4839714320704522
158,A4,0.3364239972349537,0.019460789221468492,0.01404758068804088,0.014371574054403135,0.6156960588011338
158,A5,0.13400938067802357,0.7276889266885213,0.052660389068109284,0.04283121327397149,0.04281009029137456
158,A6,0.18808625542147225,0.022177740245921437,0.025894844321297062,0.04823651740093667,0.7156046426103726
158,A7,0.15444321094129926,0.5648306400359783,0.12916662742126675,0.08998343066757335,0.0615760909338821
158,A8,0.3532974713548722,0.3038888824089301,0.09005157618930222,0.05947964057868966,0.19328242946820595
159,A1,0.2534902862273694,0.013688452021764056,0.009498814210435915,0.026395910330038557,0.6969265372103922
159,A2,0.49785433164606285,0.05649496488930242,0.02525060456364121,0.03573117399064282,0.38466892491035076
159,A3,0.39273871645137703,0.02348546673299018,0.03264023870376241,0.06611626745364726,0.48501931065822307
159,A4,0.33836840557421943,0.01597166508289578,0.013807885400424663,0.014257033398528234,0.6175950105439318
159,A5,0.13222861405361933,0.7276854469630588,0.053334523370811626,0.04396174115708615,0.04278967445542404
159,A6,0.19033898751504888,0.02203684475484664,0.02587813669693082,0.048470219680011965,0.7132758113531618
159,A7,0.1540325306070917,0.5638094577179402,0.13044811631172643,0.08982644676006758,0.06188344860317395
159,A8,0.35167874756957607,0.30543200175944724,0.09127393976963961,0.059301559920606366,0.19231375098073092
160,A1,0.25622147114544913,0.013729725161507165,0.009643526562209449,0.026207486608336317,0.6941977905224979
160,A2,0.4965879284431387,0.05552030572698928,0.02537014693525239,0.03572702194265095,0.3867945969519687
160,A3,0.39035080992915666,0.022667085572332213,0.032812234384256025,0.06588487470284721,0.48828499541140813
160,A4,0.33582565123901575,0.014813758844838813,0.014265797001635923,0.01423938626199465,0.6208554066525148
160,A5,0.1334574696086999,0.7265189037455071,0.05319016879044012,0.04366477536373106,0.043168682491621736
160,A6,0.1900744373872732,0.021777265756741892,0.025906369509571786,0.048526662937813596,0.7137152644085994
160,A7,0.15454432484649622,0.564423191308731,0.12932094914906794,0.08965529564123764,0.06205623905446709
160,A8,0.3533809248167402,0.3031591444664807,0.09025388798770588,0.060561769046768396,0.19264427368230486
161,A1,0.25468472733485004,0.013639281999316449,0.010226183402890249,0.02659212193592199,0.694857685327021
161,A2,0.49852803913128474,0.05506124505605388,0.02529807492564039,0.03591200565964449,0.3852006352273764
161,A3,0.3890517300901339,0.02285038271680929,0.03305254174807007,0.06603797459208194,0.48900737085290497
161,A4,0.3346652119954289,0.014392711343213155,0.01405375421895406,0.01426957464542904,0.6226187477969748
161,A5,0.1324320192336148,0.7303541099984202,0.05310209792842047,0.04191137418841686,0.042200398651127596
161,A6,0.19079186476988474,0.0217286827841189,0.026124514306446803,0.04862507539782925,0.7127298627417203
161,A7,0.15393444288157268,0.5650718422213882,0.12758915670287488,0.09127859994528723,0.0621259582488772
161,A8,0.3550782063451147,0.3019649958852944,0.09146463060361962,0.05934452168319193,0.19214764548277916
162,A1,0.2575203696629374,0.013645153671753105,0.009929213885354197,0.02659053611794385,0.6923147266620115
162,A2,0.4998148260954593,0.0553973812854966,0.024760604352616598,0.036111068395547063,0.38391611987088026
162,A3,0.38989969151796644,0.02567424577492256,0.033463037514325784,0.06670506944862657,0.48425795574415886
162,A4,0.33507934553641655,0.019563307860903885,0.014470468050705334,0.014520130429938584,0.6163667481220356
162,A5,0.13272946307018574,0.7303052361986766,0.052766426123110347,0.0417245718501354,0.04247430275789186
162,A6,0.18968480406996469,0.021923974322670497,0.025786910347319635,0.04878034307814763,0.7138239681818975
162,A7,0.15286606517598775,0.5649796763091093,0.13041590211224788,0.08982436999740878,0.06191398640524629
162,A8,0.3538159875964447,0.3034568658886636,0.09050057653456842,0.05922411060159266,0.19300245937873067
163,A1,0.25466709407020066,0.013713729498187435,0.010397825416632384,0.02655260834290828,0.6946687426720713
163,A2,0.4968368088327132,0.055312156936736113,0.02511983162585201,0.03590761920382486,0.38682358340087375
163,A3,0.3889789264855386,0.023609793867202657,0.032770998984030894,0.06699609405216185,0.4876441866110659
163,A4,0.33349618911025347,0.016085273182109137,0.014252727128418321,0.014557995264693318,0.621607815314526
163,A5,0.13313198871001997,0.7283412478131522,0.05335701095538756,0.042196501430650034,0.04297325109078997
163,A6,0.18879345628411656,0.022099500207391643,0.026213229669501455,0.04815463548778245,0.7147391783512078
163,A7,0.15350522631027566,0.56610984188859,0.1297129202708991,0.08932244454860423,0.06134956698163087
163,A8,0.35323832302432917,0.3038421046470111,0.08965185228389966,0.06038244942788015,0.19288527061687982
164,A1,0.25111292643580335,0.013643487926013087,0.010208799697975137,0.026217573428503303,0.6988172125117053
164,A2,0.5008296470299248,0.05537040135490366,0.024986042756361584,0.03559455135215207,0.3832193575066579
164,A3,0.3895991110060953,0.024964043821158823,0.033981520119167115,0.06579390782676901,0.48566141722680956
164,A4,0.33468143291594143,0.01695506517912792,0.014486615557875804,0.014548458094653032,0.6193284282524018
164,A5,0.1338580108558266,0.7269380376457747,0.053143388059666036,0.04299511721631698,0.04306544622241548
164,A6,0.18856657178515224,0.02231699820405681,0.025630470503192573,0.04851216907811562,0.7149737904294827
164,A7,0.15396709385984894,0.5664838879890153,0.12764143982252718,0.0894732717453128,0.06243430658329589
164,A8,0.3523173903627181,0.3039003904005946,0.08992085691032642,0.06003152494209364,0.19382983738426718
165,A1,0.2548100552719023,0.013776880986381404,0.009883413314971513,0.02646284265516436,0.6950668077715804
165,A2,0.4984285694110807,0.05703054777992396,0.02543386432075342,0.035899844432224354,0.3832071740560178
165,A3,0.39040008920265035,0.024316299973237372,0.03295092267594241,0.06641562278279886,0.4859170653653712
165,A4,0.33554888730827936,0.016396457049615832,0.014029818749822929,0.014041052272050299,0.6199837846202314
165,A5,0.13350743914726965,0.7282400575275884,0.05321830924151113,0.0433167389764552,0.041717455107175797
165,A6,0.189855960973824,0.022097066330508775,0.02593537746785406,0.04769344866759906,0.7144181465602143
165,A7,0.15444251065649695,0.5647125366936184,0.12859336264994845,0.09022808631959395,0.06202350368034191
165,A8,0.35333860328140543,0.30351319467102134,0.09098127079390006,0.05964659436961421,0.192520336884059
166,A1,0.2551724456482582,0.013793192069919634,0.01000670713860436,0.026820855874911648,0.6942067992683061
166,A2,0.5003299701903606,0.0552450627866039,0.024725801311391477,0.036182136728749426,0.3835170289828946
166,A3,0.3926116204597401,0.023275501250962,0.032930819772983254,0.06637676444677294,0.4848052940695418
166,A4,0.337922684551507,0.016214330557306818,0.014033064799997946,0.014326135545532035,0.6175037845456562
166,A5,0.13275281248648665,0.7273738233135675,0.05328734008463567,0.04331378352856518,0.04327224058674507
166,A6,0.18920544299719436,0.0212278814529146,0.025307252865267135,0.048008690942477866,0.7162507317421459
166,A7,0.1525179827550564,0.5667039619329586,0.12796269189386347,0.0908577954494076,0.06195756796871403
166,A8,0.35371776225680795,0.30260038843810716,0.09077182704182765,0.059604675507249266,0.1933053467560079
167,A1,0.2530506650746569,0.0137797234958428,0.009848786671654348,0.02648923215101477,0.6968315926068316
167,A2,0.4987046973410175,0.055059429677089836,0.02500275317398775,0.035815202716781916,0.385417917091123
167,A3,0.3920718351502212,0.023501244691156827,0.032609089252209254,0.06748772074531934,0.48433011016109356
167,A4,0.33813086437001644,0.015662730585493213,0.014294838085598718,0.014253890527993418,0.6176576764308983
167,A5,0.13281222893799874,0.727215542947858,0.05388311216036111,0.04252152897552561,0.04356758697825646
167,A6,0.18986445873201563,0.021198772076804297,0.026384954435254397,0.048684597823396694,0.7138672169325293
167,A7,0.15413810969719435,0.5640003130835284,0.13051689724579235,0.09014860033037699,0.06119607964310796
167,A8,0.3541995708623298,0.3042680805019863,0.08945268042029174,0.05983565006503597,0.19224401815035608
168,A1,0.2559359817832827,0.014124458279031301,0.010525241575690214,0.026678348875679866,0.692735969486316
168,A2,0.4957899400134134,0.05567192210458873,0.025134758663748914,0.03527575250103691,0.38812762671721185
168,A3,0.392158239409449,0.025330972861625202,0.03261315851370837,0.06535611983173954,0.48454150938347795
168,A4,0.3376085214233597,0.017915912228571005,0.014111614971856378,0.013932826480385057,0.6164311248958279
168,A5,0.1338407230275327,0.7269008342489606,0.053907679748671535,0.04241249595698744,0.042938267017847725
168,A6,0.18998602038723444,0.021961354713952504,0.026277237555243006,0.04859075682025211,0.7131846305233179
168,A7,0.1518559756008962,0.5667743513066583,0.129187591058874,0.09071438619740102,0.061467695836170545
168,A8,0.35205926150008676,0.3041734567953992,0.0912717244161906,0.05970636287885894,0.19278919440946424
169,A1,0.2547650508222592,0.01385480643007275,0.009887564048329689,0.02636000286085575,0.6951325758384828
169,A2,0.49831430997883963,0.055402418822673175,0.025397830318237245,0.03644623091308609,0.3844392099671641
169,A3,0.3913481671133827,0.0227081602768835,0.0334823523428902,0.06661453267358237,0.48584678759326094
169,A4,0.338469378136662,0.014792209646663057,0.014035049793482168,0.01452098946464725,0.6181823729585455
169,A5,0.13185129932963074,0.7290816225972575,0.053080278358133025,0.04266106470876193,0.043325735006216545
169,A6,0.18862762220614865,0.021389802666944034,0.025683262210833408,0.04838911138431491,0.7159102015317591
169,A7,0.15439319614576047,0.5631561959446376,0.12949375976693422,0.09125993672768679,0.061696911414980904
169,A8,0.35491410124429484,0.30370749046470863,0.09041239495993685,0.05840213245856089,0.19256388087249887
170,A1,0.25331032580595697,0.013878535368930888,0.010106896624747463,0.026663421888947478,0.6960408203114172
170,A2,0.49868616484123407,0.05481863065035577,0.025737181097017902,0.035877420406899965,0.3848806030044923
170,A3,0.3917702208027497,0.022836436582217186,0.032827001513247335,0.06669489739710709,0.48587144370467866
170,A4,0.33793558996902956,0.015266922032339592,0.01430516966381818,0.01419827880186511,0.6182940395329477
170,A5,0.13253696881138144,0.7284269547671681,0.05336567005659691,0.042270892611582074,0.04339951375327138
170,A6,0.18885861148094477,0.021398941183758884,0.0267131166302747,0.048314316699833285,0.7147150140051884
170,A7,0.15292171013286454,0.5668983596107557,0.1280653154900097,0.09062407039773872,0.06149054436863126
170,A8,0.35170775522894815,0.305413579778316,0.09019202136169144,0.06005755899706716,0.19262908463397713
171,A1,0.25465832780418873,0.013659508756804554,0.009758161979713586,0.026050740590841594,0.6958732608684517
171,A2,0.49784693034601035,0.055562770151057074,0.025446885044024762,0.035816312746646595,0.38532710171226137
171,A3,0.3913481301102224,0.023424056098023283,0.033013231875166214,0.06612361914412035,0.48609096277246766
171,A4,0.337029711221401,0.01661755483815286,0.014005877155860182,0.014511948715092987,0.6178349080694929
171,A5,0.13243528670404858,0.7281345774755211,0.053555833990286086,0.04286724120870826,0.04300706062143617
171,A6,0.1876950288730861,0.022084243423413478,0.02573987576011852,0.0481510857055549,0.7163297662378272
171,A7,0.1529422767545569,0.5668390298558071,0.12752927997922922,0.09011884628958296,0.06257056712082386
171,A8,0.3524127673166733,0.30288208523032734,0.09019480850589051,0.06133480617805535,0.19317553276905325
172,A1,0.25620560658225056,0.014119897060878883,0.01000697255754862,0.026633785313009323,0.6930337384863126
172,A2,0.4978934601846843,0.0559571652518207,0.025250564359963826,0.03618596292874396,0.3847128472747872
172,A3,0.3908977983785455,0.02533282980255404,0.03312533507570261,0.0662041193275096,0.48443991741568815
172,A4,0.3381642667552481,0.017937137204703524,0.014224022892524823,0.01437333915620201,0.6153012339913216
172,A5,0.13328657265860924,0.7272182078710477,0.05331956510922083,0.04250064471000081,0.04367500965112129
172,A6,0.18727056949027165,0.02237903725208313,0.026530075051565623,0.04818862684889205,0.7156316913571876
172,A7,0.1545555583386557,0.563860732321914,0.12996210412015968,0.08938435606479055,0.0622372491544801
172,A8,0.34995633325313374,0.30573317264835476,0.0910164589305917,0.05949964085056509,0.19379439431735487
173,A1,0.2549658620852564,0.013511271159701868,0.009909533956546153,0.026537997007772044,0.6950753357907234
173,A2,0.49941457531721467,0.05568878233175849,0.025724678822964663,0.0352715632542526,0.38390040027380967
173,A3,0.3923429661108391,0.025431037076417924,0.032331304047288366,0.0658993473418065,0.4839953454236483
173,A4,0.33944933326110366,0.017124853892988585,0.013964780641583673,0.014173854192148673,0.6152871780121754
173,A5,0.13343465277587546,0.7270847521940982,0.0540189528429978,0.04308041048343623,0.042381231703592384
173,A6,0.18886994552467004,0.02229213282986458,0.026048233608516706,0.04865024854836491,0.7141394394885836
173,A7,0.15391701320257814,0.5621833716943103,0.13142431662871643,0.09104513404629506,0.06143016442810012
173,A8,0.3519836596925595,0.30522322099951693,0.09103488892634448,0.05939807463313386,0.19236015574844523
174,A1,0.25414024226374166,0.013714230785942905,0.009979924405594571,0.02624877279087665,0.6959168297538443
174,A2,0.4995531409729852,0.0555736744188204,0.02560156862663469,0.03556053662494899,0.38371107935661075
174,A3,0.391288318742927,0.02394298789997275,0.032871777465145316,0.0667540342529594,0.48514288163899544
174,A4,0.33685895878797745,0.016389943169326487,0.014118728786087047,0.014370400781046797,0.6182619684755623
174,A5,0.1332352021187125,0.7267184418447772,0.054139394963538374,0.042443814964294384,0.04346314610867749
174,A6,0.18947923022085333,0.022019053594181763,0.026488854304714853,0.04830671708177134,0.7137061447984785
174,A7,0.1547530294164279,0.5652464835177717,0.12819309668099693,0.09026975407782807,0.06153763630697561
174,A8,0.35358254471748274,0.3021936375852415,0.09046915680185665,0.06059785880133277,0.1931568020940864
175,A1,0.25408630856465225,0.013594963428205398,0.00993349328569361,0.026735653842646326,0.6956495808788024
175,A2,0.49941525471527637,0.055354113948862055,0.025114757363974456,0.03619337450820087,0.3839224994636862
175,A3,0.39071613547777384,0.023359095155518914,0.03185092354770434,0.06570905858718547,0.48836478723181737
175,A4,0.33633966278304683,0.015785028053336425,0.014099149896324955,0.013987450824214692,0.6197887084430771
175,A5,0.1339782188393376,0.7257723370906332,0.05418098988368941,0.04299818234845332,0.04307027183788622
175,A6,0.1888104851604016,0.02210248375937409,0.02590724188804161,0.04903721264486751,0.7141425765473152
175,A7,0.15470638195501155,0.565801580072667,0.12846287931394254,0.0899094951299012,0.06111966352847746
175,A8,0.35391281161317,0.3033296919494337,0.08988000716354821,0.05967654019724391,0.193200949076604
176,A1,0.25217404031998714,0.013849060228790325,0.010293162983539605,0.026203813367957855,0.6974799230997251
176,A2,0.49954479056648166,0.055827382293552025,0.025518757064080876,0.035410905554415714,0.3836981645214696
176,A3,0.3915450870907331,0.023945806432799248,0.032679926401123965,0.06691042310394055,0.48491875697140324
176,A4,0.33693119015308115,0.016689331348054056,0.014090690008787335,0.014396951936418968,0.6178918365536584
176,A5,0.1314556046985814,0.7293431822466049,0.05394935966366914,0.04285707108864684,0.04239478230249761
176,A6,0.1895772088215889,0.022295043179593618,0.026263821581000706,0.04844798338173454,0.7134159430360824
176,A7,0.15403970776161918,0.5638370711437815,0.1309778336417289,0.08985256114558703,0.061292826307283416
176,A8,0.35410911794534455,0.3033607023754133,0.09104196153425453,0.05986138121145579,0.19162683693353194
177,A1,0.2542298920934879,0.014061193502246633,0.010295658091006403,0.02597820647821286,0.6954350498350459
177,A2,0.49783389885437485,0.055895196323692414,0.02488598956377682,0.03566156292492047,0.38572335233323535
177,A3,0.39041591224873307,0.023664500628029134,0.033046303821250234,0.0658942547253399,0.48697902857664777
177,A4,0.33600039962856415,0.017461497801300064,0.014118477475655209,0.014146241672257382,0.6182733834222233
177,A5,0.13337700259727134,0.7270475403099902,0.0532908552313598,0.042132928854546434,0.044151673006832176
177,A6,0.19048087279667478,0.021981594707029973,0.02609739031343981,0.04789724175265613,0.7135429004301993
177,A7,0.15542764622329275,0.5646242689190454,0.12849304918831472,0.08953658205724932,0.06191845361209785
177,A8,0.3545934999377677,0.3036107141868231,0.09047683440218719,0.05936564138659471,0.1919533100866271
178,A1,0.25489606078185345,0.013856314887865515,0.010272993099614835,0.026627857217697393,0.6943467740129688
178,A2,0.5018895704718669,0.05448597701796159,0.0250335050571152,0.03580424291646585,0.3827867045365905
178,A3,0.3898784822854059,0.023464745879232345,0.03348623472448743,0.06616077693113756,0.48700976017973685
178,A4,0.33622691869902693,0.01547249161216102,0.014114640752044574,0.01416270888083748,0.62002324005593
178,A5,0.133194705745372,0.7269031013392963,0.054111569979320914,0.042856013766245565,0.04293460916976529
178,A6,0.18918693470414816,0.021689739735802436,0.025687753548333418,0.0484986054699104,0.7149369665418057
178,A7,0.15422991459185978,0.5647072434116444,0.12964647652153424,0.08956389747703365,0.06185246799792802
178,A8,0.3537366250161421,0.3033354701105053,0.0904975170923342,0.05972369225539272,0.19270669552562567
179,A1,0.254539197888046,0.01417452752692851,0.009982566202931665,0.02654159413268251,0.6947621142494115
179,A2,0.499217695796629,0.05498400395824786,0.024823842914088512,0.03566418966749378,0.38531026766354093
179,A3,0.39010801801655254,0.025823840912572296,0.033097571536972945,0.06606914720251021,0.48490142233139183
179,A4,0.3352710320800926,0.018840687852645567,0.014302235214256052,0.014106495910149489,0.6174795489428565
179,A5,0.13205679905741946,0.7287648357920727,0.0533354963416762,0.04242005834924534,0.0434228104595861
179,A6,0.1899729487472038,0.02172591677494688,0.02623814169457178,0.048546979879287,0.7135160129039905
179,A7,0.15459966700974156,0.5632755652561523,0.13207903380055364,0.08856074148803035,0.06148499244552217
179,A8,0.35640593930784803,0.30092018556702277,0.09055230224459226,0.05976105925259332,0.19236051362794357
180,A1,0.25497769432151296,0.013639812939014017,0.010183779015805812,0.02644104351162155,0.694757670212046
180,A2,0.499735254668239,0.05550605297826487,0.025073818062397307,0.03579096176714383,0.38389391252395494
180,A3,0.3901224871487545,0.025223420279425278,0.033008098258381975,0.06633895136710335,0.48530704294633487
180,A4,0.3368504398023358,0.01750256384209032,0.013831874007135023,0.014213254716116263,0.6176018676323225
180,A5,0.13355748116780386,0.727299999844455,0.05340033511165737,0.0424751043609046,0.04326707951517905
180,A6,0.18989205021542985,0.022114495273529128,0.026486311341958113,0.04829022001112812,0.7132169231579547
180,A7,0.15189971263024793,0.5669682352396979,0.13111124376486677,0.08820076959423767,0.06182003877094964
180,A8,0.35271801676185033,0.30399787370656467,0.09142099807430498,0.05992887622620216,0.19193423523107772
181,A1,0.2562454611768629,0.01359432551772559,0.009977969225608398,0.026198119541682722,0.6939841245381201
181,A2,0.4967978868652582,0.054878508561820104,0.02513968117782912,0.03570399355157519,0.3874799298435172
181,A3,0.3903857074786546,0.024233819038794197,0.03267137103353612,0.06628645606509347,0.48642264638392163
181,A4,0.33544222902345877,0.017423443849996174,0.014236084404303503,0.014316349840460312,0.6185818928817813
181,A5,0.13362580882488717,0.726397291904828,0.053633928889898444,0.04313018833682918,0.04321278204355727
181,A6,0.1896496268974385,0.02167382378076211,0.02621140448477547,0.04893658517600767,0.7135285596610161
181,A7,0.15267198592258074,0.5654128078203399,0.13020009060055743,0.08968219269458423,0.06203292296193773
181,A8,0.35368510520241636,0.3020497857783308,0.09014001648060532,0.060640941304688896,0.19348415123395848
182,A1,0.2534390824476121,0.01392748051328389,0.009998104328776859,0.026482834032915056,0.6961524986774119
182,A2,0.4963222378278419,0.05558649832238193,0.025412695695565098,0.03601105726095548,0.3866675108932556
182,A3,0.39172573460177074,0.02305340867040677,0.03298144886653182,0.06595448675573996,0.48628492110555094
182,A4,0.33845595774621495,0.01504374891991148,0.01423391479865879,0.013999268274406448,0.6182671102608083
182,A5,0.1314356891602988,0.7294630063710321,0.053581986670517556,0.043305645070883074,0.04221367272726845
182,A6,0.18882306204335397,0.022127052762362463,0.026255680703556127,0.04832560743805234,0.7144685970526748
182,A7,0.15302744976414984,0.5625340422650988,0.13246355193792653,0.0899554443434919,0.06201951168933304
182,A8,0.35200774719290256,0.30402178710652655,0.09035735747303927,0.06051739930646444,0.19309570892106692
183,A1,0.2529713141408108,0.013583643506898446,0.010511446765757621,0.02666449744598861,0.6962690981405446
183,A2,0.49621237710432897,0.05549376712735063,0.025468597882114436,0.03579321476684092,0.38703204311936495
183,A3,0.39134294194130237,0.025645370209567985,0.03256729814682702,0.06692801021552876,0.4835163794867738
183,A4,0.3377866654962392,0.018438913656970247,0.014496793695869994,0.014405602496484564,0.6148720246544359
183,A5,0.1334323881131162,0.7266459334150186,0.05239174741294307,0.0440064166369357,0.043523514421986195
183,A6,0.18890668172631592,0.02245871229978922,0.025835557075728165,0.0492171042656282,0.7135819446325387
183,A7,0.15305955760039064,0.5679214295400709,0.12706386354593996,0.09055311692136443,0.06140203239223423
183,A8,0.3533705557797925,0.3034808437120815,0.09022773009296561,0.060626087148890104,0.1922947832662704
184,A1,0.254733074671453,0.013437367302760206,0.00988202760852408,0.027033057890730385,0.6949144725265324
184,A2,0.4951035743747623,0.05623625052047122,0.025206597450214294,0.036171780427876575,0.38728179722667544
184,A3,0.3908238670673567,0.025003938757509923,0.033161001427359484,0.06689191261597086,0.48411928013180294
184,A4,0.33605454569728577,0.01757959130659589,0.014386879418906436,0.014503681838483638,0.6174753017387283
184,A5,0.13319848426658543,0.7281520194113563,0.05232476022026692,0.04255855782005289,0.04376617828173829
184,A6,0.1876930038946326,0.022027047602309457,0.025566077756347325,0.04870264977650941,0.7160112209702013
184,A7,0.15432978837408337,0.5643283468590995,0.1287048969570526,0.09048187014698486,0.06215509766277942
184,A8,0.3541709546625476,0.30168843705569715,0.09061739842670412,0.05990542166359672,0.1936177881914545
185,A1,0.2525467472515911,0.013681727678545794,0.009956795668290174,0.026546895011529705,0.6972678343900433
185,A2,0.498928052860287,0.05495936768139238,0.025328250342820945,0.035607145778466465,0.3851771833370332
185,A3,0.3914890653989478,0.021979843553974393,0.03285541853855418,0.06555596659802987,0.48811970591049375
185,A4,0.3368272730056981,0.014538224227132463,0.013933315998174158,0.014327866922662904,0.6203733198463325
185,A5,0.13278320835219215,0.7265423795492187,0.05431213157542173,0.04379278464285972,0.04256949588030741
185,A6,0.18993776334986529,0.022363475202264674,0.02626156969353265,0.04806792469835701,0.7133692670559804
185,A7,0.15455849194841922,0.5635076560737217,0.13063642166274625,0.09060840269441349,0.06068902762069957
185,A8,0.3558752991048631,0.30421430713229747,0.08995780431451189,0.059552040711776735,0.1904005487365508
186,A1,0.25066013437576645,0.013793755308473559,0.009875967254428065,0.026333024478050592,0.6993371185832813
186,A2,0.4981008169970401,0.055997554963730045,0.025047478843873455,0.03594377102664571,0.38491037816871093
186,A3,0.3920256852407368,0.023651846139729513,0.033072945499008896,0.06578369908808773,0.4854658240324371
186,A4,0.3376872521937068,0.01614897322790534,0.014063112804537321,0.014431585041228205,0.6176690767326226
186,A5,0.13224885907600997,0.7296363696486969,0.05293959647197503,0.04278446112753612,0.04239071367578175
186,A6,0.1877385442047185,0.02205738933398011,0.025957344147533232,0.04810213661037318,0.7161445857033951
186,A7,0.1524437162398452,0.5655223808335758,0.12998202940423625,0.09027719983935928,0.06177467368298352
186,A8,0.35401502500422144,0.303892168379666,0.0906657662772315,0.059469541673678,0.19195749866520312
187,A1,0.2535014451719086,0.013798679798492369,0.009910959473591583,0.02689924741407203,0.6958896681419355
187,A2,0.4958578512198117,0.05485440667853575,0.02505183565651989,0.03560286630094713,0.3886330401441854
187,A3,0.39092539286619155,0.02258161178323796,0.03323094854812645,0.06595854876271541,0.4873034980397285
187,A4,0.3372458529204634,0.01451900353500007,0.014181020817068435,0.014164121596517741,0.6198900011309503
187,A5,0.13407039523801106,0.7268919260356546,0.053481913794393966,0.042415933916278736,0.04313983101566199
187,A6,0.19031450606000866,0.021951678009955865,0.026512982373021767,0.048957654256820575,0.7122631793001929
187,A7,0.15378437788665678,0.5655409375223683,0.1290015184805876,0.09027235945761197,0.06140080665277521
187,A8,0.35540309821210425,0.3048960753194345,0.0892693778877517,0.059192983111488996,0.1912384654692204
188,A1,0.2545256124334586,0.014076046631232079,0.010021381829265257,0.026328187777230314,0.6950487713288139
188,A2,0.49762029967110566,0.05449833552562062,0.025845453090079677,0.036122409460414805,0.3859135022527793
188,A3,0.3885828746518023,0.0213078113829678,0.032905049767942354,0.06681673173041086,0.49038753246687683
188,A4,0.33340962279396175,0.013869261291535406,0.013902509235815711,0.014348551229884978,0.6244700554488023
188,A5,0.1328000333276604,0.728072362482328,0.0546611233196269,0.042224930826441125,0.04224155004394366
188,A6,0.188592724039546,0.02176736044111215,0.026785762177250778,0.04883052016336637,0.7140236331787247
188,A7,0.15389213593344478,0.5645651038759169,0.13049492294327683,0.08901321018737146,0.062034627059990036
188,A8,0.3538761491788508,0.30277950030008,0.09000033272678545,0.06053753581500742,0.19280648197927644
189,A1,0.2545412011589407,0.014057068176274242,0.009810949694086753,0.026028543978445333,0.6955622369922532
189,A2,0.5000797604322291,0.0553044539619094,0.024592491147004913,0.03555047029689467,0.3844728241619619
189,A3,0.39018975505284664,0.024456600525250557,0.032787076271854225,0.06654922488727154,0.48601734326277707
189,A4,0.3364426651797456,0.01665008747255297,0.014100186747030561,0.014385279296836154,0.6184217813038346
189,A5,0.13298359328414097,0.7282313612060481,0.05346776845319008,0.04247437084894178,0.042842906207679
189,A6,0.18841464738083913,0.021724430561996782,0.026102743253756402,0.049051330430543105,0.7147068483728648
189,A7,0.15291871960746523,0.5677720205383842,0.12862407635955198,0.0891280751559579,0.06155710833864084
189,A8,0.3521303231407673,0.3050819152899303,0.09065760000037208,0.05975343083731606,0.19237673073161407
190,A1,0.2547253255018419,0.013814769598606245,0.010505214445885997,0.026143180995858734,0.694811509457807
190,A2,0.4961679994249006,0.05575730122515529,0.025134953833102058,0.035186723979549986,0.3877530215372921
190,A3,0.38952566085947454,0.02503750990725078,0.03344002136647216,0.06556839501509337,0.486428412851709
190,A4,0.33607254065375,0.017291916776206315,0.014402683994818446,0.01414965172409923,0.6180832068511259
190,A5,0.13280369363622616,0.727906056685812,0.05357353844613008,0.04283893006042927,0.042877781171402556
190,A6,0.18998776444836885,0.022454707793841858,0.026351885767141998,0.04826183677043528,0.7129438052202122
190,A7,0.1524183052635482,0.5652538431336047,0.13024716195299504,0.08960801124757939,0.062472678402272566
190,A8,0.3527311359722079,0.30274944151907524,0.09131090113023482,0.05985610163055853,0.19335241974792336
191,A1,0.25370350048473267,0.013569377440828504,0.010062834215357875,0.026561210753975027,0.6961030771051059
191,A2,0.4984352752027484,0.054859482212306375,0.024997893922252705,0.03576284237242533,0.38594450629026733
191,A3,0.39060872024497606,0.023414852956273553,0.03295213670812106,0.06671043262948,0.4863138574611494
191,A4,0.3363044175534034,0.015117865133740192,0.013894296500396993,0.014213522568459492,0.6204698982439999
191,A5,0.13222483065358792,0.7281935742543868,0.0535238837780321,0.043523172315219606,0.04253453899877359
191,A6,0.1888502285504703,0.021802153212473252,0.02615593414186971,0.04845187250023176,0.7147398115949548
191,A7,0.15451400809829458,0.569321887254524,0.12762795548423647,0.08746915886208205,0.061066990300862795
191,A8,0.35414457421782186,0.3049081337769078,0.09099017224135733,0.05820811978007262,0.19174899998384046
192,A1,0.25359054517724955,0.01341977708761754,0.010165795317802904,0.02655627779589243,0.6962676046214377
192,A2,0.49946501753386696,0.055365772253460656,0.024642526640471233,0.036359317568291485,0.3841673660039098
192,A3,0.39123600320044005,0.02430231675013027,0.03239292792465963,0.06668446035230258,0.48538429177246756
192,A4,0.3363324061347213,0.01756742114779836,0.014112162699717355,0.014414811531034567,0.6175731984867284
192,A5,0.13261328137264922,0.7287120152142428,0.05342188276282779,0.043146241923318715,0.042106578726961455
192,A6,0.19154341406651376,0.022053235355276462,0.0251226008627533,0.0485137803927398,0.7127669693227168
192,A7,0.15394225314666976,0.5612488647249095,0.13189839845784818,0.09144204445034113,0.06146843922023133
192,A8,0.35582432010405063,0.3032960153810885,0.0904357709684218,0.06012784193811218,0.19031605160832693
193,A1,0.2551856065006106,0.013960928201022526,0.009579577068869067,0.02667671600328455,0.6945971722262132
193,A2,0.49665478865866486,0.05582436802249428,0.02526692777073159,0.036350709550007965,0.38590320599810135
193,A3,0.39210062072672575,0.023487794945599938,0.032572667519116145,0.06589374988681043,0.4859451669217478
193,A4,0.33771336341597896,0.015249440827896352,0.014080781677129338,0.014212025194935578,0.6187443888840599
193,A5,0.13329066021402836,0.7273007027911866,0.05324853299114364,0.043100012743391515,0.04306009126025013
193,A6,0.18738950745139765,0.02207432920134377,0.02604949468340886,0.048473584235560245,0.7160130844282896
193,A7,0.15380964516742768,0.5624146501019234,0.13120399661383142,0.09013578619504067,0.062435921921776646
193,A8,0.35422953564639587,0.3024942177915191,0.09078356412043877,0.060481754873174906,0.19201092756847127
194,A1,0.2521354393507021,0.013989689949550781,0.010579729546536226,0.026131816356880444,0.6971633247963303
194,A2,0.4990556054204451,0.05530101074941003,0.02529831110638689,0.035916279207487904,0.38442879351627024
194,A3,0.3934487347311451,0.02489831610771842,0.03296351360546264,0.06570210502534415,0.48298733053032966
194,A4,0.33926896823969366,0.017760151009027086,0.014115728956479048,0.01436373865304194,0.6144914131417583
194,A5,0.13246495407657233,0.7293222941248368,0.053199975654350945,0.04228940439577748,0.042723371748462295
194,A6,0.18947393350801314,0.021572738388257025,0.026312276138798822,0.04824539057389194,0.714395661391039
194,A7,0.15332408863435654,0.5641138944262648,0.12992199081373554,0.09153731848441087,0.06110270764123228
194,A8,0.3505917263154002,0.3044619207151696,0.09205296265833929,0.059845426533589444,0.19304796377750158
195,A1,0.2522289011461726,0.013822917121596426,0.010143382379657015,0.026466883475046738,0.6973379158775271
195,A2,0.4968994245933543,0.056292669614173604,0.02539780215971928,0.0354499512229213,0.3859601524098317
195,A3,0.3916398445509627,0.025161165215409603,0.031831741438473976,0.06561045548279437,0.4857567933123593
195,A4,0.33628415637826253,0.01735393900680062,0.014276320870724604,0.014395734974947307,0.6176898487692651
195,A5,0.13413343142855694,0.7264012759540897,0.053739076782037466,0.04244953139372221,0.043276684441593626
195,A6,0.1895728515978834,0.021766914877652054,0.02628304752714366,0.047933530037962156,0.7144436559593589
195,A7,0.1532478463664041,0.5667199275091803,0.1292296938558897,0.08903572041624239,0.06176681185228369
195,A8,0.35296643625464913,0.3034591638043629,0.09068881053892758,0.05986147807833901,0.19302411132372155
196,A1,0.2533387589842029,0.0134328785714957,0.009785765376308228,0.02649313572727989,0.6969494613407133
196,A2,0.4978786737670273,0.05671352628218017,0.025030613364971865,0.036229104408954785,0.38414808217686586
196,A3,0.3926700078174885,0.02356820479275228,0.03330110577946326,0.06644633981005138,0.48401434180024455
196,A4,0.33856240292612755,0.016602980845163942,0.014110745170847679,0.014208206269168298,0.6165156647886922
196,A5,0.13299576897590207,0.7277155808411565,0.05313272085306145,0.043887758771000054,0.04226817055887992
196,A6,0.1883848999740049,0.02213760284441836,0.02637918589244382,0.04852663187746477,0.7145716794116679
196,A7,0.15358926592935923,0.5653798538984944,0.129403419477329,0.0898096660177627,0.061817794677054436
196,A8,0.3525819088007082,0.3050570962573998,0.08956823093517913,0.060554841217974796,0.1922379227887381
197,A1,0.256334025072791,0.01388350046677071,0.010009654762427954,0.026471323201975688,0.6933014964960347
197,A2,0.4960232948157601,0.055774800433863056,0.02483142947791081,0.036677072303258625,0.38669340296920734
197,A3,0.39019650176739684,0.024460471469432168,0.032742227634354006,0.06578674380881844,0.4868140553199984
197,A4,0.3351554025928495,0.016922523914646118,0.014095233051441768,0.013821092528153146,0.6200057479129095
197,A5,0.13376238562224854,0.7254862351561423,0.054258621399157644,0.043402479806051324,0.04309027801640026
197,A6,0.18843582993306435,0.0220649163218169,0.025901537789918622,0.048749011364507655,0.7148487045906924
197,A7,0.15453628395465654,0.5670686204703792,0.12574938693014232,0.09127927371445738,0.06136643493036452
197,A8,0.3531957541051668,0.30427428369399273,0.09044114178542391,0.0596164185554563,0.1924724018599604
198,A1,0.2537572722549472,0.013691822922049025,0.009951297159173663,0.026324333846157327,0.6962752738176727
198,A2,0.5006544672904929,0.055285042490949905,0.02503308525251646,0.0356193891063558,0.3834080158596848
198,A3,0.39203991238297575,0.02606140392406723,0.032818183079017606,0.06624297505720492,0.48283752555673454
198,A4,0.3372730307482693,0.01914466384146349,0.01405715095598938,0.01444355930037731,0.6150815951539004
198,A5,0.13439902147858315,0.7259700559620151,0.05316376885076011,0.042622898774297605,0.04384425493434419
198,A6,0.18965530181950702,0.022122236189228237,0.026086595404744374,0.04802982294868052,0.7141060436378399
198,A7,0.154768747879702,0.5653187638181738,0.1283645405280201,0.09048713240108586,0.061060815373018267
198,A8,0.35662822181506143,0.30159233421014514,0.09023547535514569,0.05863416696396893,0.19290980165567895
199,A1,0.25538041142223505,0.014098153401950907,0.010224192903891429,0.026086384677047193,0.6942108575948754
199,A2,0.5004634171622622,0.05538933001841286,0.02538961940857222,0.035958211702010565,0.3827994217087419
199,A3,0.39055447227723333,0.02440970852576969,0.03377039116993355,0.06536393832061224,0.48590148970645114
199,A4,0.33687975592073055,0.016493117706734346,0.014380682922891902,0.014361893236830327,0.6178845502128127
199,A5,0.13201355876808973,0.729846046611516,0.05307511677083339,0.04254072559028371,0.042524552259277086
199,A6,0.1891771354804251,0.02204452610795791,0.02602544774521233,0.04892705267193841,0.7138258379944663
199,A7,0.15377643205656058,0.5660559877633986,0.1283239006756669,0.0901730664879945,0.061670613016379314
199,A8,0.3551667675480598,0.30341322849518276,0.0910462371307223,0.05896518559338479,0.19140858123265028
200,A1,0.2555824805605146,0.013822200392409998,0.009911990824197088,0.026926406260663782,0.6937569219622143
200,A2,0.49905494355115443,0.0549278764042097,0.02545235428633539,0.03569302847494603,0.3848717972833545
200,A3,0.390939593148119,0.025163229375635806,0.032449205145768226,0.06623831310635366,0.48520965922412324
200,A4,0.33756996644327536,0.0178169809640049,0.014143072492812818,0.014165608963095912,0.616304371136811
200,A5,0.13299689252419272,0.7258479033545807,0.05444586722936425,0.042869705186117275,0.043839631705745064
200,A6,0.19097470195581853,0.021638365515576016,0.026064200138672933,0.04888836928339771,0.7124343631065346
200,A7,0.15228895254777947,0.5643887094548172,0.13017429883673845,0.09171060082189356,0.061437438338771216
200,A8,0.35270655039202314,0.30377949391548675,0.09051126052877083,0.06013094106755409,0.1928717540961653
201,A1,0.25418847345989465,0.013512602674047627,0.01012204130279798,0.026905778735025625,0.6952711038282341
201,A2,0.4988102575357172,0.05588733570547444,0.025143810934092202,0.03544644431845643,0.3847121515062597
201,A3,0.39053370242512847,0.02499448316224699,0.03297562410487294,0.0659929648862724,0.48550322542147933
201,A4,0.33544974896242924,0.018082401146767405,0.014016803488589009,0.014162781065014627,0.6182882653371997
201,A5,0.13317229667768196,0.7283470242264835,0.05245247014301591,0.04321227752040787,0.04281593143241099
201,A6,0.1896967885939247,0.022135814664148455,0.026533487178015604,0.04862926442667966,0.7130046451372316
201,A7,0.153539240835556,0.5679031893543559,0.12925695739629653,0.08792200202336606,0.061378610390425456
201,A8,0.35443775996202775,0.3046742354859521,0.09010988482808714,0.05941106405635014,0.191367055667583
202,A1,0.25261782568679275,0.013830762685562303,0.010153206388908822,0.026935674658991125,0.6964625305797448
202,A2,0.4974588749641467,0.05555655485516569,0.02577130331054683,0.036016819052872094,0.3851964478172687
202,A3,0.3910771289337727,0.024043140194935378,0.032491715115828136,0.06602702703496394,0.4863609887204999
202,A4,0.33597404597060343,0.015929597692994575,0.013973237190827312,0.014129482924192794,0.6199936362213816
202,A5,0.1323127867926319,0.7286787313294708,0.054304414133378304,0.04206001829054452,0.042644049453974466
202,A6,0.19017115037096013,0.02212424866936339,0.02563595004219933,0.048124648650816115,0.7139440022666612
202,A7,0.15461584658675445,0.5632434012390234,0.12949683788034627,0.09025902176726283,0.06238489252661326
202,A8,0.3548677651238481,0.3028585800271749,0.09071912339316979,0.058641000902542255,0.19291353055326504
203,A1,0.25240418057393377,0.013648746331238092,0.010134749802397536,0.026588993492599498,0.6972233297998313
203,A2,0.49919965037314873,0.0558997138553033,0.024806174864638313,0.035831699049532234,0.3842627618573773
203,A3,0.3906691836159791,0.021308235135295117,0.032597732544733374,0.06669009047790213,0.48873475822609036
203,A4,0.33702585151161046,0.012667124315837419,0.014044552171741474,0.014495232452812666,0.6217672395479981
203,A5,0.13321935367891063,0.7270668266302799,0.05421830999207427,0.04265236377508148,0.042843145923653805
203,A6,0.18874832662818936,0.0222810871366995,0.025959617370690292,0.049117605490844075,0.7138933633735769
203,A7,0.15297424701293774,0.5651100474133488,0.1297880790555614,0.09057817501687698,0.06154945150127518
203,A8,0.35235963100934575,0.3064762334339062,0.08924946830103604,0.05877176449127655,0.1931429027644355
204,A1,0.2530122543574436,0.014553366430896532,0.010127829639120789,0.02617830917906704,0.696128240393472
204,A2,0.4985633786349294,0.055657927557727235,0.025095318560054678,0.035782940898699295,0.3849004343485894
204,A3,0.388903958158596,0.024123886275862188,0.033194382764286844,0.06570433478107768,0.48807343802017733
204,A4,0.33400573416421586,0.016798720276471574,0.013682451859302508,0.014217906579922088,0.6212951871200878
204,A5,0.13211048785916654,0.7303306084625162,0.05312307470332245,0.04230635766964408,0.0421294713053509
204,A6,0.19050909422380075,0.021252250780659603,0.026459158701180215,0.04774512384460609,0.7140343724497533
204,A7,0.15410446348097023,0.5652212030016529,0.12881789105671784,0.08967413861428677,0.062182303846372175
204,A8,0.3541379039269027,0.3046239576286624,0.09025948473092932,0.059668618394764505,0.19131003531874113
205,A1,0.2541817965862813,0.013358383875175284,0.010088181066445337,0.026730978173872322,0.6956406602982257
205,A2,0.4991476737255907,0.05541615702468089,0.02539010400237245,0.035726609566473805,0.38431945568088227
205,A3,0.3908437155589524,0.02293646617844069,0.03340820909633336,0.06679249567864093,0.4860191134876328
205,A4,0.33735124631265895,0.015353052967830731,0.014122686041190461,0.014602259335350571,0.6185707553429693
205,A5,0.13325716754304484,0.7278066498766923,0.053594626865930056,0.0427055455868575,0.04263601012747527
205,A6,0.18992875272288626,0.021894812054391095,0.02626235907125964,0.048243575724259066,0.7136705004272039
205,A7,0.15435369002915014,0.5655144586832888,0.12976154729624265,0.08880106895865233,0.061569235032666134
205,A8,0.35277607334116323,0.30485892660758135,0.09000801059291619,0.06006873143332604,0.192288258025013
206,A1,0.2551800753552693,0.013718249408236308,0.010291228615761261,0.02612884642269103,0.6946816001980419
206,A2,0.49787637197280527,0.05539440747264332,0.025370539148105112,0.03576162716007857,0.38559705424636753
206,A3,0.39314481047175726,0.02322048668081734,0.03248620132103271,0.0661179275610146,0.4850305739653779
206,A4,0.3402593689127394,0.015343233410574475,0.014069898220348848,0.014319872353554225,0.6160076271027831
206,A5,0.13361218222901136,0.7262104636023416,0.053771845419458925,0.04343383747844646,0.042971671270741675
206,A6,0.18985903396583176,0.022335004506524966,0.025467318593330887,0.048103805877672316,0.7142348370566398
206,A7,0.15404144165101197,0.5653574216901849,0.12805135440587162,0.09104754796313087,0.06150223428980066
206,A8,0.35092221871119955,0.304364051689078,0.09136295573440638,0.059774588885210825,0.19357618498010512
207,A1,0.2522613977291204,0.013511852496902224,0.01022332268178664,0.02649572139278296,0.6975077056994079
207,A2,0.4969050944442326,0.05596789276980887,0.025187865649831647,0.03585426595518622,0.38608488118094075
207,A3,0.39230717727423214,0.02404615705657222,0.03319768081819589,0.06625643935187112,0.48419254549912877
207,A4,0.3392107996937109,0.017085598753237036,0.014147305964748095,0.014461705569378987,0.6150945900189251
207,A5,0.13201017906635792,0.7299479031164064,0.05392488178413291,0.04235574384930035,0.04176129218380249
207,A6,0.18986903119144602,0.022479848309565544,0.026425706559623504,0.048621697161155004,0.7126037167782097
207,A7,0.15548020559913914,0.5636025104810007,0.12893567962239688,0.0898870454673839,0.06209455883007925
207,A8,0.3529356937290292,0.30519269776595165,0.0899968619825926,0.05976458400558843,0.19211016251683818
208,A1,0.2525476916612089,0.014122895472137936,0.009844618563814094,0.02616193662240264,0.6973228576804361
208,A2,0.4979939807761979,0.05542846434876148,0.025341980788224604,0.03548318445321503,0.3857523896336011
208,A3,0.39388203937943744,0.022978841091378408,0.03251878856418817,0.06664253796393241,0.4839777930010636
208,A4,0.3392765167989418,0.015526674316845707,0.014156370315348617,0.014387545655660083,0.6166528929132039
208,A5,0.13299737823712274,0.7260775161691854,0.05521575592034003,0.04256407722885129,0.04314527244450067
208,A6,0.18925871230439986,0.021946994298743798,0.02685166022332025,0.048038084534491966,0.7139045486390443
208,A7,0.1517917062548873,0.5683539652593809,0.12835522201734154,0.089617103261289,0.061882003207101174
208,A8,0.3534045789734643,0.30445261084892156,0.089608065156487,0.059885124470471895,0.19264962055065532
209,A1,0.25500277490369067,0.013567650271568515,0.010467069319102951,0.0263729944369809,0.6945895110686569
209,A2,0.49900087245788405,0.05604778886251147,0.025257473326103418,0.035572481735978025,0.38412138361752296
209,A3,0.39334112220146206,0.02564709327734609,0.03310490306705689,0.06574954078839891,0.482157340665736
209,A4,0.3393944758715328,0.018577751035468097,0.014352392098665446,0.014097931985595813,0.613577449008738
209,A5,0.13180134396713966,0.7303152607585734,0.05305954215938219,0.041412437082592915,0.043411416032311544
209,A6,0.19062557276996628,0.02189907627481511,0.02565263000945886,0.04845147994353762,0.7133712410022219
209,A7,0.15296254257010442,0.567424109197697,0.1275080696288524,0.08972308270017873,0.0623821959031673
209,A8,0.353946527496788,0.3032868007835062,0.09050249768687244,0.059966396498453804,0.19229777753437946
210,A1,0.2529280586239692,0.01396163721930766,0.010092762024259735,0.026073109455162516,0.6969444326773009
210,A2,0.49757855849935984,0.05504263485830897,0.025020604621096607,0.035772842035045826,0.3865853599861887
210,A3,0.39157154269988276,0.023531000528715932,0.033291942385544955,0.06653509366178464,0.48507042072407164
210,A4,0.3378875613962596,0.015522864055888399,0.014160703888408474,0.014538672806052692,0.6178901978533909
210,A5,0.13391959126052905,0.7251216890652292,0.05454280722823487,0.04349448878555495,0.042921423660451735
210,A6,0.19040572007017786,0.022275766776582905,0.02638713961977454,0.048343901246315525,0.712587472287149
210,A7,0.15392230182749528,0.5651162512049684,0.1287309705663784,0.0908853447909147,0.06134513161024317
210,A8,0.3545365837447513,0.30434665917875425,0.08980747974975055,0.0603115379498242,0.19099773937691955
211,A1,0.255174895090942,0.013554842762466723,0.010548768985157098,0.02616490921444858,0.6945565839469856
211,A2,0.4982894135257485,0.05517147223143743,0.02487984985413142,0.03578352027044409,0.3858757441182388
211,A3,0.3917299450418929,0.02364034494230409,0.03276984524200021,0.06638535715385471,0.4854745076199481
211,A4,0.3373050619222188,0.015716263277266457,0.01413092272586505,0.014250856846460908,0.6185968952281887
211,A5,0.13263826712231339,0.7285761233334267,0.05339817543423578,0.04297928613423152,0.04240814797579243
211,A6,0.19053877665390065,0.02219133429515901,0.025655200918113366,0.048944932472745895,0.7126697556600808
211,A7,0.15454315620505976,0.5669133450967055,0.12670446470677962,0.09047718025399504,0.06136185373745998
211,A8,0.35473804213309246,0.3027701842086717,0.09021950210077381,0.06056379884737469,0.19170847271008734
212,A1,0.2530760611941151,0.013632892750614932,0.010240074626180855,0.02617765989677056,0.6968733115323186
212,A2,0.4971385723671381,0.055974331088065314,0.025247871231146454,0.03542006922166295,0.3862191560919874
212,A3,0.3865084326549045,0.024793104166895102,0.033105008596926666,0.06706791749455714,0.488525537086717
212,A4,0.33222799891739074,0.016316386523094806,0.013860757759906557,0.01435828497733001,0.6232365718222779
212,A5,0.13496343376750441,0.7262285156565077,0.053440558045207615,0.042421916904829146,0.042945575625951055
212,A6,0.1905333062629371,0.021781063396783686,0.02653836711773515,0.048497399105635386,0.7126498641169088
212,A7,0.15310188683746237,0.564072104711316,0.13047537504787154,0.0908365213349708,0.06151411206837904
212,A8,0.3538237849274292,0.30271432695320943,0.09208697471870902,0.05962388980293929,0.1917510235977131
213,A1,0.2552686528259486,0.013538967018778745,0.010101771986323133,0.02682160517031746,0.6942690029986319
213,A2,0.49959758248827746,0.05501989061042049,0.025400071743524544,0.03644649684482264,0.3835359583129549
213,A3,0.39102849594788225,0.023896206323015597,0.03270887888160469,0.06636749315399688,0.4859989256935007
213,A4,0.3373903947508721,0.015854795136328058,0.014198131477263332,0.014219409566819254,0.6183372690687169
213,A5,0.13175184379571186,0.7293652697439024,0.05385629298991311,0.04304249107923963,0.0419841023912328
213,A6,0.18894550567943882,0.02171604777041591,0.02609265441797218,0.04848485930800706,0.7147609328241662
213,A7,0.15380152736708236,0.5655070191990886,0.1289974410292481,0.09042325631624487,0.06127075608833611
213,A8,0.3533132241849817,0.3032878332759913,0.09066097549218897,0.060144947730860356,0.19259301931597766
214,A1,0.25429085029942244,0.01397352307433264,0.009802132628418924,0.026449384208333804,0.6954841097894923
214,A2,0.49978809069452396,0.05575873095007999,0.02508823626435494,0.03649559527481679,0.3828693468162246
214,A3,0.3914973023728642,0.023283963325950466,0.03312383630123127,0.06780212929450054,0.4842927687054535
214,A4,0.33861343779347686,0.015165939501003934,0.014210444939817057,0.014492238835488754,0.6175179389302135
214,A5,0.1342385812325117,0.7276377046811364,0.05262438085757011,0.04226885516736694,0.04323047806141488
214,A6,0.18873213145875703,0.021605585256854177,0.026572624598599374,0.048707568989791596,0.7143820896959977
214,A7,0.15584518243434117,0.5646319245827741,0.12705335668587164,0.0911378825000817,0.061331653796931264
214,A8,0.3535352118294162,0.30514850803723537,0.09017676894703092,0.05953770924956397,0.1916018019367534
215,A1,0.25364534056551913,0.013537879729674763,0.010168837956332114,0.02641726708192809,0.6962306746665459
215,A2,0.5006723633568314,0.05618400210600299,0.02497309042848342,0.03545337350064421,0.3827171706080377
215,A3,0.3911996208625745,0.023905119890087725,0.03182383503800763,0.06674188821900466,0.4863295359903254
215,A4,0.337582773203708,0.015581653793487749,0.013663206334730872,0.014397934661421996,0.6187744320066516
215,A5,0.13393342904219996,0.7268582716037238,0.05319333932533411,0.043500115346826775,0.042514844681915354
215,A6,0.1890691699859351,0.022444262092470878,0.026253984268299533,0.04837437706600221,0.7138582065872924
215,A7,0.15405678698367042,0.5679406656349525,0.12944971652197568,0.08800723390247882,0.0605455969569227
215,A8,0.35627311545549856,0.30223797764685817,0.0908955739783051,0.059765178258679504,0.19082815466065836
216,A1,0.2550912448868207,0.013899259858181698,0.00980706922769527,0.026469250160972214,0.6947331758663303
216,A2,0.4997863519961568,0.05513550402390475,0.02490597399599705,0.03616581724044231,0.38400635274349926
216,A3,0.3905357558443795,0.024706403857538656,0.0330103862637646,0.06617073671793174,0.48557671731638563
216,A4,0.337321317657843,0.017153270378160227,0.014227966150486238,0.014250836329880334,0.6170466094836301
216,A5,0.13446770275009504,0.7277767907817063,0.05261071446988791,0.0420111494610421,0.0431336425372686
216,A6,0.1889134638414646,0.02174843459111587,0.025755609658031836,0.04830594563807321,0.7152765462713143
216,A7,0.15365311652667457,0.5664562235192385,0.1284357425890768,0.09052821117230811,0.06092670619270185
216,A8,0.3532702410135502,0.3043303307935632,0.08951640760501549,0.05989863354617713,0.19298438704169396
217,A1,0.25286922950603835,0.013421378136666901,0.01006418220969661,0.02576029132391942,0.6978849188236788
217,A2,0.49961428656849893,0.05517487757106334,0.02507558885787729,0.03587894161621384,0.38425630538634653
217,A3,0.39339189479548553,0.023527938933782258,0.032964658778377814,0.06648153282257059,0.483633974669784
217,A4,0.34035233733376763,0.015366367223314494,0.014378299039584284,0.014484600252995186,0.6154183961503386
217,A5,0.13327424721252348,0.7270961589503773,0.05416024145330155,0.042966626811374316,0.04250272557242331
217,A6,0.1904282450986078,0.02233786248050752,0.0262024113030272,0.04864744741726107,0.7123840337005964
217,A7,0.15407279217690137,0.5655500699626658,0.1288822967506745,0.09033920427754147,0.06115563683221682
217,A8,0.3533344705304965,0.30437610275441573,0.08967351739321236,0.060517155300792734,0.19209875402108273
218,A1,0.2528003746174849,0.01378487029285145,0.010397865421508994,0.02649048552453026,0.6965264041436244
218,A2,0.49674627912592084,0.05569735858095689,0.025510935384596384,0.03599625843483521,0.38604916847369064
218,A3,0.39342201677901323,0.023233243624330532,0.0330169415464366,0.06625229394514057,0.48407550410507894
218,A4,0.33966555913065505,0.015081421802075355,0.013992102068716818,0.014327991566786878,0.6169329254317659
218,A5,0.1319215226716546,0.7285300954833576,0.05348787858684666,0.04319072811459676,0.042869775143544495
218,A6,0.18891565343824687,0.02197518189338209,0.026307370676351232,0.048359418141278296,0.7144423758507416
218,A7,0.15328430275832802,0.5656335105211445,0.12940267962711555,0.09010243251041833,0.06157707458299368
218,A8,0.3562024856737699,0.30147632751233233,0.0909920333995183,0.05974181933571143,0.19158733407866818
219,A1,0.2513888198963376,0.013948103190914713,0.009952595329023615,0.026340175997795433,0.6983703055859287
219,A2,0.4979323244984149,0.054328427789968145,0.025629616625994306,0.035916734867463496,0.38619289621815917
219,A3,0.39207498564418447,0.02312234299698888,0.03295610032298883,0.06650871582596003,0.4853378552098777
219,A4,0.3379155774792492,0.014702889389343426,0.014251524696915829,0.014782509833533537,0.6183474986009581
219,A5,0.13306559222474112,0.7279989259426696,0.053840190819988754,0.042726177635567394,0.042369113377033356
219,A6,0.1878319135558203,0.022234729469877496,0.026043215124455964,0.047820145718274844,0.7160699961315714
219,A7,0.15468839125270856,0.5648789129583865,0.13003165080821338,0.08949002883260036,0.06091101614809119
219,A8,0.35421921083074953,0.301836899605737,0.09076408357930536,0.06054033929672683,0.1926394666874815
220,A1,0.2553966561766092,0.013905659619951622,0.010166111144202628,0.02628599991227991,0.6942455731469566
220,A2,0.49889301351643645,0.05663739674820543,0.024844254497495426,0.03630275994841448,0.38332257528944796
220,A3,0.38938153109039236,0.024213215434054344,0.03202500619992194,0.06587506271190857,0.488505184563723
220,A4,0.33411278477398854,0.01660869058853299,0.013961704652300115,0.014430980329301103,0.6208858396558772
220,A5,0.1334782751072692,0.7268085245094335,0.053450704946259156,0.043378498670615176,0.04288399676642289
220,A6,0.18797999614058883,0.021601072742102167,0.025961383272502175,0.0485262835597608,0.7159312642850459
220,A7,0.1536706408739255,0.5628239077656083,0.13052980690638713,0.09050442420997752,0.06247122024410158
220,A8,0.35445879883561304,0.3027154700019328,0.0912698139772589,0.05928574333531819,0.19227017384987727
221,A1,0.25499000164494967,0.013656344980789959,0.010176438357090771,0.02659883180713436,0.6945783832100354
221,A2,0.5006858100052235,0.05529573263545306,0.025195894969664238,0.0355549167232757,0.38326764566638344
221,A3,0.3925479825513104,0.024820453533818964,0.032973532314366345,0.06594281436618768,0.48371521723431676
221,A4,0.33934103653668723,0.017052443107338913,0.014348235672425385,0.014356748307610141,0.6149015363759385
221,A5,0.13389742964893214,0.7255773476493969,0.054544786586175044,0.04282879349288751,0.04315164262260838
221,A6,0.1891274053916334,0.021868764095378676,0.025923637171234436,0.048145406034531844,0.7149347873072217
221,A7,0.1550194424964307,0.5648445307964735,0.12799313244404417,0.09017887455399334,0.061964019709058266
221,A8,0.3512921897309396,0.3055072658010501,0.090460009911422,0.059914153634163754,0.19282638092242488
222,A1,0.2547182009910884,0.014217898519902971,0.009770781005285889,0.026158819381503603,0.6951343001022191
222,A2,0.49996257663073357,0.05550835091071261,0.02584337405173695,0.03582431210629413,0.38286138630052274
222,A3,0.39168237704288844,0.025113781010808293,0.0327973377416101,0.06613185929862148,0.4842746449060717
222,A4,0.33830242808582495,0.017231408338470314,0.013899681404945304,0.014235452301290679,0.6163310298694687
222,A5,0.13348859400909588,0.7294660338367525,0.05231253670670993,0.042054608886876295,0.042678226560565476
222,A6,0.18901466770459577,0.022252070679001708,0.026354278867872116,0.04813279720638163,0.7142461855421489
222,A7,0.152403118179541,0.5663934185897366,0.12922352416941785,0.09065076371699624,0.061329175344308436
222,A8,0.3547643640410129,0.3042293583159499,0.08937541358734781,0.06006541736512833,0.1915654466905611
223,A1,0.2543371560577738,0.014173118742663481,0.010244869582321469,0.02662601902246981,0.6946188365947713
223,A2,0.4982379843836592,0.05562000893118941,0.025545829857612862,0.03579056596272213,0.38480561086481635
223,A3,0.38949305879751667,0.024952998227411143,0.032960265726801816,0.06611472977973934,0.486478947468531
223,A4,0.33443412823791674,0.01754967288866035,0.013818773451228006,0.014444148702062584,0.6197532767201321
223,A5,0.13292701340894508,0.7270939872690647,0.05402724659318964,0.042944269729806236,0.04300748299899412
223,A6,0.19315261062242545,0.022250039922340134,0.026102951595401238,0.04895482395534333,0.7095395739044897
223,A7,0.15307484990752054,0.5679812763266617,0.12767423882176598,0.08986292703321891,0.06140670791083281
223,A8,0.3547099843250113,0.30351681755892096,0.09060736439315309,0.05965007290347413,0.1915157608194405
224,A1,0.2527325486113036,0.013704026604922852,0.010149570871373064,0.02616645521080824,0.6972473987015924
224,A2,0.4983038673798056,0.05589220130178836,0.02527046882331207,0.0357884823120845,0.38474498018300957
224,A3,0.39054310912749624,0.024250348350185184,0.033865367695265845,0.06558762582584257,0.48575354900121004
224,A4,0.33696832378232444,0.016588748409758845,0.014088785993238146,0.014369989515955285,0.6179841522987233
224,A5,0.13312411750098288,0.7272152619657236,0.053820173256152695,0.04299439126827427,0.04284605600886638
224,A6,0.18974373839203001,0.021887165181856728,0.025859423244067613,0.04864577036204775,0.7138639028199981
224,A7,0.1544765835121748,0.567625778766348,0.12635056065210948,0.09033962157090816,0.06120745549845937
224,A8,0.3570303487923422,0.2999313052883214,0.08915352607799033,0.06073328859041318,0.19315153125093296
225,A1,0.2560054726930689,0.013243379144091448,0.010260724863578378,0.02625056163146104,0.6942398616678002
225,A2,0.5002655351113233,0.05472051547341095,0.024978818185007783,0.035635978340897885,0.38439915288935994
225,A3,0.3904655190844511,0.02434230643778738,0.033365349967001495,0.06620309984076134,0.4856237246699986
225,A4,0.3357009623508472,0.016994794317237397,0.014205873388684002,0.014481085732932514,0.6186172842102988
225,A5,0.13114323156334928,0.731719847157075,0.053018951537475746,0.04133167984820059,0.042786289893899494
225,A6,0.18885565409251773,0.02228127868280086,0.026312158598714476,0.04852302528944072,0.7140278833365262
225,A7,0.15115916607966257,0.5676663455146028,0.12999945407557426,0.08953358107659742,0.061641453253562815
225,A8,0.3506089945891128,0.3051704645207625,0.09103945152745774,0.05964155711285737,0.1935395322498097
226,A1,0.2538088553004861,0.013526628050157767,0.010375947525790989,0.026654517791770062,0.695634051331795
226,A2,0.49874827403697036,0.05528986436698379,0.024447644667010764,0.03584944979852679,0.3856647671305081
226,A3,0.3910715514166772,0.024379004933386777,0.0330595184626384,0.06618896759611072,0.4853009575911872
226,A4,0.33702681021048375,0.016902819547408698,0.014209835559179094,0.014253488054380934,0.6176070466285474
226,A5,0.13214774924094405,0.7279298391778591,0.05412133771131429,0.04352530067328548,0.04227577319659671
226,A6,0.19019602181003012,0.02176781693397753,0.02558071379986805,0.048210983138493216,0.714244464317631
226,A7,0.15174326022394682,0.56529691517392,0.12999404196236794,0.09139352691235789,0.061572255727407474
226,A8,0.35306239962438224,0.3018547744566968,0.09183772140742423,0.060661978227143795,0.1925831262843529
227,A1,0.2541431002039395,0.013928368994914939,0.009982228429504426,0.026456409354560083,0.6954898930170811
227,A2,0.49656395915565116,0.0552118261520201,0.02546689139372914,0.03617608781817107,0.3865812354804284
227,A3,0.3886200528818511,0.023635016630660324,0.032697657856972706,0.0666381118249354,0.4884091608055803
227,A4,0.33463938869536997,0.01509494724877034,0.013966743222785242,0.014028479895428317,0.6222704409376459
227,A5,0.13291852991407316,0.7268808627947574,0.05325152954289958,0.04353482185500798,0.04341425589326198
227,A6,0.1882683954339761,0.021502047341400505,0.026033514339260218,0.04827567946382269,0.7159203634215405
227,A7,0.1532796458458026,0.5650358142055522,0.12866548325073895,0.09105652251368881,0.06196253418421754
227,A8,0.3526144166432747,0.3047623777594052,0.08967811933613105,0.05969039451457268,0.19325469174661666
228,A1,0.25212481560493233,0.013768773474433619,0.009675195691216698,0.02630988797698977,0.6981213272524276
228,A2,0.496792427463532,0.05575632954707898,0.02524242714904792,0.03587473887759699,0.38633407696274413
228,A3,0.39267621237059724,0.024468000899018266,0.03301215271838371,0.06600116076540254,0.48384247324659835
228,A4,0.33830333095727794,0.017309182517700097,0.013922605073800711,0.013917974640328653,0.6165469068108926
228,A5,0.13260751703408866,0.7275095503602631,0.05414352832406573,0.04286518849427762,0.04287421578730476
228,A6,0.1897268475136268,0.022756077084820962,0.026078749935989597,0.048557483704450205,0.7128808417611121
228,A7,0.15555367369726192,0.5650732552201718,0.12830027823371937,0.09047747473136292,0.06059531811748397
228,A8,0.35576624720598726,0.3039804250810769,0.09000533541194766,0.05953534158561247,0.19071265071537563
229,A1,0.25387643261623505,0.013962912669450532,0.010215683027599549,0.02672189246613593,0.695223079220579
229,A2,0.4989466955228275,0.05506092057281164,0.024706948942544917,0.0351387825685022,0.3861466523933137
229,A3,0.3903658592766605,0.023626111715958836,0.03327146903383303,0.06605084475396829,0.4866857152195794
229,A4,0.3352211723702317,0.016525790997040483,0.0138858857320945,0.014432094679940536,0.6199350562206926
229,A5,0.13391723712021047,0.7279270515604912,0.053279276689637514,0.042430349644174636,0.04244608498548617
229,A6,0.18998410675299698,0.022156330885393354,0.025844828795376962,0.04881920312363245,0.7131955304426004
229,A7,0.15273280214041568,0.564710433719987,0.12887553241508803,0.09224868469797992,0.06143254702652938
229,A8,0.3533617201563246,0.30341574736837357,0.08980266151621621,0.06138798848132389,0.19203188247776165
230,A1,0.25196088543177436,0.013977386951864576,0.00999350502827754,0.026516043468573343,0.6975521791195103
230,A2,0.4969462179336818,0.05461590077485907,0.024937318274146154,0.035941625847981364,0.3875589371693315
230,A3,0.3899824209248264,0.023270265338407925,0.032745466051781004,0.06612557941827184,0.4878762682667129
230,A4,0.3355995245624365,0.01532481899805811,0.013977154658565432,0.0140265258750106,0.6210719759059296
230,A5,0.13320347039611735,0.7271549848417487,0.0528823780942903,0.04361063071905357,0.043148535948789944
230,A6,0.18969996077782517,0.02232824284996122,0.026400695728487612,0.04816625404421837,0.7134048465995078
230,A7,0.15364241284094515,0.5639209502614981,0.13040337730411317,0.09045517116761999,0.0615780884258237
230,A8,0.35564755902802797,0.30352370974586373,0.09015194388592508,0.059404560841960614,0.1912722264982227
231,A1,0.25342895965584383,0.013851779917123984,0.009858659957232835,0.02621576232833778,0.6966448381414616
231,A2,0.49995973220129847,0.0549451232995252,0.025029380448745517,0.03549593383295234,0.3845698302174784
231,A3,0.39156104935714453,0.023213717647396468,0.03238616093787449,0.06646853181557508,0.48637054024200926
231,A4,0.3376021064451564,0.015271763744438846,0.013940194511717848,0.01412932767595578,0.619056607622731
231,A5,0.1339050610605136,0.7273532746357338,0.05256611349547243,0.042997400288758966,0.04317815051952115
231,A6,0.19037055736717298,0.021961623545538534,0.026057401924358344,0.04873385298519,0.71287656417774
231,A7,0.1537758556515435,0.5646802299122331,0.1284801638756181,0.09189430833174995,0.06116944222885521
231,A8,0.352331943348922,0.30427320980186,0.09075017540086208,0.060590810515036245,0.19205386093331964
232,A1,0.25436008195031545,0.01413730688819362,0.010141832363565844,0.026606391634284104,0.6947543871636411
232,A2,0.49721333386724914,0.05565286852764271,0.02522996803192208,0.03574268233169426,0.3861611472414916
232,A3,0.3891200657948834,0.02441330994783486,0.03319222190326155,0.06620330067300328,0.48707110168101697
232,A4,0.33617568689218136,0.01612892513582732,0.01407817547671087,0.014237649341034655,0.6193795631542459
232,A5,0.13146326376063894,0.7297111110575731,0.05328382062821205,0.04208939703644813,0.04345240751712807
232,A6,0.18995845827295862,0.022410738934864283,0.02578635430375273,0.04827235126066797,0.7135720972277565
232,A7,0.15468159866887748,0.5669402304635954,0.1271740488751207,0.08966106743381375,0.06154305455859276
232,A8,0.3546505825344453,0.30325179155763304,0.08991459140958888,0.05936061726729773,0.19282241723103505
233,A1,0.2559942568023296,0.013674450342689347,0.009807757122258976,0.026110648111467134,0.694412887621255
233,A2,0.49860628269309104,0.0551544241749457,0.025243887139435966,0.03569380519167114,0.38530160080085607
233,A3,0.39227100098852974,0.02242498181050517,0.033001258285169005,0.06620248805429596,0.4861002708615
233,A4,0.33818635434471594,0.014498315364620358,0.014032378355200556,0.014240889996532653,0.6190420619389304
233,A5,0.13205799068908042,0.727968216459619,0.05417424676075436,0.04276899828535893,0.04303054780518713
233,A6,0.18920126248403193,0.021706401193810326,0.026454623456425186,0.04817280220239163,0.714464910663341
233,A7,0.15258053494868207,0.5636228108997672,0.1303614441411312,0.09164044201889568,0.06179476799152399
233,A8,0.3541590036018117,0.30394529807099935,0.08921626341113117,0.05920142967770917,0.19347800523834854
234,A1,0.25267502641430983,0.01356140927987907,0.01002178428516648,0.026559917409123453,0.6971818626115212
234,A2,0.499577322148999,0.055455440732299875,0.02552057903108873,0.03568466942969844,0.3837619886579139
234,A3,0.39462122242373804,0.0225239733681569,0.032466056335510474,0.06668091012478275,0.48370783774781206
234,A4,0.34054499469225835,0.014925280139070077,0.013922917642976155,0.014608718794608535,0.615998088731087
234,A5,0.13274741951914398,0.7277522460943859,0.054201017310980364,0.04235709307229824,0.04294222400319142
234,A6,0.19037409451421738,0.021894630797952893,0.026199527515044733,0.048195500288287854,0.7133362468844971
234,A7,0.15233907149301862,0.5669142763972602,0.12688416580594977,0.09178581482531824,0.06207667147845319
234,A8,0.3523374235622677,0.3047745914720586,0.09045322675882879,0.06024300777593951,0.19219175043090536
235,A1,0.253969893540565,0.013492633306927397,0.010296374278202925,0.02662225024587255,0.6956188486284322
235,A2,0.4985346042802353,0.05499247523494293,0.025669629105163384,0.036768725674738635,0.3840345657049197
235,A3,0.393849226837875,0.024723619442051297,0.03304960088264781,0.06632322613869146,0.48205432669873427
235,A4,0.3393017089008463,0.017542225658256368,0.0142611335730004,0.014502090500062731,0.6143928413678341
235,A5,0.13414657318651904,0.7264815555131768,0.053906011092750145,0.04227961231000364,0.043186247897550295
235,A6,0.1870006798439261,0.0224379715567576,0.025376523070557114,0.04817511675477822,0.7170097087739811
235,A7,0.1519633807756788,0.5688014455607543,0.12802080827815537,0.08934610990304569,0.0618682554823657
235,A8,0.34817061708082964,0.30738942866598923,0.08952652261550034,0.06019874338739861,0.19471468825028215
236,A1,0.25254411646182867,0.01415065322085531,0.00992972745138276,0.026821731049910875,0.6965537718160224
236,A2,0.5011832532801077,0.05531281482833199,0.02467734297528055,0.03573910775963798,0.3830874811566419
236,A3,0.3939265780431921,0.024920214474535338,0.033007077083208866,0.06630926935994225,0.48183686103912127
236,A4,0.339474196648976,0.016586027017870878,0.014481806913820797,0.014194702772619658,0.6152632666467127
236,A5,0.13358166017351492,0.726251897153757,0.05432577862917496,0.04245501107991078,0.04338565296364236
236,A6,0.19065263092301696,0.023441155451203146,0.02635674341426233,0.0483512899956405,0.7111981802158769
236,A7,0.1526780611438393,0.5652819736494066,0.12992604227661197,0.09056157764656228,0.061552345283579904
236,A8,0.35373243126305587,0.30351222305715775,0.09126296818923327,0.059459165202712334,0.192033212287841
237,A1,0.2518244301690354,0.013661027496041655,0.01016171726664396,0.026237762761735065,0.6981150623065441
237,A2,0.4992879242057617,0.054603415800974206,0.024892381759794607,0.03613489730284606,0.3850813809306233
237,A3,0.3906740432657301,0.0235644394176845,0.03277674979756571,0.06588087060767663,0.48710389691134304
237,A4,0.33774151639217526,0.01573658655873449,0.013958894595373837,0.014224495409382998,0.6183385070443336
237,A5,0.13176912795449922,0.7293885149792021,0.05362313502622336,0.042804534251979595,0.042414687788095914
237,A6,0.18966684379747806,0.02263199808407662,0.025593093743673953,0.04829994304948497,0.7138081213252863
237,A7,0.15403639463205868,0.5656017591861654,0.1299925828105131,0.08929796142987428,0.06107130194138855
237,A8,0.35629485222027035,0.30401239494572274,0.09045365619886324,0.058618293411779265,0.19062080322336458
238,A1,0.2569333159855527,0.014268389058232444,0.009835013764757544,0.0265064109471375,0.6924568702443197
238,A2,0.4982036336363508,0.05517486654007721,0.025438267709024607,0.036222832539549554,0.3849603995749979
238,A3,0.39314624472954673,0.024216144542815406,0.032641869980967984,0.06610700969241062,0.4838887310542593
238,A4,0.3389882575020172,0.016679820108375328,0.014218586096761736,0.014392125487565537,0.6157212108052801
238,A5,0.1340918683166194,0.7263739182774575,0.05412671759584231,0.04313352953413452,0.042273966275946276
238,A6,0.19008775393329475,0.022040571283114475,0.02605889554271423,0.048253894270368226,0.7135588849705082
238,A7,0.15411490979958917,0.5632922106871792,0.13013609377115418,0.09075036630830267,0.06170641943377497
238,A8,0.35325402832432906,0.3042698816330462,0.09001210882266132,0.059997630430220786,0.19246635078974272
239,A1,0.25388648130907354,0.013880399245045453,0.010203983192810826,0.026703660539095002,0.6953254757139752
239,A2,0.4945151557716203,0.05668869387792722,0.025799841318598943,0.03551700686898631,0.3874793021628673
239,A3,0.39280640669932687,0.0241700346952022,0.03302159077180447,0.06628437448838848,0.48371759334527786
239,A4,0.33823867908437244,0.016510780457706077,0.014308146863938762,0.014418693666218476,0.6165236999277645
239,A5,0.13210460037821833,0.7288172823952075,0.053224508808177265,0.042979497199781024,0.0428741112186157
239,A6,0.1877779569063622,0.021366476397976633,0.02664681253110975,0.04872521760373497,0.7154835365608164
239,A7,0.1548683241952152,0.5646562953349274,0.12817362136040378,0.09020503510206034,0.062096724007393224
239,A8,0.35583304557759726,0.3013229191813182,0.09037619372078122,0.059416000564559535,0.19305184095574374
240,A1,0.2527360613618848,0.013669270420715314,0.010415299349624443,0.02651111672387255,0.6966682521439027
240,A2,0.4978679044397706,0.05503060327976113,0.0250785891405554,0.036236054938946306,0.38578684820096676
240,A3,0.3900570924454018,0.022974190305203042,0.03206400457487382,0.0664235735221744,0.488481139152347
240,A4,0.3354594124041891,0.015683994156081005,0.014002353546674152,0.01426489906574266,0.6205893408273131
240,A5,0.13209775950371885,0.729221031806812,0.053589273411993654,0.04275235633060331,0.04233957894687245
240,A6,0.1905083182164431,0.021557310244595323,0.025736050981144818,0.04799244284768379,0.714205877710133
240,A7,0.15262744898744238,0.5654543925114431,0.13138792885015682,0.08947027643700148,0.061059953213956186
240,A8,0.3556448771364879,0.30387657043292343,0.09012685045787416,0.05995570360473418,0.19039599836798007
241,A1,0.2546887408491532,0.013315824623902973,0.010253461011359852,0.02664706586468393,0.6950949076509001
241,A2,0.5012291687027736,0.05482999232910854,0.025558665557817224,0.03617681121807387,0.38220536219222667
241,A3,0.38956770968223453,0.023369443324983894,0.03290956507980475,0.06628623218455064,0.4878670497284262
241,A4,0.33624177886856566,0.01565175405184208,0.013912318024172012,0.014061421755626663,0.6201327272997935
241,A5,0.13306576841164336,0.7274681624507529,0.05432462603036512,0.042176793344170155,0.04296464976306836
241,A6,0.18807752877249068,0.022111696047493464,0.025540267752653056,0.04896392712750978,0.7153065802998532
241,A7,0.15334616847998966,0.5652731070266198,0.12966747306831747,0.0899917965975683,0.0617214548275047
241,A8,0.35408877085265744,0.3035397200779191,0.09000605734229891,0.06020176406182339,0.19216368766530115
242,A1,0.25363669061052807,0.013653355876969515,0.010025134516568569,0.026448651307049008,0.6962361676888851
242,A2,0.4964356187656592,0.05490750183455431,0.024996165237910338,0.03587804450529744,0.3877826696565786
242,A3,0.3868864128200117,0.023239916104397504,0.033585381010642554,0.06618899396565776,0.4900992960992904
242,A4,0.33285798016136847,0.015020775965656668,0.014103461374651906,0.014330492741499378,0.6236872897568237
242,A5,0.13329503177483368,0.7252102761561356,0.054892540509414486,0.043167814285363024,0.043434337274253366
242,A6,0.18983694656032002,0.021842044985090476,0.025878641185119466,0.04803348357593142,0.7144088836935387
242,A7,0.1544655847637264,0.5646315796562624,0.12875165491385462,0.09067102413820442,0.061480156527951954
242,A8,0.35372421765346757,0.3043134007577795,0.09064114978144844,0.05962840233106162,0.19169282947624272
243,A1,0.25349317878485317,0.013511104659178163,0.009654883586436604,0.026034547660208913,0.697306285309323
243,A2,0.4980424684203922,0.05530089799098655,0.02542533326151783,0.036048115066331377,0.38518318526077217
243,A3,0.3895434342229614,0.02275251880653908,0.033013017586308445,0.06556845546569014,0.489122573918501
243,A4,0.33367797784965086,0.015973025708274816,0.014159566449390128,0.014221657260383018,0.6219677727323012
243,A5,0.133024919071576,0.7270111664165478,0.05345960799566081,0.04324344774866345,0.043260858767551806
243,A6,0.19105227707106287,0.02222023242346498,0.02563824905297921,0.0486515534634317,0.712437687989061
243,A7,0.1534172717081074,0.566152876611204,0.12762594475238662,0.09005522283260704,0.06274868409569513
243,A8,0.3523138798918392,0.3037494249796611,0.09066488324333008,0.06003595090764162,0.19323586097752782
244,A1,0.2536026577158246,0.01402098104372029,0.010084888861977927,0.02636406362633015,0.6959274087521471
244,A2,0.499789933649354,0.05587733314854972,0.024826872712281307,0.03570801625607188,0.38379784423374314
244,A3,0.3924328537964267,0.024562224188266885,0.033055854275113226,0.06555274846518308,0.4843963192750099
244,A4,0.338638852893055,0.017412112422627492,0.013958111067006822,0.01401914982527381,0.615971773792037
244,A5,0.1324630778357401,0.7279623308001302,0.05309368928803588,0.043772214544959484,0.04270868753113438
244,A6,0.19058856863144172,0.021794764968453773,0.026223299985570016,0.048937516171478464,0.712455850243056
244,A7,0.15426640543937137,0.5644164316533563,0.1294239827700881,0.09038808203577171,0.061505098101412664
244,A8,0.3536612024572247,0.3036677205259184,0.09062231645541603,0.06097903367729502,0.19106972688414595
245,A1,0.2545478968690238,0.01362198546036621,0.01020796257917432,0.026753530115396155,0.6948686249760396
245,A2,0.4990917527826505,0.05553892676177645,0.025101269413101118,0.03618485299858497,0.38408319804388713
245,A3,0.39003729847282015,0.024077351614527752,0.03344392655633569,0.06591375105355067,0.48652767230276556
245,A4,0.33680924970510734,0.016679811756939656,0.014204898269367067,0.014234131290854985,0.6180719089777309
245,A5,0.13331118675176906,0.7258228541047933,0.0535396153657041,0.04417695053537039,0.04314939324236277
245,A6,0.190629243483655,0.021580253152780574,0.026406872886862248,0.048386289776862546,0.7129973406998397
245,A7,0.1527115042706324,0.5675007127000542,0.1280299886573155,0.09002720522777446,0.06173058914422349
245,A8,0.35201590411693023,0.3060065972939637,0.09019236388204754,0.060611998450226016,0.19117313625683247
246,A1,0.2534933903684642,0.014008961507365962,0.010185603654425664,0.02633122019605478,0.6959808242736893
246,A2,0.5000902922524588,0.05585426082904291,0.025386205498216272,0.035467064942039384,0.38320217647824273
246,A3,0.39275451526691846,0.02246793877159818,0.03297746858353742,0.06643897525423499,0.4853611021237109
246,A4,0.33895001153877724,0.014992345200356106,0.01402524111064128,0.014455751650115783,0.6175766505001096
246,A5,0.13249545904939392,0.7282399897400352,0.053633876915932785,0.043248408158557614,0.04238226613608057
246,A6,0.1890222342103024,0.02230368359531663,0.0258165553663563,0.04835461505516661,0.7145029117728582
246,A7,0.15386656326550938,0.5665431400383166,0.12842213248659004,0.08909123828228499,0.06207692592729898
246,A8,0.35250869158449893,0.3045244443392376,0.09026427490765826,0.05955314699387835,0.19314944217472677
247,A1,0.254737195036988,0.014131130533265621,0.010463189477946964,0.02626607353656975,0.6944024114152296
247,A2,0.4987804735178385,0.05502486561911343,0.025466736377891173,0.035559631549401755,0.38516829293575505
247,A3,0.3909349885798533,0.025869626711365955,0.03254311235694603,0.06605891894075068,0.4845933534110841
247,A4,0.3351899967836932,0.01866500734832303,0.014039058529914864,0.01425865782891085,0.6178472795091583
247,A5,0.13339034481470216,0.7265401646599041,0.054120451889455225,0.04334771311698344,0.04260132551895522
247,A6,0.18780197466175963,0.021319381407653274,0.02538113280893906,0.04841389811651183,0.7170836130051362
247,A7,0.1547851080919373,0.5659727594280842,0.12881924644549694,0.08908701154307443,0.061335874491407254
247,A8,0.35435216395656094,0.3045286512165993,0.09007166007578297,0.059644560391670584,0.1914029643593863
248,A1,0.25013384782208126,0.013293190615244938,0.009883449845448365,0.02630310579300436,0.7003864059242211
248,A2,0.4966348614685227,0.05565434742549923,0.025098792737093444,0.03609452350771529,0.3865174748611695
248,A3,0.38977460911223816,0.022272370763218093,0.032961973461067426,0.06662806814322841,0.4883629785202481
248,A4,0.3354722618652422,0.014912498710982663,0.014192913390367094,0.014482031349719784,0.6209402946836882
248,A5,0.13332084151470597,0.7278379142412739,0.0525692258882566,0.04346663973064788,0.04280537862511561
248,A6,0.18838015165616964,0.02149404801299135,0.02624664779444501,0.04832663454516115,0.7155525179912328
248,A7,0.15249816795155777,0.5690806198226795,0.1270683999056178,0.08988171056370006,0.06147110175644474
248,A8,0.35395932861226526,0.3043993137031916,0.0903358001127874,0.058743974342612304,0.1925615832291434
249,A1,0.2544541337631831,0.014002833152483109,0.009890003753888372,0.02624643096376214,0.6954065983666832
249,A2,0.5015945313804892,0.055072949681539266,0.02511337021423036,0.03597788894534301,0.3822412597783982
249,A3,0.3908588983610096,0.02452392675019144,0.03271390221999182,0.06611095926179532,0.4857923134070117
249,A4,0.3372532145110916,0.016555305213840424,0.013973632715063324,0.014112720203064257,0.6181051273569405
249,A5,0.1331796079520703,0.7277406802027954,0.053210987225480386,0.04346597748628147,0.04240274713337253
249,A6,0.18968685183451336,0.02144750703916318,0.025824480413365332,0.04828509871228655,0.7147560620006717
249,A7,0.1537231789827427,0.5657311156341166,0.1292371979621438,0.08929330970913847,0.06201519771185836
249,A8,0.3552223847994304,0.3006759307477151,0.09047731529397639,0.05935456364817727,0.1942698055107008
250,A1,0.253674083473895,0.01388296360405079,0.009913557938665388,0.026114508479184714,0.6964148865042042
250,A2,0.5021090127183256,0.05566684342718009,0.024947540012821186,0.03523038548598477,0.3820462183556881
250,A3,0.38953205705529725,0.02448640103171911,0.03249692370156238,0.06631910482860498,0.48716551338281655
250,A4,0.3350154694453412,0.016891408757233564,0.014241504501107432,0.014291969873638313,0.6195596474226792
250,A5,0.13341837546107654,0.7271384901749687,0.05351778716837613,0.04290928003989847,0.043016067155680016
250,A6,0.19084393266276412,0.02182640749311098,0.025582671841786267,0.048584369194305616,0.7131626188080329
250,A7,0.15344556530814538,0.5645800701017532,0.12992308054617832,0.09059351560094331,0.06145776844297985
250,A8,0.3548620265235473,0.3021568333012412,0.09091937818558342,0.059823481653724225,0.1922382803359041
251,A1,0.2541730871273944,0.014095533000900487,0.010170600155059122,0.025851285235778596,0.6957094944808674
251,A2,0.5017553185904601,0.05589790423907724,0.025702597530405838,0.03567522995057782,0.3809689496894789
251,A3,0.39188023269730976,0.025018071954111317,0.03403406754507575,0.06601228204115384,0.4830553457623494
251,A4,0.3391939627097803,0.01709504154558993,0.014269523531324074,0.014367636756214944,0.6150738354570906
251,A5,0.1331596862270667,0.7280499780546655,0.05389302325548291,0.04293973491770419,0.04195757754508059
251,A6,0.1899165770094716,0.02202779551268657,0.02536778616202014,0.04874462206885426,0.7139432192469672
251,A7,0.15401506934429465,0.5639010819977504,0.13027410935760214,0.09064451329066635,0.06116522600968634
251,A8,0.3551310755538674,0.3034422766034807,0.08963328415059749,0.06062519914431898,0.19116816454773541
252,A1,0.25206296070114054,0.013742171860310475,0.010055047412776047,0.026567834800204453,0.6975719852255683
252,A2,0.4981675338922241,0.055720765689190516,0.024364598569335698,0.03624285598108804,0.38550424586816173
252,A3,0.3928660629748496,0.02375510652544932,0.03349631288821052,0.06662047777418932,0.483262039837301
252,A4,0.3385489401557935,0.016707747016236122,0.014157327611486588,0.01427529925280797,0.6163106859636757
252,A5,0.13195387130775554,0.7299539711640666,0.052630159784729964,0.04316140347390192,0.042300594269545994
252,A6,0.18763464432887111,0.021646746174489397,0.02591475396068697,0.048904210374798605,0.715899645161154
252,A7,0.1536728895768352,0.5649214890517941,0.1287377384892492,0.09054148907582381,0.0621263938062978
252,A8,0.35396121905695355,0.30412482097596677,0.08952592245906144,0.06014104204079601,0.19224699546722215
253,A1,0.2529421685485727,0.014134211821781035,0.009970867098194409,0.02614221219648279,0.696810540334969
253,A2,0.4972692788269544,0.05526515065418342,0.025430028799794852,0.03582040391335936,0.3862151378057078
253,A3,0.393024135359921,0.022568687998393244,0.03257299225690552,0.06593691786690314,0.485897266517877
253,A4,0.3392509136567519,0.013763024242336795,0.014332573631935235,0.014181792913527442,0.6184716955554487
253,A5,0.1327731811550637,0.7275021918840847,0.05300221976858706,0.04331497543757665,0.0434074317546882
253,A6,0.1905892645661142,0.022276732885542647,0.02551747928132856,0.04807585457755897,0.7135406686894556
253,A7,0.15389837247629903,0.5656990096070834,0.12780259837891228,0.09116972627345031,0.06143029326425481
253,A8,0.3557008534202611,0.3038087828756042,0.08913679319119118,0.06048926180482783,0.19086430870811572
254,A1,0.25448790617145556,0.013826567594853874,0.009947135850500667,0.026515090045912616,0.6952233003372774
254,A2,0.49975605152995256,0.05547915002247308,0.025425163657889008,0.036198986401527175,0.383140648388158
254,A3,0.39188538225514324,0.02416030293926092,0.03252451474104867,0.06559245627928802,0.485837343785259
254,A4,0.33735479770975774,0.016192070532374245,0.014322320498778792,0.014347214954149607,0.6177835963049396
254,A5,0.1331165539391787,0.7266257192176693,0.05401185030369294,0.04352437648567206,0.042721500053787095
254,A6,0.19003761795693894,0.02196282350175731,0.025770881138214925,0.04807224340392872,0.71415643399916
254,A7,0.15444229088567743,0.5651832995696088,0.12839836974662433,0.08990859084443426,0.06206744895365528
254,A8,0.351993939854638,0.3044607828096737,0.0902124161938767,0.05987419787476418,0.1934586632670475
255,A1,0.2525090891793992,0.013676497270272873,0.010091964119551938,0.026294152863638523,0.6974282965671376
255,A2,0.49956113062795976,0.05484432549899214,0.025131805182868387,0.03586636562303899,0.38459637306714073
255,A3,0.39184835913073623,0.023142778230242623,0.033350743100194466,0.06659135440977038,0.48506676512905617
255,A4,0.3379981226440471,0.014877686338161583,0.014221411892767611,0.014625902157427883,0.6182768769675958
255,A5,0.13224183121439234,0.7289823164731422,0.053231185779762255,0.04274063364502198,0.04280403288768121
255,A6,0.1902488888591244,0.021760166820738107,0.025672247316496918,0.04807257055382476,0.7142461264498158
255,A7,0.1538914010532827,0.5658725769217652,0.12672933863646024,0.09066646874599209,0.06284021464250004
255,A8,0.35117858556623205,0.30426721448800625,0.09134378161185636,0.0598886355675133,0.19332178276639198
256,A1,0.2561819561519254,0.013472297012427638,0.010012791660936195,0.02674585687346781,0.6935870983012429
256,A2,0.49963058018997025,0.05551965441464068,0.025371613175417737,0.03558668812338609,0.38389146409658526
256,A3,0.3919293761454279,0.022174554032627972,0.03340807719936965,0.0664793967441192,0.48600859587845535
256,A4,0.33764246962842376,0.015167295459689189,0.014063257792964096,0.014728744855816107,0.6183982322631066
256,A5,0.13425860295680522,0.7267384635097593,0.05384082325870174,0.04219641490386638,0.042965695370867404
256,A6,0.1904529366052455,0.022095044018758198,0.025721301806898005,0.04876890116221304,0.7129618164068855
256,A7,0.15414539661456023,0.5652717112924587,0.12793656678056445,0.09054778809460591,0.062098537217810446
256,A8,0.3529704885827776,0.30390598743303726,0.0908258831268901,0.05948265416258949,0.1928149866947054
257,A1,0.2531264360484423,0.013432520530739995,0.010212081390483928,0.026046149644555094,0.6971828123857791
257,A2,0.49746837542394495,0.05554656792287846,0.025147978850486925,0.03623325627941084,0.3856038215232787
257,A3,0.3920025888776212,0.0223998661837187,0.03340919194187924,0.06675400974077769,0.48543434325600304
257,A4,0.33868604732721685,0.014327472554088665,0.014075204117280637,0.014131658923072197,0.6187796170783415
257,A5,0.13189814505746777,0.7283188715332592,0.05344119969641675,0.04339719627867725,0.042944587434178776
257,A6,0.18636999292182557,0.022297920060819446,0.025666740658642623,0.04840652910544719,0.7172588172532652
257,A7,0.1522512778073687,0.5670465094604518,0.12753825676948752,0.09078076451759653,0.062383191445095576
257,A8,0.3513536038322852,0.3044526258394267,0.09041023056832531,0.06073069719120706,0.19305284256875557
258,A1,0.2539244196720258,0.013699736208637731,0.00958309664021838,0.026418114093932934,0.696374633385185
258,A2,0.4971438181801526,0.055351908816483116,0.02490205224138044,0.035823853262792894,0.386778367499191
258,A3,0.3921573455820023,0.026570618821467017,0.03308301033058899,0.06561996327425484,0.4825690619916869
258,A4,0.3382836440948861,0.019609351360213235,0.014006568634863695,0.014217114455171159,0.6138833214548656
258,A5,0.13458865145711257,0.7262199767306587,0.0529346658675278,0.04279345340756973,0.043463252537131104
258,A6,0.18993861969855083,0.022516213094073805,0.02656914324776909,0.048283284962879085,0.7126927389967272
258,A7,0.15433909261849682,0.5623772796587843,0.13107799981288396,0.09034225194393003,0.06186337596590489
258,A8,0.3527827481475204,0.30439298757412486,0.09042003460744348,0.05928980826291178,0.1931144214079995
259,A1,0.2555931893153559,0.013730561747285285,0.009947393984803507,0.026240346591698015,0.6944885083608573
259,A2,0.500014335883656,0.05575658464872528,0.025351648500442643,0.035697922309609824,0.3831795086575663
259,A3,0.39088413318965193,0.022586868860133863,0.03302588980125223,0.06650654436136863,0.4869965637875934
259,A4,0.3367391293926623,0.015418168389369895,0.014293772207077744,0.014323946033743056,0.6192249839771471
259,A5,0.13374010560979321,0.727833197475364,0.052311383326247865,0.04253586965854565,0.04357944393004942
259,A6,0.18841519798927256,0.021852706647919884,0.02558897768888139,0.047533984386915605,0.7166091332870106
259,A7,0.15404404102975772,0.5625623148250396,0.130278613255861,0.09098788151004293,0.062127149379298884
259,A8,0.35273463860583565,0.3029849645203939,0.09136862352378615,0.05944955208214378,0.1934622212678404
260,A1,0.2547722339156312,0.013845087698894252,0.00997329639364894,0.02630726337944027,0.6951021186123851
260,A2,0.4975007002125478,0.05477108493429532,0.025274017377037397,0.03615722040518154,0.38629697707093796
260,A3,0.39067539796012474,0.021897930754422333,0.033555930207546485,0.06662647797569277,0.4872442631022137
260,A4,0.3376346776679077,0.013997755343290567,0.014291183935622972,0.01445547672633175,0.619620906326847
260,A5,0.13327787384335146,0.727582357746285,0.05260320511878738,0.04326466101868833,0.04327190227288781
260,A6,0.18941500033714992,0.021623322480643532,0.026349642671713296,0.04867048310265179,0.7139415514078414
260,A7,0.15317675676481352,0.5637342336348741,0.1294909675725475,0.0913307423970797,0.062267299630685016
260,A8,0.3539135219112765,0.30359646005175306,0.08986716760639375,0.05932569959119054,0.19329715083938603
261,A1,0.250817768258782,0.013790966094181789,0.009812203193356952,0.026334642440327665,0.6992444200133516
261,A2,0.49648808565130526,0.05538614061096023,0.02566061088983713,0.0357866117759156,0.38667855107198174
261,A3,0.3900829637256943,0.022849482079744368,0.03345971294325336,0.06687853713054075,0.4867293041207674
261,A4,0.3364170376457219,0.0158838770905492,0.014255822549130414,0.01430653588238889,0.6191367268322094
261,A5,0.13144979683549726,0.7284002766493578,0.054143197303722954,0.042648140482348745,0.04335858872907299
261,A6,0.19072518766195273,0.021598589195566384,0.025984816596237473,0.04727807996701883,0.7144133265792245
261,A7,0.15337852067642066,0.5628103511794157,0.12988273830827984,0.0916505000650019,0.06227788977088185
261,A8,0.3521102552382457,0.3046279057973377,0.09158951951624374,0.058765442328120775,0.19290687712005208
262,A1,0.2565500941544384,0.013647384197612078,0.010489809335900678,0.02664690802656507,0.6926658042854837
262,A2,0.4979449145119471,0.05649037361076381,0.025393645603827977,0.035616527714601574,0.3845545385588594
262,A3,0.3881421370636041,0.026618994080960995,0.0325181685109294,0.06644165315120275,0.48627904719330295
262,A4,0.33448390897646857,0.020180890488886508,0.014264895139312523,0.014081088441224663,0.6169892169541078
262,A5,0.13226862140466367,0.7290637754130284,0.053861132771756304,0.042021186659164295,0.04278528375138745
262,A6,0.1889902632658414,0.021927699534271736,0.02595775384069459,0.04890029472807336,0.7142239886311191
262,A7,0.15261475359204443,0.5662427785798746,0.1268000319130546,0.09195258508668912,0.06238985082833714
262,A8,0.35319537703121767,0.3043619808218871,0.09090547545043691,0.05986884911888309,0.19166831757757516
263,A1,0.2526142753388662,0.01344188360461066,0.010021839676068081,0.026553836784803983,0.6973681645956512
263,A2,0.49942246537901896,0.05512299329614393,0.024537185670041938,0.036108134881340306,0.3848092207734549
263,A3,0.3932854801415784,0.02435776004194824,0.032750685732150925,0.06607331367753634,0.483532760406786
263,A4,0.33814964441325884,0.016189965185564804,0.01412899270181069,0.014387691692270556,0.6171437060070952
263,A5,0.13418363480717138,0.7259115006081652,0.05389490311333257,0.04308389544285915,0.04292606602847164
263,A6,0.18964850811044373,0.02211276387924124,0.026158975692107928,0.04817320231368073,0.7139065500045264
263,A7,0.15357398755480806,0.5654590022635861,0.12802775789845292,0.09089394551522897,0.06204530676792396
263,A8,0.35170830689547183,0.3036107689242405,0.0904789790688029,0.060034855387266516,0.19416708972421828
264,A1,0.2544660268680596,0.013829212850123868,0.010165335474539036,0.026608762789394957,0.6949306620178828
264,A2,0.4981779299923973,0.054652475711514346,0.025505615985945286,0.03600974227731231,0.38565423603283056
264,A3,0.39168850313870907,0.022379220248303085,0.032585078929154,0.06544380373450474,0.48790339394932913
264,A4,0.3374251814830961,0.014101695806647056,0.014100630792515636,0.014192324258967009,0.6201801676587744
264,A5,0.1323488680634239,0.7288455595602673,0.05255467743426634,0.04317257893160449,0.04307831601043796
264,A6,0.19055194651735768,0.022076908479259815,0.026409728758504888,0.04858737907098813,0.7123740371738893
264,A7,0.15257611926813647,0.567974583798916,0.12821498258006872,0.08985932760917623,0.06137498674370264
264,A8,0.3507809542795732,0.3053133479752469,0.09063197901530616,0.05950275972171028,0.19377095900816357
265,A1,0.25481151302344857,0.013561154280039685,0.01019435559314934,0.026444737122999638,0.6949882399803629
265,A2,0.49811106763760654,0.05517013523046939,0.025311223396364855,0.03642760937045067,0.3849799643651083
265,A3,0.3909437130128852,0.025279948011723657,0.032676726210736924,0.06633172395902051,0.4847678888056335
265,A4,0.3364330418142309,0.01697270978161266,0.013952451264080913,0.014439036758434512,0.6182027603816411
265,A5,0.13280519093845178,0.7263169409898333,0.05406958035553868,0.043538187567060835,0.043270100149115205
265,A6,0.18869762611881166,0.021944507225656804,0.02549676525024113,0.048020283394827945,0.7158408180104625
265,A7,0.1537646539252828,0.5644042263964957,0.12690451657229396,0.09230844290350422,0.06261816020242342
265,A8,0.3529077950581178,0.3030676630484047,0.09005717554956723,0.05950261920624736,0.19446474713766282
266,A1,0.2530265801287512,0.01384185124287082,0.009974594294945021,0.026578995926414866,0.6965779784070183
266,A2,0.4963767332104823,0.055131438005046836,0.02438510533107922,0.03606466188952214,0.3880420615638696
266,A3,0.38971409561272774,0.024309376728401798,0.032891350161933515,0.0664328260273133,0.48665235146962366
266,A4,0.33558139939300274,0.016481299848558135,0.014109455714117538,0.014556313862087422,0.6192715311822343
266,A5,0.1317981055205843,0.7289797992471659,0.053306180969706615,0.04301058256229264,0.04290533170025039
266,A6,0.19088539951527655,0.021923098858794603,0.026064237742404142,0.04891720441521337,0.7122100594683114
266,A7,0.15414140019144415,0.5620075561587216,0.13059725709225103,0.09155746728295489,0.06169631927462834
266,A8,0.3545525594274051,0.30264722623991025,0.09061557749473259,0.060780333222353745,0.19140430361559835
267,A1,0.25522229818371994,0.013820764615271606,0.009885114080771503,0.026300654464238123,0.6947711686559989
267,A2,0.4987971638608221,0.05614100434671193,0.025213708865925725,0.03594135696246814,0.38390676596407197
267,A3,0.3891974483884342,0.025782108297767076,0.03346554898218924,0.06575306795283231,0.4858018263787774
267,A4,0.3350744506162562,0.01862444371663815,0.01408276634241832,0.014016084282614052,0.6182022550420734
267,A5,0.1340348765506137,0.7280014126051306,0.052815341326586676,0.04223545557042433,0.042912913947244766
267,A6,0.19088001420378303,0.021698108303196656,0.026384952438356837,0.04814725800403856,0.7128896670506251
267,A7,0.1549468597575473,0.5625204837677914,0.1297289815977516,0.09154140090831524,0.06126227396859446
267,A8,0.35742179049314204,0.3004348167862739,0.09012567538131079,0.059083591140279036,0.1929341261989941
268,A1,0.2535227270831322,0.013710489362943558,0.009879050549300437,0.026814516252741626,0.6960732167518822
268,A2,0.5000482702650839,0.055311739025600534,0.024972730543720036,0.035835701928998334,0.3838315582365971
268,A3,0.3926177093951755,0.023763448454196815,0.03255395863990084,0.0666424444439834,0.48442243906674376
268,A4,0.3386304679869083,0.016397805125351397,0.014264980547154426,0.014354133329916056,0.6163526130106699
268,A5,0.13257376748640765,0.7292314255239918,0.05365358534502435,0.042203754638291645,0.04233746700628443
268,A6,0.18988384648280904,0.02199478190368306,0.025971819091309613,0.0484569079263553,0.713692644595843
268,A7,0.1524314300089051,0.5661637243688747,0.1301815791069667,0.0891601034237973,0.06206316309145627
268,A8,0.34991407763247195,0.3054365431726366,0.09148174103048681,0.06020759661578439,0.19296004154862012
269,A1,0.2556266292755935,0.01324360201486319,0.01030796799253912,0.026943626317185648,0.6938781743998187
269,A2,0.5000473674645184,0.05556226558769018,0.025065410365060936,0.036034144927177915,0.3832908116555527
269,A3,0.3915866013929829,0.02448236161223681,0.032539774067306584,0.0665540046917966,0.484837258235677
269,A4,0.3365358246111576,0.017331757798431983,0.01414618209071477,0.014444991078639809,0.6175412444210557
269,A5,0.13312012317684713,0.7295451978927464,0.05262267580789645,0.042372070284415086,0.042339932838095
269,A6,0.18842163731297248,0.021930346906500395,0.025571195485233213,0.04872896445651767,0.7153478558387761
269,A7,0.15219607347736788,0.5688301059631167,0.1282257052887144,0.08977232191559112,0.06097579335520996
269,A8,0.3530086929207245,0.3019631558346634,0.09139205963727437,0.061765519061422934,0.19187057254591464
270,A1,0.255020262156406,0.013809737833470446,0.009493380331234388,0.026382696784588253,0.695293922894301
270,A2,0.500233479660045,0.054818972654309656,0.025102954565069405,0.03575470331949303,0.38408988980108294
270,A3,0.3921301431231428,0.02229641667712591,0.03327297780916842,0.0664159517320076,0.48588451065855504
270,A4,0.3376577009823678,0.014583856007310499,0.014213642500545286,0.014342967246722602,0.6192018332630538
270,A5,0.13281937194156912,0.7282053989666212,0.05429905845070389,0.04277208297468635,0.04190408766641926
270,A6,0.19068606741016253,0.02241228781546733,0.026093487591481616,0.04853761009056884,0.7122705470923197
270,A7,0.15166591759731557,0.5671577675217848,0.12894081283169057,0.09116542813079612,0.06107007391841285
270,A8,0.3544779625907393,0.3020942436056685,0.09024502544224028,0.060249742983490874,0.19293302537786106
271,A1,0.25486229273925953,0.013835808594928703,0.0099843883123717,0.02658087414371674,0.6947366362097231
271,A2,0.49816494979118875,0.05575418736497052,0.025303228191883374,0.03560561612137004,0.3851720185305873
271,A3,0.38965307890824297,0.025846329257161838,0.03214900127041,0.06604209152704485,0.4863094990371406
271,A4,0.3349619301013711,0.01844962054757874,0.01411916412742636,0.014405213090016498,0.6180640721336073
271,A5,0.13374434196990378,0.7270497619600207,0.05308978995332931,0.04241449040367576,0.04370161571307037
271,A6,0.19251411175576072,0.021313103512006232,0.0257601818830088,0.04824767319998874,0.7121649296492357
271,A7,0.1518732562064393,0.5676864114092947,0.12801884887473655,0.09090374188909468,0.061517741620434926
271,A8,0.3536309854389995,0.3029044791245619,0.09061752089971256,0.060874483642593784,0.1919725308941325
272,A1,0.2528944293185525,0.013527909107607813,0.009663362949310915,0.026400458045460557,0.6975138405790682
272,A2,0.4988276877118061,0.05640884134789959,0.025391460679857182,0.035936153041750005,0.3834358572186873
272,A3,0.39066489903695856,0.022339547316130363,0.032984598171461904,0.06608094657024219,0.4879300089052071
272,A4,0.3369212242298081,0.014152800608701875,0.014245967768364976,0.0140307093113917,0.6206492980817335
272,A5,0.13268814011201258,0.7271485683991852,0.054273305497669545,0.04258516192091882,0.043304824070213896
272,A6,0.18927247975557987,0.021860379770433834,0.026430967231553117,0.047901659100560004,0.7145345141418733
272,A7,0.15208814663502634,0.5664387077123713,0.13059434488076385,0.08922842627946963,0.06165037449236892
272,A8,0.35360835143983294,0.3038130317588914,0.08990035919645112,0.06025496850854518,0.19242328909627934
273,A1,0.25500184025010597,0.013741700680129176,0.009741952809774922,0.026482951403827195,0.6950315548561627
273,A2,0.4999631172472768,0.055409870136113704,0.02521083759911026,0.035339153070632554,0.38407702194686677
273,A3,0.3924389772183851,0.025700434641196077,0.0332877492266307,0.066432830480484,0.48214000843330396
273,A4,0.3383672350580337,0.018893780299160425,0.013938868410002053,0.014456823083587034,0.6143432931492168
273,A5,0.13255162068612014,0.7277639230580774,0.05357011379397727,0.042634589647907374,0.04347975281391795
273,A6,0.1913818460109502,0.022504355695437964,0.0263363525621267,0.04856153997612398,0.7112159057553612
273,A7,0.15430322378888434,0.5635401276809467,0.12914574949729146,0.0913838757257924,0.061627023307085124
273,A8,0.35307407888510867,0.3041662592042336,0.0908393957697047,0.05981816273501767,0.19210210340593525
274,A1,0.2533127547439137,0.013786910847555246,0.010366364251894295,0.026578488384705137,0.6959554817719317
274,A2,0.49822526478159124,0.05652310702659344,0.02497003468894685,0.03657007019590283,0.38371152330696556
274,A3,0.38984693814534904,0.025042438423492918,0.032928044307220794,0.06652029219690782,0.4856622869270292
274,A4,0.33550919199710816,0.017954285874115836,0.014205974032225888,0.014558835808745788,0.6177717122878045
274,A5,0.1337199447678114,0.7277289299220199,0.053473016859108276,0.04297646077887102,0.042101647672189504
274,A6,0.19010703806825555,0.02177224389395076,0.026252978912849348,0.04862413485232107,0.7132436042726232
274,A7,0.1533057520658023,0.5680840378645508,0.1280359895978531,0.08937913670990917,0.06119508376188482
274,A8,0.35290327087466755,0.30493320337965074,0.09064983399857243,0.05924181628548477,0.19227187546162455
275,A1,0.25558896255011265,0.014013642265892301,0.010394473563763478,0.02701956866585225,0.6929833529543793
275,A2,0.4984061236556087,0.0554373397796461,0.025163832811604395,0.03620208524856845,0.38479061850457247
275,A3,0.39220725758001035,0.024432321349873005,0.03343023083522945,0.06661237544410514,0.48331781479078184
275,A4,0.33917454364419103,0.01655751462405458,0.014146558584181738,0.014324853512401637,0.6157965296351711
275,A5,0.13359943347171144,0.7260328375745703,0.05398699387009916,0.0430816384328558,0.04329909665076338
275,A6,0.18953350539626776,0.021809847972663318,0.02615701781937048,0.04769477328913493,0.7148048555225635
275,A7,0.15409473516575148,0.563825997260173,0.1305807390117461,0.09028712091118087,0.06121140765114867
275,A8,0.3543894989478673,0.30413333941513904,0.09087569644113774,0.05905446181447045,0.19154700338138542
276,A1,0.25423552259246823,0.013843834663540359,0.010210758123311924,0.0264532301062244,0.695256654514455
276,A2,0.4991571336522648,0.055384186998215276,0.02537103460151923,0.035082023014409804,0.38500562173359104
276,A3,0.3898246170188138,0.024937353017870232,0.033568381656653164,0.06663977280691495,0.48502987549974785
276,A4,0.3344196108485575,0.018565505307264984,0.014058544160317224,0.014421988214335364,0.6185343514695248
276,A5,0.13336633667225387,0.7284147245871441,0.05413442685602705,0.041785433179373645,0.042299078705201165
276,A6,0.18959015125313555,0.021886560634714287,0.026453152874955026,0.04876272701771814,0.7133074082194767
276,A7,0.1534303608086517,0.5671970742091009,0.12725656442106614,0.09053881685346948,0.061577183707711675
276,A8,0.3523315982093818,0.30619702997868914,0.09049906552655793,0.059672052536128506,0.1913002537492426
277,A1,0.254223414126708,0.014026772005924502,0.010159088755575618,0.026516735317840923,0.6950739897939509
277,A2,0.4979360131131337,0.05541322349385914,0.02473651252593737,0.036063256783043264,0.38585099408402657
277,A3,0.3919712212276823,0.022970292063637376,0.032443163638425726,0.06674150614425961,0.48587381692599485
277,A4,0.33705507407297636,0.01503415304317344,0.014255608031033118,0.014566431922682362,0.6190887329301347
277,A5,0.13266319241530516,0.7281983483687519,0.053218672713999646,0.042711247466025386,0.04320853903591792
277,A6,0.18811107803094404,0.022230625501237278,0.02655322504201077,0.048573826180070376,0.7145312452457373
277,A7,0.15385950949490773,0.565124644930265,0.1285213881975451,0.09001449616909778,0.06247996120818439
277,A8,0.3548437226731451,0.3010354715281738,0.09017571111759556,0.05949602521564746,0.19444906946543797
278,A1,0.2539887693366709,0.013280518548166427,0.010378957335470264,0.026318603294161986,0.6960331514855306
278,A2,0.49605046313097445,0.0560649996933125,0.026012390671686425,0.03586199672647249,0.3860101497775539
278,A3,0.3892500546219037,0.0235588049245735,0.03251927525867127,0.06593475612322773,0.4887371090716236
278,A4,0.3346516250051457,0.01600711176088535,0.014179692882981822,0.014069767015853907,0.6210918033351333
278,A5,0.13314734180552368,0.726338973862495,0.054059329681545434,0.043259991360009846,0.04319436329042596
278,A6,0.19031441884560457,0.022187683044759113,0.02596121191804295,0.04830654028345405,0.7132301459081394
278,A7,0.152742787424687,0.5676438684825202,0.12826506642437138,0.08985924529553424,0.06148903237288699
278,A8,0.3549414009053887,0.30188965944082335,0.0907590845397054,0.0613675818778502,0.19104227323623227
279,A1,0.25353050007143474,0.013953453931041809,0.010057309794129193,0.0261661025492938,0.6962926336541005
279,A2,0.4978321088218013,0.0550282236481173,0.024910921369901234,0.03563452752249379,0.38659421863768634
279,A3,0.3902038722179965,0.023631947252712622,0.03323076115269062,0.06632389571436319,0.4866095236622371
279,A4,0.33546149439991474,0.01599938208146626,0.014217536754143889,0.01422095413387735,0.6201006326305976
279,A5,0.1332781183147056,0.7279698156731851,0.053356860963557906,0.04284263391811246,0.04255257113043902
279,A6,0.1915734904051881,0.021473366596757776,0.025870079916099964,0.048838490185139735,0.7122445728968143
279,A7,0.15291941308765192,0.5655131317316511,0.1287387198390454,0.0915642024431413,0.06126453289851019
279,A8,0.35334977650391947,0.3042017149315049,0.0901896826019524,0.060934875998188996,0.1913239499644344
280,A1,0.2536826153593851,0.013850695893922772,0.010242519173927395,0.026288174858075174,0.6959359947146897
280,A2,0.4993211365673109,0.05536155586555168,0.024739677173171434,0.0353280277771434,0.38524960261682245
280,A3,0.3895082273432675,0.023952520808482574,0.03315729416349866,0.06651318885649038,0.48686876882826097
280,A4,0.33553844810818156,0.01593879936488961,0.014161504720943376,0.014207134794828599,0.6201541130111569
280,A5,0.1318854811069911,0.7295391484723489,0.05278913259177196,0.04318909823727123,0.042597139591617
280,A6,0.18919068071801975,0.021507576604197925,0.025623641984832256,0.048172068173502135,0.7155060325194479
280,A7,0.1528526120725539,0.564786902817926,0.130525665193357,0.0909362952763307,0.06089852463983241
280,A8,0.353668669749512,0.303827739367429,0.09064292508263509,0.05940307187168974,0.19245759392873396
281,A1,0.2527456795276813,0.013792374338844005,0.009749428963300387,0.026505111052360537,0.6972074061178138
281,A2,0.4976632378733089,0.05585771104665964,0.02527427086996316,0.03593601641607892,0.38526876379398955
281,A3,0.3914044762586917,0.02391324095910567,0.03265509409131293,0.06677127154660914,0.4852559171442807
281,A4,0.3374292828683929,0.0161263270292984,0.014199131283644348,0.014395503285500632,0.6178497555331639
281,A5,0.13309975191696866,0.7284047499695728,0.053181441344814534,0.04246258761229624,0.04285146915634759
281,A6,0.19022703253768433,0.022253351527085033,0.026304666460436988,0.048562928958324945,0.7126520205164686
281,A7,0.1531819110920371,0.5686611976810784,0.12903691864385575,0.08829036728156621,0.06082960530146238
281,A8,0.35324070461182805,0.30536304285154003,0.09036238324291222,0.0601709233636675,0.19086294593005235
282,A1,0.2538135870984681,0.013930868313481096,0.009492550967480244,0.02666814425592329,0.6960948493646474
282,A2,0.5017168165248183,0.05400897663032121,0.025235967668589158,0.03560114262374835,0.38343709655252306
282,A3,0.3917308115775528,0.02101838345800515,0.033128303450968184,0.06594173685973313,0.48818076465374083
282,A4,0.3377193680134432,0.013199524533638367,0.014428088424275233,0.014206312369717922,0.6204467066589251
282,A5,0.13293213321569194,0.7285889875861014,0.053592495992009964,0.042564820433276605,0.04232156277291997
282,A6,0.1881626344059612,0.021898917792688558,0.026226892889865166,0.049003269467803735,0.7147082854436815
282,A7,0.15357824017558902,0.565462236065546,0.12820976824913047,0.09040209016674466,0.06234766534298963
282,A8,0.3520460072851431,0.3053208239682904,0.09012197975565304,0.05859148579950954,0.1939197031914038
283,A1,0.25433605723049807,0.013973805376800263,0.010251154705804847,0.02646600848577968,0.6949729742011171
283,A2,0.499062827407618,0.05534709997591554,0.025212270344173934,0.036028155476114244,0.38434964679617833
283,A3,0.3919033896043334,0.02290955256425175,0.032834006658596454,0.06721640621633072,0.4851366449564878
283,A4,0.3378037804842335,0.015614529736743928,0.014271463083715933,0.014625563561707406,0.6176846631335993
283,A5,0.13210979397865033,0.7285151921055484,0.05380470600297185,0.042747783326013894,0.04282252458681565
283,A6,0.1901280865086057,0.02184152220192427,0.02602766860013583,0.04815927529442218,0.7138434473949121
283,A7,0.15189036454499255,0.5641071480506619,0.12972313273012157,0.09263772001206717,0.061641634662156844
283,A8,0.35174213827320766,0.3046392474205872,0.09060596657681025,0.05981677646199002,0.19319587126740487
284,A1,0.25420858958613846,0.0133664584324519,0.009892819385073517,0.026679301224252182,0.695852831372084
284,A2,0.5000581495646829,0.05534837654594514,0.02548537237730395,0.035292136844892186,0.3838159646671759
284,A3,0.39154404371468404,0.02250932638916875,0.032892885368525006,0.06675079370590582,0.48630295082171626
284,A4,0.33782869155614503,0.01482159072145688,0.014131883670518135,0.014580910659982068,0.618636923391898
284,A5,0.1347568961491016,0.7253099576868501,0.053133251318309024,0.04316340311434218,0.043636491731397116
284,A6,0.1897393179957384,0.022380228922346507,0.02652274826795088,0.0492393857308852,0.712118319083079
284,A7,0.1562412288906159,0.5639416247500377,0.12741521840311792,0.09014303994150268,0.062258888014726115
284,A8,0.3531032728288669,0.3044575883995418,0.09104259975044407,0.059297172188986225,0.19209936683216125
285,A1,0.2551178849387329,0.014124395850315117,0.010064203707542234,0.026455361686612694,0.6942381538167973
285,A2,0.4988043379461188,0.055138574531591794,0.02522295462431903,0.03590515790194332,0.38492897499602696
285,A3,0.3895611025510284,0.024842757246644323,0.03263967450451482,0.06595548698342209,0.48700097871439035
285,A4,0.33507346944100164,0.017972523017200644,0.014183092737836425,0.013965586149199976,0.6188053286547615
285,A5,0.1326102444384757,0.7290595980788941,0.053785321682736226,0.04219439703096848,0.04235043876892558
285,A6,0.18830381475073957,0.02174105360570312,0.026293344193665608,0.048224507054009214,0.7154372803958824
285,A7,0.15286211596219412,0.5654846351538798,0.1300393347994137,0.09045141624354969,0.06116249784096269
285,A8,0.35478361743517367,0.3029023104201324,0.09103295472469962,0.059483919306001644,0.19179719811399282
286,A1,0.2563934526173613,0.014083775667428803,0.010165179093259384,0.026715376058533153,0.6926422165634173
286,A2,0.49957346144649156,0.0566496610778479,0.02473937447965057,0.036027765108186324,0.38300973788782366
286,A3,0.3944535479298395,0.02404163078079544,0.03286641519466415,0.06480990393250967,0.48382850216219114
286,A4,0.34062695060626685,0.01630185934983076,0.013894873875096114,0.014221729590534448,0.6149545865782721
286,A5,0.1336825661904486,0.7291456258871319,0.052165200229205316,0.04234610009888477,0.042660507594329565
286,A6,0.19039029595008994,0.021596836173623766,0.025664451305680257,0.04857944093434478,0.7137689756362612
286,A7,0.15349652198843464,0.56594421390906,0.1297708551429276,0.08943686517888433,0.061351543780693615
286,A8,0.35373048402788343,0.30603610365099715,0.08909293409378516,0.059152213636476464,0.19198826459085777
287,A1,0.2538897117990924,0.01390996117339679,0.009782456291225056,0.026168910042889446,0.6962489606933963
287,A2,0.4980157302457832,0.0553691169370271,0.0251745014385338,0.03611975014285973,0.3853209012357963
287,A3,0.39120770948717065,0.025679725842168547,0.03233284566970771,0.06574836523413714,0.48503135376681605
287,A4,0.33674753934593815,0.018450786592868872,0.013888768037083034,0.014497043099084743,0.6164158629250251
287,A5,0.13337243257303577,0.7271242241426789,0.053012895267084255,0.042792393065460226,0.04369805495174081
287,A6,0.18948643512732102,0.022242638860600256,0.02555193926031132,0.047986232552835344,0.714732754198932
287,A7,0.15501563825212925,0.564710307903236,0.12881152184258196,0.0900254796194988,0.0614370523825541
287,A8,0.35417205168418264,0.30627284669565374,0.08977969728134019,0.05963866472643467,0.19013673961238858
288,A1,0.25339596202778547,0.013711941804958414,0.00989803253839334,0.026317010510253296,0.6966770531186094
288,A2,0.4987690888197094,0.0556990355640967,0.02491425926267493,0.03612494596918932,0.38449267038432966
288,A3,0.39231275122426035,0.02328541763205278,0.03248625812435379,0.06546187835696524,0.48645369466236765
288,A4,0.33697547880077816,0.01639242881451353,0.013909569326101401,0.01416886959056965,0.6185536534680373
288,A5,0.1328828371838914,0.7279528811970228,0.053150853381125344,0.043063975295264185,0.04294945294269605
288,A6,0.19188242339424175,0.02230600230981635,0.026276894980460236,0.04820084765717132,0.7113338316583103
288,A7,0.15404886673307716,0.5646091624080929,0.13051179618031386,0.08909489304928492,0.061735281629231226
288,A8,0.3550127365426576,0.30250332788435763,0.09069273818589965,0.059800529553039085,0.19199066783404597
289,A1,0.25360304183250887,0.0138341181794589,0.010197228010083301,0.026737083635128247,0.6956285283428207
289,A2,0.4976240225682586,0.05495482650207373,0.025848039707674596,0.035669619358121116,0.38590349186387213
289,A3,0.3892499732412887,0.024146931326506298,0.03290928653986731,0.06613756200775346,0.48755624688458443
289,A4,0.3341122764088538,0.0164371023342612,0.014173918019229615,0.014257819303905399,0.6210188839337499
289,A5,0.13371926051473676,0.7262711235169581,0.053934371139888436,0.04230944437484598,0.04376580045357093
289,A6,0.1906664123143054,0.02164326493548174,0.025593859057249514,0.048109383534759624,0.7139870801582038
289,A7,0.1527621774269873,0.5654412844246869,0.13080727376564383,0.08906426102220179,0.06192500336048031
289,A8,0.35319791940564166,0.30388757295971286,0.09114230540638724,0.05938114657064155,0.19239105565761672
290,A1,0.2542332025132387,0.013888710833795576,0.009548975239898366,0.026658260282760717,0.6956708511303065
290,A2,0.501350311603849,0.054938108165453234,0.025310315442477332,0.035211848042403605,0.38318941674581664
290,A3,0.39114411430735574,0.02673944532749445,0.03313492622113777,0.06620544851864135,0.4827760656253705
290,A4,0.3381274829693063,0.01885000575868069,0.01427007918747662,0.014420571617904152,0.6143318604666324
290,A5,0.13344479099172588,0.7258084802700383,0.05503824556371127,0.04337755588516052,0.04233092728936378
290,A6,0.18946740425097766,0.022280172298907087,0.02568694744619623,0.04869928750207046,0.7138661885018488
290,A7,0.1525939119534472,0.5641237504954084,0.1315478755775531,0.09034570621567431,0.06138875575791695
290,A8,0.35510836384827643,0.3019507424494419,0.09108775443571485,0.05890151367976707,0.19295162558679982
291,A1,0.2535989735111096,0.013638712772251826,0.00968855835632888,0.02648415438424065,0.696589600976069
291,A2,0.49948128886867754,0.05562257429426175,0.02535837420301619,0.035622832837485026,0.3839149297965596
291,A3,0.39137428142807595,0.024219184075893612,0.032956052485317536,0.06612802276359797,0.48532245924711487
291,A4,0.33674599049754383,0.016714191367566494,0.014322582865107783,0.014278514236793893,0.6179387210329879
291,A5,0.13287493448086712,0.7274696247657909,0.05332745677706783,0.04308311129410267,0.04324487268217148
291,A6,0.18860471229027403,0.022271374609607427,0.025115284412444455,0.04788019571313361,0.7161284329745405
291,A7,0.1521608842513015,0.565557523252017,0.13045721995368775,0.09006106261843176,0.0617633099245621
291,A8,0.35239840324281435,0.3054752862366425,0.0906135754077016,0.059543791904261734,0.19196894320857977
292,A1,0.2532305301525043,0.013540850561046681,0.009852246941807504,0.02596694514983989,0.6974094271948015
292,A2,0.498714100777975,0.05523992659249894,0.025118835581906345,0.036113899356717806,0.384813237690902
292,A3,0.3907104269238518,0.023645908103856965,0.03237033384579501,0.06564052049080428,0.487632810635692
292,A4,0.3352068666911934,0.01629794179743282,0.013754155948605018,0.014332872801254984,0.6204081627615137
292,A5,0.13293512870395538,0.72725199294571,0.05401667156952536,0.04274595908087314,0.04305024769993625
292,A6,0.1888876042460974,0.022177245314793502,0.02644529369054906,0.04872988839772675,0.7137599683508333
292,A7,0.15374900113291842,0.5668473356611384,0.127248075376656,0.09009755721978938,0.0620580306094979
292,A8,0.35064102272627456,0.3046990727484661,0.09120298341599048,0.06035037441733724,0.19310654669193147
293,A1,0.25554242741833727,0.013622591193766057,0.009874386635152617,0.026191012221143225,0.6947695825316008
293,A2,0.500110025742625,0.05510985092562913,0.025552197737258517,0.03633717010415417,0.38289075549033325
293,A3,0.38976887994451664,0.024079921136290226,0.033223346249463465,0.06601306327278608,0.4869147893969437
293,A4,0.33608394774662875,0.01611468633008166,0.014183193488526234,0.014136900831144215,0.6194812716036191
293,A5,0.13423558514115563,0.7256011099755059,0.053873293389855276,0.04310287298607354,0.043187138507409746
293,A6,0.18913954540894068,0.02239770462825271,0.02612515928048803,0.04841897212109289,0.7139186185612258
293,A7,0.15243533144258511,0.5665109218054499,0.12856630723071927,0.09028222046488088,0.06220521905636479
293,A8,0.3530975883777593,0.30466151345899073,0.08922066943626517,0.06040837853975296,0.19261185018723184
294,A1,0.252001204059397,0.013537888682132935,0.010096495749088413,0.026713041179883493,0.6976513703294982
294,A2,0.49887645768261146,0.05698089049265492,0.025383763881419986,0.03583688948664537,0.38292199845666797
294,A3,0.39103906968615715,0.024015947423789784,0.03308928717146713,0.06672287262858707,0.48513282308999883
294,A4,0.3363488714790022,0.017280657938223216,0.01403078829447786,0.014437637601952857,0.6179020446863436
294,A5,0.13262257529550006,0.7281615720280821,0.05381248490405529,0.042755088254985696,0.04264827951737654
294,A6,0.18772855374569022,0.02200080277437572,0.02503202019745512,0.047738902814801615,0.7174997204676773
294,A7,0.15237607527363325,0.5679457323339179,0.12612494507130279,0.09197449573488588,0.0615787515862601
294,A8,0.3536285681298539,0.30312346057244655,0.09090772837349007,0.05976566740405451,0.19257457552015508
295,A1,0.254898375650366,0.013356814735105723,0.009954825192387448,0.026349690917516055,0.6954402935046248
295,A2,0.49934918025598285,0.054955622435107966,0.025151255258739857,0.03553271754257097,0.3850112245075984
295,A3,0.392948841106938,0.023820041721857733,0.03251464050517328,0.06609121265312012,0.48462526401291084
295,A4,0.3393783011057996,0.01597228616523349,0.014080570850677439,0.014234832044218923,0.6163340098340707
295,A5,0.13283296025280036,0.7261936971161179,0.0542851637507133,0.04317109786665806,0.04351708101371016
295,A6,0.1908565383566207,0.022244913874447787,0.026027468492334803,0.048457646213676486,0.7124134330629204
295,A7,0.15278217144709222,0.5657503177840993,0.12963131930970126,0.09034677322094418,0.06148941823816293
295,A8,0.35542238605574916,0.30075984409975914,0.09141272455106629,0.060118154900625304,0.19228689039280006
296,A1,0.25185687490535386,0.0139889433245665,0.010231520427207395,0.02655750359567757,0.6973651577471949
296,A2,0.4964241550051762,0.05554251825948709,0.025277131718041544,0.03661989461821377,0.3861363003990813
296,A3,0.3937866072407754,0.02532292342172264,0.032670788912960866,0.06593508282532251,0.4822845975992185
296,A4,0.3387685793180597,0.01852794583553607,0.01386110253345889,0.014324726602721258,0.614517645710224
296,A5,0.13304923820782305,0.7269652037228355,0.05415495871933472,0.042393811002915005,0.043436788347091804
296,A6,0.18801608531813727,0.0215723004019919,0.02621442771533835,0.04919223396675213,0.7150049525977804
296,A7,0.152823248133128,0.5674621080539513,0.12817268278718108,0.09004185034164326,0.06150011068409645
296,A8,0.3500381359733468,0.3055634104059291,0.09004056043882314,0.06019682220944585,0.1941610709724553
297,A1,0.2526910964280618,0.013693381348575851,0.009646455569933975,0.026274283142263998,0.6976947835111642
297,A2,0.49892313123320914,0.05597036845978908,0.02562342559315498,0.03614304045073393,0.3833400342631127
297,A3,0.3908510803456152,0.024785861945861642,0.03245483406931941,0.06669898622203252,0.4852092374171712
297,A4,0.3373832606571622,0.017146953412848977,0.01420182501441806,0.014058905474400397,0.6172090554411702
297,A5,0.13412475466818552,0.7257801454539231,0.054533796948015224,0.04260948649449811,0.04295181643537813
297,A6,0.1906197512653012,0.02213434674177486,0.026080426956070834,0.04917174107318218,0.7119937339636708
297,A7,0.1544546019643001,0.5640651110488977,0.1296682467257776,0.09040796469416502,0.06140407556685968
297,A8,0.3550116870815281,0.30514349147803876,0.08961740037229057,0.05916475033095053,0.191062670737192
298,A1,0.2562432966447964,0.013408797723142782,0.009759496610004045,0.02637153061238916,0.6942168784096676
298,A2,0.4984616727766619,0.05501664390501264,0.025168479619110635,0.03631471119130128,0.3850384925079135
298,A3,0.39221914495624705,0.022860127407088007,0.03332785028722293,0.06596656447818477,0.485626312871257
298,A4,0.3389282108867273,0.01578105311577812,0.014212900995348486,0.014316077568325876,0.6167617574338202
298,A5,0.13389737230960147,0.7252294248745342,0.05333904705493049,0.04376766652843148,0.04376648923250219
298,A6,0.18742271921288126,0.021809467841421508,0.026158078799507444,0.04822263266517408,0.7163871014810158
298,A7,0.15350557798760217,0.5671772660012773,0.127479604663419,0.08999797756748867,0.06183957378021271
298,A8,0.35283975165415904,0.3035492516812458,0.09056031037872506,0.05992722937900177,0.19312345690686852
299,A1,0.2541025778042116,0.0136633422642802,0.009992693719988514,0.026452752922198734,0.6957886332893211
299,A2,0.4988867869538213,0.055259305856275844,0.02533416000695755,0.035481463643064745,0.3850382835398807
299,A3,0.39007270477073963,0.024195959977707175,0.03339265034250888,0.066034650040338,0.4863040348687063
299,A4,0.33594293371481015,0.01634179639779253,0.01436359449150265,0.01432571811505053,0.6190259572808442
299,A5,0.13391917727947922,0.7267646904621299,0.05367393457021548,0.042523595420281696,0.04311860226789366
299,A6,0.1886333407567907,0.021636787635143904,0.025926304159595952,0.048264733316528974,0.7155388341319403
299,A7,0.1520634357079235,0.568239402183175,0.1278859919290566,0.08976744820100838,0.062043721978836425
299,A8,0.35434639656422834,0.30021773928415885,0.09232905434396149,0.05999658643620448,0.193110223371447
300,A1,0.2522285343445663,0.013614020296629128,0.00975610335128103,0.026481730774772172,0.697919611232751
300,A2,0.49842184325694916,0.05576658816838176,0.024775519526630777,0.03552328780421979,0.3855127612438186
300,A3,0.3899586865058775,0.024589906987476862,0.032864632984542154,0.06680323575722823,0.4857835377648751
300,A4,0.33669781055487696,0.017326395552902787,0.0141058077858657,0.014447273720891586,0.6174227123854629
300,A5,0.13257130701559183,0.7278050158525571,0.054127537455386024,0.04238221548124605,0.043113924195219165
300,A6,0.1875509692147201,0.02216317102871049,0.025793411940836578,0.04799205829593155,0.7165003895198012
300,A7,0.1535226130229491,0.5695773887135196,0.12563386843769664,0.08921720306900681,0.06204892675682779
300,A8,0.35300029798872623,0.3045101489750327,0.09046956196800245,0.05920123473542822,0.19281875633281048
301,A1,0.252089783162209,0.013731790925807296,0.009482543245249086,0.026334246256255175,0.6983616364104795
301,A2,0.4976935879919553,0.05477638932247953,0.025510561958366595,0.036108811385234627,0.385910649341964
301,A3,0.3913420293955352,0.024068247889353446,0.03309974264236209,0.06594855508939351,0.4855414249833555
301,A4,0.3367141716648237,0.015720875910931076,0.01413201956402737,0.014258816584526277,0.6191741162756916
301,A5,0.13211177506049018,0.7286904437286897,0.05398786764874728,0.04264753786012609,0.04256237570194676
301,A6,0.18862283233598479,0.021411871469482834,0.026023721204082452,0.048088658761067375,0.7158529162293826
301,A7,0.15538756143910065,0.5631457754787907,0.12960886224154236,0.08885338029901388,0.06300442054155232
301,A8,0.3550291757019172,0.29970689090584174,0.0905024581160724,0.06029451763691022,0.1944669576392584
302,A1,0.25377221314587883,0.013537157987429984,0.010601097623981388,0.026496401811479862,0.6955931294312301
302,A2,0.4970978194398585,0.0555815492355293,0.025294024377679435,0.035495631132569205,0.3865309758143638
302,A3,0.3903849662888685,0.02485663308052136,0.03324512495052484,0.06616414107246923,0.4853491346076161
302,A4,0.3349030893967011,0.017252951701439832,0.014098126277564684,0.014555315529402518,0.6191905170948918
302,A5,0.1332887955884585,0.7257254227328431,0.05408465880164153,0.04345755797222712,0.043443564904829826
302,A6,0.18865703616907334,0.02210412295712699,0.025686589521599825,0.04823754796303435,0.7153147033891656
302,A7,0.15395803109771752,0.5668641346562966,0.12868112535960263,0.08933479658273975,0.061161912303643345
302,A8,0.35623043153935746,0.30147997701676466,0.09038982941736874,0.060307692348014405,0.19159206967849451
303,A1,0.25556932104457125,0.014031170011629544,0.010171045874441577,0.026220952489436886,0.6940075105799206
303,A2,0.4987485450986873,0.0560305159539293,0.02519010406240951,0.036194282697271006,0.38383655218770296
303,A3,0.3899295562258786,0.022780895644853996,0.032823781548107785,0.0666760689282524,0.48778969765290714
303,A4,0.33516775995097486,0.014330630753046171,0.01424938492988621,0.014529581482113732,0.6217226428839788
303,A5,0.13240436194795782,0.7273203882650334,0.05345825140078514,0.043875540552651665,0.04294145783357185
303,A6,0.1887671612242231,0.0223476209652908,0.026379443415673127,0.04901421576534093,0.7134915586294719
303,A7,0.1529930042276449,0.5656363208062677,0.1282942783992801,0.09092323394411213,0.06215316262269538
303,A8,0.35191750284071277,0.30396799693855087,0.09000817501890523,0.06040823629116353,0.19369808891066778
304,A1,0.25381648553716757,0.013598025621930044,0.00970615735496292,0.026290898431852526,0.6965884330540868
304,A2,0.49789349392336535,0.05467749251397368,0.02551609883749196,0.036009858417642066,0.385903056307527
304,A3,0.3923558785753257,0.02446065524751647,0.03307023239569468,0.0667354142376931,0.48337781954376985
304,A4,0.3376749699667309,0.01662157953141107,0.013998977739004832,0.014467084703856799,0.6172373880589962
304,A5,0.13314725934561497,0.7281861775868036,0.05319434075271792,0.042534443052734586,0.042937779262129015
304,A6,0.19099470221251053,0.022369962852369887,0.026023342480961942,0.04762474583818246,0.7129872466159751
304,A7,0.1544466010979576,0.5618514850074982,0.1297688055304627,0.09148933511227633,0.06244377325180535
304,A8,0.3529471883209893,0.30287724552257195,0.09023794392294777,0.061192697704513056,0.19274492452897782
305,A1,0.25629991689831105,0.013592955918878682,0.009948552636328144,0.02651684645461915,0.6936417280918629
305,A2,0.49843642677907757,0.055467802704782534,0.025224212086662166,0.03574687419025962,0.385124684239218
305,A3,0.3901349367270013,0.02438768465601476,0.032052976639019105,0.06604268186301314,0.48738172011495173
305,A4,0.3355258303944246,0.016656612179709505,0.014005474109470738,0.013898127427932195,0.6199139558884631
305,A5,0.13337799967505878,0.7273375743866922,0.05390494336916779,0.042943031203677436,0.04243645136540386
305,A6,0.18996213505955828,0.02128671942997104,0.0252384513667525,0.049584290292058346,0.7139284038516599
305,A7,0.15310074766808707,0.5660092874649346,0.12992378333549912,0.0892850345201794,0.06168114701129988
305,A8,0.3543874179729407,0.3023907517672662,0.09010658231186049,0.0599691246720397,0.19314612327589295
306,A1,0.254502051565657,0.013693366562507445,0.010051660834960176,0.026728717092699198,0.6950242039441763
306,A2,0.5013701717896415,0.055248301186289865,0.024382670434236253,0.03586442478530029,0.3831344318045322
306,A3,0.38920337333098853,0.023371208934224327,0.03322710936572765,0.06640059879940766,0.4877977095696516
306,A4,0.3346025917089132,0.01574348480301881,0.014158871077497335,0.014483393082480683,0.6210116593280899
306,A5,0.13361957884249265,0.7259695403480417,0.054493453727710764,0.04354322679387458,0.04237420028788035
306,A6,0.18936644550539636,0.022000277069408863,0.025792993864676452,0.04834769506422722,0.7144925884962912
306,A7,0.15351487999309263,0.5648084225012968,0.12877066566844717,0.09152317573556261,0.06138285610160068
306,A8,0.3527502675882276,0.3050523153378596,0.09067666244860861,0.059782994940776,0.19173775968452816
307,A1,0.2521892989067933,0.013665088536940394,0.010297425594892823,0.026339944401732207,0.6975082425596412
307,A2,0.49678237278535986,0.055534793641487556,0.02519548653126536,0.036283372202921056,0.38620397483896607
307,A3,0.38843210412834545,0.025980438303009678,0.03375199409741336,0.06645575039004806,0.4853797130811835
307,A4,0.33499066078962764,0.01857724806816275,0.014114567603088452,0.01421819134599312,0.6180993321931281
307,A5,0.13259839857733763,0.7258040938606223,0.05378732914350623,0.04427850023688659,0.04353167818164736
307,A6,0.18803229525926918,0.0225823596458815,0.026084572468191056,0.04827769848151707,0.7150230741451414
307,A7,0.15201403226497698,0.5628344523997322,0.13226068212700895,0.09081226698070802,0.06207856622757388
307,A8,0.3538662145483651,0.3048461508162217,0.08958946554672118,0.06022555958197378,0.19147260950671843
308,A1,0.2554859410696269,0.01342305126771226,0.010139543732856877,0.026573481969939756,0.6943779819598641
308,A2,0.49826827931201406,0.056146536295506706,0.025339711072065074,0.03637879399765333,0.383866679322761
308,A3,0.3912060908744447,0.026383108894852875,0.03313441993522731,0.06594989416406019,0.48332648613141505
308,A4,0.3377415364297785,0.019755732473229072,0.01396783176176278,0.014231238922883109,0.6143036604123466
308,A5,0.13236048508978238,0.7284947750187626,0.05379548745010214,0.04317506100290266,0.042174191438450394
308,A6,0.18940427034805687,0.02205181094332146,0.025516543291548642,0.04781333963553337,0.7152140357815394
308,A7,0.1524855775690354,0.5682450081575389,0.12813945966326473,0.089736682756894,0.0613932718532668
308,A8,0.35445138830595535,0.3051388841938333,0.08978316616245414,0.058952456627137065,0.19167410471062007
309,A1,0.25364414122001866,0.013451710449918015,0.010043457178781273,0.026634963160927033,0.6962257279903552
309,A2,0.496367300597063,0.0553051780335128,0.025743576742478298,0.035944063986078564,0.3866398806408673
309,A3,0.39207990817689564,0.02371797786265671,0.03317558706540272,0.06652391720536219,0.4845026096896828
309,A4,0.33736713309443267,0.016378873796953918,0.014383481566633462,0.014201226812011972,0.617669284729968
309,A5,0.13230239610135675,0.7273607307277986,0.05409142684999249,0.043075599086311596,0.04316984723454052
309,A6,0.1896019854161237,0.02228396363606573,0.026397754401768135,0.04916062691235373,0.7125556696336885
309,A7,0.15501738121118505,0.562983653069387,0.13002699080141975,0.09020609667573055,0.06176587824227766
309,A8,0.35421406468883826,0.3051371662605276,0.09052575646254717,0.059029340922583384,0.1910936716655036
310,A1,0.2528594306190981,0.013910420687525144,0.00984298952646822,0.026104803792957706,0.6972823553739508
310,A2,0.49696602927634015,0.05508295953567004,0.025443635014482685,0.03598585597508883,0.38652152019841823
310,A3,0.3935138243295775,0.023482036925085426,0.032620182727540345,0.0664778896360322,0.4839060663817646
310,A4,0.3389395843119264,0.01621542927787906,0.014324721629640604,0.014228502890173179,0.6162917618903807
310,A5,0.13316758817664373,0.728417558542771,0.0534728577607657,0.04224205313946956,0.04269994238034987
310,A6,0.19091423530568508,0.02198215136270605,0.026014590876311475,0.04813555221063043,0.7129534702446672
310,A7,0.15281914183582304,0.5661358314884538,0.12871803398300594,0.09129086956563827,0.06103612312707894
310,A8,0.3528298126531377,0.30434866805154404,0.09020438848040795,0.059826001132688336,0.19279112968222212
311,A1,0.25233494852448574,0.01384122975854404,0.01006130665821581,0.026435738551044127,0.6973267765077102
311,A2,0.4992418852703743,0.05497756360338221,0.024991028237330515,0.03601778916720605,0.3847717337217069
311,A3,0.3913632708388894,0.022631839343088905,0.033014482857255945,0.06615728155017922,0.4868331254105865
311,A4,0.336795325940917,0.01453041973142982,0.014204247311499885,0.01453580547424351,0.6199342015419097
311,A5,0.1322585810470137,0.7290185142494437,0.053652417538695735,0.04332798780616002,0.04174249935868665
311,A6,0.19110868171245812,0.021953587024921152,0.026184279394242505,0.04881480475519199,0.7119386471131861
311,A7,0.15237012719963294,0.5671895008091113,0.1283365689914515,0.09090048213381896,0.06120332086598534
311,A8,0.3554995702435219,0.30316630140435263,0.08945399170182353,0.05899435130716823,0.19288578534313364
312,A1,0.2549053818881423,0.013363781321072363,0.010032860822376378,0.026810661118939337,0.6948873148494696
312,A2,0.49767662415954744,0.055678561282801145,0.024994988725429636,0.03577474547729893,0.3858750803549229
312,A3,0.3904206546301411,0.023844885937291147,0.03298806141258574,0.06594839185037654,0.4867980061696052
312,A4,0.3362488685315452,0.016020056882830806,0.014162407425610982,0.014367784394053404,0.6192008827659597
312,A5,0.13317566873261652,0.7277256198797449,0.05331031805524944,0.04235634828382613,0.04343204504856319
312,A6,0.18899070084629163,0.02190057307890722,0.025683908833427034,0.04797076800991061,0.7154540492314636
312,A7,0.15362557141487299,0.5665944981349629,0.12682536903762878,0.09068853107573913,0.062266030336796035
312,A8,0.35167079850294997,0.3038767058316577,0.0902316237125626,0.06022020606366538,0.19400066588916418
313,A1,0.2535069539777085,0.013939820872721926,0.009616153945147279,0.026560153329293595,0.6963769178751285
313,A2,0.49912412582973414,0.05527455527502036,0.025516635668165238,0.035987747057773106,0.38409693616930735
313,A3,0.3915879951123889,0.024918677538077125,0.032983026942077845,0.06568335754062517,0.4848269428668307
313,A4,0.33715554809395964,0.01716706219770945,0.014154136277616719,0.014225200704046242,0.6172980527266678
313,A5,0.1327600322366595,0.7285903376744693,0.05335536200530108,0.04329248682714784,0.04200178125642216
313,A6,0.1897012654676352,0.021619798712609575,0.0264035241793917,0.048724639942046385,0.7135507716983172
313,A7,0.15386429267486454,0.56622461923177,0.12833153236514702,0.09005352087613334,0.061526034852085035
313,A8,0.3550343163381435,0.3024299485381462,0.08945809921784904,0.06015394488854488,0.19292369101731643
314,A1,0.25463674921626106,0.013749116050407465,0.01000173927208866,0.026588533285704926,0.6950238621755379
314,A2,0.4977573206330904,0.054343597423505044,0.025224767171308622,0.03569478753050816,0.38697952724158785
314,A3,0.39170168160896796,0.023500749374958343,0.03170507800495294,0.0664066393703468,0.486685851640774
314,A4,0.3385040826888902,0.015218094223764413,0.013975319229139117,0.014194785295743993,0.6181077185624626
314,A5,0.13223013362675617,0.7277715977234764,0.05424899317680754,0.043071810836579405,0.04267746463638024
314,A6,0.18884416087795683,0.02245591514350104,0.026358609495442366,0.048567499401955615,0.7137738150811443
314,A7,0.1540325797211096,0.5659550867595315,0.1290468678746909,0.08931485427320744,0.0616506113714604
314,A8,0.35328039470827466,0.3044756554990508,0.0897485952278952,0.059476488604250796,0.19301886596052836
315,A1,0.2531924596837934,0.013734291038045156,0.010310528185965909,0.02649060548398705,0.6962721156082083
315,A2,0.4989414158497573,0.05550184609797249,0.02492689862288788,0.035664974137038445,0.3849648652923436
315,A3,0.3915592707210397,0.023082877910105274,0.033387322258440696,0.06594192219143283,0.4860286069189815
315,A4,0.336899855910102,0.015478477066982932,0.014290415464998289,0.014261891615818626,0.6190693599420982
315,A5,0.13330241651560298,0.727538888501304,0.05387786286088011,0.04264999792714157,0.042630834195071056
315,A6,0.18893375671762722,0.022109271994424428,0.02566324450565975,0.048632603871463224,0.7146611229108254
315,A7,0.15347506648253226,0.5677030857551149,0.12692429081347453,0.0904255660008464,0.06147199094803188
315,A8,0.35136854007945567,0.30430337966294985,0.09104210202831814,0.0601956436555502,0.19309033457372612
316,A1,0.2552796988773579,0.013798246100437506,0.010523534910850731,0.02656380296697628,0.6938347171443775
316,A2,0.4990608352884528,0.05493029165227294,0.02541560905821088,0.03701128299616056,0.38358198100490276
316,A3,0.3927298028505456,0.02289181155743227,0.032968341614663055,0.0671544751125394,0.48425556886481963
316,A4,0.3396420045560155,0.01501280543808387,0.014129553003082662,0.014395741572715115,0.6168198954301027
316,A5,0.13233334901867547,0.7266191295805737,0.05392187734653653,0.04392601553769582,0.043199628516518325
316,A6,0.1896876465876824,0.02189170136402898,0.026513491372670374,0.04824560742497819,0.7136615532506401
316,A7,0.15430309565683364,0.5622337871733278,0.129551460159919,0.0919128015716961,0.06199885543822356
316,A8,0.3530192008153316,0.30459788993884973,0.09089147642065273,0.059143799965708774,0.19234763285945697
317,A1,0.2553989484752004,0.013609205006801852,0.009780637578342426,0.02682414436132418,0.6943870645783312
317,A2,0.4992832024038528,0.05486807364386584,0.02485050163538034,0.03549847809865023,0.38549974421825073
317,A3,0.39211470518950126,0.02399783198130911,0.03331686285056078,0.0664022725166751,0.48416832746195376
317,A4,0.3380349999386726,0.01567233821156603,0.014098755385502799,0.014454191411094539,0.617739715053164
317,A5,0.13206251546729192,0.7286982501604731,0.05341443551958687,0.04283730406280755,0.042987494789840715
317,A6,0.19178422433399991,0.022205242225584176,0.02634798986679905,0.04898568027301062,0.7106768633006061
317,A7,0.1544716546940688,0.5664045427271026,0.12654890745232078,0.09049693495271764,0.06207796017379021
317,A8,0.35409513285829974,0.3034491246481702,0.09038763942287568,0.060042361244487114,0.19202574182616727
318,A1,0.25498342559033976,0.01357019979331472,0.010016754600462852,0.02662991035792212,0.6947997096579606
318,A2,0.49788790147380074,0.055726066026362,0.025546681186758343,0.036084596648913114,0.38475475466416587
318,A3,0.38969746754738865,0.023042075019612633,0.03335439321311707,0.06624145492276501,0.4876646092971166
318,A4,0.33588094542532393,0.015929472155219313,0.013879731738504167,0.014766552952090546,0.6195432977288619
318,A5,0.13430733115041704,0.7274237908194383,0.05330163221826494,0.043084295088195446,0.04188295072368423
318,A6,0.18805286503380028,0.02198414081850702,0.026560690974578326,0.0486802949325736,0.7147220082405408
318,A7,0.15371638230912998,0.565406426746125,0.12824490069923944,0.09098323490304754,0.06164905534245792
318,A8,0.35391446717563446,0.302728692847587,0.08978073157468822,0.06014294257902071,0.19343316582306946
319,A1,0.25345616067786547,0.014023421807061034,0.010171427931117126,0.026385093734199578,0.6959638958497567
319,A2,0.5004421815926818,0.054839882367164236,0.02537115548977,0.03602984660053257,0.3833169339498512
319,A3,0.3918869887323345,0.02485810511396833,0.032801213872760214,0.06641914014766583,0.484034552133271
319,A4,0.33798593102151986,0.017629811506477626,0.013833224629311013,0.01444609506861607,0.6161049377740754
319,A5,0.13299564238953254,0.727618713533167,0.05451362110817676,0.04211510561075916,0.04275691735836454
319,A6,0.189452386907177,0.021864328099860036,0.02620328316513051,0.047706669487684226,0.7147733323401483
319,A7,0.1529743897382488,0.5663357257954489,0.12816577048384914,0.09026073439256711,0.06226337958988591
319,A8,0.35390482704384385,0.30313784471622846,0.09024825016348934,0.05977485675547865,0.19293422132095972
320,A1,0.25210902712697303,0.013940639427113754,0.010733841245121539,0.02605635865568431,0.6971601335451072
320,A2,0.4992153472283024,0.055326861604162475,0.025287294778439485,0.03615175925370383,0.38401873713539186
320,A3,0.38927468367755536,0.02542910039553959,0.03309041864904209,0.06618013554213034,0.4860256617357328
320,A4,0.3351202550263665,0.01849521147596922,0.01419215481616902,0.014570015722001716,0.6176223629594936
320,A5,0.13048104216086698,0.7307489116907018,0.05292292772283321,0.04307944514687458,0.04276767327872339
320,A6,0.18982338914104016,0.022674890007193384,0.025622092852820976,0.0482736175081948,0.7136060104907508
320,A7,0.1523955894539979,0.5680023883029349,0.12818734733305318,0.08944124574654634,0.061973429163467555
320,A8,0.3528324535161516,0.30446864465666207,0.09023364002750998,0.060241073064377884,0.19222418873529878
321,A1,0.254332108292317,0.013697708704460774,0.009966540212285584,0.02620013716388655,0.6958035056270501
321,A2,0.498091220984391,0.05644052736511991,0.0258098086051726,0.035804790177723485,0.3838536528675931
321,A3,0.39015163083166016,0.025903427966930213,0.03356825387560494,0.06703673657976174,0.48333995074604286
321,A4,0.33721121118873687,0.018283417438154828,0.014221338935464097,0.014300343092702436,0.6159836893449416
321,A5,0.13370023837367573,0.7282580371397461,0.05213303569050665,0.0428644497981616,0.043044238997909885
321,A6,0.1905274363356809,0.021764391281314226,0.025926493261425106,0.04853468036305935,0.7132469987585205
321,A7,0.15186062215157353,0.5699473605381897,0.1263748181587326,0.09050655307152383,0.06131064607998042
321,A8,0.3540351544844188,0.30394588923616056,0.0900986076049932,0.06020379808126468,0.19171655059316248
322,A1,0.2550553267391744,0.013662557769233235,0.010037532221505515,0.026356306211401767,0.694888277058685
322,A2,0.49936238679195016,0.05616541615279067,0.025389656711849107,0.03606517147919409,0.38301736886421583
322,A3,0.39300547353810333,0.026140969561713374,0.03354741443540303,0.06655096011021167,0.48075518235456854
322,A4,0.33884085903461064,0.019031017710348184,0.01414603408454507,0.014386096535021245,0.613595992635475
322,A5,0.13234416315655256,0.7299598221726857,0.05294045754608114,0.04223832055692572,0.042517236567754864
322,A6,0.18828618867124666,0.021640858031370912,0.02583491668882452,0.04882488039072714,0.7154131562178307
322,A7,0.15338318809107646,0.5645247504900083,0.1294295401751833,0.09080354318666571,0.061858978057066284
322,A8,0.3539914165246631,0.3025638062427578,0.09091380050817789,0.05977375621983303,0.19275722050456814
323,A1,0.2537138633230107,0.013548047492125886,0.01026125596494875,0.026208819082039255,0.6962680141378755
323,A2,0.49823181967577357,0.05575694462966635,0.024868577945370347,0.036006859665108616,0.3851357980840814
323,A3,0.3912073671528397,0.027154996833549078,0.03314800821990946,0.06660721470571551,0.48188241308798613
323,A4,0.33671904407527276,0.01925897532358548,0.014223997746596995,0.014114952489748324,0.6156830303647963
323,A5,0.13332375556148102,0.7285318179229878,0.05329494075026094,0.04270587916532652,0.04214360659994377
323,A6,0.1877788673449324,0.022709411833789547,0.025899503162114118,0.04801112940429885,0.7156010882548649
323,A7,0.15256217296199168,0.5658650303285192,0.1287119145900534,0.09154235594880887,0.061318526170626865
323,A8,0.35419553875178383,0.30291578535977054,0.09012727995951539,0.06041860647403586,0.19234278945489444
324,A1,0.25119142310258513,0.013727339869233022,0.009875868313822691,0.026946816188784455,0.6982585525255748
324,A2,0.4980370434889799,0.0555597016966336,0.025654551199413168,0.03616806167222657,0.3845806419427465
324,A3,0.3924495753681254,0.02477733687915734,0.033015153697175566,0.06634645457042086,0.4834114794851209
324,A4,0.3371513162143496,0.01713780078566271,0.014039076726747406,0.014235531914578294,0.617436274358662
324,A5,0.13251921458002308,0.7297638009148315,0.052552029708513574,0.042264151956821594,0.04290080283981046
324,A6,0.190333308044128,0.02292140539202712,0.026149894028432555,0.04834160898522304,0.7122537835501894
324,A7,0.15461282522230424,0.5685768830110617,0.1252502992233382,0.08995507484985489,0.061604917693440515
324,A8,0.3552300359361136,0.3046401948283776,0.0901831154931273,0.05950279670751253,0.19044385703486896
325,A1,0.2526456859774692,0.013698054390219256,0.010165358461212524,0.02644568820218525,0.6970452129689138
325,A2,0.4995266679100563,0.05586090468788312,0.025497441747121784,0.03655623296224693,0.38255875269269196
325,A3,0.39201638604264144,0.025082357154826068,0.03287521010158841,0.06596620723808647,0.48405983946285747
325,A4,0.33690516702672496,0.01781417931284455,0.014207871944523675,0.014072895444188521,0.6169998862717182
325,A5,0.13184163273640995,0.7284046107825491,0.05377268218935553,0.043314762853009774,0.042666311438675775
325,A6,0.1903762146940732,0.022006865273783684,0.02625101020529447,0.04810095955280447,0.7132649502740441
325,A7,0.1525511431979098,0.5650968141794549,0.12971429221913383,0.09045529996721602,0.062182450436285376
325,A8,0.3530304503073754,0.3043241208769623,0.09009565145456995,0.06075365195344773,0.1917961254076446
326,A1,0.25198594067416974,0.013960193120140517,0.010032955075325947,0.026443649530555596,0.697577261599808
326,A2,0.5011148696973364,0.05467963194860171,0.025239642891440116,0.03553795904057636,0.3834278964220453
326,A3,0.39305300346297345,0.023132062450918076,0.033082826205390714,0.06704034197530745,0.4836917659054102
326,A4,0.3400015435345678,0.015326006352258675,0.014119792698193143,0.014418484659970735,0.6161341727550097
326,A5,0.13232984741503395,0.7291394062980157,0.05341977723558234,0.04293988896183548,0.04217108008953257
326,A6,0.18997535889519734,0.021947477534916174,0.025719671177612338,0.04842434921724251,0.7139331431750315
326,A7,0.15386505172678053,0.56466817377776,0.12959288462615876,0.08998450853301446,0.06188938133628614
326,A8,0.35589617922277855,0.30337700424323755,0.08973007196418285,0.05902454257432683,0.19197220199547405
327,A1,0.2551267892098885,0.013844339482581,0.010233313564837513,0.026634897653515777,0.694160660089177
327,A2,0.501064009612419,0.055465405120019955,0.024981141872502204,0.0357959671180254,0.3826934762770335
327,A3,0.3928779119315851,0.024605270207973096,0.03320849713287488,0.06702387967515884,0.4822844410524082
327,A4,0.33932721117113146,0.016951163187683697,0.014240744521203804,0.0142962853393468,0.6151845957806343
327,A5,0.13296021280125908,0.7271176437961113,0.05416596435183356,0.04343049519735691,0.04232568385343931
327,A6,0.18644669554473908,0.02230238684474403,0.025629536976296316,0.048353966115899163,0.7172674145183213
327,A7,0.1534562557620976,0.5662823624027841,0.1285686877551829,0.08934783093022504,0.062344863149710446
327,A8,0.35288669830134145,0.30430775132235777,0.08950195538604436,0.06003275708786285,0.19327083790239363
328,A1,0.2551700005567897,0.014151346906770008,0.010157909269458105,0.02624589937904053,0.6942748438879417
328,A2,0.49997828891732615,0.055846926137748346,0.02504396045499393,0.03574984755278408,0.3833809769371475
328,A3,0.3901444620504329,0.02441714064334872,0.033295297842847425,0.06664719266818751,0.4854959067951833
328,A4,0.3367819833485661,0.01709710599887643,0.01395228774108063,0.01414985167360578,0.6180187712378707
328,A5,0.1326523246961048,0.7301497495367387,0.05344527620046891,0.04202168045788254,0.041730969108804764
328,A6,0.18725801357565033,0.022178513831543484,0.0258249993372597,0.047946268789884484,0.7167922044656622
328,A7,0.15279015184469635,0.5656267938606004,0.13085771956018266,0.08929519293091831,0.061430141803602095
328,A8,0.35212704708923104,0.3040981661765013,0.09086824209314016,0.059278051969326125,0.19362849267180152
329,A1,0.2520727526386282,0.01407439971269818,0.01027676465906923,0.02670374608779884,0.6968723369018054
329,A2,0.49626841672184474,0.0556189655120454,0.02512798137305601,0.035978273119795325,0.38700636327325866
329,A3,0.39129075911229816,0.023669415891312308,0.03335371678961957,0.06609986568698067,0.48558624251978916
329,A4,0.3365328519831666,0.015508156720098372,0.014349721410506689,0.014343968081998488,0.6192653018042297
329,A5,0.13164506879904003,0.7306483297923585,0.053285011705772094,0.041971252850949076,0.04245033685188008
329,A6,0.19027372325602568,0.0223366965066676,0.02569167357270394,0.048422457638274116,0.7132754490263287
329,A7,0.1530671246496231,0.5658796255819438,0.12882277336151765,0.09013391662466497,0.06209655978225034
329,A8,0.3525066227631435,0.30585560668376305,0.09087431555263183,0.05889361594794208,0.19186983905251942
330,A1,0.2551110156269264,0.013488592469238652,0.010064310806157967,0.026860358900720853,0.6944757221969561
330,A2,0.4974276460541122,0.05574690579706565,0.02520228476538911,0.03618838202867288,0.38543478135476006
330,A3,0.39065393343360355,0.02466549779461936,0.033469678477353215,0.06553258367211943,0.4856783066223044
330,A4,0.3358459682379167,0.017202155180042752,0.014384586998022943,0.01420877650757036,0.6183585130764471
330,A5,0.13212414304414566,0.7305830995015968,0.05327928551421467,0.04195475570402829,0.04205871623601444
330,A6,0.1897538040374265,0.022115251638763673,0.02655253260632397,0.048927365490716704,0.7126510462267692
330,A7,0.1521479716313733,0.5644316245874931,0.13077117244061048,0.09133616083163856,0.06131307050888477
330,A8,0.3518096709329023,0.30264521739730116,0.09185962546196091,0.060882653893720225,0.19280283231411538
331,A1,0.25382326547668344,0.013773398509192309,0.009945471011580533,0.025833385404033897,0.6966244795985099
331,A2,0.5026097826710698,0.05525007963146596,0.02479394496961792,0.036197926868352624,0.38114826585949396
331,A3,0.39335948449530944,0.023343558943440357,0.03317848581964223,0.06618003836559642,0.48393843237601125
331,A4,0.3390093402627581,0.015999037287888016,0.014185031338645595,0.014363028276903484,0.6164435628338047
331,A5,0.13396380846522415,0.72756718387377,0.05350281776336501,0.04243455785523856,0.04253163204240236
331,A6,0.18996883952166366,0.02283076454011237,0.026012196425507124,0.04860381140249012,0.7125843881102267
331,A7,0.15349898703532913,0.566391293933712,0.12893569152607323,0.08985329534269379,0.06132073216219195
331,A8,0.3533105320979391,0.30442478779157284,0.08989816981201627,0.06097728832836761,0.19138922197010402
332,A1,0.25586859840083637,0.013888198434373658,0.009891176403180279,0.02688202670956504,0.6934700000520446
332,A2,0.4990915531282148,0.05553045273423852,0.025011377311992752,0.0357110208081981,0.38465559601735594
332,A3,0.39195732903526304,0.02430884997848697,0.033548830075828984,0.06628146553728066,0.4839035253731407
332,A4,0.33891997484207087,0.016755514451137724,0.014062300020573616,0.014358702694288702,0.6159035079919293
332,A5,0.1332817954495094,0.7278291481813206,0.05336321406775246,0.043211073344452185,0.04231476895696556
332,A6,0.18820286150952642,0.022724727197362078,0.025909886419359266,0.049047281285060085,0.7141152435886922
332,A7,0.15359397198157362,0.5673682945592585,0.1286330998543939,0.08929960310663886,0.061105030498135135
332,A8,0.35168883913741794,0.3049759585008432,0.09116935797869302,0.06002654653119833,0.1921392978518475
333,A1,0.25311648687482163,0.013714156534024925,0.009730144888176397,0.026194818310711125,0.6972443933922658
333,A2,0.5007204433514125,0.05548952252313131,0.02491679580879253,0.03609607474719289,0.3827771635694709
333,A3,0.3897435131677419,0.0228507626800901,0.03356415864146375,0.06639563976841462,0.48744592574228973
333,A4,0.3360741467452325,0.015325807754951053,0.014219477261073823,0.01447285516100516,0.6199077130777375
333,A5,0.13440450953634325,0.7266398780017468,0.05376244399327901,0.042621441102509726,0.042571727366121144
333,A6,0.1908880384505967,0.021779079062132476,0.026254248356350745,0.048282135126251825,0.7127964990046683
333,A7,0.15326220524902606,0.5664412396208317,0.12952607983306866,0.08990271268090148,0.06086776261617204
333,A8,0.35336606805198534,0.30553426428362,0.09050757030946219,0.06060726440670242,0.18998483294822985
334,A1,0.2530601072812904,0.013775941353940634,0.01013790438445095,0.026236760766477175,0.6967892862138407
334,A2,0.4985041923928118,0.0552233884146809,0.025571666654931647,0.035960966949926704,0.38473978558764893
334,A3,0.3923323556566495,0.02326915823051529,0.033111379970467085,0.06610842397399308,0.485178682168375
334,A4,0.3377628235870286,0.015576929461067486,0.014275547524081838,0.014305949169225759,0.6180787502585964
334,A5,0.13360367957052105,0.7266054194602561,0.05390077043208887,0.04361399979140381,0.04227613074573027
334,A6,0.18987149861635988,0.021961549317697407,0.025908402375560392,0.047884695703209385,0.7143738539871729
334,A7,0.1531990934733304,0.5639539032129866,0.13089809502156527,0.09055543890632323,0.061393469385794694
334,A8,0.3540373611813036,0.3054892971515695,0.09045974397271446,0.05879430497420972,0.1912192927202025
335,A1,0.25500831671518326,0.013751977686433884,0.010115518970077031,0.026523561166679664,0.6946006254616262
335,A2,0.4996840566141102,0.05541395723341777,0.02528822516503741,0.03628347076925875,0.3833302902181758
335,A3,0.39101583639520576,0.02483808019613879,0.03222032626544658,0.06663691374646064,0.4852888433967482
335,A4,0.3365791907682805,0.016750977950559725,0.014109561758697901,0.01451268868175551,0.6180475808407064
335,A5,0.13315213261780967,0.7262901379026895,0.05381506807434776,0.04370700667824958,0.04303565472690352
335,A6,0.1902452511660757,0.021887858404363445,0.026203952377211362,0.04906935218917537,0.7125935858631741
335,A7,0.15378166271023366,0.5662305073202171,0.127331790416803,0.09016302534702127,0.06249301420572498
335,A8,0.35143563120746196,0.3035828115388287,0.09071386172588367,0.06155906350252816,0.19270863202529745
336,A1,0.252475733087646,0.01373365478287553,0.010111276804958559,0.026104375726452262,0.6975749595980674
336,A2,0.4988257925498645,0.055541501500478194,0.024543790634312543,0.03634715811455745,0.38474175720078707
336,A3,0.3915923511440401,0.023881982268962508,0.032182388911198415,0.0658210953431896,0.4865221823326094
336,A4,0.33647664865816046,0.016195739093567165,0.014122365176125076,0.014198727700316199,0.619006519371831
336,A5,0.13345037877468863,0.7271388448392464,0.05278088746531671,0.043571273242740786,0.043058615678007735
336,A6,0.19111800133135354,0.022003132998160417,0.02624056769894123,0.04840153002438797,0.7122367679471567
336,A7,0.15274938965942675,0.5690538111313491,0.12671434965469824,0.0900301181969003,0.06145233135762561
336,A8,0.3533239524675723,0.3042761520652408,0.0903475543101582,0.06010858464086107,0.1919437565161677
337,A1,0.25331787272550726,0.013564396241191703,0.009641727004628503,0.026643800527884308,0.6968322035007883
337,A2,0.4979700230603455,0.05619132517861951,0.02510818065818869,0.035589787539683275,0.3851406835631631
337,A3,0.3904481038665681,0.023861203432625766,0.0329783131613629,0.06539413242839719,0.48731824711104577
337,A4,0.3354967229887617,0.016939796740129503,0.014123352174481888,0.013969313650361366,0.6194708144462656
337,A5,0.133206969814071,0.7281481994035622,0.053836812456985156,0.04257380723916701,0.0422342110862144
337,A6,0.1888725893562351,0.022295368528909128,0.02628051991099071,0.049658163323732435,0.7128933588801327
337,A7,0.15247233622771433,0.5639437543272935,0.1301606792336608,0.09170163972131909,0.061721590490012496
337,A8,0.35396001837869334,0.30271985512811483,0.09132044822176784,0.059837207373203465,0.19216247089822042
338,A1,0.2546858505144419,0.013874333259116441,0.010281148991766078,0.02626181049366913,0.6948968567410067
338,A2,0.49851351848987674,0.05481056679596867,0.02549324222923128,0.03574730983096073,0.3854353626539626
338,A3,0.3902285494563688,0.023814928455092543,0.032946082351983694,0.06624040320129194,0.4867700365352629
338,A4,0.3367740678573783,0.016121733322820152,0.01420485961114022,0.014312761423768769,0.6185865777848927
338,A5,0.13316171524838274,0.7283538973945213,0.05356138160345446,0.04235255056351569,0.042570455190126096
338,A6,0.1888474522655681,0.022272653729119872,0.025902166145062258,0.04855248326124982,0.714425244599
338,A7,0.1527653701796156,0.5656613305191787,0.13065080640357013,0.08930808080411982,0.061614412093515834
338,A8,0.3527090690245964,0.30416031443204494,0.09098308765869641,0.06009346585712299,0.19205406302753916
339,A1,0.2552943551906932,0.013497667945689781,0.010366546173030212,0.0264459068703373,0.6943955238202492
339,A2,0.4973412864541544,0.055008565544062,0.025414945585654762,0.036289294901209634,0.3859459075149192
339,A3,0.39297665286361627,0.02317028594714473,0.0333991058192859,0.06538685929487109,0.4850670960750819
339,A4,0.33860351085608303,0.015440849008289317,0.014229690654977204,0.01414131694953737,0.6175846325311131
339,A5,0.13164549461176311,0.7292311035947858,0.05420229297639865,0.04301310146890479,0.0419080073481478
339,A6,0.1894944605980742,0.02201646485153083,0.02544530525199702,0.04855444610484012,0.7144893231935581
339,A7,0.15396030892730925,0.5620426525178257,0.13075380712731455,0.0915088185880083,0.061734412839542195
339,A8,0.3548098544773542,0.3028957093505912,0.08949577797598854,0.05942730740356574,0.19337135079250048
340,A1,0.25167049321073265,0.01365546544955705,0.010219147801646749,0.026387789961185282,0.6980671035768783
340,A2,0.5002203055024309,0.055289761027555666,0.025296705582835973,0.03515790317758609,0.3840353247095914
340,A3,0.3878524284841601,0.025643559495829155,0.03317061487079981,0.06684012967174507,0.486493267477466
340,A4,0.3333215511406656,0.018501097695389233,0.013967269027274479,0.014378689335299214,0.6198313928013715
340,A5,0.13432301708203684,0.7256131812538869,0.05345592953724204,0.043745035809625216,0.04286283631720917
340,A6,0.19011498308016975,0.022270346575173298,0.02635341565402659,0.04834025992598759,0.7129209947646427
340,A7,0.15286580645003955,0.5630324283214923,0.13024935024366346,0.09270156043152226,0.06115085455328256
340,A8,0.3554924231046413,0.3019111068494719,0.09075756444965355,0.060872722888396916,0.1909661827078363
341,A1,0.2525232484244153,0.01407693180992019,0.010380041212345365,0.026408003844867044,0.6966117747084519
341,A2,0.49973919782534626,0.05542139467261621,0.024949030935795036,0.035570565973027796,0.3843198105932147
341,A3,0.3908940666429221,0.023703012952719444,0.03344575227885399,0.06635348057122264,0.4856036875542819
341,A4,0.33728707462590224,0.01642292995848483,0.014249358911261754,0.014248422482763274,0.6177922140215882
341,A5,0.1333272594696315,0.7283324819797183,0.05385506948934092,0.04172231638986835,0.04276287267144084
341,A6,0.19028669695070738,0.022117958492506546,0.025822261404437198,0.04764827188119123,0.7141248112711577
341,A7,0.15443412680225116,0.5637817822799426,0.12818437037073,0.09177657444538494,0.06182314610169128
341,A8,0.3530987260293107,0.30379801163595604,0.08986278997371053,0.05999911844489853,0.1932413539161244
342,A1,0.2556420405580244,0.013717395843984166,0.0101238794661067,0.02659178794461075,0.6939248961872738
342,A2,0.4996576292298402,0.05527135290573232,0.02498934619909484,0.03585267498298271,0.38422899668235017
342,A3,0.3920362738421762,0.022678347468188552,0.032995593123640164,0.06619240063011153,0.48609738493588334
342,A4,0.33809673723827943,0.015026671770841287,0.014282043171257235,0.014246212300584055,0.6183483355190381
342,A5,0.1329303907092887,0.7286925239496826,0.0526125206711911,0.04270294748060489,0.04306161718923254
342,A6,0.19092239071642536,0.022248484559619718,0.02557245679687075,0.04920894313879238,0.7120477247882918
342,A7,0.15331412848584633,0.5692029920530547,0.12663487322652595,0.08928593762220179,0.061562068612371124
342,A8,0.35451394929074764,0.3043419359722371,0.09042215010104086,0.05953783378322406,0.1911841308527504
343,A1,0.2552510005315848,0.013680538413203953,0.01007762957283487,0.026498285756237895,0.6944925457261383
343,A2,0.5020273137835994,0.05550098072175877,0.02507423115713764,0.036445919173441754,0.3809515551640622
343,A3,0.39116093908659655,0.023869322104929206,0.03320814371850079,0.06659728072085631,0.4851643143691172
343,A4,0.33734180982512657,0.016360035373494432,0.014154393855147438,0.014422044601273342,0.6177217163449584
343,A5,0.1347224236066943,0.726829927931147,0.05321697672095576,0.04261281393287111,0.042617857808331924
343,A6,0.18900121578688583,0.022078841977590444,0.025809165073293533,0.04875562549030238,0.7143551516719278
343,A7,0.15425403688320022,0.5672639323263229,0.1271923020197209,0.08976417216580646,0.06152555660494938
343,A8,0.3554397508972487,0.30172631801716154,0.09054481255559524,0.060368972903528044,0.1919201456264664
344,A1,0.25618203499335457,0.013945241100734782,0.009768919281580149,0.026476613925928143,0.6936271906984025
344,A2,0.4969246221114907,0.05520043422291052,0.025555607070949143,0.035687559211611077,0.3866317773830385
344,A3,0.39065949870771133,0.024014814945246397,0.03343112474500146,0.0664783571215601,0.4854162044804806
344,A4,0.33649535333491676,0.017020373070169324,0.014084747123995515,0.01404912937362942,0.618350397097289
344,A5,0.13193238989676506,0.7291160556919015,0.05323842674190672,0.04282629908947745,0.042886828579949354
344,A6,0.18905822714298676,0.022201632716525383,0.025954919010565992,0.048828043148627036,0.7139571779812948
344,A7,0.15378379278989443,0.5661605534181787,0.12778344757169835,0.09056608935699463,0.061706116863233726
344,A8,0.35204228367480683,0.30481114155406197,0.09117977311985678,0.05984013232016658,0.19212666933110784
345,A1,0.2527230560961687,0.01351524665469411,0.01030427409013885,0.026657355141292405,0.6968000680177058
345,A2,0.4990319032228859,0.05569264255716984,0.024610012749609247,0.03609448544566973,0.3845709560246654
345,A3,0.3889607680065783,0.02512749173707724,0.03273415011557335,0.06610789375292045,0.4870696963878507
345,A4,0.33376821875885815,0.017924580661627804,0.014051010057536298,0.014228030512324671,0.6200281600096531
345,A5,0.13126590303770794,0.7311127875191252,0.05348450022262337,0.04183924933855982,0.04229755988198392
345,A6,0.18817861362275348,0.02230458865643592,0.025990659707486412,0.04890341626471169,0.7146227217486124
345,A7,0.15375547068332404,0.5670701210713774,0.12729406700146612,0.09052697754251626,0.061353363701316
345,A8,0.35490252301593733,0.30373539256233717,0.09032621417705658,0.05875422010539448,0.19228165013927437
346,A1,0.25197277892830633,0.013733437220570749,0.010311219069729014,0.026387197919517855,0.6975953668618762
346,A2,0.49636823413325815,0.05585382671020214,0.025111469095368228,0.03592413415129498,0.3867423359098765
346,A3,0.39129093964982614,0.022237054479496653,0.03338019855295258,0.06627294452798821,0.48681886278973624
346,A4,0.33774504323785043,0.01479247327772796,0.014254136742860767,0.014218891443469996,0.6189894552980907
346,A5,0.1331550654573474,0.7273389023478481,0.05388816023003241,0.04270940080715862,0.04290847115761313
346,A6,0.18678184303744652,0.02181416211848986,0.026660403967252985,0.04807903072288169,0.7166645601539289
346,A7,0.1518678299823905,0.5673977630656826,0.12857090097868848,0.0907351902053595,0.06142831576787911
346,A8,0.3544149935446885,0.30371050724938325,0.08906117257616994,0.05982090868392942,0.19299241794582872
347,A1,0.2538176572091186,0.013834790137772397,0.00979811856831596,0.026119553788055062,0.6964298802967378
347,A2,0.49595101055162727,0.05547571983926757,0.02556222935892025,0.03610848513315337,0.3869025551170316
347,A3,0.39300565987730696,0.02357548923511492,0.03329794076524058,0.06630730404985576,0.4838136060724821
347,A4,0.3398237823849216,0.01482946400852865,0.014277214142690703,0.01434829345012377,0.6167212460137352
347,A5,0.1328629631239024,0.7273345977767753,0.05390673832686779,0.042997602255426384,0.042898098517028124
347,A6,0.1891436694397438,0.021632123408206236,0.02631471531043908,0.048507575439671345,0.7144019164019397
347,A7,0.1540533349874025,0.5657945114117884,0.12895333739719417,0.08948741028562289,0.06171140591799201
347,A8,0.3523885463483311,0.3051334264301863,0.08971783920437784,0.05868586016904672,0.19407432784805803
348,A1,0.25482487221814465,0.013714806643402511,0.010058108556929185,0.02630101887912216,0.6951011937024014
348,A2,0.4984171881058683,0.05550749858740202,0.024955792878556794,0.036226292785378304,0.38489322764279454
348,A3,0.3911524838503811,0.02484622194973012,0.033236969008208855,0.06632475099201506,0.484439574199665
348,A4,0.3373353140615118,0.016760620025605123,0.014306586162976085,0.014222995586985941,0.617374484162921
348,A5,0.13324328303316801,0.7293641572318345,0.05320675281547174,0.04161507117703188,0.042570735742493857
348,A6,0.1901554375581873,0.022350868998869355,0.026003190541160022,0.0480886628415346,0.7134018400602486
348,A7,0.1538816688278295,0.5625950573694669,0.13107566477021904,0.09020674115519664,0.06224086787728787
348,A8,0.35130887527405286,0.3027768729566286,0.0919997929237446,0.060996153989664174,0.1929183048559099
349,A1,0.2538600063318948,0.014017887661936054,0.010164021683595204,0.026645778481723538,0.6953123058408504
349,A2,0.49740055972533265,0.05482331947675341,0.024928669327239073,0.036571598059173614,0.38627585341150117
349,A3,0.39225194259876733,0.02326310627233656,0.03329001355067742,0.06680901269548575,0.48438592488273297
349,A4,0.3379172015132379,0.015896719067668014,0.01418944025221919,0.014287757987368426,0.6177088811795065
349,A5,0.131822151462187,0.7280623055109274,0.052830950365134306,0.04426724391134261,0.04301734875040838
349,A6,0.19013782772092008,0.02194616330373532,0.02584383702428347,0.0473766620453041,0.7146955099057568
349,A7,0.15424348866741627,0.5681211630227955,0.12779096673969867,0.08843669616701441,0.06140768540307511
349,A8,0.353975233332262,0.3049703398564866,0.09056875217028015,0.059239003419347215,0.19124667122162403
350,A1,0.25327451784773414,0.013763842865671796,0.010074252384571018,0.026369722174309846,0.6965176647277133
350,A2,0.497541240670358,0.05496843807852568,0.025649275618516796,0.036080301929824296,0.3857607437027753
350,A3,0.38923041587515816,0.02449093844696646,0.032524785974275584,0.06629907220877776,0.4874547874948219
350,A4,0.33406538994906204,0.016839487962031493,0.014110254087303743,0.014256088707328996,0.6207287792942738
350,A5,0.13200882896450294,0.7284929632184268,0.05312847359313644,0.0438697947874908,0.04249993943644281
350,A6,0.1890930657766737,0.022288615106176995,0.025251230092554394,0.04829380460606597,0.7150732844185287
350,A7,0.15257940852634416,0.5666019571063512,0.13049850883834577,0.08927235412713526,0.061047771401823665
350,A8,0.35234809699217,0.3042718993111739,0.09034562977390498,0.06057496212339019,0.19245941179936085
351,A1,0.25407462907749917,0.013271773947135714,0.010262993164224951,0.026014511276156695,0.6963760925349834
351,A2,0.49887976390033184,0.05574025830137386,0.024945265653605293,0.036342452983919256,0.3840922591607698
351,A3,0.39297297815954657,0.022462856339716387,0.03314178347764359,0.06618916737160359,0.4852332146514896
351,A4,0.33746640656614046,0.015143781447497293,0.014230945977855776,0.014347752863626988,0.6188111131448796
351,A5,0.1329875875353738,0.727473446452059,0.05378195340083195,0.04264940365062098,0.04310760896111444
351,A6,0.190967643888068,0.021559341412841975,0.025849089465637933,0.048221203999185926,0.7134027212342661
351,A7,0.15372660903461693,0.5642549207885386,0.12877229024367312,0.09136185124636473,0.061884328686806836
351,A8,0.35217860112696064,0.30447673037510165,0.0905452830486212,0.059808952161019266,0.19299043328829735
352,A1,0.25555439191669577,0.014068585343578945,0.010162013753586717,0.02609930264484343,0.694115706341295
352,A2,0.5000145481775592,0.054999034771874004,0.025272670336426283,0.03554817588159602,0.38416557083254443
352,A3,0.3917468686306351,0.02477060986920166,0.033630597640326235,0.06570236282287528,0.4841495610369618
352,A4,0.3380321652651243,0.01719642666341898,0.013964056869888984,0.014453700094817487,0.6163536511067503
352,A5,0.1330862246777929,0.7281069572795302,0.05342085897118316,0.043065870065888384,0.04232008900560509
352,A6,0.18879954332591947,0.0214193453892069,0.025689234641237298,0.048494005583261966,0.7155978710603745
352,A7,0.15507145821967888,0.5625432648095665,0.13093850514289299,0.0891340993482901,0.06231267247957136
352,A8,0.35339377622855817,0.3049742891924709,0.0898330623409382,0.060109402551818736,0.19168946968621417
353,A1,0.25410436723323854,0.013389912026087428,0.010299537924332212,0.026784081141425428,0.6954221016749165
353,A2,0.4986547416813023,0.05525495036392492,0.02538779204139498,0.03641231145342373,0.384290204459954
353,A3,0.39152503659802124,0.02261397234362765,0.033283647197347846,0.06558383722670556,0.4869935066342976
353,A4,0.33607298342745856,0.014924142028805364,0.013979655059044577,0.014255459646429184,0.6207677598382623
353,A5,0.1339180956498799,0.724886695085324,0.05437270427384143,0.04266268989304707,0.044159815097907396
353,A6,0.1877218798055877,0.021876737010075052,0.026159185025986187,0.047971346473014126,0.7162708516853368
353,A7,0.1533512813490226,0.5650555756848051,0.12861009600663023,0.09187307742029426,0.061109969539247584
353,A8,0.35407844617332485,0.3038058613097466,0.0894310115330431,0.06018616728624432,0.19249851369764107
354,A1,0.2533974835943424,0.013958036900834775,0.009774819535186557,0.02644310299280543,0.6964265569768309
354,A2,0.49570069473794803,0.05547799327766208,0.02537878027261087,0.03588069343955706,0.38756183827222185
354,A3,0.39050037770569057,0.02336703451246111,0.032602276869577125,0.06543534973324984,0.4880949611790212
354,A4,0.3367531656966522,0.015445027819643848,0.014062803025140352,0.014114329929080278,0.6196246735294834
354,A5,0.13323923785385186,0.7269324890082606,0.05326640641475746,0.043707659728829486,0.042854206994300446
354,A6,0.19090636299196323,0.022000502768580593,0.025778314637209726,0.04832364961778905,0.7129911699844576
354,A7,0.15222773071671591,0.568683170673522,0.1278215068574876,0.08968124168788155,0.061586350064392975
354,A8,0.3503576276652746,0.30698330387230754,0.08999577695271897,0.05967092894247717,0.19299236256722152
355,A1,0.25454780897297447,0.01390386450277931,0.010299140872495399,0.026826117983402314,0.6944230676683487
355,A2,0.49810061497766334,0.05556900272267291,0.0256195103936707,0.03611034804406221,0.384600523861931
355,A3,0.3914475403008933,0.025715815823455904,0.03280479318224325,0.06658223846622448,0.4834496122271833
355,A4,0.3373254742858971,0.018705547106943072,0.0142289724994167,0.014582593486563255,0.6151574126211801
355,A5,0.132742453545788,0.726551948359499,0.053019165702412774,0.0442572849143042,0.04342914747799617
355,A6,0.19007448202673685,0.02219354398538327,0.025769298552028284,0.048126322558093994,0.7138363528777575
355,A7,0.15394274406037017,0.5636280793709911,0.12971673304105913,0.09131385098197815,0.061398592545601524
355,A8,0.3571395497009156,0.30262531771810763,0.0890270396940358,0.05827446822427258,0.1929336246626684
356,A1,0.2530325136253219,0.013905312875621577,0.009893359807912958,0.02603638868532265,0.6971324250058211
356,A2,0.4970443561569093,0.054760259794455875,0.025152056683063674,0.035870693423279885,0.3871726339422912
356,A3,0.39231471843818405,0.023728343275998008,0.033044801305057804,0.06597631834685345,0.4849358186339066
356,A4,0.3390997415306759,0.015736145303216806,0.014244724520048694,0.014283880415105877,0.6166355082309527
356,A5,0.1318249120199364,0.7287455326851088,0.05307718026325457,0.043411451413194226,0.04294092361850582
356,A6,0.19065031271724453,0.02220179671524344,0.02640498865958621,0.04825352059764488,0.7124893813102811
356,A7,0.1520861753802653,0.5669533243727051,0.1302295102624594,0.0906811371768084,0.06004985280776179
356,A8,0.3526923032821358,0.3059527488239407,0.09273270352075107,0.05857878185253682,0.19004346252063556
357,A1,0.2552104441613023,0.013508711975440003,0.009735528144777846,0.02655993970278552,0.6949853760156944
357,A2,0.4985195471507683,0.055017313349450946,0.02456492173835089,0.03628658699929961,0.3856116307621305
357,A3,0.390815031306015,0.02546526322643084,0.03288810846746703,0.06648656247627167,0.48434503452381555
357,A4,0.3360990416186289,0.018435962628550576,0.014039202281912556,0.014028808511860785,0.6173969849590472
357,A5,0.13380692254083532,0.7261385372984209,0.05331889843942914,0.04274178254771082,0.043993859173603864
357,A6,0.18969674984264126,0.02192632525241353,0.025900245666004837,0.04899215334219645,0.7134845258967439
357,A7,0.154120917198972,0.5646112597117503,0.1301867650543022,0.08934543580462255,0.061735622230353
357,A8,0.35437255937462564,0.30340967567918603,0.09106556834524535,0.06031460002916927,0.19083759657177385
358,A1,0.25502273795438507,0.013774360961819217,0.009990251392957892,0.02672870000644302,0.6944839496843949
358,A2,0.49858459247487735,0.05606370930583514,0.025454766622523675,0.03594113389125178,0.38395579770551197
358,A3,0.3918163583986103,0.02320390892608784,0.03328899552581501,0.06689577201570118,0.4847949651337859
358,A4,0.3380988543140492,0.015867808192536102,0.014277616246336455,0.01453750216418406,0.6172182190828943
358,A5,0.13225051953672556,0.7291550840189812,0.05381566544520107,0.0428498230224828,0.04192890797660944
358,A6,0.18959957015437628,0.022012947305995213,0.025761291436279744,0.04807354681785414,0.7145526442854947
358,A7,0.15232847562188873,0.5678373908229459,0.12684369249229022,0.09068569585087882,0.062304745211996436
358,A8,0.353001591180799,0.30407525133519414,0.09003300410973318,0.059713053605258186,0.19317709976901534
359,A1,0.2571578515735997,0.013597139700611556,0.009856263883859578,0.02664229088694876,0.6927464539549802
359,A2,0.5008669182845639,0.0549393010581931,0.024649905858228315,0.03609877458356936,0.3834451002154455
359,A3,0.39161233867435036,0.024682531596056215,0.032509846988527734,0.06655594319659035,0.4846393395444754
359,A4,0.338910946110428,0.01669835387036085,0.014182982679099228,0.014212035590589735,0.6159956817495224
359,A5,0.13225900277330976,0.7272627187021762,0.05404396353438816,0.043353332611448796,0.04308098237867716
359,A6,0.1887325692302663,0.022095351395020148,0.026220142616729388,0.047906042669506384,0.7150458940884776
359,A7,0.15445355476462178,0.5601709610895083,0.13119696593345748,0.09165511768377689,0.0625234005286355
359,A8,0.35444617461770883,0.30243075656801693,0.09108336472391106,0.059606545043058824,0.19243315904730413
360,A1,0.2556715167209594,0.013947516949464495,0.009657477075963788,0.02642352327256765,0.6942999659810447
360,A2,0.4997803748674622,0.055229993108259205,0.025198324858328652,0.035826131932801215,0.3839651752331487
360,A3,0.39308833283438877,0.022982110934380257,0.03307594333817908,0.06694340924365984,0.48391020364939197
360,A4,0.33928249783887726,0.015225640847444289,0.014152308292110144,0.014785475442469822,0.6165540775790983
360,A5,0.13214129371462716,0.7297957936238885,0.05286692557402305,0.04320151608031843,0.04199447100714289
360,A6,0.18899890621052953,0.021921645182109702,0.025944933751052432,0.048185566109838304,0.71494894874647
360,A7,0.15330093951069948,0.5658172751153427,0.1275845647949699,0.0907536733173632,0.06254354726162452
360,A8,0.35261152464484125,0.3049297060982992,0.09012648211930663,0.05926841635844235,0.19306387077911036
361,A1,0.25202828113432146,0.01414883910731517,0.010310685435833064,0.02627402192206975,0.6972381724004607
361,A2,0.4985838629864122,0.05552706671289685,0.024836877370176428,0.03579678817522813,0.38525540475528625
361,A3,0.39036693586529253,0.023504829335243352,0.03301399355636232,0.06555114801589826,0.48756309322720365
361,A4,0.33642096176215613,0.01500644359938321,0.014516704691070439,0.014302077085673442,0.6197538128617168
361,A5,0.13403012122034097,0.7252302310158226,0.05447572455332224,0.04335130412612126,0.042912619084392874
361,A6,0.18733395172895514,0.021723721835984835,0.025898401816055627,0.048158533665761886,0.7168853909532423
361,A7,0.1531229636565389,0.5650717596309699,0.1294287583986743,0.08941442376396273,0.06296209454985424
361,A8,0.35244459213491003,0.30164862785002927,0.08959268933894132,0.06009941077957596,0.19621467989654343
362,A1,0.2549535151255141,0.014344510191034004,0.009837030284844839,0.026641123630953806,0.6942238207676532
362,A2,0.49989348529026634,0.05617474466363039,0.02493199789747457,0.03553440217179344,0.3834653699768354
362,A3,0.39205601512349264,0.023148006346196084,0.03270518556413834,0.06688269040033398,0.4852081025658389
362,A4,0.33780972753732097,0.016097066234823175,0.014083484905716663,0.014498537604862837,0.6175111837172763
362,A5,0.13244250817624376,0.7280830164997358,0.053929890697644256,0.0430549690465269,0.04248961557984954
362,A6,0.19004804813626902,0.02153050752669479,0.025442422350162905,0.04844946388320427,0.7145295581036689
362,A7,0.15520088646910893,0.5672858163209409,0.12473310872205651,0.09091198469672473,0.06186820379116877
362,A8,0.35228208861111976,0.3041119736347897,0.09009977775086236,0.0609662187899332,0.19253994121329515
363,A1,0.25294855741040173,0.013771857270757951,0.009789408268305006,0.02638559905091588,0.6971045779996193
363,A2,0.49772174370530475,0.05586352185105891,0.025774477379481693,0.036161182768702255,0.38447907429545236
363,A3,0.39026361008410415,0.023271331432724814,0.0334858421261652,0.06639013342384249,0.4865890829331635
363,A4,0.33510042136441703,0.015835336301387944,0.014122376429576209,0.014546850137775342,0.6203950157668435
363,A5,0.13330322393391558,0.7266578416862497,0.05317474455757029,0.04344607075156799,0.04341811907069654
363,A6,0.19057269425677412,0.02276101461422893,0.025837058779491523,0.04940267557950338,0.7114265567700022
363,A7,0.15433913254707315,0.5635065370103196,0.13016258519174323,0.09068163871506521,0.061310106535798936
363,A8,0.35493291929580567,0.30469980303684496,0.09015733303137557,0.05925813592144299,0.19095180871453077
364,A1,0.25416282618863556,0.013452124863344047,0.009745374662013468,0.026263322381793124,0.6963763519042135
364,A2,0.4990461437362128,0.05551933830490872,0.02501587650550887,0.03596013563709874,0.38445850581627095
364,A3,0.39233156147791304,0.023878117917458554,0.032848498869678264,0.06567745688523148,0.4852643648497188
364,A4,0.3386828808328421,0.01657127159981428,0.014336365428582288,0.014134338132836896,0.6162751440059243
364,A5,0.13459296529542183,0.7256516192230408,0.05363587791346787,0.04308148022715724,0.04303805734091225
364,A6,0.19014802951973492,0.0224279101146864,0.02626941148388575,0.048885629275118934,0.712269019606574
364,A7,0.15245038630003874,0.5666576709817737,0.12875215841468296,0.09045151321043014,0.06168827109307453
364,A8,0.3527628117531182,0.30322996009157543,0.0907673639618136,0.06019367175383464,0.19304619243965823
365,A1,0.2543145631192291,0.013651058693721288,0.009888299899314291,0.026294095495898177,0.6958519827918372
365,A2,0.49735090988932323,0.05543211312987373,0.025462795017433853,0.03552027004129375,0.3862339119220754
365,A3,0.3904709117330909,0.02391921626323415,0.032175814974836216,0.06609923277422289,0.4873348242546159
365,A4,0.3356684056378069,0.015601306692052836,0.014368309783094295,0.01427788669965597,0.6200840911873899
365,A5,0.1317720292782963,0.7283196607097908,0.054068570856223554,0.04298081754689043,0.042858921608798756
365,A6,0.1875282876771282,0.022104752172253786,0.025639965783518175,0.04846969059589987,0.7162573037711998
365,A7,0.15262334503545005,0.5632271577828245,0.1294738752084093,0.09225691931919361,0.06241870265412254
365,A8,0.35466053243726436,0.30122285461308507,0.09007010795957476,0.060580055392063695,0.19346644959801204
366,A1,0.25525745728230065,0.01361815359863517,0.010493433483795679,0.026105245360363055,0.6945257102749055
366,A2,0.5001367099850641,0.0555470071068312,0.02440603755423685,0.03538479963791163,0.38452544571595626
366,A3,0.39167614398459333,0.023984764848154788,0.0328199892596755,0.06640232031802683,0.4851167815895496
366,A4,0.33747580998048715,0.01671853385695933,0.0140105946886061,0.014296631950582362,0.6174984295233653
366,A5,0.13366849054250018,0.725412075395233,0.05434438711316718,0.04267881898569156,0.04389622796340799
366,A6,0.18985351854610777,0.022085667884128586,0.02568689041041637,0.047720737595851756,0.7146531855634954
366,A7,0.15055036249609288,0.5664677493686899,0.1302981792052063,0.09083464135986188,0.061849067570149026
366,A8,0.35136353709171175,0.30346291005747333,0.09122795571762213,0.0603508960747266,0.19359470105846624
367,A1,0.25595262142043745,0.013509924479784188,0.009881503941651121,0.026822583367091115,0.6938333667910364
367,A2,0.49811275543008515,0.05566948802723041,0.025426816824772686,0.036063610282888466,0.38472732943502325
367,A3,0.38824210588507896,0.025672241944843743,0.03352081987687321,0.06571052474887212,0.4868543075443319
367,A4,0.3333311034539009,0.018193381963815494,0.014235473775219764,0.014255628527414176,0.6199844122796498
367,A5,0.1332424720441501,0.7270801311770441,0.05297166330564434,0.043687799250284876,0.04301793422287669
367,A6,0.18858379447666518,0.02168773395225452,0.0260712227534872,0.04732180179367033,0.7163354470239225
367,A7,0.15245175155027366,0.5677501769425546,0.12863697574606528,0.08994321928669911,0.06121787647440727
367,A8,0.3523566355312619,0.3042600123632739,0.09123588251065959,0.059971518452423676,0.19217595114238062
368,A1,0.254256347005704,0.013278004014899111,0.010124485657169523,0.026387587475115375,0.6959535758471121
368,A2,0.4974711356161362,0.05504327912008531,0.02500013604413002,0.03601842313274191,0.38646702608690653
368,A3,0.38836885903027046,0.025530360273031964,0.03376713709269144,0.06624226636868155,0.4860913772353244
368,A4,0.3346621268155001,0.01765310913676074,0.014090255229778064,0.014501795473394384,0.619092713344567
368,A5,0.1330209944616839,0.7261646059209823,0.05373407330207315,0.04370023948021439,0.04338008683504624
368,A6,0.1892581834326274,0.02248061191842126,0.025389725875163,0.04804545998699556,0.7148260187867929
368,A7,0.1532478761178503,0.565780595235544,0.12751796032822127,0.09135384965140206,0.0620997186669824
368,A8,0.35525402486217644,0.30282944107014315,0.08994848477520892,0.05982310970386531,0.19214493958860623
369,A1,0.2528029998518223,0.013830376793479171,0.010127058859554412,0.02621825498800591,0.697021309507138
369,A2,0.49611582574399316,0.05598307119901643,0.025212553951200277,0.03619395379031716,0.386494595315473
369,A3,0.39035195399755684,0.021782391275983325,0.03348436922674535,0.06641791856727787,0.48796336693243664
369,A4,0.3365935634172386,0.013564350174237717,0.014157644164859241,0.01436669103319451,0.62131775121047
369,A5,0.13194000364665562,0.7293118681696793,0.05378819764010496,0.04234606514964483,0.042613865393915186
369,A6,0.18875154385957515,0.022756384351398727,0.025429977185284024,0.04820987853446653,0.7148522160692758
369,A7,0.15323653597801698,0.5662081175644186,0.12829304787091173,0.09115976686156776,0.06110253172508469
369,A8,0.35348760554601355,0.3028604502778517,0.09054261116794911,0.06047942013398545,0.19262991287420028
370,A1,0.25298814984376766,0.014170861170164757,0.009974684174871523,0.025943168304425654,0.6969231365067705
370,A2,0.498229075766737,0.055093278060151636,0.025138648068693044,0.03616775710919493,0.38537124099522335
370,A3,0.38791685519983293,0.024734334162457093,0.03313683663443748,0.06598820117300226,0.48822377283027024
370,A4,0.33307862610857225,0.017406522921317957,0.014214592955037613,0.014399767460541665,0.6209004905545304
370,A5,0.13346411701824218,0.7263945928847974,0.0542858501156898,0.042481567469443385,0.04337387251182705
370,A6,0.18826567482159057,0.02208683653201688,0.026048741936308416,0.04796716608333026,0.7156315806267538
370,A7,0.15469807979120206,0.5638322427158856,0.12936531502279303,0.09064234798709588,0.061462014483023394
370,A8,0.3541582911218817,0.3000231648842472,0.09166346492386199,0.060976153215900206,0.19317892585410865
371,A1,0.2513296827283561,0.013827688152142917,0.009868688569626041,0.026112491869642162,0.6988614486802329
371,A2,0.500218911768763,0.054715897508024164,0.025514423255127185,0.03526364922634821,0.38428711824173745
371,A3,0.39288186541534964,0.022802843958775555,0.03328939054967691,0.06603474948268645,0.4849911505935115
371,A4,0.33956841034714014,0.015018640912204267,0.014337540066153774,0.014223514971712047,0.6168518937027897
371,A5,0.13375729742531778,0.7278067667310649,0.05257275857697123,0.04281868010112531,0.043044497165520605
371,A6,0.1902283622092111,0.022075032563222914,0.0258311728361362,0.048322473628680536,0.7135429587627491
371,A7,0.15373798983872616,0.564455373264669,0.13004356311862703,0.08948252741289246,0.06228054636508522
371,A8,0.3515436746125653,0.30456776223163196,0.09035932803308955,0.06010191144943974,0.19342732367327353
372,A1,0.2551099254744998,0.013415262890719967,0.010083871128411812,0.025814591012672142,0.6955763494936962
372,A2,0.4979505763949956,0.05526509030304951,0.025161054843663044,0.035984963115064016,0.38563831534322796
372,A3,0.39230608043286125,0.024157410842733262,0.03326124892344224,0.0665710569083508,0.48370420289261273
372,A4,0.3373360562946492,0.01678454858144428,0.014339529510654678,0.014550284398937349,0.6169895812143146
372,A5,0.13406179190040649,0.7261825175073031,0.053701732666663296,0.04318286789842131,0.04287109002720571
372,A6,0.18974391389939205,0.022143798285976245,0.026466806414632265,0.048441307436660884,0.7132041739633387
372,A7,0.15518186677272341,0.5639384554015426,0.12990511394822496,0.09001192013398358,0.06096264374352551
372,A8,0.3541650125424108,0.30227198632362273,0.09104487021514664,0.06130795467605643,0.1912101762427631
373,A1,0.25447680260280126,0.013729171985717117,0.0100207665944366,0.026469342965684553,0.6953039158513605
373,A2,0.49644065273280447,0.05583414490256437,0.02553900632624734,0.03601156578135595,0.3861746302570278
373,A3,0.39023986944638694,0.021990900596931515,0.032514507520998874,0.06716922344044399,0.4880854989952387
373,A4,0.33515440241666333,0.014151153876776835,0.014149914051560675,0.014309050741852717,0.6222354789131463
373,A5,0.13142231436082893,0.7288814404878686,0.05389164681813393,0.04257011314389851,0.04323448518926998
373,A6,0.19067087687691364,0.021781453379047418,0.02648622068696618,0.048524458152388886,0.712536990904684
373,A7,0.1540312539758705,0.5627359181893848,0.13019461668782364,0.09178431730431887,0.061253893842602124
373,A8,0.3518540378683109,0.3045781495666909,0.09082168416075587,0.06183939105267797,0.19090673735156446
374,A1,0.2511947204607052,0.014118763601232083,0.010442153766571927,0.026349686197958962,0.6978946759735317
374,A2,0.4986495684834323,0.05565299339180618,0.024669362236249045,0.0359230318380004,0.38510504405051194
374,A3,0.3912233750636465,0.024025473115161636,0.03349069583715727,0.06585265620345516,0.4854077997805796
374,A4,0.3370259372550055,0.0170414445040003,0.014266657720406906,0.014217093216813496,0.6174488673037739
374,A5,0.13367321836434296,0.7273514595304055,0.05232960573535572,0.0436008895934418,0.04304482677645417
374,A6,0.19010349552011277,0.022373805545939575,0.02595888947199492,0.048383758819001574,0.7131800506429511
374,A7,0.15305366829114403,0.5654188022397256,0.13031700935195584,0.08988253279075392,0.061327987326420697
374,A8,0.35562674403416594,0.3032367284431686,0.0909720454118637,0.05824691510535242,0.19191756700544935
375,A1,0.2526243618545877,0.013877238437305138,0.010120713895194271,0.026358318903147944,0.6970193669097648
375,A2,0.5007810405440634,0.05472326461912305,0.02504938848727705,0.03590332835214429,0.3835429779973923
375,A3,0.39204962964616635,0.023316581031497998,0.032678335950925744,0.0665865184983378,0.48536893487307203
375,A4,0.3362913940557457,0.01587231834879492,0.014098856894766748,0.014573922253775656,0.6191635084469169
375,A5,0.13295021839282237,0.7273623844987102,0.05393111535733728,0.04309968466214289,0.04265659708898714
375,A6,0.18764366450848757,0.02235247004703853,0.0257173501557687,0.048255305212169884,0.7160312100765354
375,A7,0.15266933169234004,0.5687427821931438,0.12681086921915258,0.09025362056534914,0.061523396330014635
375,A8,0.3533675817024923,0.30236471264044196,0.09093352204633293,0.059451407571360984,0.19388277603937204
376,A1,0.2542498833986399,0.013941681506156859,0.010277928448413139,0.02650626254851674,0.6950242440982735
376,A2,0.49564183950149493,0.05569028451571477,0.0253978889646315,0.036331240723915484,0.38693874629424335
376,A3,0.39187186137579433,0.025698874045258096,0.03249659614240769,0.0657929830311678,0.48413968540537217
376,A4,0.33713955353550656,0.017780900183090236,0.013999912321668239,0.014253806387399927,0.616825827572335
376,A5,0.1350297600242443,0.7252013123942734,0.05311627953993186,0.04273836495531349,0.04391428308623677
376,A6,0.18761249690317808,0.02163417254311738,0.02607023991024536,0.04898471791890261,0.7156983727245565
376,A7,0.15279008982117143,0.565773777347053,0.1295205720978911,0.09016788533980183,0.06174767539408262
376,A8,0.3547073628843113,0.30343668591551476,0.08904115283797152,0.06012856463922743,0.19268623372297491
377,A1,0.2518063780750658,0.013805108978821354,0.01006361072202526,0.026136615885046448,0.6981882863390412
377,A2,0.4987346014910198,0.05481522354012562,0.02486584600492331,0.035568259622628884,0.38601606934130245
377,A3,0.389948043411383,0.023442445293700435,0.03255265717655173,0.06629932194737868,0.4877575321709862
377,A4,0.3347488647921191,0.015848973885830488,0.014237907417426945,0.014435160977733211,0.62072909292689
377,A5,0.13317065830998664,0.7274774696741924,0.054105068968792296,0.0420756782581753,0.04317112478885329
377,A6,0.18886028586540698,0.022457048887998446,0.025754816602517546,0.047987095730243096,0.7149407529138341
377,A7,0.15256866681451714,0.5668557137227683,0.1285801644376227,0.08968077474042203,0.062314680284669674
377,A8,0.35445594951957743,0.3048833150336987,0.09072344703750967,0.057739209831107106,0.1921980785781069
378,A1,0.25215417999204776,0.014081914470041883,0.009492352504336997,0.02624951407691785,0.6980220389566555
378,A2,0.5028345768883842,0.055282861487410295,0.02486271539287375,0.035504376313555464,0.38151546991777624
378,A3,0.39117156330789776,0.023838176742304627,0.03277018985159424,0.0662277121677899,0.48599235793041345
378,A4,0.33664749184001475,0.015342653011108438,0.014038765076215891,0.014076219595139307,0.6198948704775217
378,A5,0.13573013626267066,0.724326489251035,0.05368074096811776,0.043366293919086064,0.042896339599090574
378,A6,0.18898322432714965,0.02197406282088867,0.025647527442481752,0.04826845384047293,0.7151267315690069
378,A7,0.15316571666202647,0.5653952496059362,0.128212024324803,0.09091818354821182,0.06230882585902246
378,A8,0.3531709443546818,0.30365484988710734,0.08998119257354913,0.05994498034015469,0.19324803284450712
379,A1,0.25223551731929933,0.01394379365620644,0.010261879622124572,0.026280887467077282,0.6972779219352927
379,A2,0.49910926086235297,0.0551529254924272,0.024997299779139955,0.03559337612578915,0.38514713774029075
379,A3,0.3918772092083967,0.02345940500744415,0.03300297053971144,0.06603576846739256,0.485624646777055
379,A4,0.33756915001430576,0.015967451304354084,0.0143798977118111,0.014187053761957827,0.6178964472075712
379,A5,0.1336497736331004,0.728392422128427,0.05322752203323577,0.041734767305019876,0.042995514900216886
379,A6,0.19077101184301679,0.022280026202335816,0.025854628004706982,0.04774239827112496,0.7133519356788154
379,A7,0.15485522983434594,0.5672439494468676,0.12663629162111778,0.0893699514045805,0.06189457769308815
379,A8,0.35472858451703704,0.30403152496709673,0.09075005772017641,0.05887038237062947,0.19161945042506043
380,A1,0.25440892158464645,0.014201603858641252,0.010034349931377855,0.026639865329771473,0.6947152592955629
380,A2,0.49721692826955133,0.05541155661078,0.025217358252209797,0.0357460570572194,0.3864080998102396
380,A3,0.39022439237918616,0.02406369491624041,0.03247110728046319,0.06593347097713685,0.48730733444697355
380,A4,0.3351680314199807,0.016290481892168036,0.014092214516327008,0.014342111110116757,0.6201071610614076
380,A5,0.13351804095724157,0.7258575596336317,0.05343914961591055,0.04369969646442722,0.043485553328788916
380,A6,0.18842699818726627,0.021854110084613635,0.02548327412805883,0.04861264484873242,0.7156229727513288
380,A7,0.15263527378756167,0.5684664871495952,0.12846297146994198,0.08912056869240965,0.06131469890049161
380,A8,0.3545762592749358,0.30410458783775307,0.08939333899033085,0.05993151786407085,0.1919942960329092
381,A1,0.25219490160984803,0.013855626023899038,0.00991059008150456,0.026404488437125437,0.6976343938476227
381,A2,0.4984461862894765,0.05530241960350031,0.025080122128352658,0.0356933127147489,0.38547795926392164
381,A3,0.3922149783071779,0.02207329333652692,0.03247232322277873,0.0660597212566827,0.4871796838768337
381,A4,0.33684273294705575,0.014914608788486924,0.014168024154189897,0.014151058860799662,0.6199235752494678
381,A5,0.1331656687145242,0.7259515825234183,0.053729550980595786,0.04383746593189553,0.04331573184956624
381,A6,0.18854800979399297,0.02230875296078759,0.02654377478707369,0.04823953228520575,0.7143599301729401
381,A7,0.15387583686805503,0.5632980197799532,0.13078028928756555,0.09109512593018898,0.060950728134237346
381,A8,0.3533870477950967,0.3025413441647766,0.09086701698408374,0.05983788253542038,0.1933667085206226
382,A1,0.2555292983129971,0.013759800840669531,0.010150926816295302,0.0264382595960239,0.694121714434014
382,A2,0.4979624773106447,0.056011225460367395,0.02526322644631878,0.03627668541403726,0.384486385368632
382,A3,0.3904292539467981,0.025975331742991454,0.032979484139910274,0.06583211443088657,0.48478381573941365
382,A4,0.33629715596068693,0.018541857426128846,0.01400743288766688,0.014322782542904235,0.616830771182613
382,A5,0.13188865746303416,0.7299507316079236,0.05333759545962887,0.04249629624760835,0.04232671922180497
382,A6,0.18929587730034592,0.021637824588721866,0.02609411851008667,0.048593152915548,0.7143790266852976
382,A7,0.152800730172727,0.5650369131355052,0.13016662167253898,0.09016883680450172,0.061826898214727165
382,A8,0.35445647169514716,0.3024510984931874,0.09039304187189263,0.06042924327729312,0.19227014466247946
383,A1,0.25507167291526706,0.014004239126034653,0.01007114608153282,0.026527848071694452,0.694325093805471
383,A2,0.49835334753550187,0.055187980800173266,0.025165008280922437,0.03603751462738612,0.3852561487560162
383,A3,0.3923128712822026,0.02369672489884042,0.03264758923987693,0.06598822730522208,0.48535458727385794
383,A4,0.3385083808303107,0.015275878402079258,0.01401113931878323,0.014480736573124748,0.6177238648757021
383,A5,0.1316115921557722,0.7305156408049476,0.05325888552584218,0.042470394263022286,0.042143487250415786
383,A6,0.18892072981752084,0.0224563183216145,0.025869605128382333,0.04872228466253928,0.714031062069943
383,A7,0.1521903012224949,0.5710830895792807,0.12713545618728536,0.08854216607134277,0.06104898693959607
383,A8,0.35152629725608264,0.30519997172260466,0.09037947142771607,0.05945556887803554,0.19343869071556102
384,A1,0.25311050364376975,0.014176278253704324,0.009930114239738608,0.026458981967733407,0.6963241218950538
384,A2,0.49834594994663073,0.055503307908535277,0.025347107226233432,0.03606625789139406,0.38473737702720645
384,A3,0.38913694139719757,0.02466942948913783,0.032815112385699015,0.06586470566613954,0.48751381106182595
384,A4,0.33445894729869186,0.017294777315692712,0.014137133848052558,0.014132537307103465,0.6199766042304595
384,A5,0.13290386447421695,0.7273032678608048,0.05353636671878287,0.04260789059288521,0.0436486103533105
384,A6,0.19022173385238397,0.021972152999780642,0.0265792826931613,0.04822974442426573,0.7129970860304085
384,A7,0.1546592480830656,0.5642279330503027,0.1301899241708749,0.08964086477403173,0.0612820299217251
384,A8,0.35265081471933557,0.30420470723545795,0.09089962607034663,0.05919867022073368,0.19304618175412624
385,A1,0.25479702033629037,0.013703852871110287,0.01031077980755035,0.026639749009724857,0.6945485979753241
385,A2,0.4962331745595066,0.056482968089464715,0.025306115919934605,0.03634316642607434,0.3856345750050195
385,A3,0.3913726408714997,0.025088098682836818,0.032708852529337265,0.0662439183181813,0.484586489598145
385,A4,0.33785333116859745,0.0171827803260233,0.01392326359829452,0.014292419740227541,0.6167482051668572
385,A5,0.13339338069471468,0.7264346073772293,0.054347669450496135,0.042304437295704184,0.04351990518185573
385,A6,0.19020190055809433,0.021670086474799996,0.02623480825124425,0.04904907405558603,0.7128441306602753
385,A7,0.1529922391106727,0.565050393993254,0.13085312492667886,0.09003877285837435,0.061065469111020045
385,A8,0.3540407786374385,0.3034342736893551,0.0916494223287091,0.06001886029346158,0.1908566650510356
386,A1,0.25277174632193306,0.013759950613878748,0.009924862136097405,0.026143829899336835,0.6973996110287538
386,A2,0.49687510721333045,0.05596443645231218,0.025273851332829732,0.035434295901764994,0.3864523090997626
386,A3,0.39235329780857664,0.02493268949741979,0.03299661928772679,0.06539523564988346,0.48432215775639337
386,A4,0.33855717617417014,0.016440286648634207,0.014075942519131959,0.01431604948038284,0.6166105451776811
386,A5,0.13121472807767484,0.7283072151281819,0.05357935434798306,0.04306122774385874,0.0438374747023015
386,A6,0.1883735419939705,0.021811959641466486,0.026352350354544536,0.048704743551333265,0.7147574044586852
386,A7,0.15291749718249134,0.5668567327492148,0.12952176629932777,0.08946882252817301,0.06123518124079307
386,A8,0.35517290310148747,0.30135079288355876,0.09031211921635951,0.06032192701324696,0.19284225778534736
387,A1,0.2532207151365995,0.013932808738334267,0.009945157264266152,0.026770614780861398,0.6961307040799387
387,A2,0.49705193224233024,0.05557974974146091,0.025077373775349923,0.03570837741438964,0.3865825668264692
387,A3,0.3879998792340306,0.02561545636169978,0.03317336169637727,0.06628943174672623,0.48692187096116607
387,A4,0.3331909685760731,0.018350327865468342,0.014084759224147985,0.014386139618727853,0.6199878047155827
387,A5,0.13181883876276618,0.7280925150595571,0.05389197702313313,0.042408735372996435,0.043787933781547154
387,A6,0.18937179289785908,0.022049668692787457,0.02575172432740459,0.04859719122121122,0.7142296228607374
387,A7,0.15297467983909807,0.569300714687216,0.12682430742568943,0.08986117268832947,0.06103912535966707
387,A8,0.35233116263550246,0.3061716960671498,0.09058212698480317,0.05984656607275716,0.19106844823978753
388,A1,0.25267722342774945,0.013642248954180192,0.010209500356783476,0.026399032395995288,0.6970719948652916
388,A2,0.4999853917652948,0.0550861613613333,0.025391762624692255,0.03582609988251004,0.3837105843661696
388,A3,0.3914170811750517,0.023940918292845843,0.032843210243538264,0.06601762823904997,0.48578116204951427
388,A4,0.3372337052855348,0.016476625020059327,0.014055497345644156,0.01383750446063044,0.6183966678881312
388,A5,0.13293984455593913,0.7272604795937667,0.05439890142455686,0.042252575756145966,0.04314819866959124
388,A6,0.18978223106576103,0.022600884667154604,0.026326153518144907,0.048146472039197315,0.7131442587097421
388,A7,0.15264006615648942,0.5665340476052785,0.1284159174045503,0.09013395219308339,0.06227601664059858
388,A8,0.35019610264122486,0.3043550536983042,0.09197311400474145,0.059045575194715705,0.19443015446101378
389,A1,0.25402407451850073,0.013864909834189577,0.010280962627954679,0.026080774134005925,0.6957492788853491
389,A2,0.5012811292179897,0.055837006923698126,0.025057991369165856,0.035233383450554066,0.38259048903859216
389,A3,0.39096226797416916,0.02482260636740916,0.033227414115130395,0.06504585732527127,0.4859418542180201
389,A4,0.3363811085772731,0.01730246046665089,0.014047516629637456,0.013783853673929194,0.618485060652509
389,A5,0.13335879920424232,0.7280997871954976,0.05291296821974066,0.04281692782655246,0.04281151755396679
389,A6,0.18917443826931507,0.022311384129002833,0.026033164425129113,0.04839555442429247,0.7140854587522606
389,A7,0.15406950822928397,0.5644939937367648,0.13017041769293206,0.08943013469302838,0.061835945647990734
389,A8,0.35313880123601205,0.30227726027777113,0.08958922726576173,0.06081341664816375,0.19418129457229125
390,A1,0.2534020248052801,0.013335077473001642,0.009850129369033983,0.026546623571028983,0.6968661447816551
390,A2,0.5006973862034181,0.05506318239326361,0.025405402182232015,0.03506762671004124,0.3837664025110451
390,A3,0.3898387987838494,0.022018917600691863,0.03377892908543793,0.06609740232963178,0.488265952200389
390,A4,0.336151210974537,0.014662393191979019,0.014470938323729983,0.014349172587439311,0.6203662849223146
390,A5,0.13293190428891544,0.7277669530654454,0.052590866099948105,0.04313295542132008,0.04357732112437123
390,A6,0.18833908558695664,0.021819534091878905,0.025486556650723413,0.04882099751820624,0.7155338261522347
390,A7,0.15255737659078566,0.5639276153378575,0.1295442207954242,0.09152389738040304,0.062446889895529455
390,A8,0.3535312609125967,0.30362403195943155,0.0901645071596526,0.059261761592099456,0.19341843837621972
391,A1,0.25471844336937194,0.013800129581166493,0.010103855642168591,0.026323094631240652,0.6950544767760524
391,A2,0.49844585825352683,0.05596816678631147,0.024640793025252378,0.0356144025380083,0.38533077939690097
391,A3,0.3912570103475018,0.02318140011671327,0.032851019128296105,0.0654266762979356,0.48728389410955336
391,A4,0.3368940299834845,0.015883157417118553,0.014254190288584654,0.014265416522446804,0.6187032057883656
391,A5,0.13132900903047912,0.7288581319690738,0.053532236738970604,0.04323646213138331,0.04304416013009312
391,A6,0.19009551918870796,0.02198504993595579,0.025977943650933928,0.048008514314261896,0.7139329729101404
391,A7,0.1543188926287788,0.566512050983659,0.12842882477720033,0.08942301259085815,0.061317219019503766
391,A8,0.3544851950799588,0.3037715368556942,0.09085529568190163,0.05924180543479327,0.19164616694765216
392,A1,0.25316590766343705,0.01362639483021514,0.010293733964109939,0.02662612066181683,0.696287842880421
392,A2,0.4989244591535181,0.05635285064021887,0.02527296242045573,0.03558264796330152,0.38386707982250573
392,A3,0.38913424589545204,0.024858047774065903,0.033018779680993406,0.06691895014032793,0.4860699765091607
392,A4,0.3341586635756818,0.017967500716333632,0.014424396802744507,0.014186404103259042,0.619263034801981
392,A5,0.1330531034636799,0.7271869561717254,0.05375647792925839,0.042583272863931994,0.043420189571404255
392,A6,0.1924762679523541,0.022078074864579557,0.025471038479389134,0.048798022267811776,0.7111765964358655
392,A7,0.1532983137177355,0.5649934735609946,0.12953122605117937,0.09032878190611861,0.06184820476397195
392,A8,0.35400625316793294,0.3052837808887096,0.08950197112628636,0.05965416517934609,0.1915538296377251
393,A1,0.2549651780967111,0.01352851037843375,0.010399555167460564,0.026485736301599817,0.694621020055795
393,A2,0.4984280878922475,0.05408814542049476,0.024827373694350993,0.035581581061742945,0.38707481193116383
393,A3,0.39122873310242334,0.02389439116055518,0.03268876733214121,0.06605253970436595,0.48613556870051433
393,A4,0.33551207599682004,0.01659243515663702,0.014420547497246425,0.01422093380016496,0.6192540075491316
393,A5,0.13175806683614386,0.7277301951219326,0.053408378383672406,0.04325341238821348,0.04384994727003755
393,A6,0.18847686280796982,0.02160170890921961,0.02585858206091454,0.0486543628675418,0.7154084833543543
393,A7,0.15351065274909748,0.5655610422943579,0.12886173311071858,0.0904376326937053,0.06162893915212062
393,A8,0.3530592032200467,0.30406741326555786,0.08988021526939062,0.06008131097281619,0.19291185727218874
394,A1,0.2532854283782264,0.013683108722224007,0.009922076744861673,0.02628251761170813,0.6968268685429799
394,A2,0.5025081355096385,0.05487641774642234,0.025287783894505787,0.03538075247511621,0.3819469103743172
394,A3,0.3934929189832436,0.022619940969789847,0.03281146591938929,0.06623091679702166,0.48484475733055565
394,A4,0.3397499835325475,0.014328230905851268,0.014311300612903005,0.014212996922790726,0.6173974880259074
394,A5,0.13237485130214438,0.7285984245546503,0.05444678231475359,0.04231360362961407,0.04226633819883753
394,A6,0.19046335820984056,0.0219683895757614,0.026638641507061744,0.0478942989440797,0.7130353117632566
394,A7,0.15313324510747472,0.5631602809268667,0.13061798053989787,0.09122644995439717,0.06186204347136358
394,A8,0.35292293456091284,0.3041623062384198,0.09101412875371327,0.05924103148775761,0.19265959895919654
395,A1,0.2525728194111883,0.013888540358018866,0.009844250225278772,0.026743558185451453,0.6969508318200626
395,A2,0.49774285743708735,0.05612356900075217,0.025153576916993565,0.036341107506283256,0.3846388891388836
395,A3,0.3906905605950248,0.024531591418048462,0.03226525888225204,0.06678712464696152,0.48572546445771314
395,A4,0.3358627787285617,0.01727793838493854,0.014194417854591938,0.01427511937721257,0.6183897456546954
395,A5,0.13231729786370738,0.729889690823476,0.052901085264449074,0.04223699359632319,0.04265493245204445
395,A6,0.18951025533375476,0.02285994608916012,0.0261100505974069,0.0486301033537559,0.7128896446259224
395,A7,0.15290268536522747,0.5644628125397007,0.13066845492223797,0.09053368093803811,0.06143236623479564
395,A8,0.3532495351374553,0.3047980651359601,0.08977560013642186,0.05932534625290051,0.19285145333726217
396,A1,0.25411767439055954,0.013608191800631811,0.010343966918760638,0.025841616870058103,0.6960885500199899
396,A2,0.4983844191246465,0.055436100667337576,0.02534716597150984,0.036077743051187654,0.3847545711853184
396,A3,0.3895576156926892,0.02380090336226991,0.0329630018957715,0.06592403765423123,0.4877544413950381
396,A4,0.3349212253116203,0.01570515943911032,0.01420484570609039,0.014422978007935143,0.6207457915352439
396,A5,0.13265058805493896,0.7294458832159617,0.0529768873847877,0.04294094298969493,0.04198569835461675
396,A6,0.18984747651396183,0.022106422953887143,0.025944594238846024,0.049288840118654816,0.7128126661746502
396,A7,0.15322105581176917,0.5651899795962311,0.12980013995402812,0.08978517966395949,0.06200364497401199
396,A8,0.3541937820865429,0.30481322481120926,0.09034641602296874,0.058792704081661235,0.19185387299761783
397,A1,0.2561849406432163,0.013654146466615778,0.010317269796174183,0.026412376381007515,0.6934312667129865
397,A2,0.498849340229823,0.05539618760009932,0.024933833289277646,0.035464883930780684,0.3853557549500192
397,A3,0.3911781312980816,0.02432015636820775,0.03278411834261277,0.06645084371986752,0.4852667502712301
397,A4,0.3383643282169495,0.016516488636880673,0.014161325722894825,0.01432266130689815,0.6166351961163767
397,A5,0.13377204794590863,0.7250850209249459,0.05432798555245163,0.04354514166581918,0.0432698039108745
397,A6,0.18961863986434274,0.02268740914274821,0.026182751878689674,0.04840832755478436,0.7131028715594352
397,A7,0.15273434161992552,0.5646594569549441,0.1316646848401166,0.08921610951462719,0.06172540707038658
397,A8,0.3515332538919083,0.3061869105709751,0.09119243985938164,0.059554826342629305,0.19153256933510573
398,A1,0.2546312874700831,0.01405919994374769,0.010134217662854729,0.026164551045146586,0.695010743878168
398,A2,0.500389556206356,0.055923584186785065,0.02543430658638257,0.03596265473472698,0.3822898982857491
398,A3,0.3921159859880158,0.025610330319830493,0.03274701691741158,0.06664977034170019,0.48287689643304177
398,A4,0.3381246950744944,0.017915945777435736,0.013958304491369755,0.014521119218158945,0.6154799354385411
398,A5,0.13424171878975055,0.724453094530716,0.0549694808878508,0.04367676663523788,0.0426589391564446
398,A6,0.1883825792324697,0.02163812418486734,0.02556761607170091,0.047959542478086536,0.7164521380328757
398,A7,0.15478080854174028,0.5630741548347448,0.12949389641449596,0.09035888195771177,0.062292258251307284
398,A8,0.3546482108392767,0.302790820258366,0.08883959649686234,0.060429681576698355,0.19329169082879663
399,A1,0.25285679595826926,0.013643331560899665,0.010136887875069014,0.025916403600549073,0.6974465810052131
399,A2,0.49884672998155083,0.055882235171042544,0.025391812479805025,0.036286936920582165,0.3835922854470195
399,A3,0.3916756062152641,0.021921346624904997,0.033303906714662004,0.06644759959535082,0.4866515408498179
399,A4,0.3379390176027533,0.014625697733851873,0.014223266915766782,0.014281789515385406,0.6189302282322425
399,A5,0.13328480210561294,0.7276038222446235,0.05375908029716347,0.04246837148589731,0.0428839238667028
399,A6,0.19000864172686224,0.021733658363867262,0.02566777825470953,0.049048377337605295,0.7135415443169558
399,A7,0.15395802062466182,0.5625213739667853,0.12992580388565056,0.09069920638090244,0.06289559514199997
399,A8,0.3538829033808848,0.3031790344589187,0.08979478955494792,0.059039173219777995,0.19410409938547038
400,A1,0.25358284720166846,0.014027998066656708,0.00998134471288521,0.02636700541199202,0.6960408046067977
400,A2,0.49680956667764775,0.05596916818572833,0.025544274481308978,0.03618240296532875,0.38549458768998646
400,A3,0.39373192311740174,0.023267195401409736,0.033154879397261916,0.06596079822465097,0.4838852038592756
400,A4,0.3400411950590981,0.015159248331214504,0.014172737918599125,0.01438009138540274,0.6162467273056859
400,A5,0.13184533669932752,0.7296030974345347,0.05421723266181944,0.042233772713876565,0.042100560490441974
400,A6,0.19089419793028123,0.022604559427142467,0.026665687151896232,0.04808795821680711,0.7117475972738729
400,A7,0.15190111470109108,0.5667094339124812,0.1303583378519618,0.08989273540719331,0.06113837812727273
400,A8,0.3545706996963053,0.3029847709213174,0.09083605476506526,0.05959030922724825,0.19201816539006364
401,A1,0.252323399848509,0.013587806174184579,0.010337951658310855,0.026543424656710956,0.6972074176622847
401,A2,0.49756980567760484,0.05525638533884467,0.02519425977557478,0.03597491804457204,0.3860046311634036
401,A3,0.3899846094043449,0.02469645598252337,0.03275594703277033,0.06591092151141636,0.48665206606894523
401,A4,0.3360566823456121,0.016992652367817173,0.013981045994321687,0.014034795775364869,0.6189348235168842
401,A5,0.13210192154741102,0.7293334359416578,0.05283569412848725,0.04303911583516971,0.04268983254727442
401,A6,0.18831345207995517,0.02204938679459814,0.026535842558458703,0.04893988715253175,0.714161431414456
401,A7,0.1540829889451121,0.5670721791072845,0.12777274408735897,0.08937218792791513,0.0616998999323293
401,A8,0.35329267001061815,0.3049758908738914,0.09000231263359082,0.060433219292649394,0.1912959071892502
402,A1,0.2539996407513098,0.013633628832989799,0.010633679607309878,0.026444600171309434,0.695288450637081
402,A2,0.5014281814709518,0.055166771773631294,0.02540616959433646,0.03562059616799488,0.3823782809930855
402,A3,0.39187468861815655,0.023116816343956792,0.03286285637440354,0.06635848822649801,0.4857871504369851
402,A4,0.3377012506889009,0.01546062881058604,0.014341280769483803,0.0142415642364612,0.6182552754945679
402,A5,0.13308254371673178,0.7281217697161247,0.05372749800912069,0.04220412388186429,0.042864064676158595
402,A6,0.19143220488659685,0.022090036531066136,0.026005382758650893,0.04876548249903406,0.7117068933246521
402,A7,0.15131513546231817,0.5688023618519369,0.12859857450658557,0.08996558181297111,0.06131834636618831
402,A8,0.3535679059012208,0.3030091842207122,0.09039394234636368,0.059921212281294316,0.19310775525040913
403,A1,0.2550969830401941,0.01351706564410693,0.010068806254178128,0.026619657339255528,0.6946974877222655
403,A2,0.49911967955279896,0.05602483635592189,0.025337596622337005,0.035785059310581416,0.38373282815836063
403,A3,0.3900030466063468,0.025722647418804437,0.03257489154235226,0.06612307532678899,0.4855763391057075
403,A4,0.33487912742558235,0.01901980105081445,0.013993299053552144,0.014295054878838132,0.6178127175912129
403,A5,0.13348530944625506,0.7275150438528168,0.053655786784266794,0.04280761337721132,0.042536246539449825
403,A6,0.18989812251687976,0.021302945440879795,0.025617688569329146,0.049019445728776104,0.7141617977441354
403,A7,0.15481514002143543,0.5643596294897144,0.12887332708287572,0.09025945117147958,0.06169245223449493
403,A8,0.353515163583566,0.30437634733252455,0.09039527828256311,0.06037762805313313,0.19133558274821322
404,A1,0.25414359489704075,0.01389058175357652,0.00967680022920234,0.026486509045131047,0.6958025140750496
404,A2,0.502760874081923,0.055092465589537544,0.0249009261016833,0.03601158804652867,0.3812341461803274
404,A3,0.3930056574743074,0.02416695759028807,0.03186603294086399,0.06614555003218625,0.4848158019623544
404,A4,0.33810285904217846,0.016593950104304655,0.013937173435341187,0.014260398421217775,0.6171056189969579
404,A5,0.13236069115993193,0.7285653420621269,0.053477221775786954,0.04279936833628545,0.04279737666586907
404,A6,0.19025940186975157,0.022335995090931655,0.026211406263920288,0.04825468032443369,0.7129385164509627
404,A7,0.152720929210999,0.5674163567961539,0.12856678131978755,0.0901307910113942,0.06116514166166531
404,A8,0.35585877187513865,0.30252713854573066,0.09108841041348659,0.058928542889425325,0.1915971362762191
405,A1,0.2533774037646668,0.013866339457792054,0.010255431390576258,0.02646006340440039,0.6960407619825643
405,A2,0.5029022668327079,0.05460313723840108,0.02465088302108908,0.03578136961104159,0.3820623432967604
405,A3,0.39160477926154724,0.022569235557556144,0.032782768987332046,0.066418921638647,0.48662429455491757
405,A4,0.3376394927787107,0.014678626152707916,0.014082589179418615,0.014267074755203817,0.6193322171339589
405,A5,0.1316776474265277,0.7280647719484098,0.05360164475774133,0.0446105559932046,0.04204537987411627
405,A6,0.18944124364659576,0.022060548412935078,0.02647178595486342,0.04842423420689468,0.7136021877787111
405,A7,0.1524290848733759,0.5672951750879737,0.12988165326017956,0.08870957916974243,0.06168450760872856
405,A8,0.354709416987595,0.302338887462281,0.09012878637630463,0.05974352842920751,0.19307938074461187
406,A1,0.2537523970338882,0.014076685086555532,0.01014875542144564,0.026584207226767097,0.6954379552313438
406,A2,0.4999907202541944,0.054829393791648876,0.025107083390012854,0.035664498144156245,0.3844083044199876
406,A3,0.39084421625017457,0.024506894733205376,0.03271581387851265,0.06533199088210462,0.4866010842560026
406,A4,0.33649069525297665,0.016424653573806455,0.01402753982045579,0.01392429923257506,0.6191328121201859
406,A5,0.13304574858989565,0.7255566186066,0.05389927848091723,0.04362833478474481,0.043870019537842184
406,A6,0.18905042723227283,0.022607262653780196,0.02655546472445483,0.04879537187060901,0.7129914735188831
406,A7,0.15342339507043778,0.5642736755497363,0.1302757221580129,0.09079564602470308,0.06123156119711007
406,A8,0.3525245269254489,0.3050190363598602,0.09039176016785522,0.06012457468913436,0.19194010185770133
407,A1,0.25191658944366113,0.013888756404080257,0.010449447148451642,0.026313314162364924,0.6974318928414419
407,A2,0.4989844199851473,0.05547544961903247,0.02544189900874347,0.03569998486672434,0.3843982465203524
407,A3,0.39175259829072845,0.024705451393433407,0.03286352879726622,0.06614525203574821,0.48453316948282377
407,A4,0.3379263580842952,0.01604718806958771,0.014096269710610636,0.01465007250381446,0.6172801116316918
407,A5,0.13490594300944783,0.7271092810266586,0.05308062739701204,0.04259572695680354,0.04230842161007804
407,A6,0.18996248638839608,0.021429404463190537,0.026217922894419588,0.04842262827731829,0.7139675579766757
407,A7,0.15458806073419915,0.5662973897140531,0.12699531383593082,0.0904635406478609,0.06165569506795627
407,A8,0.35417571653050234,0.30457147484088165,0.09043993362882886,0.05882657210349373,0.19198630289629337
408,A1,0.25425559441612755,0.013553876821304534,0.009807138243401806,0.026611233830689744,0.6957721566884764
408,A2,0.4991363784690341,0.056705641400422675,0.0254083387253898,0.03636450286180328,0.38238513854335027
408,A3,0.39157310819080227,0.025604385452571942,0.0322958097487391,0.06635740066587661,0.48416929594200997
408,A4,0.33719866046641234,0.01842841242504066,0.013773780256746113,0.014314032635212979,0.6162851142165875
408,A5,0.13224522571426833,0.7288018660154316,0.054020810314060703,0.042772162170493774,0.04215993578574549
408,A6,0.18914602586401383,0.021942879571458254,0.025544936223576984,0.0485314497762584,0.7148347085646926
408,A7,0.15443414809233288,0.5650965578214387,0.13006924861938587,0.08922106178905176,0.06117898367779079
408,A8,0.35167397966619973,0.304923620444009,0.09118383101010488,0.0606889021434813,0.1915296667362051
409,A1,0.2510832797743166,0.01363854492845627,0.01009127754631946,0.026277544679650638,0.698909353071257
409,A2,0.4986351005059568,0.055503642145492096,0.02503671574511432,0.03597870513327041,0.3848458364701664
409,A3,0.38861400773929017,0.025090798402670353,0.03336850733332053,0.06656125896003856,0.4863654275646805
409,A4,0.33421571555512636,0.018154592061407453,0.013885428372345758,0.014485525749811282,0.6192587382613093
409,A5,0.13176475392697648,0.7300206040473344,0.05355424901712488,0.041825826694977,0.042834566313587216
409,A6,0.1891947395203114,0.02185900004613791,0.025517542739767134,0.04812356643726793,0.7153051512565156
409,A7,0.15433405547105536,0.5630758730240478,0.13187553548223996,0.08951465156145046,0.06119988446120662
409,A8,0.35348126390751244,0.3045852155747408,0.0903771976345544,0.0597255418444375,0.19183078103875503
410,A1,0.2561006858039664,0.013604460166359803,0.009921093324532924,0.026624807737631786,0.693748952967509
410,A2,0.4976651271561425,0.05554174421623556,0.025191906446814658,0.03541365859263302,0.3861875635881744
410,A3,0.39199553687473165,0.024170302867835697,0.03249256169272269,0.06602817850561839,0.4853134200590916
410,A4,0.3373784194357615,0.016361754978165163,0.014166515324327595,0.014098171382884345,0.6179951388788614
410,A5,0.1328875713900351,0.7286481690744869,0.05328746345650828,0.042104474958501704,0.043072321120468
410,A6,0.1898196081511114,0.021883374208506525,0.026008205395323496,0.04897678847054382,0.7133120237745147
410,A7,0.15246922541454794,0.568486655723076,0.12835505308004336,0.0894553300933635,0.06123373568896916
410,A8,0.3536724038206595,0.3025698407233631,0.09076030477862758,0.059944133437870625,0.19305331723947916
411,A1,0.2545356608347675,0.014034220555113287,0.010341800675909476,0.02659867008894753,0.6944896478452621
411,A2,0.4982533932931854,0.05499042299287551,0.025098127262112104,0.035536335407231855,0.3861217210445951
411,A3,0.3918630940939738,0.023814834351234486,0.03267059677492528,0.06635630726407128,0.48529516751579516
411,A4,0.3375210143202104,0.01651556766958259,0.014139497220850939,0.014209671062527733,0.6176142497268282
411,A5,0.13301670291539766,0.7263779200597165,0.05427661330074095,0.04309303945750129,0.04323572426664345
411,A6,0.18927521831639077,0.02168425391727257,0.02583917948812503,0.04826169717375435,0.7149396511044573
411,A7,0.15288498853277005,0.564552509189662,0.12987586254000438,0.09049715368768592,0.06218948604987744
411,A8,0.3540598373966491,0.30542567482128624,0.08994621947881723,0.0586460944089884,0.191922173894259
412,A1,0.25537880859079065,0.014396404801267722,0.00993241199673266,0.02641031892112774,0.6938820556900811
412,A2,0.49875099037558596,0.055805007648641,0.025406002799294097,0.03597611477656322,0.38406188439991573
412,A3,0.39246608190892596,0.02464047345783179,0.03284904544284148,0.06598312872423943,0.48406127046616143
412,A4,0.33845931458186657,0.015715750866663297,0.013975820335558508,0.014047559792200359,0.6178015544237113
412,A5,0.13297185626867766,0.7273727451281289,0.053751399835959175,0.042618075091608705,0.043285923675625684
412,A6,0.18935595232960356,0.02218923547241709,0.02615290807803849,0.048596949295094186,0.7137049548248466
412,A7,0.15307506532473036,0.564255644439329,0.1309290265593795,0.08994759940177215,0.06179266427478913
412,A8,0.3520321614129368,0.3044843112088699,0.09114239288565858,0.05995753210079793,0.1923836023917367
413,A1,0.25509064848496704,0.013994684089975212,0.010226866231691192,0.02681344093748523,0.6938743602558813
413,A2,0.4976003508289396,0.05502516467180211,0.024901866216940648,0.03540501506617399,0.38706760321614353
413,A3,0.39123271761378975,0.023405111263473253,0.03336619372272671,0.06589671423341487,0.4860992631665955
413,A4,0.33791122498806675,0.014692085747293287,0.014095284636388596,0.014246866808465711,0.6190545378197858
413,A5,0.13123165753124705,0.7290867384176749,0.05320123680068921,0.043224103186800374,0.04325626406358849
413,A6,0.18799134755900027,0.02206227071650291,0.025632650683762317,0.04796812548218116,0.7163456055585532
413,A7,0.15315689397475335,0.5667533500183841,0.12682601675880117,0.09114614690987229,0.06211759233818916
413,A8,0.35149803401503454,0.3056922430243814,0.08980817523554525,0.059178752601164536,0.19382279512387435
414,A1,0.25193734066262896,0.013810228841882157,0.009746439020748572,0.026496487774921317,0.6980095036998188
414,A2,0.49746950113185595,0.05619654517810173,0.024680628564056895,0.03551130922835015,0.38614201589763525
414,A3,0.3925773856419663,0.022155965003164458,0.03224771960333269,0.06709118213635973,0.4859277476151768
414,A4,0.3384756361984941,0.01449135330784489,0.013926216361137235,0.01451329278680883,0.6185935013457148
414,A5,0.1335822545491723,0.7261881362303715,0.05404972255675054,0.042604117857646596,0.04357576880605936
414,A6,0.188535106080268,0.022573848983104765,0.02605593581640758,0.04794150983960974,0.71489359928061
414,A7,0.15315253798602374,0.5635619972085356,0.12918699089882368,0.09163234508010021,0.06246612882651675
414,A8,0.3516444300469314,0.30423406264520625,0.0914968001672937,0.06046344729725912,0.19216125984330945
415,A1,0.2539832142107239,0.013896689243406986,0.01036167723206265,0.026518010210490148,0.6952404091033164
415,A2,0.4969241292615707,0.05560209411992882,0.025365117339269695,0.036196752411837,0.38591190686739396
415,A3,0.38945035822041624,0.026246950520279002,0.03243828869592293,0.06634132603010078,0.4855230765332812
415,A4,0.3351994844691092,0.019084220713379754,0.013922442277457672,0.014470076686856284,0.6173237758531971
415,A5,0.13260095396159197,0.7295096531859716,0.05286890218891638,0.04177900252660578,0.04324148813691403
415,A6,0.18950045709528807,0.022571233228857155,0.025679110955181637,0.04840795783355997,0.7138412408871133
415,A7,0.1546425352574625,0.5648555157882114,0.12750158774643103,0.09045807056389374,0.06254229064400116
415,A8,0.3510127738542301,0.3061038820169301,0.090283748203752,0.06007913750001732,0.1925204584250705
416,A1,0.2523085698040227,0.013969067919315866,0.009886293673088034,0.026216799842006096,0.6976192687615673
416,A2,0.49873114103209343,0.05586899610459707,0.02559775611920292,0.035549273701185415,0.38425283304292135
416,A3,0.38925390884994593,0.026652863980956495,0.0334128618130892,0.06648211782958435,0.484198247526424
416,A4,0.33419251933812505,0.020757639751084977,0.014110033750308162,0.014406694444040625,0.6165331127164412
416,A5,0.13342527633778384,0.7255278733114515,0.05424643475071714,0.043354787825106475,0.0434456277749411
416,A6,0.19167191730518107,0.022330456892989875,0.026273515339455118,0.047898357278762446,0.7118257531836116
416,A7,0.15365102154460483,0.5677940551429163,0.12779783728715877,0.0894025763305191,0.06135450969480089
416,A8,0.35482529002971014,0.3025382597085478,0.09006061120909156,0.05924543670758518,0.19333040234506524
417,A1,0.25271078091289256,0.013461448928873151,0.010218549375013606,0.026463908028113284,0.6971453127551074
417,A2,0.49932379362749996,0.054689754917996825,0.025384305864480688,0.035567360710483775,0.38503478487953885
417,A3,0.39160388363734144,0.02338729582305461,0.03290650004760971,0.06595492303289623,0.486147397459098
417,A4,0.3377270042572722,0.016132929415095427,0.014114306564621912,0.014453700425808222,0.6175720593372022
417,A5,0.13352352590423577,0.7257823607417816,0.05421824137147358,0.043278119493906086,0.04319775248860278
417,A6,0.18964856011161713,0.022406354695562715,0.026163655671749303,0.04767620799375372,0.7141052215273171
417,A7,0.1541985262957063,0.5636879751331043,0.1287999805521717,0.09227356453992261,0.061039953479094855
417,A8,0.354592588727656,0.30334233459229554,0.09008041966889865,0.06083898366750668,0.19114567334364313
418,A1,0.2544425832196863,0.013739536805835492,0.009953842405469437,0.02606604830700356,0.6957979892620052
418,A2,0.4995983374433383,0.05520520756606117,0.02525613068563602,0.03613569057940336,0.3838046337255612
418,A3,0.39072285774107596,0.024966911000370344,0.033119985777001607,0.06615132527546493,0.4850389202060871
418,A4,0.3363185168766157,0.017563165834763663,0.014200779852129303,0.014241202825076777,0.6176763346114144
418,A5,0.13309345422612293,0.727714239577659,0.05355881361867201,0.04291439891207738,0.04271909366546899
418,A6,0.18975767331547086,0.021588585660569558,0.026358444980824673,0.04865798791832228,0.7136373081248124
418,A7,0.15344329606849277,0.5661059885481518,0.1281732730499848,0.09014678793708839,0.0621306543962825
418,A8,0.3529667651621239,0.30381174944502426,0.08905059451713775,0.059122342201489785,0.19504854867422397
419,A1,0.2551121552760226,0.013955748356301647,0.010298361755732555,0.026150214687970588,0.6944835199239725
419,A2,0.5021093214289083,0.054822392270353355,0.025171334438401936,0.03594173996398072,0.3819552118983557
419,A3,0.3909819343791129,0.023297314426808928,0.0324199973893786,0.06624354783733537,0.48705720596736424
419,A4,0.3370536031160011,0.015125525969444241,0.013894105432604532,0.014252866786663364,0.6196738986952869
419,A5,0.13323702879553595,0.7279545922832408,0.0537850187585321,0.0422019354885592,0.04282142467413204
419,A6,0.19018317538684312,0.021680605954205973,0.026173416349814495,0.04794894681005986,0.7140138554990764
419,A7,0.1534330043061569,0.5656983228878258,0.12973537497963752,0.08869813433255899,0.062435163493820785
419,A8,0.35425813389313887,0.30334235264557546,0.09038289265118693,0.05845151323790987,0.19356510757218875
420,A1,0.2532727783540611,0.01351126343660208,0.01006039423437513,0.026224674898814013,0.6969308890761476
420,A2,0.49800558773197157,0.05486289451586252,0.02560636282647599,0.035834344377009233,0.3856908105486807
420,A3,0.39167047518119713,0.023812533200046018,0.03288012949002169,0.06644931744884311,0.4851875446798919
420,A4,0.3373899544629114,0.01572384785049802,0.014424490366016033,0.014280296026258002,0.6181814112943164
420,A5,0.1331338201954403,0.7262443983719256,0.05404561348420058,0.0434931133439174,0.04308305460451599
420,A6,0.18752881426583198,0.022190916748291063,0.026313646184800542,0.04891897282527232,0.7150476499758041
420,A7,0.15421233685077806,0.5650922083881081,0.12708746191680312,0.09124788469956266,0.06236010814474782
420,A8,0.35410226107743603,0.3035094804651119,0.08990720873840745,0.05945751137305903,0.19302353834598557
421,A1,0.25402946043600494,0.013919317244817042,0.010129715529668933,0.02643147350791967,0.6954900332815894
421,A2,0.49955581473033517,0.05540762103471957,0.02537691545079706,0.03585502094293909,0.3838046278412092
421,A3,0.3928406854351527,0.024550826574709708,0.03322917528268768,0.06608690283238228,0.4832924098750676
421,A4,0.33875862648937616,0.017033373739415002,0.014251571047229829,0.013956811203064294,0.6159996175209147
421,A5,0.1322288129603771,0.7290889994042357,0.05340979002656214,0.04287471451733943,0.04239768309148551
421,A6,0.1919158195947148,0.022598421412368806,0.025799409884802695,0.04895148304490394,0.7107348660632097
421,A7,0.1536145640395051,0.5644363066584869,0.12970479778405153,0.0912823822788509,0.060961949239105605
421,A8,0.35667103689339813,0.30070783531789785,0.09077492873685979,0.06062673608758465,0.19121946296425935
422,A1,0.25368023674596785,0.013624588118850447,0.0095902393479132,0.026189296481158045,0.6969156393061106
422,A2,0.4993675034017573,0.055688248336076995,0.025142516680882146,0.03578801922194384,0.38401371235933957
422,A3,0.391330036568299,0.023906675243701568,0.03339695037640156,0.06650277487105961,0.48486356294053823
422,A4,0.3369912250555097,0.0167885255934462,0.014124983114568132,0.014454588918268702,0.6176406773182073
422,A5,0.13253903334741982,0.728403361299626,0.05358774560349979,0.04225807582743597,0.043211783922018535
422,A6,0.18993340269779171,0.022177824903960263,0.027010269756684357,0.04848357588900685,0.7123949267525567
422,A7,0.15458425709344153,0.5634059518844028,0.12928691744251683,0.09070038179346576,0.06202249178617308
422,A8,0.3520638928749425,0.3042002586660402,0.09124129128740113,0.06067076221091147,0.19182379496070462
423,A1,0.2542798720273136,0.013749828353294868,0.010196881391980786,0.02676333024530636,0.6950100879821045
423,A2,0.4995089506642975,0.05519629555467375,0.024911592385606827,0.035744747851731457,0.3846384135436904
423,A3,0.39264722076716935,0.023763468287237455,0.03310395222651705,0.0658919626569755,0.4845933960621007
423,A4,0.33714223654553704,0.016051045188996922,0.014024202065700852,0.014141474529533713,0.6186410416702314
423,A5,0.13255842187383352,0.7294526190315752,0.05333134978884424,0.041646531758594486,0.043011077547152755
423,A6,0.18767399550798627,0.021898221530304275,0.026096795269166972,0.04829442412335506,0.7160365635691874
423,A7,0.15379406780818164,0.567122632683605,0.12872965900195468,0.08883497566776716,0.06151866483849164
423,A8,0.353005893556587,0.30505833038131874,0.08998701901970188,0.05987715886973644,0.19207159817265596
424,A1,0.2534507284738114,0.014366499275406995,0.010350430388602542,0.026569353357020122,0.6952629885051589
424,A2,0.49967373375826274,0.05494793332953133,0.02503978015790858,0.035979286422678024,0.38435926633161926
424,A3,0.3909504385342021,0.02435664178823825,0.03249248428201182,0.06508825590430464,0.4871121794912432
424,A4,0.3353791225759271,0.016582211414468688,0.014036774419403292,0.014195446945679773,0.6198064446445211
424,A5,0.13487726596088345,0.7262473758989919,0.05341268848977023,0.04199201690919329,0.04347065274116113
424,A6,0.1887696972810058,0.021445028105950382,0.025002135617061112,0.048218858448283664,0.7165642805476989
424,A7,0.15248869899993658,0.5660297907165669,0.12972472313891423,0.0894902930062298,0.06226649413835211
424,A8,0.351341543547697,0.30312041379561405,0.09037417481595174,0.060498075835213286,0.1946657920055238
425,A1,0.25399569784701964,0.01390387278590464,0.01015628969974551,0.026442052061310443,0.6955020876060197
425,A2,0.4979375215442278,0.054999344981714056,0.024818066347603474,0.03583581959102404,0.3864092475354307
425,A3,0.3903758276030656,0.022391075495926477,0.034114722697233535,0.06634046153358304,0.48677791267019144
425,A4,0.3368475718274927,0.0143722779655792,0.01446784996118997,0.014550180599310906,0.6197621196464272
425,A5,0.13293977436182075,0.7290124781693204,0.05319647824607855,0.04244000183716781,0.04241126738561256
425,A6,0.18981262381340908,0.021423606196988756,0.026450211039502427,0.048252176004878966,0.7140613829452207
425,A7,0.153024630874198,0.5656896389103127,0.12933233745191214,0.09076528358936291,0.06118810917421418
425,A8,0.34997754631841493,0.3071033561897993,0.09023656291517268,0.05976053114995649,0.19292200342665675
426,A1,0.2548568947695382,0.01380886260688133,0.010029042374533639,0.02657480098319673,0.69473039926585
426,A2,0.49881252540874116,0.05397672348986766,0.025309071748368644,0.03601623321020906,0.38588544614281356
426,A3,0.39494401694479625,0.021976458181897585,0.03270043479909268,0.06579294574556602,0.4845861443286473
426,A4,0.34092078545660354,0.013448559300380986,0.014074044153347709,0.014168447506964292,0.6173881635827034
426,A5,0.1327793481132878,0.727648174930864,0.05373597510577964,0.042815718968959984,0.043020782881108686
426,A6,0.19074562865940575,0.021789527104389226,0.026202434948416838,0.04865043673974415,0.7126119725480441
426,A7,0.15313214594410868,0.5650345944834841,0.1315894792215767,0.08846186005341265,0.06178192029741769
426,A8,0.35223705763946633,0.3053902193495857,0.09069878250975338,0.05958793121172855,0.19208600928946623
427,A1,0.25390202150177393,0.013587741813946034,0.010100217120985524,0.026216007910353133,0.6961940116529413
427,A2,0.4987987484223282,0.05474215207815138,0.025245126572113814,0.03549602472258832,0.3857179482048183
427,A3,0.3933254224626156,0.024897806142132026,0.03300906300012613,0.0661088861490141,0.4826588222461121
427,A4,0.33860114244645456,0.01814414102001392,0.014172320406032874,0.014239695618898667,0.6148427005086
427,A5,0.13370624835822265,0.7266524541906106,0.05346553937223764,0.04275074042357722,0.04342501765535194
427,A6,0.18982078372343303,0.02219084611757441,0.026004053916464008,0.04837143237161688,0.7136128838709117
427,A7,0.15166867420061955,0.5669708628750603,0.13120966336618306,0.08946754543358204,0.06068325412455514
427,A8,0.35345300387705875,0.3033813744279235,0.09064495739994814,0.060448461798156924,0.19207220249691265
428,A1,0.2536628777680098,0.0137459635770322,0.009874745988203539,0.026304476430825056,0.6964119362359295
428,A2,0.5017004145373796,0.05504762937035552,0.0247416989316083,0.03589567326776032,0.38261458389289615
428,A3,0.3935217054027654,0.024080425001215225,0.03262534689292073,0.06592611979519004,0.48384640290790865
428,A4,0.3391786122212351,0.016739026012049,0.014240387642843789,0.014190846900077256,0.6156511272237948
428,A5,0.13343853096537092,0.7276043505766551,0.05339152661455992,0.04309644361328983,0.04246914823012403
428,A6,0.18950947737687637,0.02206773242490128,0.02629244534732212,0.048871039323638885,0.7132593055272614
428,A7,0.15242723635858987,0.5650349734859895,0.1297798099162442,0.09101555373457651,0.061742426504599934
428,A8,0.3528449778372822,0.30501300881068133,0.08980152908380527,0.05994428604442112,0.1923961982238102
429,A1,0.2558203439929659,0.013788444388995328,0.010360231211240547,0.02664861518565039,0.6933823652211478
429,A2,0.4985738120565815,0.05515352469967359,0.025575941090822348,0.03600409250780991,0.3846926296451126
429,A3,0.3904300957335097,0.023979622228345192,0.03304438046473078,0.06617964753269913,0.48636625404071515
429,A4,0.33531964239052214,0.016205991275369102,0.014375620362434812,0.014286425023114929,0.6198123209485591
429,A5,0.13288952230334827,0.7284276469911113,0.05364882809075734,0.04193240310788325,0.043101599506899665
429,A6,0.1892538003361478,0.02225473350412184,0.025659098222803624,0.04854680462396638,0.7142855633129603
429,A7,0.15488810988448531,0.5641562819838397,0.1293154584313552,0.0897029974696891,0.06193715223063055
429,A8,0.35326670934668314,0.3045410155403934,0.09080221381113934,0.059448330282938715,0.19194173101884526
430,A1,0.2528820167911161,0.013818567229129015,0.01023150780917646,0.02604574853131691,0.6970221596392615
430,A2,0.4968483923455451,0.05566436437048144,0.02539430396563912,0.03649838077637166,0.3855945585419627
430,A3,0.391207593328371,0.022882812675158303,0.03348603408295359,0.0669876675552102,0.48543589235830675
430,A4,0.3365831500391283,0.015731149932718336,0.014320181500477428,0.014537678290721747,0.6188278402369541
430,A5,0.1333497576664459,0.7269818765599293,0.05345959983754496,0.043031546818218434,0.04317721911786116
430,A6,0.1880194032570769,0.02276444397587903,0.025830133744010914,0.04804927611406225,0.715336742908971
430,A7,0.15406677826502047,0.5623545214746903,0.13162981817333003,0.09068788941782886,0.06126099266913045
430,A8,0.3551327690418714,0.303331371789378,0.09083893535397489,0.0593566114870239,0.1913403123277517
431,A1,0.2531068792163308,0.013727345207811457,0.010338825303324566,0.026396467062553334,0.6964304832099797
431,A2,0.4962370575552657,0.05660113090437048,0.025404183572052964,0.036100193236434784,0.385657434731876
431,A3,0.39128213873946893,0.025012072377741036,0.032301287297693874,0.06671234709102442,0.48469215449407177
431,A4,0.3367476391346577,0.01767192003153921,0.014097203084320803,0.014472369846090086,0.6170108679033923
431,A5,0.13302122624376828,0.7269973743882667,0.053557053207041745,0.043665454452476764,0.04275889170844637
431,A6,0.19067664661904724,0.022537556936145203,0.026216157715223617,0.0476911385202527,0.7128785002093312
431,A7,0.15316848925206175,0.5669242426120161,0.1277914744323416,0.0899940658794722,0.06212172782410816
431,A8,0.354563119342975,0.3016198502070824,0.09057498027807677,0.05992502183795725,0.19331702833390865
432,A1,0.25699225996801767,0.013952763321015754,0.010049238944393742,0.026044762832763434,0.6929609749338091
432,A2,0.4996987853065877,0.05557534804016353,0.024599586153045774,0.0363160295694984,0.38381025093070464
432,A3,0.39101201702003213,0.02455913149873361,0.03273282898072053,0.06631484695369877,0.48538117554681504
432,A4,0.3361662126878686,0.01661287521471778,0.014184095535758022,0.014379357193714403,0.6186574593679414
432,A5,0.1338179754833405,0.7264298380294731,0.05388550323999973,0.0429095981090478,0.042957085138138874
432,A6,0.1883745468545776,0.0221356159034885,0.0261091119219291,0.04926571504554591,0.714115010274459
432,A7,0.15226017791457963,0.567603341688263,0.12763267770927267,0.0909687499443842,0.06153505274350057
432,A8,0.35487401605538926,0.3025557402213212,0.0894187948226987,0.06027612004221719,0.19287532885837383
433,A1,0.25357293270834785,0.013797653887395445,0.010161947674626713,0.026128825784874375,0.6963386399447558
433,A2,0.4985718890049737,0.05603815284393357,0.0253717263829431,0.03639096641313862,0.38362726535501085
433,A3,0.3911007725379444,0.025292248454409208,0.03375880227755292,0.06605516729871765,0.4837930094313758
433,A4,0.3364706520014026,0.017591096332837616,0.014152129441332767,0.01427476090251202,0.6175113613219149
433,A5,0.13370284802886323,0.7273922535787696,0.05325957653939437,0.043674261672346545,0.04197106018062636
433,A6,0.1892573355087984,0.02208366112158094,0.02564592644754329,0.04855165890870375,0.7144614180133735
433,A7,0.1531775675288139,0.5623983599276562,0.13184601663071868,0.09149805553297058,0.06108000037984059
433,A8,0.3514086097912052,0.3058259753885329,0.09050655465646244,0.060264170678011805,0.1919946894857877
434,A1,0.2545084611209294,0.013602666221549216,0.009594661192337949,0.026058689206952614,0.6962355222582308
434,A2,0.49783562009583493,0.055077308460779545,0.02531154095498422,0.03610438620048122,0.3856711442879203
434,A3,0.39149817229604794,0.022855537078209903,0.032760126217971,0.06605721452815214,0.48682894987961906
434,A4,0.3373546871797684,0.015928919537388446,0.014523528891164771,0.014087707705755813,0.6181051566859224
434,A5,0.13283390484732338,0.7259395755476717,0.05493253366706267,0.0434476538889395,0.04284633204900276
434,A6,0.1912689686794559,0.021295007440974387,0.026313069232057982,0.04855260368078898,0.7125703509667228
434,A7,0.15312839998310274,0.5643348833365553,0.13101220903813948,0.08992066753108632,0.06160384011111609
434,A8,0.3518546176833611,0.3058577075800014,0.09143715038858719,0.05969120548255125,0.19115931886549903
435,A1,0.2529085521195669,0.013377345630366903,0.010385664607565352,0.0265430918926876,0.6967853457498132
435,A2,0.49852265840573223,0.05445570935787547,0.025120625659292063,0.03631944301531516,0.38558156356178513
435,A3,0.39301151500917236,0.023398275122724216,0.032904509733683404,0.06601672931957736,0.48466897081484267
435,A4,0.3379102869057866,0.0158678022442204,0.0140503789852243,0.014296528498511655,0.6178750033662569
435,A5,0.13248613314437477,0.7270909068639445,0.054214679985881975,0.043532147846945486,0.04267613215885314
435,A6,0.1918531776951907,0.02181482015897357,0.025689295364709763,0.048602773029817296,0.7120399337513087
435,A7,0.15369340402809498,0.5649093501129708,0.12980749897198987,0.09008194146978729,0.06150780541715717
435,A8,0.3523102635164764,0.3048574091078308,0.09054746068956478,0.05991018117930453,0.1923746855068235
436,A1,0.2541009821225527,0.014166910797078606,0.010437989504160292,0.02626745506899927,0.6950266625072091
436,A2,0.49706832192387335,0.055666036977472404,0.025337269026022666,0.03573918074043066,0.38618919133220064
436,A3,0.3923421188659883,0.023528060490915357,0.032885250609748264,0.06635904626269154,0.48488552377065636
436,A4,0.33873375712434917,0.015811161408611562,0.014026802650182529,0.014061876846496478,0.6173664019703602
436,A5,0.13286959978334545,0.7285514179218978,0.053218024300115456,0.04271552757452473,0.04264543042011677
436,A6,0.18972288155656655,0.022212530602784192,0.02624916355040222,0.04777106283231523,0.7140443614579318
436,A7,0.15375185586074658,0.5664137925267889,0.1284139943191488,0.09021043767492024,0.06120991961839552
436,A8,0.3534574510302172,0.3029361539119442,0.09091009187078213,0.0605311435112578,0.19216515967579864
437,A1,0.25514402857882273,0.014082568751193873,0.009996688990073322,0.02672892509304187,0.6940477885868682
437,A2,0.5024017428070019,0.055625116499989316,0.024809124746204884,0.035444338504398584,0.38171967744240537
437,A3,0.3930381893340917,0.026490002695489047,0.032727233055312166,0.06601835905163606,0.4817262158634711
437,A4,0.338528523779595,0.01873045620698386,0.014094143465580047,0.014389837570136342,0.6142570389777047
437,A5,0.13413274673664652,0.7268389131571243,0.054058620474477376,0.04263430093978988,0.04233541869196191
437,A6,0.1905691709687147,0.021386150430255057,0.026310293976754186,0.048180005834469686,0.7135543787898061
437,A7,0.15407440517436338,0.5671706309196264,0.12860021141007222,0.08873737591505032,0.0614173765808879
437,A8,0.35164824095041836,0.30668072830241255,0.09067612723418492,0.06017048525873843,0.19082441825424562
438,A1,0.2562223736154243,0.013983337765130959,0.010166342768389984,0.02632407875353699,0.6933038670975179
438,A2,0.4993864662960386,0.05536714501886373,0.025606143706494673,0.036035730696557675,0.3836045142820453
438,A3,0.39458029801006905,0.023579136219008246,0.032678036728085544,0.0662461660387367,0.4829163630041005
438,A4,0.3415477546582693,0.01585223967449893,0.014134074771333511,0.0142402248052982,0.6142257060906
438,A5,0.13296765899131047,0.7261143807400231,0.05460766391212912,0.04309073476826017,0.04321956158827722
438,A6,0.190851147924039,0.022077090175734684,0.026309151042295278,0.048602238290890415,0.7121603725670408
438,A7,0.15436840285298056,0.5673344607810844,0.12730465202948757,0.08936115520746789,0.061631329128979624
438,A8,0.3554300995481387,0.30309637644629184,0.08921906526239547,0.060113209406857285,0.19214124933631668
439,A1,0.253932455434534,0.0141557160939136,0.009983103754956637,0.02652965973971693,0.6953990649768786
439,A2,0.497815874214466,0.05581450739622551,0.025614558469007606,0.035706594100140286,0.3850484658201606
439,A3,0.39197215135686575,0.025361606663445068,0.03333593787005364,0.0661570301538954,0.4831732739557402
439,A4,0.3383939833430333,0.017729608164347634,0.014018417677705506,0.014518923230074643,0.615339067584839
439,A5,0.1335213644757015,0.7264439574420577,0.05397903209615197,0.042805743471366106,0.043249902514722674
439,A6,0.18845650040693815,0.02147671566485859,0.026965457105304385,0.04824362263023453,0.7148577041926641
439,A7,0.1535974800946241,0.5646598666862603,0.1274214752704213,0.09177593380627723,0.06254524414241708
439,A8,0.35264232165173093,0.3029742549823573,0.09085385706065109,0.05955147437317667,0.1939780919320839
440,A1,0.253523779049526,0.01351078776341505,0.009972127819138584,0.026224084253225973,0.6967692211146946
440,A2,0.49980500258026883,0.054922520610390595,0.025532703558794938,0.03612720217321869,0.3836125710773269
440,A3,0.3953641803026854,0.023908833326797743,0.032807210886904706,0.06733957908534739,0.48058019639826477
440,A4,0.34203527832781766,0.015677655691009165,0.014255135339790788,0.014561640710335073,0.6134702899310474
440,A5,0.1343217293106769,0.7262046649014786,0.05364027872027003,0.042835043421067046,0.04299828364650746
440,A6,0.1871374486703063,0.022632289741146942,0.025596299617781565,0.048373626665255125,0.7162603353055099
440,A7,0.15222159581531092,0.5664895048185612,0.1305708026398813,0.0897007677280751,0.06101732899817139
440,A8,0.3526048616510105,0.30271892926378896,0.09139295256093084,0.06008630159467383,0.19319695492959588
441,A1,0.2547285704602257,0.013686058432371096,0.010550666652475066,0.026404790793763292,0.6946299136611647
441,A2,0.4980103401236014,0.055222513955225046,0.025053336809019566,0.0357130914803981,0.38600071763175586
441,A3,0.3918602550368602,0.02477445253158517,0.03252978712834738,0.06686411538399094,0.4839713899192164
441,A4,0.33696149566349576,0.017713183816003168,0.0144479646583629,0.014346056734534703,0.6165312991276036
441,A5,0.1337322093869504,0.7268255721309235,0.052816485312877026,0.04322574748546908,0.04339998568378006
441,A6,0.19149947456239277,0.02271377684898797,0.026041574544999724,0.0483285980880884,0.7114165759555311
441,A7,0.15406180805628664,0.566728519342825,0.12724218260765974,0.0900801277608564,0.06188736223237245
441,A8,0.3554560232733228,0.30353958451165075,0.0900005369235565,0.058824246899178596,0.1921796083922914
442,A1,0.2517135939775808,0.0138384338816429,0.009914020728156621,0.026688569467883762,0.6978453819447361
442,A2,0.4982302223218012,0.0552643845886014,0.025377415803404562,0.035819905893901195,0.3853080713922916
442,A3,0.3910746809740842,0.025315488421739606,0.03253500300025676,0.06654531944712037,0.4845295081567991
442,A4,0.3374546538239219,0.01744719347300432,0.013760393088294744,0.014169673779563156,0.6171680858352158
442,A5,0.13321618221676507,0.7275932993732468,0.05410257167092773,0.04286173468063475,0.042226212058425625
442,A6,0.19012981427135128,0.02187151873503196,0.025174323955034876,0.048466684345819036,0.714357658692763
442,A7,0.15428692990524606,0.5648984745546705,0.13006428295807698,0.08898273121885067,0.061767581363155785
442,A8,0.35324868894019296,0.3040185551180586,0.0909158943345116,0.059659568066559025,0.1921572935406775
443,A1,0.25445993974910025,0.013920794684432454,0.01050816427823412,0.02628212677642689,0.6948289745118063
443,A2,0.49798051489666073,0.055777077915584165,0.024744594957467555,0.03596132116651075,0.3855364910637767
443,A3,0.39020842373397807,0.024614755867268388,0.03299646883432646,0.06632139585414489,0.48585895571028215
443,A4,0.3343006653993378,0.01740644413383392,0.014180770525054853,0.0145911709065973,0.619520949035176
443,A5,0.13282757383934624,0.7264919054194481,0.05328823985364733,0.04358497175109186,0.04380730913646657
443,A6,0.1894319405000243,0.02176510177586703,0.02612870780224288,0.04834357604992529,0.7143306738719406
443,A7,0.15403333852693196,0.5642821543775796,0.12860450801298,0.09069703400382191,0.06238296507868668
443,A8,0.35255622167603684,0.30439445483564664,0.09012087321503705,0.06022411016728861,0.1927043401059909
444,A1,0.25438755818313025,0.014040112743729441,0.010010873046130728,0.02660145826558267,0.6949599977614271
444,A2,0.49713930430286163,0.05542662641255118,0.025466865330892645,0.036012552903768494,0.385954651049926
444,A3,0.39182502076738907,0.02401362378115691,0.03293048879906005,0.06559371646386133,0.4856371501885327
444,A4,0.3379194749940789,0.016283772247663964,0.014112879648057351,0.014363868730109941,0.6173200043800897
444,A5,0.13176229426486857,0.728692645449415,0.05331384216090785,0.043295185496579534,0.04293603262822887
444,A6,0.1889894245215913,0.022587704966727157,0.02555549017883468,0.048426367975917525,0.7144410123569293
444,A7,0.15314945010576583,0.5666351319931049,0.12739586116725657,0.09069102603083357,0.06212853070303928
444,A8,0.35413937276387764,0.30361071839091786,0.09033741532268856,0.05959791249772411,0.1923145810247919
445,A1,0.2544643540383434,0.013968025900318799,0.010242861844518725,0.026385303152223337,0.6949394550645956
445,A2,0.4989477216109375,0.05544319173746147,0.02470678132685562,0.035657295681342085,0.38524500964340336
445,A3,0.3907067653703895,0.024254407566821144,0.032274905229258605,0.06620495338749023,0.4865589684460405
445,A4,0.3353458344002944,0.016785441763004505,0.014254619730890254,0.014391030998328735,0.6192230731074818
445,A5,0.13439584320969716,0.7252712537499758,0.05438750358302482,0.0425222980719343,0.04342310138536771
445,A6,0.18975730182097983,0.021883626214452574,0.026398710160763582,0.04832667456603522,0.7136336872377687
445,A7,0.1534159795761441,0.5654531159682168,0.12950672142597214,0.08974646869644994,0.06187771433321704
445,A8,0.351702754750394,0.3059323759664565,0.0905957209967715,0.0593673112483561,0.19240183703802197
446,A1,0.25443877522908454,0.013839207873581326,0.010236080223560096,0.02707205961879525,0.694413877054979
446,A2,0.4963984176635851,0.055991099777261036,0.025205971347286162,0.03638924554240352,0.38601526566946415
446,A3,0.3898127658075258,0.023803885922437002,0.03314250473579499,0.0664599855876229,0.4867808579466191
446,A4,0.33555284645478306,0.01589486143879813,0.014493022050729578,0.014175514366563429,0.619883755689126
446,A5,0.13243060008677168,0.727876638067188,0.053866811207529876,0.042948978284383384,0.042876972354126956
446,A6,0.19079623295962914,0.021953762530674742,0.02592396182895792,0.0483946448699773,0.7129313978107609
446,A7,0.1528720047867344,0.56612976030341,0.1288328967417313,0.09074261468883119,0.06142272347929307
446,A8,0.35476546982845475,0.302771362352218,0.09078551389512499,0.05912662617742281,0.1925510277467795
447,A1,0.2560721118130802,0.013747442731025105,0.009871057404947536,0.02651920322085271,0.6937901848300942
447,A2,0.49737477653830897,0.055479707208131786,0.02525717158524505,0.0362325333194719,0.38565581134884225
447,A3,0.3931150976137012,0.023794951894182608,0.03253661720713389,0.0664450718253349,0.48410826145964736
447,A4,0.3393128940706233,0.016621831789053586,0.014006599022961672,0.014231132367496038,0.6158275427498652
447,A5,0.13177961029608684,0.7289355277059425,0.053874450633703386,0.0430723996468155,0.042338011717451815
447,A6,0.19038805998370567,0.021475370233421748,0.02557874749410003,0.04803889248433025,0.7145189298044423
447,A7,0.1517314625062462,0.5657186596033957,0.13102695758041882,0.09059934561598479,0.06092357469395436
447,A8,0.35284676213067845,0.30545287919014386,0.0901963205081393,0.05908876242939833,0.19241527574163989
448,A1,0.2545363839435587,0.01410143220994922,0.010315698926056114,0.026133718484226593,0.6949127664362094
448,A2,0.4982730206233678,0.0554444838723178,0.025412448014934613,0.03578344041975056,0.3850866070696292
448,A3,0.38846534475415717,0.026619726970918814,0.03223625599366824,0.06686686782405209,0.4858118044572036
448,A4,0.33435182685778414,0.019002577910841787,0.01413836490736415,0.014500832709092444,0.6180063976149175
448,A5,0.13373671955851207,0.7270059895087331,0.05371943802205148,0.04292844056120859,0.04260941234949476
448,A6,0.18726064540056714,0.021511653794891714,0.026379944505384605,0.04841575714936938,0.7164319991497871
448,A7,0.15418256831116997,0.5668531528956249,0.12795942731287804,0.08913176520382468,0.06187308627650212
448,A8,0.3554036668424569,0.30163409977238315,0.09033115117510063,0.05931207932573903,0.19331900288432033
449,A1,0.2542824260937622,0.013775951731630022,0.009850170525294619,0.02619570189272041,0.695895749756593
449,A2,0.49710741688781684,0.05609115762788639,0.02541556713499482,0.036197243627233484,0.38518861472206856
449,A3,0.3926591315031771,0.0240954805357417,0.03195898477522147,0.06647618056925197,0.48481022261660783
449,A4,0.33914130942871723,0.016152280199884933,0.014048577369097955,0.014313638456773827,0.6163441945455261
449,A5,0.1326346347045946,0.7299119873288729,0.053066545871385346,0.04214518666677429,0.04224164542837301
449,A6,0.186757563442648,0.022149777718255846,0.025826526672826262,0.04867315417381785,0.716592977992452
449,A7,0.15346811440320407,0.5644365818939778,0.12947422227104877,0.0897925646955927,0.06282851673617651
449,A8,0.3523588713932153,0.303762718029663,0.08956315937004539,0.05993653091705074,0.19437872029002567
450,A1,0.2534660536844163,0.013804632859643413,0.009959526232436237,0.02645905100618833,0.6963107362173155
450,A2,0.49893449714684857,0.05527950424054022,0.025187690526039135,0.03591864486250538,0.38467966322406677
450,A3,0.3900994746770412,0.02270841771632173,0.03286901910833734,0.06612127154904303,0.48820181694925663
450,A4,0.33632708041978226,0.015318494748491689,0.014251998129624743,0.01453179870116639,0.6195706280009351
450,A5,0.1330510221969207,0.7278325739855568,0.05417267157954804,0.04219831799015454,0.04274541424781999
450,A6,0.19124008158498762,0.02230437532470449,0.02558114826574799,0.04861245905565026,0.7122619357689095
450,A7,0.15431895553612496,0.5641055215147787,0.1297400822154584,0.08999065732976635,0.061844783403871645
450,A8,0.35329304891433627,0.30223115618498647,0.08984405976508855,0.06136637043610873,0.19326536469948
451,A1,0.2527996882950136,0.013616684234362554,0.009729628604216929,0.02589808914015888,0.6979559097262481
451,A2,0.4992858175113558,0.05517375627113455,0.025388847534191808,0.03590426339051027,0.3842473152928075
451,A3,0.39110020729033007,0.02313816846824188,0.033091251494259885,0.06585370735573047,0.48681666539143764
451,A4,0.33723313292631313,0.01539279184099316,0.014165434210457692,0.014345760386656577,0.6188628806355797
451,A5,0.1337217942018223,0.7261346372827758,0.054952331280013596,0.04219605744646942,0.04299517978891876
451,A6,0.19172672797982615,0.021705084909331242,0.025868889489001658,0.048092052965625166,0.7126072446562158
451,A7,0.15247791956679646,0.5668315961170033,0.13034784275195227,0.08909653673666432,0.061246104827583796
451,A8,0.3540719226187822,0.30607998248406193,0.09029330540878577,0.05791697112110664,0.19163781836726326
452,A1,0.2549400028108898,0.013492042127247082,0.009977205561710905,0.026153346255490907,0.6954374032446614
452,A2,0.49879065105551934,0.05581567911860013,0.02490566594664461,0.036147261455117354,0.3843407424241187
452,A3,0.3902752838468497,0.02382025344428469,0.033150657684848296,0.06604138819518722,0.48671241682883015
452,A4,0.3366165438639416,0.01537857033622363,0.014122281652421798,0.013822541423429327,0.6200600627239838
452,A5,0.13316194486323102,0.7283359221390815,0.053378212740646934,0.042749406336616134,0.04237451392042442
452,A6,0.18976626425542975,0.021708622053759744,0.02569536333115205,0.04783590812326389,0.7149938422363946
452,A7,0.15203252967002417,0.5671935186775587,0.13044495573208273,0.08896619348216855,0.06136280243816563
452,A8,0.35181059797062036,0.30525264962862614,0.09138387246565813,0.05992825382950124,0.19162462610559428
453,A1,0.2538881434440275,0.013667200892231354,0.0098383833724561,0.026710631246723467,0.6958956410445615
453,A2,0.4967677272924984,0.05510373664140938,0.025097587411517623,0.03608899811203855,0.3869419505425359
453,A3,0.3885772754429052,0.02460518512183379,0.03332885071662283,0.06652591239617575,0.48696277632246227
453,A4,0.3342532847520966,0.017317676648019018,0.014160237663909999,0.014182201743949605,0.6200865991920247
453,A5,0.13402380279453638,0.7265601035577753,0.05329708974781653,0.042751046048316796,0.04336795785155512
453,A6,0.18800221402571649,0.021662821803283924,0.026177430407050884,0.04876803306046935,0.7153895007034795
453,A7,0.15355539756967831,0.5668914362965546,0.12797967851348988,0.08881782943837088,0.06275565818190654
453,A8,0.35109576733853887,0.30528780386784565,0.09068583871480303,0.059619762635064806,0.19331082744374758
454,A1,0.2539627024152447,0.013328572928825283,0.009871398079721674,0.026498874509780862,0.6963384520664273
454,A2,0.49730519226938635,0.055050738852596544,0.025224096610092877,0.03602978984639902,0.38639018242152545
454,A3,0.39053249036245846,0.023454279495287732,0.03284978616143237,0.06586799028516145,0.48729545369566
454,A4,0.33512751876227626,0.016291971520057544,0.013978569560781919,0.01423114184327621,0.6203707983136082
454,A5,0.131499944437883,0.7295056229744523,0.05343952646926598,0.04235551680216592,0.043199389316232906
454,A6,0.18858357414485385,0.022160890847112175,0.026230767015956197,0.048315999199299145,0.7147087687927784
454,A7,0.15125322702904986,0.5665003125814364,0.13005115179650226,0.08984962578088906,0.06234568281212216
454,A8,0.3527826469639194,0.3048459197595342,0.09027395770991642,0.05896334606554904,0.19313412950108086
455,A1,0.253657273803735,0.013672517174876653,0.00966329826705237,0.026499645709537435,0.6965072650447987
455,A2,0.49577161502172346,0.05543135766068126,0.02473151229743465,0.036376698840261644,0.3876888161798989
455,A3,0.39168274915189544,0.023283892273138505,0.03243808219498042,0.06625720060082499,0.4863380757791608
455,A4,0.3371456311792045,0.015317041004829817,0.014123400137326303,0.014588510370091684,0.6188254173085477
455,A5,0.1325547838408366,0.726802306160658,0.054436378561793536,0.04240461159986898,0.043801919836842756
455,A6,0.18936883832343715,0.021046873807515635,0.025980136119671614,0.04899771320316314,0.7146064385462124
455,A7,0.1537158987050135,0.5636351987408329,0.13025777150711718,0.09053462371920769,0.061856507327828866
455,A8,0.350978886589727,0.3064547143894235,0.09000713867169385,0.05988226089938213,0.19267699944977357
456,A1,0.25428220472690705,0.013917234641076658,0.010149528625884446,0.026355472386958383,0.6952955596191734
456,A2,0.5008372312456795,0.055720456165546446,0.02510285671873564,0.03578661052312669,0.3825528453469118
456,A3,0.39281786419830644,0.025635567174019578,0.032326823228173866,0.06559783722366314,0.48362190817583683
456,A4,0.33957985017427317,0.01859193684031043,0.014216078766047692,0.014282462696358002,0.6133296715230108
456,A5,0.13159076674883807,0.7288709001064955,0.054444829645988874,0.042755957165797186,0.04233754633288037
456,A6,0.18976095685878652,0.022036120362928815,0.026484615661425733,0.048549658309703064,0.7131686488071559
456,A7,0.15253428987366402,0.5667213878764937,0.12966859053078905,0.08911811508777828,0.06195761663127497
456,A8,0.3531433070099631,0.3018581706446852,0.09153309060925179,0.05994481785484373,0.1935206138812562
457,A1,0.2522204383592497,0.013941530031863837,0.010329838822574862,0.025952454307361674,0.69755573847895
457,A2,0.49661595426017213,0.05556693270682655,0.025333376756304146,0.0359032075821154,0.38658052869458176
457,A3,0.3922021509040267,0.025472809099322223,0.03333667020133069,0.0661834139414211,0.4828049558538994
457,A4,0.3386167473024479,0.018464927739405765,0.01389812501317512,0.01430567143138476,0.6147145285135864
457,A5,0.13333470998185235,0.7280254585391209,0.05276913661936481,0.042999191167410855,0.04287150369225129
457,A6,0.18950625441785726,0.02287972632552517,0.02597684910886354,0.04870357055524376,0.7129335995925103
457,A7,0.1530266456326979,0.5634558625823928,0.13032482602860676,0.0910550976566046,0.062137568099697886
457,A8,0.355724833354195,0.3021922875879465,0.09093832908127689,0.05975056266816095,0.19139398730842078
458,A1,0.25610747554446445,0.013872295103790133,0.01039307871349559,0.026684281357872503,0.6929428692803772
458,A2,0.4993527197149079,0.055763830573245535,0.025309804431187802,0.035809726891371504,0.38376391838928736
458,A3,0.39100332862220755,0.023174184637684055,0.032933212572687456,0.06648513727511807,0.4864041368923027
458,A4,0.3358519234691816,0.015598388058286033,0.014236051134944956,0.014104647515734911,0.6202089898218525
458,A5,0.13230704338321464,0.7284490912308487,0.05315120825729812,0.04332965668427269,0.04276300044436579
458,A6,0.1902378005875967,0.02191266718292851,0.025919223609909635,0.04766756332370777,0.7142627452958573
458,A7,0.15234531606189944,0.5643819574127844,0.13041702708549405,0.09108307598306155,0.0617726234567607
458,A8,0.3555833958444285,0.3025219751419267,0.09056096283040382,0.060071475956840835,0.19126219022640012
459,A1,0.25351646909051173,0.013754530887668225,0.010547954572988832,0.026251889233623957,0.695929156215207
459,A2,0.49893723200258233,0.0553683431162634,0.024777911105698127,0.0352878351751999,0.3856286786002562
459,A3,0.3914847449986152,0.02415570194013896,0.03339645230468658,0.06647977666139067,0.48448332409516887
459,A4,0.3374581082120489,0.016240095970045432,0.01421682985406673,0.01420991262514068,0.6178750533386983
459,A5,0.13241036956956637,0.7290969364932784,0.054516611525544434,0.04115885201608056,0.042817230395530315
459,A6,0.18786611401058415,0.022375297546080284,0.026763435242805413,0.048208182640422224,0.714786970560108
459,A7,0.1536469025563029,0.5643797374103059,0.1309647648414578,0.08955431072802418,0.06145428446390908
459,A8,0.3520100067726812,0.30475353371075753,0.09094685280985225,0.05914770554703451,0.1931419011596743
460,A1,0.25411870129905917,0.013929325978161839,0.009815499855029993,0.02653168557439385,0.695604787293355
460,A2,0.49896813669958395,0.055026636267772155,0.02527104764835409,0.0353779734528947,0.38535620593139513
460,A3,0.3903705529389903,0.024831262892736426,0.033268282324576494,0.06653073989472266,0.48499916194897424
460,A4,0.33676993573079306,0.01701426056990299,0.014398988702072804,0.014476512832199332,0.6173403021650319
460,A5,0.13288912552948817,0.7266051380743141,0.05463410043230754,0.042727093329201875,0.043144542634688254
460,A6,0.18896014936215852,0.021186447484003782,0.025816239387695426,0.04886529663271502,0.7151718671334272
460,A7,0.15321492998860176,0.5670719268491242,0.12795240586079293,0.09085089516653345,0.060909842134947684
460,A8,0.3535512859644122,0.3029929473121451,0.09085626389454471,0.06058095396470488,0.19201854886419326
461,A1,0.2530383654342337,0.014017615457838317,0.00999101039162392,0.026343513432238157,0.696609495284066
461,A2,0.5013697002427511,0.05568509678243895,0.024775484926442416,0.036012282779334444,0.38215743526903323
461,A3,0.3936048227595197,0.024858935235738795,0.033164952994868414,0.06707668613165284,0.4812946028782205
461,A4,0.34074906034858204,0.017321489008649302,0.014308901410394835,0.014135298443936923,0.6134852507884369
461,A5,0.13438518632673394,0.7275418298393128,0.05287032538000027,0.042063984655541856,0.043138673798410875
461,A6,0.19036145855273118,0.02158286403620858,0.02639505127626766,0.048686397098429396,0.7129742290363633
461,A7,0.15157501205156676,0.5664024350099801,0.13103700266200766,0.08879762510973055,0.06218792516671477
461,A8,0.3542098729282826,0.303663832289747,0.09003686428081663,0.06016552901706394,0.19192390148408978
462,A1,0.25326601356091627,0.013447889542646103,0.009916206369935525,0.026508621566204243,0.6968612689602978
462,A2,0.49866850840099386,0.056068713211349194,0.02540641491814986,0.03612208436145728,0.3837342791080498
462,A3,0.393840071837463,0.025031729228914154,0.031716200544581595,0.06569846824980795,0.4837135301392335
462,A4,0.33901153875208595,0.018055236053632802,0.014198096668410251,0.014389121898475023,0.6143460066273959
462,A5,0.13345616242414393,0.7271261682288788,0.05465587072801272,0.04184641469904883,0.04291538391991584
462,A6,0.18999955779680894,0.02152297175336358,0.026239877699496532,0.04807639736565491,0.7141611953846759
462,A7,0.15327239253263764,0.5667095206961387,0.12905188777641843,0.08975960231090443,0.06120659668390075
462,A8,0.35235838274973796,0.3039723054847168,0.090969799592101,0.05976629001295888,0.19293322216048542
463,A1,0.2541129089854361,0.013660075286688755,0.009772683666837778,0.025915997869458262,0.6965383341915794
463,A2,0.497111988444801,0.05553721694605498,0.025078666861886135,0.03570840167099266,0.3865637260762651
463,A3,0.390523691610993,0.022766670318381498,0.03367548250668179,0.06673208801555847,0.48630206754838523
463,A4,0.33714827641361905,0.01465969718710104,0.014600947152634495,0.014357601033604802,0.6192334782130405
463,A5,0.13283902707990414,0.7280700270933698,0.053082359011358084,0.04282379919995724,0.043184787615410676
463,A6,0.19162965467873522,0.0221001670671107,0.026115247417644368,0.04855170340390638,0.7116032274326034
463,A7,0.15487673455195677,0.5650153998522721,0.12811569786823715,0.0902419310444906,0.06175023668304334
463,A8,0.3516246925971458,0.30640629443505374,0.0900375953539393,0.06026656004027821,0.191664857573583
464,A1,0.2567503887416823,0.013617597160745764,0.009973508775795838,0.025993236665782182,0.6936652686559939
464,A2,0.5006693339007195,0.054930323226955895,0.025155669128296754,0.03568537765524219,0.3835592960887857
464,A3,0.39076158620807727,0.023604373759838863,0.033333269173513876,0.06616997284134214,0.4861307980172278
464,A4,0.33657407143235735,0.015828984392175,0.014032027013960717,0.014515071239617346,0.6190498459218898
464,A5,0.13377673022673758,0.7266822084611377,0.05371992809464594,0.042512698523110085,0.04330843469436857
464,A6,0.1905900310977979,0.022150202789172638,0.02640502082549089,0.04825566467381761,0.7125990806137209
464,A7,0.1546725644895995,0.5615150969368207,0.13008302174931433,0.09132982815054114,0.062399488673724364
464,A8,0.3536548890868229,0.30185254059263483,0.08973437921434677,0.061009938925284446,0.19374825218091118
465,A1,0.2528380574847221,0.013402652320935576,0.010213053912629024,0.026335605545120905,0.6972106307365925
465,A2,0.4990562071532254,0.055512585044521515,0.02479515459944947,0.03592958524690716,0.3847064679558966
465,A3,0.3903384945160264,0.023869196924131898,0.03274698438178269,0.06715939433436455,0.4858859298436944
465,A4,0.3355892190648435,0.016256149220741416,0.014361469385369715,0.014290624713328941,0.6195025376157166
465,A5,0.13227009002617066,0.727839686800775,0.05384022927654969,0.04276916412936048,0.04328082976714386
465,A6,0.18884987160700145,0.021513342858435057,0.026025768150041623,0.04847487121435182,0.7151361461701701
465,A7,0.1522596968003558,0.5641921518391184,0.13034706786294553,0.09063022562819267,0.06257085786938762
465,A8,0.3522718942436068,0.30377180118747865,0.0904206097193759,0.05967983539881214,0.19385585945072653
466,A1,0.25369947876798216,0.013644993859875628,0.010155466599146774,0.02646685355013061,0.696033207222865
466,A2,0.49795369764834596,0.05580422794137632,0.025368306028782376,0.03597920187554736,0.38489456650594805
466,A3,0.3891993993086551,0.022886259913666933,0.03278811423304412,0.06647500027114865,0.48865122627348523
466,A4,0.33473430664383536,0.014812170166158323,0.014162160214450792,0.014438999123027957,0.6218523638525275
466,A5,0.1335437118997795,0.7271630930355942,0.05254531701005867,0.04358384529513897,0.04316403275942853
466,A6,0.18763167539078132,0.022079612663368345,0.026572309565344027,0.04814086607865194,0.7155755363018544
466,A7,0.15310658436138938,0.5676596655277074,0.12747212193677482,0.0902889272918666,0.0614727008822618
466,A8,0.35229990031612757,0.3055499317602113,0.09013454389590903,0.05973112918530711,0.19228449484244498
467,A1,0.2548860101712666,0.013901479908970055,0.009804098523128078,0.02620453197285768,0.6952038794237776
467,A2,0.4969434198446014,0.05545559606519955,0.02530447239810862,0.03593898416500143,0.38635752752708896
467,A3,0.3901807913877028,0.023186061957867744,0.033442449145601245,0.06584043623209669,0.48735026127673137
467,A4,0.3351559131097081,0.014894785775367025,0.014272462941717277,0.01414544307527698,0.6215313950979305
467,A5,0.1314564858665934,0.730540414033857,0.05324578199079813,0.043033341409621596,0.04172397669912983
467,A6,0.18884029676800715,0.021217849194258422,0.025889700091198297,0.04877489802557533,0.7152772559209607
467,A7,0.15327305685646792,0.5640699419023166,0.13010251191525712,0.0899640336333787,0.06259045569257965
467,A8,0.35228430321801313,0.3035592955231416,0.0902622508861689,0.060037108166401176,0.19385704220627537
468,A1,0.25307762890923435,0.013662323295009866,0.009956353918721513,0.026801269239671265,0.6965024246373629
468,A2,0.4987508693821915,0.05514245300704888,0.025034925668104432,0.035266743642782386,0.38580500829987296
468,A3,0.3909635598395825,0.023438910830522672,0.033009731753198636,0.06591526930104669,0.48667252827564966
468,A4,0.33681622096407937,0.01591256561973623,0.014441116075864483,0.014180891950129745,0.6186492053901904
468,A5,0.1318903510796327,0.729060201182924,0.053841287416435755,0.04233592023784027,0.04287224008316705
468,A6,0.18877722308428166,0.021827942780992815,0.026103401124183225,0.04917481366783238,0.71411661934271
468,A7,0.15253982615103592,0.567032226467576,0.12898679979393712,0.09049487181264933,0.06094627577480168
468,A8,0.35154862691436006,0.30523043409643175,0.09059062524584677,0.06014838830888704,0.19248192543447448
469,A1,0.25507011850429345,0.013485437687441502,0.00965546841115083,0.02615139670420939,0.6956375786929047
469,A2,0.49697308841578736,0.05584239502337876,0.025146368102363877,0.03672480664113859,0.38531334181733157
469,A3,0.3919827331235292,0.024901776633607046,0.03278693903657493,0.06614494157014854,0.4841836096361404
469,A4,0.3381475856587635,0.017430543264567236,0.014085338316757904,0.014371540308274562,0.6159649924516367
469,A5,0.13247498025398263,0.7289426857644069,0.05361455515797664,0.04193749522418719,0.04303028359944657
469,A6,0.18959890295788095,0.021910918498396447,0.02649776945105791,0.047727904333280995,0.7142645047593839
469,A7,0.15289885938575454,0.5656720168063305,0.1298640111849466,0.0901737554507812,0.06139135717218729
469,A8,0.35144728545829884,0.30587523160719793,0.09181805364945747,0.05990341122982053,0.19095601805522525
470,A1,0.25483166795519085,0.013479300331758853,0.010124602333898383,0.026125860612215553,0.6954385687669361
470,A2,0.49771838225367565,0.05546604155849046,0.0256023748366798,0.03583877431301074,0.3853744270381433
470,A3,0.39199978089085913,0.02309611635018576,0.03268136259225942,0.06659242028002008,0.4856303198866756
470,A4,0.33823319942807384,0.015330855089451298,0.014353962354415994,0.014097380736202512,0.6179846023918563
470,A5,0.1328572413789184,0.7274900942838903,0.05355364472306271,0.04270442380207607,0.043394595812052426
470,A6,0.18966488579092428,0.02184989160531494,0.026166864899100115,0.04828069772619151,0.7140376599784692
470,A7,0.15375559592362548,0.5643395374407169,0.13209778924515972,0.08809614029204957,0.061710937098448375
470,A8,0.35329114260165523,0.3037367291926773,0.09070947179758886,0.05989634702008921,0.19236630938798963
471,A1,0.2545774318584767,0.013356554720307704,0.009994467887254502,0.026793795859906353,0.695277749674055
471,A2,0.5008478378220438,0.05605919710555576,0.024778962463063003,0.03586260176046821,0.38245140084886936
471,A3,0.39192378462143784,0.023697497099210298,0.03294796466320003,0.0658785145640254,0.4855522390521264
471,A4,0.33832112947182325,0.01613021094346129,0.014286855552744006,0.014175919775325417,0.6170858842566461
471,A5,0.1324442674242256,0.7286005696118525,0.05346576894345086,0.04282478454036779,0.04266460948010362
471,A6,0.18712186025947034,0.022322379415270842,0.0259908619911916,0.04782537079692903,0.7167395275371383
471,A7,0.1535801538113787,0.5626109160415487,0.128906743458113,0.09284293795361256,0.06205924873534699
471,A8,0.3544916545999947,0.30130576689440225,0.09043067750910849,0.060673592905452586,0.19309830809104198
472,A1,0.2536974518086741,0.013438290538405161,0.009889976682233166,0.026473270230875375,0.6965010107398122
472,A2,0.49685903850807683,0.05559010942362958,0.025061411285408005,0.0362399034569363,0.38624953732594913
472,A3,0.3916223749343288,0.025171361958324482,0.03286802113807849,0.06615438192593587,0.4841838600433323
472,A4,0.33728898613168723,0.01690548556663397,0.013915608219790985,0.014303952647006846,0.617585967434881
472,A5,0.1337226818149736,0.7269631843585032,0.052249581652327126,0.04313940756819528,0.043925144606000895
472,A6,0.18997054060544308,0.022095353588709794,0.026068406461228842,0.04875135357087124,0.713114345773747
472,A7,0.15297261180043442,0.5650945348969415,0.12932036556148313,0.09106694939819415,0.06154553834294671
472,A8,0.35169902055694957,0.30374080330801595,0.09156737001456458,0.060764262531089734,0.19222854358938007
473,A1,0.25369127991321744,0.014136468291560714,0.009978654543364352,0.026576955466631375,0.6956166417852259
473,A2,0.500293243521596,0.05546625020775839,0.024710721889604742,0.03523078596735736,0.3842989984136835
473,A3,0.39057045308773713,0.025791692649656566,0.03238508398643576,0.06663591643863041,0.4846168538375403
473,A4,0.336454388276813,0.01879182134386715,0.014105525414675807,0.014459322616166396,0.6161889423484777
473,A5,0.13300540620046633,0.7280906740296398,0.05340416209728268,0.0432203525127324,0.042279405159878804
473,A6,0.18978686341775508,0.021800016404620513,0.026071207084467727,0.048943919718274644,0.713397993374882
473,A7,0.15267539602391272,0.564244935439163,0.13012379233184368,0.09190757681913944,0.06104829938594115
473,A8,0.35297588821050546,0.3047262742958008,0.08984509115932207,0.061072880967087385,0.1913798653672842
474,A1,0.25390589995967616,0.013599251072667753,0.009633766982861999,0.026223106130522762,0.6966379758542715
474,A2,0.5014583749378498,0.05551794749522734,0.024994595223178998,0.035600284551182436,0.38242879779256117
474,A3,0.38838837522443975,0.02493232441092759,0.033026550516812435,0.06572422457265162,0.4879285252751686
474,A4,0.33365141698284784,0.01706574828277465,0.014119156085180095,0.014294772822404673,0.6208689058267927
474,A5,0.1325984215031644,0.7275091032796471,0.054069872033881576,0.0429589204189984,0.042863682764308374
474,A6,0.1885538215822926,0.021956364903606772,0.026179662721481017,0.04792268001608004,0.7153874707765395
474,A7,0.1543243868123503,0.5656796963326676,0.1276974996638827,0.09076027576752252,0.061538141423576866
474,A8,0.3544585254729327,0.30523965728551533,0.08901486614141486,0.05913069206090026,0.192156259039237
475,A1,0.25441728089296556,0.013684237953203443,0.009933646106960532,0.026867341088867354,0.6950974939580031
475,A2,0.4991393603890053,0.05556283311122026,0.02525543665536208,0.03673159613642725,0.3833107737079854
475,A3,0.3914265572967908,0.02129775748147938,0.03288997028191686,0.06586274460020983,0.48852297033960296
475,A4,0.33756061652411035,0.01291020704552867,0.014277211713392763,0.014185265741237534,0.6210666989757306
475,A5,0.1325989879840959,0.7284809289703205,0.05383894177472215,0.04256840459446423,0.04251273667639735
475,A6,0.18977184932282204,0.02245600287393424,0.026563971190719057,0.048881619151078234,0.7123265574614465
475,A7,0.15423036746037502,0.5637756022895922,0.1291616333360374,0.09127616517967466,0.06155623173432087
475,A8,0.3553801068529858,0.3016945340505514,0.08961700359133476,0.061467085095242485,0.1918412704098855
476,A1,0.2536103786022183,0.013492085681319264,0.009940004164096716,0.02658113924839725,0.6963763923039685
476,A2,0.49701725083569925,0.056279690867377746,0.025550481831695396,0.03611159766656434,0.3850409787986631
476,A3,0.391139582622195,0.024982952056278866,0.03328795463866977,0.06589155292512944,0.4846979577577269
476,A4,0.3381401991415908,0.01731081495272991,0.014255475774177153,0.014339618520836261,0.6159538916106659
476,A5,0.13185705394594519,0.7286540288312728,0.05290833505109143,0.0431303242121722,0.04345025795951866
476,A6,0.191808003494381,0.02211276880977709,0.026213154400688166,0.048586871661206336,0.7112792016339472
476,A7,0.1521067812274793,0.5676975150530049,0.12971183271968917,0.08975188436578337,0.06073198663404336
476,A8,0.3551187928628001,0.30334304955162145,0.09077884120427905,0.059805463950493874,0.1909538524308053
477,A1,0.25343386230736514,0.01385959131984409,0.009924379350236583,0.02651160024631071,0.6962705667762433
477,A2,0.49961887602478217,0.0560013370393925,0.02528465938072012,0.03580003400674492,0.38329509354836006
477,A3,0.39244645927548866,0.02567015374348167,0.03288430305693372,0.06683965737130676,0.48215942655278893
477,A4,0.3374762830639515,0.018585481836745323,0.014207495002839588,0.014169266440682794,0.6155614736557807
477,A5,0.133897472894862,0.7264094205545184,0.05373607148184665,0.04226761699914551,0.043689418069627325
477,A6,0.18964958265269757,0.02202013032901448,0.026462456445116658,0.04851250236726685,0.7133553282059045
477,A7,0.15533224162203446,0.5645530676439073,0.1283272240891118,0.09030417440306732,0.06148329224187909
477,A8,0.3526439884989908,0.3056903452079873,0.08996066895633417,0.05984768770755314,0.19185730962913475
478,A1,0.255063722807152,0.01329718773039559,0.01024466157294703,0.02635471891284517,0.6950397089766601
478,A2,0.49890404395376725,0.05464307397956324,0.025262466090447612,0.0356113599778671,0.3855790559983548
478,A3,0.3900199998622899,0.02145475763450694,0.03305687363761346,0.06637855608522754,0.48908981278036223
478,A4,0.3350952086264533,0.013825985758055914,0.014107177881308592,0.014365222697988327,0.6226064050361937
478,A5,0.13328591816422494,0.7276084973507535,0.053709356397520454,0.042524042803859796,0.04287218528364117
478,A6,0.18837109459262094,0.022699671967093427,0.025920101422644524,0.04799087562939092,0.7150182563882502
478,A7,0.15163328700288597,0.569178932586076,0.12662561346603168,0.09145574727254864,0.06110641967245767
478,A8,0.35516832579019153,0.30237638828419117,0.09020180746904087,0.06016593987568457,0.192087538580892
479,A1,0.25259875633069967,0.01396659099959134,0.0103434050944598,0.02652432327549184,0.6965669242997573
479,A2,0.5013018530754325,0.05485035070697763,0.025139690946946843,0.03538277509824149,0.38332533017240167
479,A3,0.39051595348033297,0.02584215883855975,0.03269214955121462,0.0658278318030652,0.4851219063268277
479,A4,0.3351698254431078,0.01803841044727692,0.014438423055890983,0.014416884178361497,0.6179364568753627
479,A5,0.13424084098316658,0.7270639772802241,0.053812926963001786,0.04185426143595495,0.04302799333765269
479,A6,0.18749245699913103,0.022187025485201354,0.026561528674223407,0.048539411401479306,0.7152195774399649
479,A7,0.15230737483588397,0.5684658229389353,0.12724474834122526,0.08877707947073776,0.06320497441321761
479,A8,0.3542841746960584,0.3010605179262614,0.09015206906884751,0.06041740069811421,0.1940858376107184
480,A1,0.2536776103255202,0.013676956673499559,0.009972292395610831,0.026216567099697118,0.6964565735056724
480,A2,0.49887577925192456,0.05540122353949487,0.024949841994681556,0.03611468938383767,0.38465846583006136
480,A3,0.3920789382333423,0.02326639326351749,0.03324218037133484,0.06665646886269308,0.4847560192691123
480,A4,0.33725421158608176,0.015982679870138346,0.014123051588530671,0.014333421456111436,0.6183066354991377
480,A5,0.13313829696266297,0.7256340437661338,0.05447507203905308,0.043886827423976954,0.04286575980817305
480,A6,0.18932844826958675,0.021462845360850098,0.025998626189384914,0.04916797624826233,0.7140421039319159
480,A7,0.15351576715678797,0.563888707737347,0.1310416251606207,0.08979753695743806,0.06175636298780617
480,A8,0.35606981097109436,0.3016017913108959,0.09078822253738766,0.05975437889238264,0.19178579628823947
481,A1,0.25656060026427496,0.01367494304203499,0.009877671654130253,0.026540791741509223,0.6933459932980507
481,A2,0.49554504786664405,0.05524555313296095,0.02565887962443994,0.0356016822263647,0.3879488371495903
481,A3,0.3907896068717385,0.025718812127271482,0.032968305124082324,0.06533426991633692,0.48518900596057085
481,A4,0.33539055267559825,0.019598915017795232,0.014171027097905433,0.01447680888895312,0.6163626963197479
481,A5,0.13372802397306602,0.725494857595568,0.054031842390790515,0.042761012099880376,0.04398426394069529
481,A6,0.18807947826910643,0.022679070912093292,0.02688282844208589,0.04776914684858171,0.7145894755281328
481,A7,0.1542867520049119,0.5646020760747372,0.12820949270733215,0.09103527015136528,0.061866409061653235
481,A8,0.35269499457798453,0.3045517221604813,0.0905028867132586,0.060244275615986345,0.19200612093228908
482,A1,0.25337678311342815,0.013938305905966284,0.009944709408544555,0.02625934701928979,0.696480854552771
482,A2,0.49731412815089143,0.05554586684266048,0.025668767614246125,0.03628608112925511,0.3851851562629468
482,A3,0.39253618270637963,0.023849434562814197,0.03278622836496712,0.06615860404714517,0.4846695503186937
482,A4,0.33924106102461626,0.015607382709547032,0.013917647370983652,0.014271129445203284,0.6169627794496495
482,A5,0.13130809723290357,0.7267539612178051,0.05494022868529659,0.04364130471903217,0.0433564081449626
482,A6,0.1889886093953104,0.021987991050282013,0.02679755122127955,0.04882382577936422,0.7134020225537638
482,A7,0.1542514856503984,0.5653371526829989,0.12880776564282914,0.09010369255629201,0.06149990346748154
482,A8,0.35436916409221403,0.30437228943336025,0.08986597420566388,0.059937935357165524,0.19145463691159662
483,A1,0.25479188232009,0.013769421174987697,0.01037410019846959,0.02652555948537865,0.6945390368210739
483,A2,0.49751230888432146,0.055725846168000706,0.025201208275233207,0.035764958393094126,0.3857956782793505
483,A3,0.3899640704349099,0.02310096771107633,0.03313864534165778,0.06651951634463266,0.48727680016772346
483,A4,0.33643902248606916,0.015548315705697507,0.014298177744144753,0.014155050220269316,0.6195594338438192
483,A5,0.13413365735841712,0.7252710272770558,0.054439346954213326,0.043426894112075634,0.04272907429823801
483,A6,0.1896485602381612,0.022080836159884914,0.025788865591695874,0.04845416550093873,0.7140275725093194
483,A7,0.1522507348970609,0.5678398495808669,0.1290504237921308,0.08907848401262186,0.061780507717319674
483,A8,0.353112227106758,0.30301852206170954,0.09067311785021043,0.06080367495577327,0.19239245802554863
484,A1,0.2542374987347821,0.013734266859116297,0.01008520536859501,0.026385192701187183,0.6955578363363194
484,A2,0.49945085033705067,0.056093583673652185,0.025445373754902065,0.03630030468649518,0.3827098875478999
484,A3,0.38927110840623746,0.02609686977765549,0.03305952805518495,0.0672727549462996,0.4842997388146225
484,A4,0.3349779011313815,0.01942847423250585,0.01401579973010961,0.014244145193819483,0.6173336797121834
484,A5,0.1319735081709181,0.7295977864155724,0.053255075423543574,0.04289486771713462,0.04227876227283112
484,A6,0.19186627519827892,0.021867795074365953,0.025923869206796533,0.048264737661321784,0.7120773228592369
484,A7,0.15418145141398673,0.5666606020679432,0.12795911449844838,0.08977446398204261,0.06142436803757907
484,A8,0.3564171524463402,0.30222312508993465,0.09059983113942782,0.05946563556383096,0.1912942557604664
485,A1,0.2555910278501745,0.01374454051368354,0.009845046178111284,0.02618962383995679,0.6946297616180738
485,A2,0.49778583470554577,0.055515577500829714,0.024715499018858344,0.0364749062792008,0.3855081824955653
485,A3,0.3925704759893046,0.023570878312049192,0.033455882508601036,0.06651941421913396,0.4838833489709112
485,A4,0.33898340293792295,0.015820056886431722,0.01391359787027023,0.014357518262876776,0.6169254240424982
485,A5,0.13331488521137455,0.7271526277988899,0.053449966049110814,0.043458464993265784,0.042624055947358575
485,A6,0.18683095870935568,0.022235440576461256,0.026254155456511954,0.04793751152407675,0.7167419337335943
485,A7,0.15299565331269802,0.56842174433854,0.12671767428862177,0.09048298096859755,0.06138194709154235
485,A8,0.3519189288543745,0.30292416379181814,0.09069020619758386,0.05927917578761139,0.1951875253686121
486,A1,0.2543045052442976,0.013773423171529164,0.010078623596835942,0.02663453728336859,0.6952089107039687
486,A2,0.49567702640283956,0.055013476511963436,0.025586239785385684,0.03610436758791883,0.38761888971189257
486,A3,0.39119174317581523,0.023661162470575703,0.03328923678523696,0.0660283683958708,0.48582948917250146
486,A4,0.3365941773405022,0.0160037596433166,0.014360767802638287,0.014693545515478091,0.6183477496980647
486,A5,0.13206460010864646,0.7283050423168145,0.05327361309765686,0.04265804607313209,0.04369869840375014
486,A6,0.18857007470205028,0.022319148061353575,0.025641838380469996,0.04837709401387767,0.7150918448422486
486,A7,0.15481113087233447,0.5649414488975762,0.12893682327738037,0.0886235396704223,0.06268705728228666
486,A8,0.3546546410876689,0.303780717121855,0.08986109280716684,0.05958006880079972,0.1921234801825095
487,A1,0.25283034572672713,0.013736771640763272,0.00952245432132283,0.026357635321860473,0.6975527929893263
487,A2,0.4976524622126046,0.05478975960864035,0.025594871798255727,0.035807840164159395,0.3861550662163398
487,A3,0.39239439175802127,0.02422409006982444,0.03208987299835481,0.06648092266460534,0.48481072250919416
487,A4,0.3393466409468522,0.01627112814359288,0.014033958582119054,0.014469701661342227,0.6158785706660937
487,A5,0.13302546409138272,0.7277765955680753,0.053462505461651176,0.0427702158944699,0.042965218984420926
487,A6,0.19015814501833533,0.022218434882472705,0.026470065564569215,0.04854154635526364,0.712611808179359
487,A7,0.15354982890854593,0.5680207725900679,0.12675986057221927,0.08999130254971634,0.061678235379450524
487,A8,0.35554887991205825,0.30344520546788784,0.08898243697226421,0.059948155973214234,0.19207532167457558
488,A1,0.25405502025329696,0.013584262413083335,0.010286996665555477,0.02645441019472531,0.695619310473339
488,A2,0.4981703100110334,0.05530873441786869,0.024919339065568435,0.03628648079868248,0.3853151357068471
488,A3,0.3906043676071255,0.022905973282959492,0.0327304440967984,0.06607831724701445,0.48768089776610213
488,A4,0.3364057008938414,0.014858893599885072,0.014112539103665616,0.014324028717752296,0.6202988376848555
488,A5,0.1333605785939208,0.7270090364720764,0.05367239735527243,0.043336709515921376,0.04262127806280904
488,A6,0.18941343075897532,0.022339967440453228,0.026011660788680238,0.048537701189279914,0.7136972398226111
488,A7,0.15299056667154978,0.5680450803339065,0.12857815218819685,0.08961633762061816,0.06076986318572865
488,A8,0.35252470982640804,0.30643248197610085,0.08967806901110212,0.060165926060583394,0.1911988131258056
489,A1,0.25351704743109804,0.013669546069122736,0.009950305759142186,0.026489116800601176,0.6963739839400358
489,A2,0.49683922739478176,0.055404086133445864,0.025266899511184424,0.0358532826979992,0.38663650426258855
489,A3,0.39082492072813846,0.024591332849707555,0.03237645671355119,0.06628734474617239,0.48591994496243057
489,A4,0.3366578874296138,0.017167427782681228,0.014014290814724344,0.014221692164183453,0.6179387018087973
489,A5,0.13231846984738901,0.726581830225107,0.05436061275194169,0.04331103802746757,0.04342804914809501
489,A6,0.1900704421435792,0.022391542924987785,0.026206283234533514,0.04818724650546058,0.713144485191439
489,A7,0.1542915308254539,0.5649211474029119,0.12965011915950136,0.08922665295731051,0.06191054965482221
489,A8,0.35437688783300064,0.30344987525909956,0.09036089880748521,0.058820960253245985,0.1929913778471688
490,A1,0.2554392709094829,0.014043440501581413,0.009942049890738732,0.02656520378657125,0.6940100349116257
490,A2,0.49664637756991764,0.05537392508152487,0.025351350737797002,0.036054738711116814,0.38657360789964357
490,A3,0.3908823140615503,0.0238761128484511,0.03268203615310911,0.06589756288615904,0.48666197405073036
490,A4,0.3368478282295465,0.01675032655672497,0.013863936131360843,0.014313362590038223,0.6182245464923294
490,A5,0.13341320162610695,0.7262094251625342,0.05466895308911529,0.042449659082181034,0.04325876104006267
490,A6,0.19009555326516478,0.022798395487720113,0.02684992054583868,0.048189638694152506,0.7120664920071239
490,A7,0.1522516818874397,0.5628758921423774,0.1312432860346377,0.09216669268970142,0.06146244724584399
490,A8,0.35285044279653166,0.30315025215873775,0.09145824477014447,0.0607963885141824,0.19174467176040363
491,A1,0.2532795523303771,0.013623442542533294,0.009920141208228293,0.026154114469081734,0.6970227494497794
491,A2,0.4976213250318925,0.05468201475817806,0.02532978638013776,0.03597140304317744,0.38639547078661435
491,A3,0.38931443345695543,0.02459065158421227,0.03321906637278427,0.06620044270134416,0.48667540588470365
491,A4,0.33521635142952566,0.0169813226443545,0.014121391219155278,0.014672604162445655,0.6190083305445191
491,A5,0.13493644036921537,0.7250062799712335,0.0538154122827214,0.042454285177321846,0.04378758219950772
491,A6,0.19009097461756397,0.0223962185933115,0.026073560629708274,0.0486348851763892,0.712804360983027
491,A7,0.15226453382864413,0.5639132470109606,0.13064186379342324,0.09091779397700968,0.06226256138996247
491,A8,0.35351410049204557,0.3013898152063566,0.09048904700212648,0.06098976092706783,0.19361727637240359
492,A1,0.2530615546615309,0.013604965273616508,0.010115819788923687,0.02690954482802096,0.696308115447908
492,A2,0.500447402471374,0.055398325411499874,0.02498387771989793,0.03590918525984375,0.3832612091373844
492,A3,0.3871733904843167,0.025568497200810208,0.033132244267113586,0.06598884626166995,0.4881370217860896
492,A4,0.33244971727024375,0.018088476104136435,0.01396475623006549,0.014135756409571805,0.6213612939859826
492,A5,0.1339990588061164,0.7262684634070229,0.05339576113740541,0.04359637854036273,0.042740338109092495
492,A6,0.1890559909229538,0.021634711944346855,0.02639559276917953,0.04818913061012238,0.7147245737533977
492,A7,0.15448169868120387,0.5632881242190658,0.12917099221787073,0.09112002625058442,0.06193915863127531
492,A8,0.3531823193205427,0.304398414263023,0.09050095942217479,0.05905039834748368,0.1928679086467759
493,A1,0.25351776291935585,0.013665679412856997,0.009722918054995967,0.02647129765975601,0.6966223419530353
493,A2,0.4987144143489664,0.05590545734605741,0.025270133487361904,0.035252157130714265,0.38485783768689985
493,A3,0.39018743579355025,0.02475797358036216,0.033481503822689905,0.06582755620015909,0.4857455306032385
493,A4,0.33511776974437696,0.017442199845507482,0.014214826765735256,0.014032306468207934,0.6191928971761723
493,A5,0.13245209925235077,0.727060934702441,0.05440598942049762,0.043209274500701146,0.04287170212400933
493,A6,0.19236222773352696,0.022027394184835652,0.02691561334985758,0.048872168819985184,0.7098225959117946
493,A7,0.15445040955560727,0.5646122755143521,0.12911402923221527,0.08995139685725403,0.06187188884057138
493,A8,0.353763473037318,0.3036452151914847,0.08994976235536077,0.06062036289536588,0.19202118652047048
494,A1,0.25454452102374037,0.01376629917832956,0.010232367563566932,0.026442154241989906,0.6950146579923733
494,A2,0.49427854961821904,0.05547825238778982,0.025295838628051324,0.03560918150891152,0.3893381778570285
494,A3,0.3875307584246017,0.023088932420261787,0.03289401834606261,0.06655654451036487,0.4899297462987091
494,A4,0.33299961973489633,0.01526504088338469,0.014344113702846556,0.01415607563310149,0.6232351500457711
494,A5,0.13250878746480171,0.7275216551322276,0.0537564947157242,0.04216981620740156,0.044043246479845234
494,A6,0.18708561543680696,0.021940634807997534,0.02592347214499614,0.04819327901658741,0.716856998593612
494,A7,0.1533086520825007,0.5647765382726659,0.1295698854953523,0.09063580982743703,0.0617091143220437
494,A8,0.35611548240686125,0.3017375851328117,0.08984343683278176,0.05913973640635488,0.19316375922119045
495,A1,0.2562710927854742,0.013418272912561278,0.009608040055958684,0.02640086704362753,0.6943017272023784
495,A2,0.49740364120667346,0.05453954512389751,0.025226679165952996,0.035628375995922994,0.387201758507553
495,A3,0.39288669891201633,0.02578905035297137,0.032842193260919986,0.0659518490803179,0.48253020839377464
495,A4,0.3395442642167955,0.01851547675082084,0.014267401655826337,0.014075103840205364,0.613597753536352
495,A5,0.13204806148543466,0.7296887486540292,0.052564945317036434,0.04253593452750063,0.04316231001599898
495,A6,0.18870137801090425,0.022116077254651083,0.026281383231661213,0.04854024502320538,0.714360916479578
495,A7,0.1534663243416025,0.5664660907778646,0.128577137851543,0.08979346656926569,0.0616969804597241
495,A8,0.3530176022436535,0.3039239142584455,0.09101215453896531,0.05988922701137791,0.19215710194755786
496,A1,0.25278073422624264,0.013759906709678294,0.009947008362978751,0.026074963434714146,0.6974373872663862
496,A2,0.4997287334637951,0.05598837164557792,0.025081846190911795,0.0359951568171751,0.38320589188254006
496,A3,0.3883049700907267,0.02496391217321043,0.032701023433195024,0.06638553288680453,0.4876445614160634
496,A4,0.33436329831907485,0.01753942533867721,0.014018454770670395,0.014486745090934297,0.6195920764806431
496,A5,0.1327843761927285,0.7283220387751207,0.054092371542971404,0.04261906933142348,0.04218214415775597
496,A6,0.18934513276162454,0.021816687622535497,0.026413262545722953,0.04833544875392517,0.714089468316192
496,A7,0.15353790265503783,0.5636446287404933,0.12979221579725858,0.09072128790518175,0.06230396490202841
496,A8,0.35198495926364115,0.302584706274236,0.09131544818782704,0.05986192235996087,0.194252963914335
497,A1,0.2529483701719558,0.014001801639908483,0.009942923149912424,0.02614022868877569,0.6969666763494475
497,A2,0.49898029970151003,0.05577654307342329,0.025015910179211655,0.035489310217045454,0.3847379368288096
497,A3,0.3910748702959395,0.025736874384368114,0.03318070802463355,0.0661348091594162,0.4838727381356425
497,A4,0.3374018410907607,0.018113320049623908,0.014016732259807926,0.014240071980268441,0.6162280346195391
497,A5,0.13271601733299485,0.7285695949009224,0.053204232594063226,0.04262232574990579,0.04288782942211361
497,A6,0.18917464367572157,0.0218671815114907,0.026113549973948647,0.04788017220718372,0.7149644526316555
497,A7,0.15310564312737868,0.5683262655421885,0.12561132849995676,0.09069538178197192,0.06226138104850415
497,A8,0.3515549720081456,0.3055118085344304,0.09002973683576762,0.05942892472125083,0.1934745579004056
498,A1,0.2553456612037614,0.0137078858177776,0.009798427467743663,0.026368359925033738,0.6947796655856836
498,A2,0.49869207327702453,0.055344125901729255,0.02540615510429543,0.0358301340569493,0.3847275116600016
498,A3,0.3928350650867586,0.023266194349187037,0.03333107310647979,0.06536271733307905,0.4852049501244954
498,A4,0.33904230105297717,0.014986954945902407,0.01413837028187519,0.014093302777582702,0.6177390709416625
498,A5,0.1324825269616433,0.728208411595203,0.05445571417269284,0.04276835482812944,0.04208499244233134
498,A6,0.1876254047026018,0.022468548159566767,0.026208847081236865,0.04847471561905448,0.71522248443754
498,A7,0.15306319229941523,0.5669526616680879,0.12808912086702096,0.09011969352042445,0.061775331645051466
498,A8,0.35325608800507663,0.3038922081125098,0.08963768213361309,0.059348674104641355,0.19386534764415894
499,A1,0.2559382046357331,0.014032727074043794,0.010057203051856813,0.026127957518931443,0.6938439077194348
499,A2,0.497143600778542,0.05584936998341052,0.025022250157891075,0.03597898238349439,0.3860057966966619
499,A3,0.39376457030763445,0.02434915706082143,0.03284807421942031,0.06627739589873796,0.48276080251338566
499,A4,0.34025747400049544,0.016541015702426522,0.014337044740366588,0.0141464996694376,0.614717965887274
499,A5,0.13322616398552534,0.7249302274987038,0.054353466683986267,0.044088483189140465,0.043401658642644114
499,A6,0.18981150987659762,0.02239047813842497,0.026001180688980094,0.04789467283726199,0.7139021584587353
499,A7,0.15439780102812192,0.5649593379547857,0.12791157479219176,0.09051589456068593,0.06221539166421469
499,A8,0.35373045192795644,0.30330233597130407,0.09047392969228013,0.05958685699012549,0.19290642541833386
500,A1,0.25558819083931766,0.014033410373090357,0.009758106280486747,0.026336754202554043,0.694283538304551
500,A2,0.4963528958512398,0.055731864210370755,0.025353468287330615,0.03588530659979342,0.3866764650512654
500,A3,0.39272866685695645,0.023785286683308364,0.03311057141365786,0.0665677101856691,0.4838077648604082
500,A4,0.33819405718480067,0.015713231987308767,0.014159394050327508,0.014545557003195656,0.6173877597743676
500,A5,0.1344756191074001,0.725828457652841,0.053667700426107766,0.04225495657397427,0.04377326623967706
500,A6,0.1874638976922062,0.022013210112715155,0.02594389997441301,0.04824128897728652,0.7163377032433791
500,A7,0.15534757869110807,0.5608844663949822,0.12946261944003487,0.09171105025936521,0.0625942852145095
500,A8,0.3533877332058486,0.30164265117407313,0.09032194493099155,0.0604624478541991,0.19418522283488754
