样本,通道,送端,受端,到达碳流_kt,通道线损碳_kt,到达电量_GWh,送端电量_GWh
1,E01,A1,A2,62.12824187007961,1.3770794094817713,104.23961625266847,106.55848121506563
1,E01,A2,A1,94.80157563034129,1.9480954478072106,156.20972628907685,159.5172884694204
1,E02,A1,A3,1.0911131376940735e-17,2.742616176631326e-16,1.873833621995294e-17,4.844156327625161e-16
1,E02,A3,A1,39.27122804589173,0.604812508697989,66.1841604748835,67.23551663213864
1,E03,A4,A2,967.1160349962447,26.301727071935378,1544.3026368713688,1586.3166220201397
1,E04,A2,A5,349.75101321402707,4.350018373711314,548.2402585638835,554.9572242156737
1,E04,A5,A2,24.53492845535485,1.5435041793142084,335.25242453501414,356.7849607465422
1,E05,A4,A3,4383.045659529818,80.29013812473251,7028.684449771352,7158.8491004413345
1,E06,A3,A6,0.0,3.1310746425733286e-14,0.0,5.238389961865985e-14
1,E06,A6,A3,92.93950705245788,2.1870828244462563,186.0196800476598,190.38983677002517
1,E07,A4,A6,7.166110210737551e-17,0.0,1.151337088362064e-16,2.5849967269126085e-17
1,E08,A5,A7,40.07705034158644,1.099732350337561,309.7796202466767,320.8320283646081
1,E09,A5,A8,10.125646332281942,0.41897584086445483,134.03447282507022,139.6631504472325
1,E10,A6,A8,775.2450485615931,23.136712192325774,1533.1349332815555,1579.2014663740579
1,E11,A7,A8,1.572450952372592e-19,2.2783460217772587e-19,1.7689745277283296e-18,4.34536819505793e-18
1,E11,A8,A7,324.15496890064367,13.105497568921844,711.7168666350371,740.9380712936786
2,E01,A1,A2,63.34705359696002,1.730310959680587,106.30145967584565,109.17892830648913
2,E01,A2,A1,93.26349700579837,1.7578238311030543,154.06589088733216,157.0607170029857
2,E02,A1,A3,0.0,4.474882166594926e-14,0.0,7.602793906333204e-14
2,E02,A3,A1,38.72648882299838,0.7828198710299179,65.06671561380782,66.36305504191441
2,E03,A4,A2,977.4937343088063,26.401482885719265,1560.5166051951912,1602.883174337987
2,E04,A2,A5,352.1586375824255,7.859075410251582,550.8210275221189,562.7917123572172
2,E04,A5,A2,23.60544260087465,1.1965797681214116,335.53232833639953,352.59535671355985
2,E05,A4,A3,4383.1154760694335,74.4896592449659,7024.015825868411,7143.248565029285
2,E06,A3,A6,7.552412409159876e-18,6.416224453468768e-17,1.2891651646977275e-17,1.1974298369696503e-16
2,E06,A6,A3,92.18509215159742,1.9591568501912269,185.23115893488364,189.16177538782154
2,E07,A4,A6,6.525215082093247e-18,7.440642961430675e-17,1.0560689498215653e-17,1.2967160489932649e-16
2,E08,A5,A7,39.789521492721434,1.1603505664205058,311.6499824164522,322.7823007118577
2,E09,A5,A8,9.738794949876569,0.42611278615735104,134.3053381271287,140.1337543812614
2,E10,A6,A8,778.3439012316508,23.574940476450237,1542.7195862212861,1589.6757749801238
2,E11,A7,A8,0.0,3.666333222001843e-17,0.0,4.1997354693112425e-16
2,E11,A8,A7,325.18952804180935,11.63891433486413,714.0215155585669,740.423944946802
3,E01,A1,A2,63.83618856356265,1.4736333691108257,106.8577466249443,109.35691163623794
3,E01,A2,A1,92.10623454645688,2.035926993693597,152.36651507046108,155.68490626049058
3,E02,A1,A3,2.5460411995485367e-16,4.491801473895749e-16,4.2861725545852116e-16,1.1599189095860633e-15
3,E02,A3,A1,39.2011709485978,0.8475520848634803,66.02432681565811,67.48879645143074
3,E03,A4,A2,970.3731487664953,25.945440894824255,1549.3041996570223,1591.0486747698287
3,E04,A2,A5,352.7216865445375,7.516582109221152,554.1420438809866,565.3935607655195
3,E04,A5,A2,25.051280520026182,1.3261051008997544,338.7183467435486,356.71497456057745
3,E05,A4,A3,4387.257928715409,87.27200276427547,7033.94053018106,7174.614315813654
3,E06,A3,A6,0.0,2.957885126434473e-18,0.0,4.890700101599936e-18
3,E06,A6,A3,92.85165502730882,2.793779160911842,185.39886092583413,190.9634196766786
3,E07,A4,A6,2.2807982884598242e-17,0.0,3.6234474904428294e-17,0.0
3,E08,A5,A7,40.16544332995537,1.9714165758948914,311.3503606044797,322.47710567892767
3,E09,A5,A8,10.235294231846344,0.40818846797301633,134.91549518761525,140.4279060889905
3,E10,A6,A8,783.6146533837943,22.771682871203012,1547.10467073814,1591.9527739549876
3,E11,A7,A8,1.5730958704230788e-19,1.952788403656925e-18,1.610497797558668e-18,2.2502887242307674e-17
3,E11,A8,A7,330.1248107310968,11.795345709572334,719.622393922155,746.2826963672868
4,E01,A1,A2,63.97293227402383,1.5217600003424523,106.95730108061423,109.52463557731684
4,E01,A2,A1,91.94395784755295,1.7105433373158148,151.40420380638227,154.3231972125177
4,E02,A1,A3,4.628533670222664e-15,7.889992061602828e-16,7.922519437170116e-15,6.081372479601011e-15
4,E02,A3,A1,39.040286219140654,0.7307026314808021,65.47524508218305,66.70377703690342
4,E03,A4,A2,970.5933958644773,25.36889592564921,1549.3355170312307,1589.8420578036248
4,E04,A2,A5,357.72930778124885,9.28325905451045,559.7787290127117,574.2952288081171
4,E04,A5,A2,24.235884938694703,0.9939870401854636,332.32066702743793,346.10467373563995
4,E05,A4,A3,4387.04191161284,80.84188748486694,7025.9097676905985,7156.222421743151
4,E06,A3,A6,1.2110235166976815e-14,2.6651852327112972e-14,1.990787262652882e-14,6.372053803504661e-14
4,E06,A6,A3,92.46189606145677,2.408851074375755,185.14914594433228,189.9660557987304
4,E07,A4,A6,2.0309689729453788e-15,3.5835721203525084e-15,3.2201753154062305e-15,8.668489887061267e-15
4,E08,A5,A7,40.98050333778719,1.438825415713941,314.78951197113156,326.621272797407
4,E09,A5,A8,10.28880605796856,0.4321928075304235,135.9168361804484,141.5249868798611
4,E10,A6,A8,786.9163435237546,24.239858462879408,1556.6229179325426,1604.5641516282885
4,E11,A7,A8,1.441442531223555e-17,9.878089233570729e-18,1.6121429533534677e-16,2.442039703371878e-16
4,E11,A8,A7,324.31240223682886,10.96895149625507,710.6256406309758,735.3803205903889
5,E01,A1,A2,62.398686936263296,1.7192942344389344,104.69743871779622,107.61750625195586
5,E01,A2,A1,93.6074798362942,1.8609891465832167,154.86592725367672,157.89289305690068
5,E02,A1,A3,0.0,1.737725609277035e-15,0.0,2.964123832613056e-15
5,E02,A3,A1,38.92300622063214,0.8380451863872437,65.36242052447166,66.77957493602167
5,E03,A4,A2,964.0697632963804,26.061867647138588,1540.6465681986188,1582.679676524636
5,E04,A2,A5,357.52723188750826,8.15964661696174,559.9248641100766,572.7991592682267
5,E04,A5,A2,24.23341585199799,1.2815439245675526,334.1337305493528,351.8760409611467
5,E05,A4,A3,4395.658454674549,83.17216795417379,7045.82745534763,7180.8257041831675
5,E06,A3,A6,3.3726041468614075e-16,1.1676402571720941e-15,5.528409601966244e-16,2.464720542488256e-15
5,E06,A6,A3,93.2287706984821,2.1289887705418424,186.6362545990832,190.89782977064482
5,E07,A4,A6,1.5912107027577063e-16,2.346485510350271e-16,2.5076272987036674e-16,5.642055028405487e-16
5,E08,A5,A7,40.5270816408492,1.3306666447110973,315.3987363109009,326.3628622328041
5,E09,A5,A8,10.145793099531883,0.43677641585097376,135.54101282025786,141.41847465656932
5,E10,A6,A8,774.2637350507603,23.520884033979378,1535.0963107494856,1581.7675795059936
5,E11,A7,A8,0.0,5.763423332773344e-15,0.0,6.475479253293143e-14
5,E11,A8,A7,323.22343664159075,12.474099696742728,711.9365951226995,739.5885969731157
6,E01,A1,A2,63.12997989513576,0.844857317009948,105.99230052597997,107.41998674360876
6,E01,A2,A1,92.95161618796931,2.8421111470515545,153.36467503529667,158.24362408444887
6,E02,A1,A3,7.365827041616152e-16,4.5722875476432186e-17,1.247540699799733e-15,9.524284538271731e-16
6,E02,A3,A1,38.669155052105786,0.7233997172019531,65.06522932659657,66.26660738264304
6,E03,A4,A2,973.4951999236898,24.44541550020406,1553.163355461553,1592.4801569090805
6,E04,A2,A5,355.01944348948405,7.927030259855539,556.3967885253769,568.9270509568889
6,E04,A5,A2,24.784641299231623,1.1717973466087404,340.487561556381,356.67956267259984
6,E05,A4,A3,4398.5517789260375,80.6120657642068,7042.732294400405,7171.567532385648
6,E06,A3,A6,0.0,6.489857849558285e-16,0.0,1.0864786283498668e-15
6,E06,A6,A3,92.02850321310905,2.3727622792109333,184.79019468495255,189.5544441454028
6,E07,A4,A6,2.8228135063993824e-16,0.0,4.487341452118349e-16,0.0
6,E08,A5,A7,40.973491796911766,1.1989864530177163,317.39033923955157,328.59386218283043
6,E09,A5,A8,10.183997347254552,0.39033108079517126,135.59955698903508,141.01198587988335
6,E10,A6,A8,777.3551355435891,23.19064780649112,1538.4764783946246,1584.4277455928384
6,E11,A7,A8,3.133912613968206e-16,0.0,3.712454123656072e-15,1.3186731153400602e-15
6,E11,A8,A7,323.80307215750736,12.670159935007508,711.5857918604503,739.670396418361
7,E01,A1,A2,63.30973688520065,0.5713372860296264,106.36613467874702,107.33705466079658
7,E01,A2,A1,90.9621487955116,3.147269472212863,149.6059077725534,154.76886161046923
7,E02,A1,A3,5.459686394097697e-16,6.4372861467255e-16,9.272458992559071e-16,1.8968520677850352e-15
7,E02,A3,A1,39.56025427353088,0.6507515479013459,66.68850638126457,67.78522690791425
7,E03,A4,A2,966.7773241605187,26.89798010648724,1541.1977385258554,1584.4522306308722
7,E04,A2,A5,347.21529521354034,8.656008120339918,543.6677074145434,557.5335913199312
7,E04,A5,A2,25.09082464281648,1.1534120323062722,343.49058769644836,359.3795978043316
7,E05,A4,A3,4373.755453396636,77.98781489175626,7004.53404374512,7130.139515664956
7,E06,A3,A6,0.0,4.039234445240216e-15,0.0,6.6903504685806225e-15
7,E06,A6,A3,92.99712737769227,2.36917753571368,186.05191871902127,190.7844775665804
7,E07,A4,A6,3.656311444975391e-16,4.033565533873466e-16,5.814195156551462e-16,1.1737926041533046e-15
7,E08,A5,A7,39.70369094326489,2.022499716439753,310.88973459417286,322.0696462646266
7,E09,A5,A8,10.200632384489108,0.4407711321938531,135.6583467773468,141.42101369137202
7,E10,A6,A8,783.7803935487382,22.930723247784478,1550.616532490998,1596.0382462485604
7,E11,A7,A8,0.0,7.284207132057094e-17,0.0,8.227047021424682e-16
7,E11,A8,A7,323.4418458947307,12.362497290719519,709.8439277172054,737.8092456441125
8,E01,A1,A2,63.19873728840716,1.9297382124823352,106.08999617830267,109.32619160934429
8,E01,A2,A1,92.90720583533303,1.436173637339493,153.59493751849573,155.9217575304184
8,E02,A1,A3,0.0,1.1841742172650773e-15,0.0,2.012929664909861e-15
8,E02,A3,A1,38.859938733343995,0.822875396930631,65.80141724712705,67.19768367728321
8,E03,A4,A2,966.5505959850037,25.784304690952656,1546.8363216234095,1588.5621781306834
8,E04,A2,A5,353.333893311429,4.391808423224084,552.4607485069675,559.3147950249545
8,E04,A5,A2,24.017362523755708,1.6378824460684718,331.4249715162656,354.1932702236642
8,E05,A4,A3,4376.1071939171525,75.4409525352099,7039.80306227411,7163.910363025229
8,E06,A3,A6,4.046149223451981e-18,1.3045311234430102e-15,6.592834515990322e-18,2.1844279837065098e-15
8,E06,A6,A3,93.64464006878177,1.6931450680076636,187.2829005112039,190.65095813542445
8,E07,A4,A6,9.814726214823604e-17,4.441932815471899e-16,1.5769403069856793e-16,8.716666705058482e-16
8,E08,A5,A7,40.98754865357719,1.6178488003140905,316.2384154807865,327.8975548889731
8,E09,A5,A8,10.09682700294187,0.45097091760423685,134.6205420278185,140.39233561414633
8,E10,A6,A8,788.927383805888,23.45343094468388,1560.0204988989312,1606.672778079043
8,E11,A7,A8,0.0,1.821766015198038e-16,0.0,2.029607258229147e-15
8,E11,A8,A7,325.4373137117372,12.709220271990965,712.1405840556034,739.9173109853525
9,E01,A1,A2,63.124995431107735,2.4195009513696566,105.7826552250543,109.85843210730583
9,E01,A2,A1,96.62274623064587,0.6595197764100598,159.15099228419638,160.2099422135856
9,E02,A1,A3,0.0,4.076752678569157e-15,0.0,6.91941800713303e-15
9,E02,A3,A1,38.77093987918488,0.6694842458761154,65.26219226975358,66.36786985274884
9,E03,A4,A2,975.1380521902256,25.78501339806035,1553.4208736359308,1594.9041971305458
9,E04,A2,A5,349.23824293961263,9.991159389610642,547.1920192115406,563.2257397030944
9,E04,A5,A2,24.450954929424356,0.9759714820530361,338.44777710608986,352.11776957017344
9,E05,A4,A3,4437.411799390637,84.81617849947226,7094.438688421402,7231.056555943768
9,E06,A3,A6,4.573971903172917e-17,2.663202317240511e-17,7.520331341692169e-17,1.0529043902282757e-16
9,E06,A6,A3,93.28785029477297,1.8154963366301209,187.61806083261678,191.26874402154576
9,E07,A4,A6,2.577624336310838e-16,0.0,4.1002948788301334e-16,2.6312940736910122e-18
9,E08,A5,A7,39.21563870265538,0.9950148069530084,311.98962368161455,322.3984770337971
9,E09,A5,A8,9.920072242894616,0.412991576064638,134.5461762506607,140.27110896042464
9,E10,A6,A8,776.872472175801,22.790669604433766,1537.1395446808872,1582.4805924933635
9,E11,A7,A8,0.0,1.800713036828883e-18,0.0,2.037185555645376e-17
9,E11,A8,A7,327.15272231014035,11.805982721657323,716.5517432753126,742.7645299486361
10,E01,A1,A2,62.9309580528962,0.9966179760908411,105.97395351343704,107.66862453810518
10,E01,A2,A1,89.66962691800694,2.293261391298074,148.30702731460175,152.14786123214657
10,E02,A1,A3,0.0,1.0433441563557519e-15,0.0,1.776332243612322e-15
10,E02,A3,A1,39.28432368842341,0.79267743858162,66.08595213387541,67.43000567137912
10,E03,A4,A2,975.0859473162475,25.895288933869946,1558.1230805885032,1599.8431660866693
10,E04,A2,A5,356.5491522145636,11.699624367568385,557.1278155770974,574.9907846094325
10,E04,A5,A2,24.972331433320953,0.8360767353856692,341.12326000111193,352.60219227084434
10,E05,A4,A3,4403.300170345042,72.15688465821731,7062.44453039959,7179.027985848827
10,E06,A3,A6,0.0,7.137453754734906e-17,0.0,1.1978694800978038e-16
10,E06,A6,A3,90.57964358184655,2.2103547203978917,181.36133365300327,185.7900577958257
10,E07,A4,A6,0.0,0.0,0.0,0.0
10,E08,A5,A7,39.9691210954169,2.1375985970263462,312.39312531502395,323.091630153037
10,E09,A5,A8,10.001451673413875,0.4045218836339116,134.17871000136896,139.58782170436717
10,E10,A6,A8,776.4288736652778,23.01770916718649,1539.7969840598837,1585.7476641882329
10,E11,A7,A8,0.0,1.4375918740368133e-15,0.0,1.6129417427506277e-14
10,E11,A8,A7,327.6097813170077,12.483095839697192,720.736826560638,748.016393330501
11,E01,A1,A2,61.9785171954785,3.4786930237699374,103.66136322538566,109.50473127364192
11,E01,A2,A1,94.45920026843352,3.0346418994015335e-09,155.86983233267858,155.869832337858
11,E02,A1,A3,0.0,1.6200209089508624e-15,0.0,2.746184906492512e-15
11,E02,A3,A1,39.272616980059695,0.6988926842825174,66.17466484879458,67.35377384648346
11,E03,A4,A2,970.9123123010626,25.633351702841615,1549.511337325232,1590.726947927059
11,E04,A2,A5,347.79045046616443,10.087739878862157,544.9859061091893,560.259852862798
11,E04,A5,A2,25.08124673295053,1.0979216058185848,347.6292458552789,363.02276840071806
11,E05,A4,A3,4385.264707273548,82.51678527929829,7025.9237626738795,7159.632053939534
11,E06,A3,A6,5.835712798622161e-18,1.085730796112808e-16,9.600352093065676e-18,1.924271897131549e-16
11,E06,A6,A3,92.35483881561028,2.226223508611406,184.24704966645197,188.68926420321202
11,E07,A4,A6,5.988753978588275e-17,1.755363889320613e-17,9.657023872090728e-17,8.291925069450412e-17
11,E08,A5,A7,40.312311067833896,2.2896021230951247,315.25304195669287,326.6945193276129
11,E09,A5,A8,10.267216222901428,0.43202132916361075,136.39468102864868,142.1004324859027
11,E10,A6,A8,776.5092076334003,23.899583364180216,1538.292379079183,1585.3635931463457
11,E11,A7,A8,3.522294765817006e-17,0.0,3.9169260924575794e-16,0.0
11,E11,A8,A7,319.3971492961579,12.160843646780389,704.505391922735,731.0373668759073
12,E01,A1,A2,62.63099577480994,2.54246881298731,105.20566691548757,109.47464434324297
12,E01,A2,A1,93.1755388350471,0.8748770624144835,153.99047565512234,155.4467540325257
12,E02,A1,A3,0.0,6.352840137787829e-15,0.0,1.0796023455309936e-14
12,E02,A3,A1,38.85919470882788,0.8077111527071857,65.4858330522006,66.84791049755124
12,E03,A4,A2,976.3336491282797,24.834404753244822,1560.1339879531176,1600.1618382377744
12,E04,A2,A5,346.3869619782658,12.675305751203352,541.8434108971229,561.6032563679734
12,E04,A5,A2,25.233041656062255,0.6766634607201855,341.8489014987474,351.2784073732019
12,E05,A4,A3,4377.642723738666,80.40049612536686,7022.941164958596,7153.122232744488
12,E06,A3,A6,5.509368462083318e-16,1.8326901048062403e-17,9.084635288418444e-16,5.284148846609032e-16
12,E06,A6,A3,91.50594689394514,2.5736798573909088,183.32346482025295,188.46437211891606
12,E07,A4,A6,7.443717070039658e-16,0.0,1.1875539941826567e-15,0.0
12,E08,A5,A7,39.49956681365536,1.6686185228694619,312.630660594052,323.9336773505506
12,E09,A5,A8,10.220502479805962,0.43904923742607427,134.49748476926916,140.3943359649163
12,E10,A6,A8,777.679596733799,22.842614103850426,1539.7051766140569,1585.1126177285018
12,E11,A7,A8,3.022305310232526e-17,0.0,3.3492104495505054e-16,0.0
12,E11,A8,A7,322.93209437970677,12.335684640913021,707.6725158199059,734.8918805260323
13,E01,A1,A2,63.04431638510984,2.0896150097843873,105.82191307500764,109.3898646970091
13,E01,A2,A1,93.08494289160163,1.1168741894496093,153.6667384268004,155.57103614250008
13,E02,A1,A3,0.0,6.079363248846046e-16,0.0,1.0320281461424235e-15
13,E02,A3,A1,38.9482427770802,0.6318548622081492,65.52540326171187,66.63446590426203
13,E03,A4,A2,963.9795963608573,25.396628728551647,1539.2521593127747,1580.147600237171
13,E04,A2,A5,350.47209752555875,10.576537713628053,548.4008345506054,564.7382203772605
13,E04,A5,A2,23.69161036563984,0.8256571240760088,331.2181337357645,342.95752584625905
13,E05,A4,A3,4401.924404151725,77.38046779942276,7056.398332390062,7181.619567226973
13,E06,A3,A6,6.422383606865383e-18,0.0,1.0468424122760068e-17,0.0
13,E06,A6,A3,91.86288482205107,2.216573825149696,183.86219414045573,188.30567584240248
13,E07,A4,A6,2.3508568437373967e-16,5.542225426042772e-19,3.7663194756075384e-16,1.1888681157417862e-16
13,E08,A5,A7,40.67415101507413,1.8496630064870967,315.1503979043392,326.1283420102949
13,E09,A5,A8,9.735459824441229,0.4084454688081952,133.57638486148838,138.9622799002566
13,E10,A6,A8,775.8146910413527,22.71063614260773,1534.8682452976939,1579.9903693917045
13,E11,A7,A8,1.0859871337098199e-16,3.3883838452913465e-18,1.226242603115861e-15,6.304720800464967e-16
13,E11,A8,A7,322.50852691473403,12.660693185163248,709.2860425924023,737.2172229402363
14,E01,A1,A2,62.76665650101117,0.9140608029246853,105.29671547639056,106.83041317992809
14,E01,A2,A1,93.97301321209537,2.7846232524937493,155.10066163811268,159.73859268552502
14,E02,A1,A3,4.343799476827432e-17,8.273649225137203e-17,7.287804598173684e-17,1.943479246159561e-16
14,E02,A3,A1,38.99774993835339,0.6508147737805483,65.93463393158926,67.02825314593217
14,E03,A4,A2,971.1665242601547,26.37345656322904,1553.3158255282797,1595.9686286783676
14,E04,A2,A5,352.3355580362176,11.804166273064677,550.4221688497026,569.1362326727262
14,E04,A5,A2,24.271556309434402,0.7606086290821557,338.05598135914147,348.5093650630187
14,E05,A4,A3,4385.43509907297,88.71143829655936,7048.292512017543,7191.700246848867
14,E06,A3,A6,1.1716525868442513e-16,1.171871332160417e-16,1.936339027133361e-16,3.4544537973745675e-16
14,E06,A6,A3,94.45201403253401,2.230376962978346,189.58268804218227,194.06277988346946
14,E07,A4,A6,1.033018798085733e-16,0.0,1.642224188200614e-16,1.7794638989734774e-19
14,E08,A5,A7,39.99205976375614,1.5706701578755546,314.563319402391,325.9032356892393
14,E09,A5,A8,10.074384982562755,0.42609058327809485,134.96607772523652,140.75055099577716
14,E10,A6,A8,774.1999012256595,22.922480397659687,1531.2942852543033,1576.7770686118956
14,E11,A7,A8,0.0,4.954846125342976e-17,0.0,5.510264247511158e-16
14,E11,A8,A7,322.0176138398195,12.067445063841115,708.1249651417285,735.2621040605205
15,E01,A1,A2,63.572955059714815,2.133534385939787,106.32369630914454,109.85471948742072
15,E01,A2,A1,93.6835126612571,1.1322217728233257,154.32242571272667,156.14703319070253
15,E02,A1,A3,7.447600432787024e-17,1.0850522158928426e-15,1.256746068080141e-16,1.9666840254434245e-15
15,E02,A3,A1,38.997231947698026,0.7014010172771424,65.62076659639564,66.79046252282485
15,E03,A4,A2,964.8573883622736,23.68941312795624,1541.615211325965,1579.8349843929748
15,E04,A2,A5,347.3688943140046,9.74848442067071,544.3245925265674,559.2110883952292
15,E04,A5,A2,24.958710404309013,1.008762043721354,336.8811638115627,350.371582582873
15,E05,A4,A3,4405.246413558051,83.02943165447336,7071.379157559204,7204.93795717792
15,E06,A3,A6,1.4356175570772098e-16,1.1736458965613668e-15,2.3818264503938124e-16,2.196952780036041e-15
15,E06,A6,A3,91.41116190796741,2.036671278715431,183.11511584303753,187.1941787727713
15,E07,A4,A6,6.430948015016663e-16,2.3720878436512478e-17,1.0299346977964824e-15,2.8336132237666193e-16
15,E08,A5,A7,40.7883551566189,1.4066655380649356,318.9043089159921,330.3189387947486
15,E09,A5,A8,10.203730349265971,0.44458376434473995,133.95162096977378,139.70870367402603
15,E10,A6,A8,784.5232327746343,23.35220073511496,1551.7771457394806,1598.124660413706
15,E11,A7,A8,0.0,8.600324461798925e-17,0.0,9.64489799255319e-16
15,E11,A8,A7,324.3999996843837,12.236768285771879,712.6594119648036,739.6842130112118
16,E01,A1,A2,61.41204709277784,2.4810924464333306,103.2980839591267,107.46193744247407
16,E01,A2,A1,93.30723478356222,0.6858654084228892,154.4022226385676,155.57169682654092
16,E02,A1,A3,1.0398531926947387e-15,1.1928699289167477e-16,1.7755841164652697e-15,1.405359168045974e-15
16,E02,A3,A1,38.84343928090999,0.8359690575828929,65.39289229954892,66.780189066083
16,E03,A4,A2,974.3133478425668,23.6317262357627,1557.0639016451648,1595.1679444054603
16,E04,A2,A5,347.0651431788405,10.199624210041716,541.7224621339462,557.7308284919927
16,E04,A5,A2,24.95905172410671,0.9331203096891826,344.0825594913183,357.124862986469
16,E05,A4,A3,4393.373725060416,82.84677416995196,7049.364423887611,7183.986950311153
16,E06,A3,A6,9.247970730877277e-16,9.425449204730267e-16,1.5060023148357564e-15,2.811007625458586e-15
16,E06,A6,A3,90.3735272135863,2.528132060912635,181.71161780141222,186.80180906713747
16,E07,A4,A6,6.031447356581844e-16,7.577312958213362e-16,9.604164901040286e-16,2.12386633676185e-15
16,E08,A5,A7,39.81910633806318,1.6072228363178915,314.05504165221237,325.09415480574984
16,E09,A5,A8,9.940315096754773,0.4287228916807431,134.75707132764947,140.6416720440593
16,E10,A6,A8,776.3751236785977,23.933698903832525,1535.3077588405731,1582.8965356477668
16,E11,A7,A8,1.407907244258457e-16,0.0,1.6447950406899363e-15,7.98133617353706e-17
16,E11,A8,A7,324.5330033281517,12.676586166555564,709.9879011178506,738.283239372353
17,E01,A1,A2,63.37742121006292,0.8039960251078943,106.08379181542571,107.4410038090445
17,E01,A2,A1,91.0351704854192,2.517035537202487,150.5096620420083,154.77409863368194
17,E02,A1,A3,0.0,1.4314044334313972e-15,0.0,2.426504489818262e-15
17,E02,A3,A1,38.7495527074788,0.9614946988890481,65.22202896915405,66.88934029746439
17,E03,A4,A2,971.7506118361789,25.29113051548775,1552.7141044382483,1593.5938589357486
17,E04,A2,A5,349.72608368337995,7.611386623540382,547.7215312219826,559.3901499150912
17,E04,A5,A2,24.669793909148222,1.288006445888078,341.99038516938236,359.7771695827993
17,E05,A4,A3,4383.312452297733,80.53866710165322,7036.180705932343,7166.882001676134
17,E06,A3,A6,0.0,1.6109969100245917e-15,0.0,2.6908460797239104e-15
17,E06,A6,A3,94.5018154057419,2.151349612994113,189.20624970074587,193.53820851398496
17,E07,A4,A6,5.886537424327005e-16,6.02383579419041e-16,9.44459619289964e-16,1.911128970404948e-15
17,E08,A5,A7,39.63188623223645,1.5221629775845955,312.58605810560584,323.57064388599014
17,E09,A5,A8,10.12292008465489,0.4366574606846384,135.0877430584893,140.91911826084046
17,E10,A6,A8,776.3285847503812,23.745378058975554,1537.811182530084,1584.7441436167462
17,E11,A7,A8,5.607905026056136e-19,4.4333853803764205e-18,6.485153389720881e-18,5.655719160762442e-17
17,E11,A8,A7,325.5334225103455,11.890083171281939,714.3923383915976,741.2037531304418
18,E01,A1,A2,61.867832413862956,1.2340298991893457,103.7537472737271,105.86288053263799
18,E01,A2,A1,92.7871270206195,2.231062777034808,153.33776958799575,156.93294054934236
18,E02,A1,A3,0.0,5.942231834175189e-14,0.0,1.0101302599634332e-13
18,E02,A3,A1,39.29408214784226,0.6114934847129689,66.37245076818965,67.39882658867407
18,E03,A4,A2,970.8299150377525,25.017042157169612,1551.2770975189064,1591.5251378428322
18,E04,A2,A5,346.9974093501595,10.660104426850253,543.5259228502478,559.7770998841481
18,E04,A5,A2,24.832885164382006,0.7758422683660869,334.4848696629592,345.3536053253441
18,E05,A4,A3,4371.178664746567,78.95055716222282,7014.664827561728,7142.249674632398
18,E06,A3,A6,2.0819249011151176e-16,6.53717603725963e-16,3.3322335052322315e-16,1.3837596490770165e-15
18,E06,A6,A3,91.76638913678542,2.5163498599903393,183.2881008938545,188.31392000082403
18,E07,A4,A6,1.0238026182288648e-16,2.309676393962658e-16,1.6037145783305746e-16,5.224876357660546e-16
18,E08,A5,A7,41.039824319067314,1.8053668420273918,319.2364864553633,331.2770522608232
18,E09,A5,A8,10.353160919343107,0.43220957650148295,135.47215953841956,141.19373248835657
18,E10,A6,A8,781.1078846251231,21.968555962228038,1543.9123781427647,1587.6351366782585
18,E11,A7,A8,6.747212700410618e-18,2.1105642097803256e-17,6.969498761574312e-17,2.8770463544249474e-16
18,E11,A8,A7,326.9496037190931,12.56781860694747,711.6513840239527,739.2553596055741
19,E01,A1,A2,62.546158997766376,2.0756589795112994,104.9357524178093,108.41188941123777
19,E01,A2,A1,93.92440434190391,1.1741444166265362,154.83434989405959,156.82617265801593
19,E02,A1,A3,0.0,0.0,0.0,0.0
19,E02,A3,A1,39.35267745211664,0.5431710847106733,66.25360299857064,67.14536999714385
19,E03,A4,A2,967.9185368317544,24.4461452088259,1544.9584848588456,1584.186584246303
19,E04,A2,A5,352.87075129901626,10.743388496663428,551.6236231270475,568.374985981397
19,E04,A5,A2,24.57376072474078,0.9627132547197559,336.54508532401275,349.77813638294066
19,E05,A4,A3,4395.746347583658,81.28288265760474,7044.49116932329,7174.430138964676
19,E06,A3,A6,1.980312699810784e-17,1.2316487508184138e-16,3.243683515477623e-17,2.39454208448778e-16
19,E06,A6,A3,92.70654645426384,1.9745256673511973,185.73167868586438,189.6831079758535
19,E07,A4,A6,8.060124058279265e-17,0.0,1.2847920616892833e-16,2.2077678732376867e-18
19,E08,A5,A7,39.682974099466534,1.5868657467797473,310.1209040368692,321.39539235703313
19,E09,A5,A8,10.167246917578815,0.39974395682639363,135.75530505295004,141.09733580005135
19,E10,A6,A8,781.225169945294,22.010522954240148,1547.2229319457783,1590.9866809145503
19,E11,A7,A8,0.0,6.743369137686947e-16,0.0,7.628200434604883e-15
19,E11,A8,A7,327.2369959504696,12.130218295853684,718.1829323806297,745.4800335640386
20,E01,A1,A2,61.364617993544044,2.6872914897252667,102.46400780282835,106.9392588545287
20,E01,A2,A1,94.13223686465787,0.45266986836169304,155.74815366416124,156.5191877527086
20,E02,A1,A3,3.146669396722882e-17,7.960177124960505e-18,5.3566330962651445e-17,3.508790827208586e-17
20,E02,A3,A1,38.58215156121527,1.263698306816209,64.92881449570261,67.10537469094406
20,E03,A4,A2,971.997033892042,25.30064055796241,1555.6930276610224,1596.3615111589475
20,E04,A2,A5,355.8616021011659,2.9211966832671346,557.1092920258973,561.6408576137583
20,E04,A5,A2,24.44733671586493,1.8216168498899399,335.14734987482444,360.57212988956667
20,E05,A4,A3,4391.371006998917,80.84586917066817,7052.864849648785,7184.722742956553
20,E06,A3,A6,3.665648359191885e-17,9.196792341060983e-18,5.98958504537113e-17,3.2887531140619916e-17
20,E06,A6,A3,91.67294705517648,2.302405882190704,183.6508152763147,188.26056138418463
20,E07,A4,A6,1.4183254917330918e-16,0.0,2.2618203454065575e-16,0.0
20,E08,A5,A7,40.76965304063548,1.2010757084507924,315.74452494485064,327.3216403896347
20,E09,A5,A8,10.263658294107849,0.4296816786066633,136.35167395813602,142.04626225591352
20,E10,A6,A8,772.9192318179604,22.22831433386818,1527.8516090667922,1571.9660939446867
20,E11,A7,A8,0.0,0.0,0.0,0.0
20,E11,A8,A7,323.8667695219891,11.980642639067314,711.2192746509118,737.8967158639963
21,E01,A1,A2,62.440427797040186,1.9036655834678404,104.74672620450619,107.9293688591997
21,E01,A2,A1,94.45398597914716,1.5593000582259442,155.39353914356806,158.04250437605197
21,E02,A1,A3,1.3746422145264103e-16,1.4677310183844456e-16,2.3253545380606997e-16,4.816859855993598e-16
21,E02,A3,A1,39.03924642772948,0.9759563391242625,65.63064681439374,67.2755909879812
21,E03,A4,A2,972.0390964970072,24.779087601743328,1553.1236173273885,1592.808682666665
21,E04,A2,A5,355.8934412544678,11.119251310257782,558.0787472095226,575.3192365441458
21,E04,A5,A2,24.5192682788257,0.9761694119020761,338.6956201618293,352.0750573510204
21,E05,A4,A3,4385.249489689814,74.74220861023983,7032.088374357692,7151.844221189447
21,E06,A3,A6,1.3186001408533799e-17,1.1933908357788926e-16,2.1543767214246028e-17,2.1740743234131455e-16
21,E06,A6,A3,91.72943843402307,1.9606947593441808,183.72230656631498,187.64107721783768
21,E07,A4,A6,9.323318653134581e-17,0.0,1.487000800950123e-16,0.0
21,E08,A5,A7,40.76877984548285,0.9273208892814154,312.90141756705685,324.4980768688144
21,E09,A5,A8,9.890849427862735,0.4154119762649902,132.8872998510882,138.53475200947935
21,E10,A6,A8,776.6502795895215,22.679473336017317,1536.3231541254654,1581.1735143234268
21,E11,A7,A8,0.0,3.5296766353103667e-15,0.0,4.080509705079837e-14
21,E11,A8,A7,323.7774827459142,12.669711408442048,707.5573082374203,736.0198108164474
22,E01,A1,A2,63.96929138888845,1.6492977948561856,107.34764071946523,110.13390285006491
22,E01,A2,A1,94.16763623819017,1.7976163887982344,155.31499676198155,158.21532516458774
22,E02,A1,A3,0.0,7.595445359937908e-16,0.0,1.2936763652475676e-15
22,E02,A3,A1,38.61359860212737,0.8135038889653083,64.88686219587952,66.22041179909235
22,E03,A4,A2,969.1561983194424,24.669853746283188,1547.0082800136945,1586.403287644281
22,E04,A2,A5,351.1034340199383,7.330320498555293,549.7742295004784,560.8483975603126
22,E04,A5,A2,25.244923748510864,1.3729771952629652,335.6827151367994,353.97062012999004
22,E05,A4,A3,4378.548322151282,76.91588196198914,7013.018720873169,7136.85379752761
22,E06,A3,A6,4.4167510099524306e-15,5.2214397802414845e-15,7.219031080484306e-15,1.4859641610186603e-14
22,E06,A6,A3,92.31613024743802,2.079388028836719,184.46530531008196,188.62347196262493
22,E07,A4,A6,1.1423537285564767e-15,0.0,1.8224433125077224e-15,7.256691702996596e-17
22,E08,A5,A7,40.818530130009826,1.05721996531181,313.6679461235178,325.0508636424366
22,E09,A5,A8,10.38508962935055,0.41676091001749377,134.8720912954124,140.33773538774193
22,E10,A6,A8,790.3044415213105,22.47926598736143,1564.976685501972,1609.6095459892688
22,E11,A7,A8,0.0,0.0,0.0,0.0
22,E11,A8,A7,327.55826150773925,12.33191641097322,715.0635991297387,742.3582368218296
23,E01,A1,A2,61.66056988053995,2.30700141150515,103.47388554653534,107.37872686743748
23,E01,A2,A1,93.99489067114862,1.0283923318595432,155.495701280353,157.15854837111195
23,E02,A1,A3,0.0,1.4811350832746173e-13,0.0,2.5181170515009933e-13
23,E02,A3,A1,38.82092417351381,0.9286357506863997,65.4597181780172,67.06205341710327
23,E03,A4,A2,974.4829597198201,24.912447858565304,1557.386792727832,1597.4773190052501
23,E04,A2,A5,352.0205618732713,10.297004050365688,551.9077106510074,567.8788257695796
23,E04,A5,A2,24.534942301761724,0.9224766050682374,334.611077458506,347.30264210771907
23,E05,A4,A3,4372.995008613485,78.29591342215257,7019.08637531076,7145.236758648253
23,E06,A3,A6,9.273243136098315e-18,1.8390339668566323e-17,1.508759370671177e-17,3.095029749921677e-17
23,E06,A6,A3,91.2906879092632,2.454078306960106,182.7917960003995,187.7060967191411
23,E07,A4,A6,2.979219606573516e-16,0.0,4.720404368419845e-16,0.0
23,E08,A5,A7,40.46885754249695,2.0412815138031,316.54415336892833,327.83567688449125
23,E09,A5,A8,9.997674050217567,0.43523110336945664,133.26149871176563,139.06324595691171
23,E10,A6,A8,779.4319566278964,22.230123493255295,1544.454019170268,1588.601216423873
23,E11,A7,A8,0.0,1.4643420202354194e-16,0.0,1.6433711116311438e-15
23,E11,A8,A7,326.7206899901607,12.724962709830105,717.6451652289455,746.1377482352941
24,E01,A1,A2,61.55116523967636,2.397104461147014,103.32734225842248,107.33504269576486
24,E01,A2,A1,93.83281111023527,1.4045603548606334,154.91235506604306,157.2353061702451
24,E02,A1,A3,3.143184013140419e-17,2.2760815012661295e-17,5.374926050493428e-17,9.233867006719657e-17
24,E02,A3,A1,38.63365845252738,0.9111909687454407,64.93481387345368,66.43715983306991
24,E03,A4,A2,969.0355996493835,25.62874868756084,1544.7661545202327,1585.7684622118113
24,E04,A2,A5,352.8091235571119,4.198011152135409,550.9336643027538,557.3286688504717
24,E04,A5,A2,23.709619093580198,1.5937674916541305,330.95529924414274,353.6288010750625
24,E05,A4,A3,4399.435325806457,73.85834972255152,7037.3194500700165,7155.21817841144
24,E06,A3,A6,3.615760706810065e-17,8.483145451521749e-17,5.964195996730182e-17,1.9272950079075993e-16
24,E06,A6,A3,91.92306005653955,2.133772927958521,183.67629973857026,187.94161548342282
24,E07,A4,A6,4.9384987756793314e-17,2.1135884372240846e-17,7.862504345417677e-17,6.110173558804029e-17
24,E08,A5,A7,40.46790120934027,1.4299316721303126,313.77373162067147,324.4527275790167
24,E09,A5,A8,9.924689419955573,0.3897601757831993,133.81207745853868,139.2994415753886
24,E10,A6,A8,776.9148385858443,22.144178831244417,1536.7826872236515,1580.5303389744906
24,E11,A7,A8,3.025212206694725e-18,1.0085621370819804e-18,3.608996040341444e-17,4.755880165663492e-17
24,E11,A8,A7,326.3670962919356,12.392298722701764,711.1855316067678,737.7647276030092
25,E01,A1,A2,63.2727639772105,1.2529398812341102,106.37796297737665,108.46750151383168
25,E01,A2,A1,93.80897398843433,1.9797060631536478,154.30535129564288,157.49980006420844
25,E02,A1,A3,1.1861694812013951e-15,9.166408132132086e-17,2.011676524720368e-15,1.6233388874265997e-15
25,E02,A3,A1,39.193909943845135,0.9610752654907908,66.07019535709775,67.66601440659078
25,E03,A4,A2,969.6764799903253,26.24742801838739,1547.3232856735494,1589.6837247853973
25,E04,A2,A5,356.9912020972958,4.841366129328436,558.1325764909403,565.5377587965453
25,E04,A5,A2,23.746978352857514,1.4995806340184925,330.9109043783549,351.99839356659834
25,E05,A4,A3,4392.503134358895,76.08249962907081,7040.1824963192075,7163.4246250233455
25,E06,A3,A6,7.184425855029204e-17,0.0,1.1715555936509484e-16,0.0
25,E06,A6,A3,93.26539276531025,2.571975328559001,186.57694375070645,191.7108627819751
25,E07,A4,A6,2.267922750140828e-16,0.0,3.618646201852741e-16,0.0
25,E08,A5,A7,40.74347224307855,1.1542615522365112,313.5249963399108,325.2872920319973
25,E09,A5,A8,10.066497020853411,0.4035506321702485,135.9619786526075,141.55061795441407
25,E10,A6,A8,781.8706770242459,24.513781490741874,1546.2674746733353,1594.7001337011634
25,E11,A7,A8,5.009783959033348e-18,2.175436128241101e-17,5.649005167759027e-17,2.9972811234086564e-16
25,E11,A8,A7,325.6777978346784,12.521215241152948,713.8037202038307,741.0194152835148
26,E01,A1,A2,62.8286471707721,1.4154748945483024,105.50933394792196,107.90837502873057
26,E01,A2,A1,92.15538938493549,1.7977966870709816,152.5322792823689,155.62578804579348
26,E02,A1,A3,0.0,5.290979010270579e-14,0.0,8.985416195870035e-14
26,E02,A3,A1,38.54011843197573,0.9694494052479745,65.14563419990915,66.73138338035204
26,E03,A4,A2,972.1550755041696,27.227720303952626,1552.3859010594408,1595.9427909904066
26,E04,A2,A5,344.06477886951325,15.315934457549655,539.355997307167,563.0190175911049
26,E04,A5,A2,24.783045544524995,0.4539844327351714,342.5267593176181,348.8939347688783
26,E05,A4,A3,4381.741434870025,79.35946244408437,7023.963479818565,7152.459696640673
26,E06,A3,A6,1.790118640839168e-15,1.6581304875394894e-14,2.9776817763285782e-15,3.075314489462168e-14
26,E06,A6,A3,92.47239054332648,2.777602804820865,185.29354502240471,190.86812333192614
26,E07,A4,A6,4.040842870690135e-15,0.0,6.5144685461434805e-15,1.7576521877604735e-15
26,E08,A5,A7,39.39386356485906,1.7807602299443885,311.08775641859046,322.2825874950663
26,E09,A5,A8,10.007934149328458,0.4283119090683785,135.26482082282067,140.90219388073677
26,E10,A6,A8,778.34522551061,24.231254569751226,1542.0909781313035,1590.24221899578
26,E11,A7,A8,0.0,1.848139734241977e-17,0.0,2.0985477653407894e-16
26,E11,A8,A7,326.28644786378936,11.841610548044217,715.1119119118074,741.522479918711
27,E01,A1,A2,62.943137155064306,1.084923606757036,105.41266614687882,107.2533979859918
27,E01,A2,A1,93.7803311245186,2.2661238070473866,154.97356288441273,158.6246832169689
27,E02,A1,A3,9.469939689650513e-16,9.499560578977393e-18,1.6066638728786912e-15,1.2023493672948583e-15
27,E02,A3,A1,39.4725237735261,0.7447461627288219,66.18806055330272,67.42983024072335
27,E03,A4,A2,962.4147604788536,24.423897899246395,1531.2447209179268,1570.4640816227784
27,E04,A2,A5,350.6224442952475,5.5587882765945515,549.9567174574272,558.3706494331407
27,E04,A5,A2,24.47200143795002,1.4874199926730562,333.6674314407831,353.978310651542
27,E05,A4,A3,4398.781598120183,79.57191309841804,7020.44712714812,7148.064334719425
27,E06,A3,A6,1.8070897559209566e-14,0.0,3.00622475796498e-14,2.6662941390757987e-14
27,E06,A6,A3,92.33120529661474,2.140701866835926,184.24141414906254,188.5284480884279
27,E07,A4,A6,6.782952909130011e-15,0.0,1.0887105142436034e-14,3.1490917737725002e-15
27,E08,A5,A7,39.7852017439133,1.9863244138033027,313.0840628406984,323.86253167987695
27,E09,A5,A8,10.206687461453702,0.44407161007934143,135.08943633205124,141.06573793040957
27,E10,A6,A8,778.4962409943635,23.03302976708433,1539.7898901735466,1585.4163998940037
27,E11,A7,A8,1.8858768141488903e-16,2.3535951046899672e-17,1.888744273683111e-15,1.0915206425972901e-15
27,E11,A8,A7,323.13572244632593,12.503884129751171,707.1954874407987,735.0738446984824
28,E01,A1,A2,64.33645556623662,1.3881981305734923,107.84834651741365,110.18759611113789
28,E01,A2,A1,93.99812046990337,2.1863905146431466,155.07840296599193,158.78756778860048
28,E02,A1,A3,0.0,1.3659558756198782e-16,0.0,2.319457843053529e-16
28,E02,A3,A1,39.102043103913466,0.5562729871552028,65.87147023491005,66.81934837057368
28,E03,A4,A2,972.7685999906199,26.201982068475058,1555.984536212536,1598.1958603588666
28,E04,A2,A5,353.01310739212886,10.507282575548043,551.5222530551223,567.455688813264
28,E04,A5,A2,24.04660948755388,0.8850600848680109,332.95474634302514,345.0527635114608
28,E05,A4,A3,4376.286932922281,83.07138513930188,7029.5544550527675,7163.380631315517
28,E06,A3,A6,5.7214316103341805e-15,2.3712563628749957e-15,9.298445178792388e-15,8.24011240732517e-15
28,E06,A6,A3,92.76531223313512,2.1211955599217616,185.9759358232197,190.22868144115154
28,E07,A4,A6,5.248252984397938e-15,0.0,8.281968854346987e-15,2.692789205425202e-15
28,E08,A5,A7,40.50006151567061,1.31725660995498,313.9096337706548,325.4814553548524
28,E09,A5,A8,10.04338905755722,0.4053616844583288,135.17105725823777,140.7646971899675
28,E10,A6,A8,778.1891185574675,23.403887625991292,1539.4010209529977,1585.7826924619653
28,E11,A7,A8,4.939609287931338e-18,2.4803292028272996e-17,5.3209980967907e-17,3.3599513233795503e-16
28,E11,A8,A7,324.3974677196134,11.616286136165998,714.456164460698,740.676981771988
29,E01,A1,A2,61.98161871353163,3.1187805259940884,103.95347138096382,109.16524410244725
29,E01,A2,A1,94.22687009501504,0.16512083878159636,155.71877543311086,156.0005960003074
29,E02,A1,A3,1.5964152799733942e-16,9.26623056385567e-17,2.6937789605188787e-16,4.0868274965763483e-16
29,E02,A3,A1,39.40929648900836,0.7453634634294031,66.3426800397899,67.60859249676646
29,E03,A4,A2,970.4593624687602,24.19041055981652,1549.9072378202252,1588.721009341304
29,E04,A2,A5,351.0586138240909,7.123423222754044,547.9444121233214,558.9641731404998
29,E04,A5,A2,24.83094415838245,1.2526681950414928,340.78278790745674,358.31154894201075
29,E05,A4,A3,4423.211402410282,84.30815215815926,7093.29492844998,7228.655563311711
29,E06,A3,A6,0.0,1.5466482821272004e-17,0.0,2.6514616874573013e-17
29,E06,A6,A3,92.28195992592411,2.076029744177375,184.9886543733008,189.1488321221786
29,E07,A4,A6,2.8609981633779316e-17,0.0,4.5591896260070884e-17,0.0
29,E08,A5,A7,39.85952983610472,1.959441521060827,313.2939909143167,325.05568561974314
29,E09,A5,A8,10.135377122537575,0.40660744434170254,135.0545474014704,140.53277690894598
29,E10,A6,A8,773.4191725432563,23.46710020326818,1531.6348162569652,1578.325817888407
29,E11,A7,A8,0.0,2.3994276018787494e-17,0.0,2.6718979304654487e-16
29,E11,A8,A7,323.3916825853951,12.36335366109964,708.2745642342161,735.4558270371025
30,E01,A1,A2,63.84602051055915,0.315129321082086,106.8043787410396,107.34272731557078
30,E01,A2,A1,93.5775061710853,2.990320694792363,154.58675029898416,159.56885228507173
30,E02,A1,A3,4.2739327726214687e-17,4.4068601167485925e-17,7.197157552932094e-17,1.1613531904925574e-16
30,E02,A3,A1,39.08445901197607,0.611268597722839,65.99667623572847,67.06235767651663
30,E03,A4,A2,968.3706746903272,25.1315094555251,1549.6889230961444,1590.1108033367848
30,E04,A2,A5,347.4633864598329,9.401602564154292,542.9770094706922,557.4310616122682
30,E04,A5,A2,24.33672854768268,0.9645859324213796,336.88196431016877,350.7351062900781
30,E05,A4,A3,4367.901941924089,74.26788395865991,7024.248587963549,7143.097676136991
30,E06,A3,A6,9.178668024482512e-17,5.765759353330357e-19,1.5782857040070222e-16,4.9275361327468575e-17
30,E06,A6,A3,92.95096821710854,2.132989081541539,185.74376062765043,190.00620617681926
30,E07,A4,A6,1.1285347304228317e-16,0.0,1.8386712555570177e-16,4.907456768678065e-17
30,E08,A5,A7,39.60988095897385,1.8436001089437402,315.69709654730644,327.28729529097006
30,E09,A5,A8,10.04447441212186,0.4325052868607241,134.47250448706774,140.32564913483097
30,E10,A6,A8,786.743790136753,23.001413106800438,1557.6716444939884,1603.4560149742526
30,E11,A7,A8,0.0,4.956404693091001e-18,0.0,5.690770845349872e-17
30,E11,A8,A7,323.2239349420918,12.278732664108148,706.7379816891246,733.5755334901756
31,E01,A1,A2,63.357809803652515,1.4056952447779107,106.01898352418007,108.36362563469154
31,E01,A2,A1,91.79983093030171,2.0045107850141504,151.73972228526708,155.0544638847087
31,E02,A1,A3,1.1772005224982885e-15,1.1048611519217185e-16,1.9819941595432236e-15,1.3804500448816815e-15
31,E02,A3,A1,38.766005835668594,0.7370113677036269,65.32348091288561,66.5278279073105
31,E03,A4,A2,974.8791345891367,25.237920672527785,1557.78770590109,1598.2148877964107
31,E04,A2,A5,351.221790745283,6.607030664812933,550.509165321324,560.4235454271261
31,E04,A5,A2,24.312489947420318,1.4068311059626957,338.39548739043016,358.4135860557374
31,E05,A4,A3,4376.807173333723,73.7178598041854,7022.39523841485,7140.826937560899
31,E06,A3,A6,1.8609481805246536e-15,6.266499106441266e-17,3.0686018441842155e-15,9.357477534703907e-16
31,E06,A6,A3,91.31901139159162,2.499548418519593,182.88150244522637,187.89503158483086
31,E07,A4,A6,2.2957794878261038e-15,0.0,3.646174092311029e-15,2.0853453773806018e-16
31,E08,A5,A7,40.593707363303196,1.8397575133167676,314.6420214427334,325.98454837006875
31,E09,A5,A8,10.012921550944325,0.40985795965741884,135.23014182867607,140.80901992685835
31,E10,A6,A8,786.1779230322962,23.757047496409804,1556.1126976429587,1603.3491919266582
31,E11,A7,A8,3.580634788142947e-17,1.5756970755613844e-17,3.9105527849877507e-16,4.995302852887333e-16
31,E11,A8,A7,324.4970831142373,12.091484757988281,710.2343794671267,736.7322471794855
32,E01,A1,A2,62.86471506213402,1.3187976803149968,105.61330176993697,107.82112046429589
32,E01,A2,A1,92.68308736252591,2.132492437730358,152.68754160994575,156.30273928225893
32,E02,A1,A3,1.2198197973846291e-15,0.0,2.098348401962413e-15,6.998892538116219e-16
32,E02,A3,A1,38.646111251624575,0.8190460682094314,65.07349562876583,66.44083996646056
32,E03,A4,A2,966.6572471016159,24.483338318671642,1544.1900700229644,1583.3436455020542
32,E04,A2,A5,352.2040616158962,8.191715744610416,550.7211339018389,563.5516606268966
32,E04,A5,A2,25.440995030604213,1.1708772067804465,343.9247437120229,359.6308015715654
32,E05,A4,A3,4361.290455546513,72.47747887934379,6994.852272151594,7112.1830667130935
32,E06,A3,A6,0.0,1.9794720626469145e-12,0.0,3.308517140861093e-12
32,E06,A6,A3,93.13240383976543,1.837352321081432,186.3852848100811,190.0963916231488
32,E07,A4,A6,4.141289225219515e-15,0.0,6.660943890752242e-15,2.2333150563199346e-15
32,E08,A5,A7,40.84416780302696,1.1668137741229874,315.9331317882445,327.1771397565785
32,E09,A5,A8,10.132551302042634,0.41163196576748157,132.34567971918008,137.7739070667826
32,E10,A6,A8,776.1178406722087,23.676578709576873,1534.9650153458206,1581.6186538761513
32,E11,A7,A8,0.0,6.396614813210186e-18,0.0,7.301347024468813e-17
32,E11,A8,A7,325.0348497669566,13.067161714361294,710.7920388109901,739.4040778245125
33,E01,A1,A2,62.616939390228346,2.2939340255279888,105.1622694801473,109.02312020119031
33,E01,A2,A1,94.72255597986137,1.0401812041561371,154.80856948389322,156.56073028817718
33,E02,A1,A3,8.631769610917506e-17,3.296545969661803e-17,1.4568648129004573e-16,1.527585271267369e-16
33,E02,A3,A1,38.98569059790733,0.8859645075478324,65.90599793942397,67.39211074832302
33,E03,A4,A2,961.9408306489598,24.648963622115236,1538.0626762086583,1578.0511519032077
33,E04,A2,A5,348.45764425261075,10.39568970405756,545.0623512557755,560.9290782314397
33,E04,A5,A2,24.538827486099073,0.9300174156039185,335.6309931235139,348.4976033867499
33,E05,A4,A3,4369.891980308625,77.56121960353097,7020.669862816604,7146.557420636936
33,E06,A3,A6,1.0671701812867788e-17,1.1310147001314613e-16,1.713508911334607e-17,2.0043392788777904e-16
33,E06,A6,A3,93.06376181154556,2.6463126909771058,186.27801534141037,191.5610974110316
33,E07,A4,A6,3.765624463527922e-17,5.270072439386821e-17,5.938230707450265e-17,1.3882916274819894e-16
33,E08,A5,A7,40.20187932642216,1.2946757406605698,312.6965474957583,324.14430313239296
33,E09,A5,A8,10.036262607643113,0.3907564738708265,134.3327113407119,139.56876109361977
33,E10,A6,A8,787.8956454325306,22.879661685540434,1560.5758678839607,1606.0760777464861
33,E11,A7,A8,0.0,1.5976502872694831e-16,0.0,1.821074034255718e-15
33,E11,A8,A7,323.958931056741,12.080091617809915,714.4034029441979,741.2753323801406
34,E01,A1,A2,62.884751411920334,2.548060512581116,105.53757269266717,109.82034674686355
34,E01,A2,A1,93.32183862638252,0.5486251388288076,154.30119160782556,155.2354783375012
34,E02,A1,A3,2.756566304706726e-16,9.894452116257083e-17,4.683349936671221e-16,6.352520125575666e-16
34,E02,A3,A1,38.9865478847367,0.6779201681677531,65.69689759197463,66.8303929374197
34,E03,A4,A2,968.0102182733292,24.437976932924546,1546.0401369932438,1585.1758010536869
34,E04,A2,A5,350.60716490618677,10.22447303720303,550.4532853972412,566.9858734855156
34,E04,A5,A2,24.223752423871765,0.8957135748235715,335.75587602660835,348.37361481543076
34,E05,A4,A3,4437.020705241725,83.44112198628561,7113.598895390034,7248.573115315147
34,E06,A3,A6,0.0,6.187612329416378e-16,0.0,1.0557480622452188e-15
34,E06,A6,A3,90.87911428234085,2.67823855698919,182.31043575942206,187.6905784704857
34,E07,A4,A6,1.414570564282093e-16,1.8626872957883505e-16,2.2655794982774414e-16,3.0897102042784417e-16
34,E08,A5,A7,39.9083924220152,1.6686823151598948,313.34238716575936,324.814487509635
34,E09,A5,A8,10.027160386209392,0.43090407337989156,135.38323326160085,141.19896640142738
34,E10,A6,A8,775.2815402431079,23.7792338473254,1535.5254292884088,1582.6755129012718
34,E11,A7,A8,0.0,2.0643256784008066e-16,0.0,2.3370676126257247e-15
34,E11,A8,A7,327.79458414815787,12.579840529423583,715.1532251035526,743.1852697500349
35,E01,A1,A2,63.985002545210634,0.8124787968326536,107.49678573664417,108.86884124311176
35,E01,A2,A1,93.10146035449773,2.753742873373497,153.02103819972427,157.70964183008874
35,E02,A1,A3,2.7253862463497975e-16,4.7721597556066247e-17,4.628441465139696e-16,5.003276562404712e-16
35,E02,A3,A1,39.46087695915724,0.866179827803927,66.26874288618025,67.69575749688754
35,E03,A4,A2,965.0888594074786,26.989053091791824,1540.8751709515027,1584.3135756748393
35,E04,A2,A5,350.71889629350056,8.249248736372948,549.3631292905501,562.1441645511483
35,E04,A5,A2,24.609327342315556,1.085067525824428,336.5653526354103,351.66412445352506
35,E05,A4,A3,4397.364815556811,77.79792022756776,7044.540276432433,7169.219419408368
35,E06,A3,A6,1.3342282595923927e-16,8.33365637564123e-17,2.189173145103886e-16,2.4098784107568816e-16
35,E06,A6,A3,94.22999552369315,2.1370153576643167,188.56752552069364,192.84107168991704
35,E07,A4,A6,2.7919209313819515e-16,0.0,4.45718614738394e-16,0.0
35,E08,A5,A7,40.68354966016864,1.5736985292646277,315.652443816406,327.02195971843304
35,E09,A5,A8,10.128391728627205,0.412011944254411,134.92342584447957,140.29131637702372
35,E10,A6,A8,778.3339820515478,22.29175447282435,1538.9406628380657,1583.1770198106965
35,E11,A7,A8,1.3592230521816074e-16,3.5650733483698987e-16,1.5769550434139585e-15,5.713112378171582e-15
35,E11,A8,A7,326.03719839075217,12.91071684148236,714.2518010954149,742.2130104003893
36,E01,A1,A2,61.75102113892132,0.9017820117120331,103.64109096902177,105.17411059895394
36,E01,A2,A1,93.97398910764774,2.484405116230379,154.75725192717502,158.79228264448855
36,E02,A1,A3,2.0980596341677062e-17,1.361577934438465e-16,3.5791479915853166e-17,2.666978396528434e-16
36,E02,A3,A1,38.98659327357445,1.141636959109847,65.37737070135375,67.27638823440259
36,E03,A4,A2,967.3671607442059,25.33560996878545,1541.4760237401265,1581.834555292116
36,E04,A2,A5,349.119273232494,12.839554014057855,546.8053143270928,566.9679593161516
36,E04,A5,A2,25.17388752844501,0.7507184504616607,343.99847850887363,354.10393714207487
36,E05,A4,A3,4404.553539852812,81.2669517539025,7041.807052720329,7171.782858712227
36,E06,A3,A6,0.0,5.3380093682998256e-18,0.0,8.965131889378024e-18
36,E06,A6,A3,91.6472351045841,2.245172989079386,184.12606222893174,188.63373327715988
36,E07,A4,A6,3.713781585534905e-17,3.9630645945739206e-18,5.96031554131158e-17,1.344803378595705e-17
36,E08,A5,A7,39.54476827126495,1.7734302725937636,315.23435145233714,327.143974567947
36,E09,A5,A8,10.188509404447776,0.43345111270715697,134.61642321483671,140.33128269824974
36,E10,A6,A8,777.0759882118007,22.400355793182303,1541.5500742780307,1586.1973728950927
36,E11,A7,A8,0.0,7.891105539539539e-16,0.0,8.854044033271227e-15
36,E11,A8,A7,326.4051057636681,12.473911926140996,715.5986888867295,743.2558281422865
37,E01,A1,A2,63.11791775045428,1.8673781018594022,105.51753956715842,108.65234673547647
37,E01,A2,A1,93.06314570950806,1.5140030644720381,153.8127385192672,156.39743248552406
37,E02,A1,A3,6.920630525824226e-13,0.0,1.1741347767532302e-12,1.1637403651429467e-12
37,E02,A3,A1,39.06428528622115,0.24325195612746872,65.46251215349494,65.88382059590771
37,E03,A4,A2,967.4423775962065,25.204385984223855,1544.601334917531,1585.1919216827998
37,E04,A2,A5,350.04889232797575,5.813347465593164,548.595752939925,557.5855557851348
37,E04,A5,A2,24.769760447402714,1.4928216736695805,338.51955926096286,358.8320405544995
37,E05,A4,A3,4404.30340105371,76.53564301899993,7052.455210693788,7176.110238041279
37,E06,A3,A6,2.957132086821953e-16,4.746233721997726e-16,4.824347891731707e-16,1.253053531700369e-15
37,E06,A6,A3,93.52490831868278,2.398831316481135,187.4693317282693,192.2775525514781
37,E07,A4,A6,3.490710051243136e-16,1.4441999547395122e-16,5.556264906051245e-16,5.420922338153969e-16
37,E08,A5,A7,40.34891113373346,1.3337705612938968,312.78334035384614,323.8090326275889
37,E09,A5,A8,10.145073881716822,0.4451947644727155,136.40867723658425,142.42308569638382
37,E10,A6,A8,776.3520292265976,23.160320214228197,1534.725621574099,1580.7079110408517
37,E11,A7,A8,5.431802352608427e-18,6.422332239297524e-18,6.320576629577059e-17,1.159546081001819e-16
37,E11,A8,A7,324.9102756111166,12.7853384928516,712.9750315468182,741.0063212012606
38,E01,A1,A2,61.50735525266553,2.9312917081703183,103.25829512352902,108.1611004550573
38,E01,A2,A1,93.87034874071622,0.5231842887924748,154.75493875822372,155.64071390262504
38,E02,A1,A3,3.249717025195331e-16,0.0,5.512795368089127e-16,0.0
38,E02,A3,A1,39.13891570820449,0.7111548364787994,65.8937060827285,67.08604579805801
38,E03,A4,A2,970.7622913153533,25.15539384736961,1551.3048268635087,1591.7995458978937
38,E04,A2,A5,358.78568978276445,5.599268818434708,561.6411082357424,570.515856896644
38,E04,A5,A2,24.078034339122794,1.3998451154114087,335.4518149694078,355.10929035065993
38,E05,A4,A3,4403.153510469728,75.07380666413755,7060.597270542536,7181.3652308959345
38,E06,A3,A6,3.9395575588082465e-16,3.234012251808252e-16,6.544216779274482e-16,9.571472241747794e-16
38,E06,A6,A3,93.19018718981386,2.3759919569591723,187.24460863077616,192.0248616497574
38,E07,A4,A6,3.794814931378412e-16,1.022619443611214e-16,6.030961442447609e-16,4.6373800477118e-16
38,E08,A5,A7,40.56231344358953,0.9707527856939312,313.1341757182032,324.8233053881757
38,E09,A5,A8,10.066658935339479,0.4187014997219797,136.1320762640167,141.88458160449173
38,E10,A6,A8,773.8701472162252,23.88840143984684,1530.9608955961412,1578.3749630205696
38,E11,A7,A8,0.0,4.801658710660199e-16,0.0,5.3979971630865945e-15
38,E11,A8,A7,322.12523422170875,12.788990123500842,706.5783547140067,734.5169459745894
39,E01,A1,A2,63.12014351603936,0.622927121411462,105.58024648950324,106.63215402883739
39,E01,A2,A1,94.67224223442926,2.86907451109595,156.59618754400617,161.3208830521856
39,E02,A1,A3,0.0,4.625807336317325e-15,0.0,7.85871293495158e-15
39,E02,A3,A1,38.810203914109906,0.6539483345329912,65.38648632837642,66.48664992318547
39,E03,A4,A2,979.066434468715,25.355647359738157,1561.5204186484552,1602.2176755616692
39,E04,A2,A5,353.99450606672815,10.808110676355021,553.5453839793704,570.5094290620588
39,E04,A5,A2,25.51838179744176,0.8778535189408865,342.7017196323944,354.4637711441739
39,E05,A4,A3,4360.655028196582,80.17086442606424,6985.085275925426,7115.616738461782
39,E06,A3,A6,0.0,8.040984188862975e-17,0.0,1.3124914740981433e-16
39,E06,A6,A3,92.5374795311735,1.9565682374506472,185.66115143589727,189.58715057947774
39,E07,A4,A6,4.493616854615124e-16,0.0,7.150961027452879e-16,0.0
39,E08,A5,A7,40.18565122203474,1.315539047838979,311.11580687184613,322.8486537865292
39,E09,A5,A8,10.281321642848777,0.44353391419209987,134.77307006970372,140.471750435993
39,E10,A6,A8,777.2352598073686,23.529791840533605,1536.2479311913187,1582.9157711752066
39,E11,A7,A8,0.0,1.7312428653220536e-16,0.0,2.04816166551855e-15
39,E11,A8,A7,325.70490467419006,11.56445431058576,712.1723293079228,737.9925398154946
40,E01,A1,A2,63.26172490739518,1.3149150679161181,105.92328769805947,108.14140684901697
40,E01,A2,A1,92.07556047169457,2.1056282501982175,152.21352107031873,155.62238451920956
40,E02,A1,A3,0.0,3.2405344090069154e-15,0.0,5.500078418363516e-15
40,E02,A3,A1,38.774259011792466,0.6629981693872699,65.30186298874031,66.43918462711817
40,E03,A4,A2,975.6618671980038,25.117486454420543,1558.0479759324448,1598.5138571012094
40,E04,A2,A5,346.7837536417567,11.267318091423501,542.3211913773252,559.4875137851426
40,E04,A5,A2,24.218648459524417,0.8699782617459755,334.76514267723695,346.67877425925775
40,E05,A4,A3,4388.7487261554315,82.22168312512385,7038.602649728389,7171.439923277399
40,E06,A3,A6,0.0,6.658474535442917e-18,0.0,1.1187862333808485e-17
40,E06,A6,A3,92.78363682301068,2.378450948596079,186.36266973995765,191.135171528481
40,E07,A4,A6,0.0,4.861402342581243e-16,0.0,7.782646405294273e-16
40,E08,A5,A7,39.15469299676345,1.2574246349590172,309.3690445510578,320.8851581186843
40,E09,A5,A8,10.09557518065623,0.4635610767884341,135.25640499392404,141.52654014630306
40,E10,A6,A8,777.4636906375752,22.034696203734676,1542.5889782702343,1586.3650762596421
40,E11,A7,A8,3.707217088555414e-17,1.2056474547762825e-17,4.144285012133071e-16,5.448477347651253e-16
40,E11,A8,A7,324.9424701216629,12.508137628447717,714.7903947953395,742.0179128273131
41,E01,A1,A2,60.440793692705796,3.1251740283353913,101.40427621963588,106.62346409049064
41,E01,A2,A1,94.44411678560346,0.3415333896175775,155.3544547901156,155.93188707312544
41,E02,A1,A3,1.9129982560058154e-15,2.274815778609831e-15,3.267217629390619e-15,7.141694654513537e-15
41,E02,A3,A1,38.851188015920926,1.0190164315764185,65.51039054217563,67.2194763731489
41,E03,A4,A2,972.2947454407736,25.686096638239203,1553.3737365293962,1594.7067495580334
41,E04,A2,A5,347.78988709581813,5.661381189166891,545.4350951509091,554.2172747805334
41,E04,A5,A2,24.750420307846866,1.512768972686901,332.58742777838853,352.82341418016665
41,E05,A4,A3,4403.090329308192,72.44223734453526,7058.691853383025,7175.529043390574
41,E06,A3,A6,1.9374814193784125e-15,4.2448224792663504e-15,3.1204538694744764e-15,9.957047293378621e-15
41,E06,A6,A3,92.84464085092841,2.2303311440034714,186.4713574234412,190.94966836611422
41,E07,A4,A6,8.463175274023335e-16,1.5552147453274881e-15,1.3283912153075373e-15,3.745720354280522e-15
41,E08,A5,A7,40.10839379398729,1.3234343240080102,313.2941650961673,324.4782749361028
41,E09,A5,A8,10.07573226289052,0.47088551655949673,133.36286575841373,139.5261625808164
41,E10,A6,A8,775.289174045902,23.653944179026567,1537.5097023357991,1584.5002055284392
41,E11,A7,A8,3.451365071434707e-15,0.0,3.927828921630563e-14,0.0
41,E11,A8,A7,322.8463807823862,12.159985621113535,707.6460993588472,734.7194948366625
42,E01,A1,A2,63.664127044606,1.1308230380639506,106.79638360406929,108.69406294144343
42,E01,A2,A1,92.22375102062722,2.467189259550517,152.32896303859536,156.3642957454514
42,E02,A1,A3,7.723791598211991e-18,5.734679445161704e-17,1.2995922058807618e-17,1.1050262629704222e-16
42,E02,A3,A1,39.136569165951734,0.5142550388454558,65.81243298567263,66.70615057226732
42,E03,A4,A2,962.5981685917801,25.67825987460136,1537.3420026115245,1578.442281412541
42,E04,A2,A5,353.5748467215313,6.746688045039754,551.935303917352,562.2319493359469
42,E04,A5,A2,24.281953385765306,1.3679365237380305,333.39744774294627,352.2034887684375
42,E05,A4,A3,4395.204625146687,83.43886892049207,7044.006855035364,7178.377722849323
42,E06,A3,A6,4.771363334303774e-18,2.0287852699274982e-16,7.72276878538948e-18,3.461881410218308e-16
42,E06,A6,A3,92.32022338830178,1.7893327874905298,185.2878270323142,188.87672058846107
42,E07,A4,A6,4.6505633056664733e-17,0.0,7.419991122210772e-17,2.6630363078485492e-17
42,E08,A5,A7,40.60072477257017,1.2889387418184701,314.12502213775946,325.3687871654718
42,E09,A5,A8,9.993351125079915,0.4145816774126866,134.22191906213934,139.77505845388302
42,E10,A6,A8,782.2194016875494,23.417740676507815,1549.5051665640676,1595.6265083052454
42,E11,A7,A8,0.0,5.866926205917886e-16,0.0,6.56454257045038e-15
42,E11,A8,A7,323.775819950209,12.64208884523507,710.6186867355619,737.9120565134592
43,E01,A1,A2,61.26866627642275,2.3600851488987837,102.79697352031334,106.76459972658598
43,E01,A2,A1,93.63786778333665,0.8963459086733218,155.2305992375296,156.69342782434063
43,E02,A1,A3,6.422123258220506e-17,0.0,1.0880475142451304e-16,0.0
43,E02,A3,A1,38.74443677480006,0.767551712185008,65.33973054381104,66.6299043737261
43,E03,A4,A2,974.5596601885786,25.348755483418824,1558.5867082635289,1599.348456174394
43,E04,A2,A5,353.4821188857563,10.413123069535736,552.4675964927425,568.6964299728102
43,E04,A5,A2,24.62119702767402,0.9050734816192905,338.15610593221965,350.5692442502262
43,E05,A4,A3,4374.904726736309,76.8785762229199,7021.830918895249,7145.013668640932
43,E06,A3,A6,1.9430120925810994e-16,7.712446134270764e-17,3.191910776033399e-16,3.4288093728523547e-16
43,E06,A6,A3,92.18213766802401,2.2376331551666264,184.90077903497462,189.39107025696944
43,E07,A4,A6,3.9378847440415576e-15,0.0,6.314367954715417e-15,9.903694423517311e-17
43,E08,A5,A7,40.13395431383671,0.9576686912489337,309.11245139202396,320.6424211887186
43,E09,A5,A8,10.022405015030415,0.44147505196774106,133.87921103880632,139.86791400630884
43,E10,A6,A8,782.9457153955753,23.23744585012663,1549.8338615763703,1595.925604580008
43,E11,A7,A8,9.792671271815923e-17,2.1564879599269515e-16,1.112433278819031e-15,3.561439704147364e-15
43,E11,A8,A7,326.43256105435773,12.267447593314694,716.5079141110432,743.4945119076083
44,E01,A1,A2,62.12525025119651,1.656650108699812,104.1559995458253,106.96520059036641
44,E01,A2,A1,94.3251318762271,1.6709419706273865,155.30510682359255,158.14060204449265
44,E02,A1,A3,0.0,0.0,0.0,0.0
44,E02,A3,A1,38.999583316151245,0.7472821403525514,65.91520116125066,67.19114081132645
44,E03,A4,A2,967.386869123544,25.13711939554255,1546.2519694864561,1586.558297101139
44,E04,A2,A5,355.39122777951394,8.335890788149092,557.2316452415489,570.1910307300443
44,E04,A5,A2,24.949456194083773,1.2246313819338523,341.1258151930804,357.9983082810731
44,E05,A4,A3,4400.231599893924,85.92011179099315,7062.894095244331,7201.726832548142
44,E06,A3,A6,1.251489737146048e-16,1.6200001216774488e-17,2.0556721329203377e-16,1.0791776500945141e-16
44,E06,A6,A3,92.1455194954635,2.613270736048864,185.0879921179515,190.33377126219426
44,E07,A4,A6,3.3410369629019845e-16,0.0,5.330549920752738e-16,0.0
44,E08,A5,A7,39.74127571734518,1.5437916980663313,310.2026899098074,321.1542182825508
44,E09,A5,A8,9.959783263170758,0.4368503550612922,133.83037993374487,139.65074237362805
44,E10,A6,A8,788.9630239427997,24.104455878475928,1559.6413499936461,1607.3267865442074
44,E11,A7,A8,0.0,4.686688050325759e-16,0.0,5.269965998304191e-15
44,E11,A8,A7,322.46560174537075,11.957077223926717,707.2556123362594,734.1316986945815
45,E01,A1,A2,62.73873869737211,0.9581602106517427,105.39147735277561,107.02858440056582
45,E01,A2,A1,94.2720898867481,2.425936617716767,155.49638544185336,159.40012564604902
45,E02,A1,A3,0.0,8.887731218191247e-13,0.0,1.5108939847612762e-12
45,E02,A3,A1,38.787249580550096,0.7058491157008671,65.43553581400081,66.62110735329159
45,E03,A4,A2,971.7337482854217,26.181011287004516,1552.4960340167563,1594.6539043213252
45,E04,A2,A5,353.29334497201353,11.709193269009141,552.9374420442074,571.5153804267978
45,E04,A5,A2,24.730837641570027,0.6914116938419623,338.80677811660144,348.24951781653704
45,E05,A4,A3,4385.0356315413155,82.38827798644402,7037.320049473203,7170.524072767694
45,E06,A3,A6,1.961393581328599e-16,1.2597163990951157e-16,3.2510749807963954e-16,4.3552232438345003e-16
45,E06,A6,A3,92.94717462786079,2.395328251069928,186.20987890565942,191.01089423886805
45,E07,A4,A6,3.026408499153367e-16,0.0,4.818105054989472e-16,0.0
45,E08,A5,A7,40.48168867996938,1.1640229017571475,315.31923089633545,327.1885088750746
45,E09,A5,A8,10.02478416915863,0.45798763845530344,134.53759428126435,140.64607116660113
45,E10,A6,A8,784.8763165208377,22.149019016739935,1553.418847943171,1597.45734654548
45,E11,A7,A8,0.0,3.384397696487901e-18,0.0,3.779117939214295e-17
45,E11,A8,A7,324.3481497926182,12.468380544938038,713.0192824324741,740.6026751527679
46,E01,A1,A2,61.903020702261344,1.2542803424360653,103.86643448400451,105.97394183505364
46,E01,A2,A1,93.71351090681304,1.99118556022678,154.01619158283216,157.3158912742694
46,E02,A1,A3,0.0,0.0,0.0,0.0
46,E02,A3,A1,38.83802435285935,0.7252252186839724,65.53579952175576,66.7294815595994
46,E03,A4,A2,968.5686610716579,25.06523925839983,1549.309008473744,1589.659975519647
46,E04,A2,A5,349.5323125918005,11.51542742374544,547.7850953026218,565.3278444621097
46,E04,A5,A2,23.962363957383275,0.8035520779721929,333.56747546529357,344.9709428475629
46,E05,A4,A3,4393.958664434508,83.00121051181958,7060.691207095072,7194.110500059829
46,E06,A3,A6,1.1236690390045281e-14,1.526226220730903e-14,1.9010883729337615e-14,4.3844184976000033e-14
46,E06,A6,A3,92.98028947279892,2.5031125751405083,186.119195550457,191.12109213447314
46,E07,A4,A6,7.859619860477186e-16,0.0,1.2548772273946116e-15,4.720941267507255e-16
46,E08,A5,A7,40.75756235007127,0.9334959102090045,315.6104683206497,326.9603362659655
46,E09,A5,A8,9.946014789627768,0.44222884898993436,134.058314440096,140.01893179697015
46,E10,A6,A8,782.0472561545574,24.77654521831312,1546.2087427879344,1595.1610942286827
46,E11,A7,A8,4.360096802241914e-17,7.510319301390359e-17,5.265461694351581e-16,1.4385187884701812e-15
46,E11,A8,A7,324.5734398190122,12.114861882191164,711.20585935981,738.434822374255
47,E01,A1,A2,63.718956042792655,0.6104871163124787,107.02402085327648,108.05586178541093
47,E01,A2,A1,91.80763524353432,2.7978451542450404,151.88058510311194,156.5684866621875
47,E02,A1,A3,1.5591879116752968e-15,6.160326533380547e-15,2.6572870609142093e-15,1.3137485825727537e-14
47,E02,A3,A1,38.8812554178306,0.998107324373889,65.34615945007293,67.07448356274489
47,E03,A4,A2,967.0533540900842,25.58974462533172,1543.988915998322,1585.32225489678
47,E04,A2,A5,350.88722298894896,8.138499391099238,549.3364628574076,562.1871051492282
47,E04,A5,A2,24.657929622117685,1.238216928368534,337.8259510504834,354.75160383954176
47,E05,A4,A3,4395.051499455766,80.82733402173498,7043.052729345578,7173.631301906049
47,E06,A3,A6,1.502534521767135e-15,5.948106728059316e-15,2.527851980432086e-15,1.2526957500776488e-14
47,E06,A6,A3,92.63581668968686,2.0339372148986503,185.3862337285409,189.45159948638775
47,E07,A4,A6,1.2673932320286084e-15,2.4614710099906855e-15,2.0355315444915065e-15,5.9907505002071885e-15
47,E08,A5,A7,39.92515438829246,1.857234340154221,314.7506960229698,326.059848040506
47,E09,A5,A8,9.837788683046464,0.4579997243168559,132.0460231805675,138.20707852838186
47,E10,A6,A8,772.3484884333293,21.31367220175688,1529.6773941816627,1572.095005351322
47,E11,A7,A8,1.0016333461250702e-16,2.8730020862430625e-17,1.0822953439024591e-15,8.009824375163322e-16
47,E11,A8,A7,323.5100222715011,12.722239889982756,712.364738987166,740.6160429700453
48,E01,A1,A2,62.76169209750195,2.70779872119593,105.06774114175735,109.58472295782433
48,E01,A2,A1,92.58454100972293,0.572520098936017,152.9127385739596,153.88671494978314
48,E02,A1,A3,0.0,0.0,0.0,0.0
48,E02,A3,A1,38.649799575680895,0.6740261108825857,65.24332021203378,66.45428687571982
48,E03,A4,A2,972.6915206748047,25.293414212223546,1556.5996169179655,1597.549572514318
48,E04,A2,A5,354.02814765631956,7.137959420346878,554.7472755412967,565.6897865933264
48,E04,A5,A2,24.4279598584598,1.2696835926858299,332.9109993155861,350.0483964144819
48,E05,A4,A3,4352.746672764763,84.00952020258059,6998.49200288238,7135.855933683386
48,E06,A3,A6,3.0806783663687286e-15,3.119397120278689e-16,5.1472916824337295e-15,5.597000348843077e-15
48,E06,A6,A3,92.03227262447717,2.511655972087053,184.62624969514297,189.6652547895305
48,E07,A4,A6,3.992245318049685e-16,0.0,6.367192580997596e-16,0.0
48,E08,A5,A7,40.17072095969763,2.2037958039669405,314.13470238413197,325.3625827464546
48,E09,A5,A8,9.964837308120709,0.4301705698316801,133.75545500422822,139.5160414188552
48,E10,A6,A8,776.3240395854067,23.457839831079994,1538.410219265993,1584.6520589237007
48,E11,A7,A8,6.86787404549429e-18,4.22198273515371e-18,7.622306481425079e-17,1.0675984782755056e-16
48,E11,A8,A7,324.66633297164657,12.621850455155812,710.440652246393,738.1542368860646
49,E01,A1,A2,62.8960737263277,1.4949501715412266,105.6109449135594,108.11192557108966
49,E01,A2,A1,92.6542996952706,1.6858773543814305,152.9649953052391,155.80988661771534
49,E02,A1,A3,0.0,4.668524991830128e-13,0.0,7.92536263894176e-13
49,E02,A3,A1,38.837724959734565,0.8762856884917303,65.65159000934625,67.16538994247767
49,E03,A4,A2,967.757391438603,25.63933308771966,1547.1955665495252,1588.5117406804904
49,E04,A2,A5,355.4844838277051,6.046289955677823,556.5150503294913,566.2867367172562
49,E04,A5,A2,24.38465095368838,1.457635407621652,332.1624024602876,352.24083451387554
49,E05,A4,A3,4402.001951140039,82.27595413433555,7070.168668153635,7203.281898119031
49,E06,A3,A6,5.246955394709234e-16,9.782633864875345e-16,8.576329665957893e-16,2.3767608984530673e-15
49,E06,A6,A3,92.70738685545811,2.0499318096102552,185.74102070615402,189.8468010437259
49,E07,A4,A6,8.536758065865715e-16,1.9857300063472004e-16,1.3510865087092025e-15,8.279191546706875e-16
49,E08,A5,A7,40.8400469338032,1.0518594564550698,316.41287324742126,327.29752008612553
49,E09,A5,A8,10.180485467019183,0.4339534892529837,134.87049528276208,140.58519493294622
49,E10,A6,A8,780.2710126628582,22.067193886158847,1543.4619617427038,1587.146131796856
49,E11,A7,A8,0.0,2.925100843513531e-16,0.0,3.290549677888959e-15
49,E11,A8,A7,321.9508878921194,12.876729100469127,710.8508278842124,739.0451183963644
50,E01,A1,A2,62.49652563529406,0.9658002768410475,104.9628722137137,106.56986855961482
50,E01,A2,A1,92.92860250721097,2.4339209410832803,153.02427713728156,156.97054539114416
50,E02,A1,A3,3.006695177476377e-16,6.884408996834185e-16,5.04949254598158e-16,1.6776517903723686e-15
50,E02,A3,A1,38.672468896788345,0.8332172476661202,65.23762139132029,66.62020240377231
50,E03,A4,A2,965.0162427428702,26.701535464374338,1543.7079197439814,1586.6839833125455
50,E04,A2,A5,347.5231779569352,7.210177063721186,545.3880737377243,556.5023563160747
50,E04,A5,A2,24.213871135665837,1.2814577930422706,335.4614763595204,353.14615759930507
50,E05,A4,A3,4361.383263631185,85.85380309833849,7006.818694392852,7145.806304187355
50,E06,A3,A6,0.0,1.5240559093873802e-16,0.0,2.589176991179387e-16
50,E06,A6,A3,92.69969309571576,2.2016072946212453,185.70465782242832,190.10526128636468
50,E07,A4,A6,5.024897386242813e-16,2.03761200967464e-17,7.985993866274414e-16,9.195381452167892e-17
50,E08,A5,A7,40.4809401385368,0.9221933644543607,314.2801891743012,325.53430144031114
50,E09,A5,A8,10.042860145736952,0.4374952181221544,133.49591622656587,139.314180537419
50,E10,A6,A8,772.3230251456986,21.729203570823582,1529.8845129348106,1573.031050173127
50,E11,A7,A8,0.0,1.2455931370469112e-15,0.0,1.3860496250520512e-14
50,E11,A8,A7,324.11050116517083,11.495719099101015,710.3092055010559,736.1453708583706
51,E01,A1,A2,62.94324587445604,2.2499555934957756,105.51219766568678,109.30290153506657
51,E01,A2,A1,92.88204026683897,1.1337118615870123,153.95463730269495,155.83513786947424
51,E02,A1,A3,7.885574716339197e-16,5.93607779403328e-16,1.3498155843770601e-15,1.6583815650291498e-15
51,E02,A3,A1,38.603568974532294,0.9207735237292103,65.34159439761429,66.87055864641377
51,E03,A4,A2,957.9144148892618,24.76593723068509,1531.829057840654,1571.7039107674889
51,E04,A2,A5,353.48745851873736,11.087631335860332,551.8868379826823,569.2540030738452
51,E04,A5,A2,24.815930156753367,0.8794460728304176,342.9300293794206,354.93381668146844
51,E05,A4,A3,4382.906705446074,76.46558609789562,7043.585024142249,7167.073837152909
51,E06,A3,A6,0.0,0.0,0.0,0.0
51,E06,A6,A3,91.05042731205592,2.497482275610273,182.25523343444092,187.2461503011079
51,E07,A4,A6,2.338180009107904e-16,0.0,3.716429606963822e-16,0.0
51,E08,A5,A7,39.770545912587224,1.6478925096314436,312.5410043704424,323.6031337856559
51,E09,A5,A8,9.96346932031546,0.40866499686064367,133.80862447065513,139.4369726428675
51,E10,A6,A8,776.2855844345572,23.087369418609466,1534.989201617549,1580.8418935431084
51,E11,A7,A8,0.0,3.936222707715022e-15,0.0,4.4500065208744177e-14
51,E11,A8,A7,321.6779675371232,12.372747461148684,705.175444331576,732.1824947490386
52,E01,A1,A2,62.40626229789221,2.7925322366396363,104.66331918536594,109.32518062914579
52,E01,A2,A1,93.28895145065874,0.9271395042441182,154.02096669132604,155.59429977922764
52,E02,A1,A3,6.004516743318335e-16,2.6649180876065346e-16,1.013771843273556e-15,1.318111492674417e-15
52,E02,A3,A1,38.629505066655284,0.7205404808541609,65.02950792566504,66.24787361136599
52,E03,A4,A2,972.2208034896051,26.244038707193788,1553.0209331952894,1595.2463052008945
52,E04,A2,A5,348.56324267147,8.363247547962462,544.3962369514128,557.5802152781639
52,E04,A5,A2,24.446923016036543,1.2197923349196218,336.49288392737884,353.409648729558
52,E05,A4,A3,4373.122388119447,81.24608106705486,7011.328098646877,7141.3706344783095
52,E06,A3,A6,8.590279917933003e-15,1.2598531778945263e-15,1.4374429558604537e-14,1.649470936029117e-14
52,E06,A6,A3,91.79296948054497,2.5026089475069604,183.8013464398718,188.81424193709105
52,E07,A4,A6,1.1755934030232031e-15,0.0,1.881029099108723e-15,8.942616004283057e-18
52,E08,A5,A7,40.26445482639387,1.3709294973667954,313.2094153282172,324.9046823913087
52,E09,A5,A8,9.990903163259166,0.4421843217136019,133.04828307633525,138.96830792895963
52,E10,A6,A8,776.6601409244264,22.3063300894851,1537.7403143828055,1582.1767502216412
52,E11,A7,A8,5.953000214937801e-16,0.0,6.785615347195643e-15,1.5090021821912484e-15
52,E11,A8,A7,323.6419949603502,11.837561500506917,711.3016004731136,737.8864669592036
53,E01,A1,A2,61.63443689500513,3.123447094401525,103.74375860700623,109.00702463465774
53,E01,A2,A1,95.19866692932894,0.15307649885213964,157.16949017305478,157.41649943023506
53,E02,A1,A3,0.0,7.986274482961543e-16,0.0,1.3572509030082595e-15
53,E02,A3,A1,38.68930993735991,1.0198517227892678,65.27311531460008,66.97972761704507
53,E03,A4,A2,972.9552592993125,24.031649256855395,1554.8400856868136,1593.273553783402
53,E04,A2,A5,348.48489130449406,5.452783204604703,545.6524726268204,554.1835577626913
53,E04,A5,A2,24.514276308584922,1.347132555298776,340.9458281552278,359.5721852999674
53,E05,A4,A3,4386.597012074883,79.5168451697023,7038.937827623041,7169.509501795113
53,E06,A3,A6,9.184997798243268e-17,0.0,1.510650973473885e-16,1.462406159613454e-17
53,E06,A6,A3,92.87429465891324,2.55098765996454,185.87474486078474,190.9791706944165
53,E07,A4,A6,7.321779986068962e-17,0.0,1.163288515560053e-16,0.0
53,E08,A5,A7,39.219362828037895,1.1863775072109948,314.93643090178244,326.5791327526257
53,E09,A5,A8,9.9639821142257,0.4107355544481285,133.26579791484406,138.75936157918295
53,E10,A6,A8,778.4176500638606,22.248646694805355,1539.996503696674,1584.130171033464
53,E11,A7,A8,4.8091675181049546e-17,1.0490374738592702e-18,5.707907426225711e-16,2.1549451256365e-16
53,E11,A8,A7,320.77280907205375,12.583294509006963,704.6983397938777,732.5198782540035
54,E01,A1,A2,62.71708886622278,0.5822648611241468,105.13743918974815,106.12349736438091
54,E01,A2,A1,93.21960823677222,2.773529538096317,153.56998515463533,158.01446319568998
54,E02,A1,A3,4.885824399170367e-15,4.592495299708121e-16,8.322609606204648e-15,8.383175728590977e-15
54,E02,A3,A1,38.76338491165557,1.0180190093399177,65.06784554549421,66.75921716038778
54,E03,A4,A2,967.718425825042,26.818488786123808,1543.5659647109317,1586.6714822550018
54,E04,A2,A5,347.6713682069591,7.853805700312027,544.7849902184009,557.1432842137394
54,E04,A5,A2,24.46006609746309,1.1190795584299635,338.7634447700465,354.46091256194137
54,E05,A4,A3,4417.210659063476,89.79777760945902,7067.020463860871,7210.939459245482
54,E06,A3,A6,7.28258611990237e-15,1.9521207580570606e-15,1.20830611668486e-14,1.424049232924725e-14
54,E06,A6,A3,92.0203228257498,2.413789536263897,184.88510563089974,189.74029381604277
54,E07,A4,A6,1.3265460570218743e-15,3.498776429171556e-16,2.1130791472784636e-15,2.6361763407415218e-15
54,E08,A5,A7,40.143417278506284,1.6852036740897078,317.46186694400365,328.32231552778694
54,E09,A5,A8,9.925679485872926,0.41715464156751947,133.95334713165246,139.43220766052195
54,E10,A6,A8,775.6668877178721,22.81981726835789,1536.7479052061717,1582.236224122828
54,E11,A7,A8,6.786441441639594e-18,1.884448887935402e-18,8.118520302191513e-17,1.0350036328802884e-16
54,E11,A8,A7,323.61790250224914,12.71147088154951,707.3542660770158,735.1385759140508
55,E01,A1,A2,62.7736650024402,3.602706670367684,105.45476427556225,111.4814397214104
55,E01,A2,A1,92.82392771195993,1.4328323092844708e-06,154.01004901699537,154.01005133869756
55,E02,A1,A3,0.0,1.6148256620577056e-14,0.0,2.7450968578125867e-14
55,E02,A3,A1,38.93004111695788,0.5561575814138459,65.45008419821872,66.3894169741986
55,E03,A4,A2,976.2644229526502,26.650795930727817,1557.37878606693,1600.3548344464768
55,E04,A2,A5,346.80549804963573,11.44442339286172,542.6536708583185,560.8074528151459
55,E04,A5,A2,25.223799173132665,0.7695260805501196,345.25828193189375,355.9806148128114
55,E05,A4,A3,4399.464107748371,78.02021652217252,7046.092645009735,7171.80642426882
55,E06,A3,A6,1.3229652451970355e-16,2.8831617381199735e-18,2.270851657338565e-16,1.5781164873976488e-17
55,E06,A6,A3,93.59738250120563,2.9202314379415317,187.74797203771487,193.5966898575474
55,E07,A4,A6,1.2861784256150281e-17,5.729580866906564e-17,2.089128097283242e-17,1.1283730642827553e-16
55,E08,A5,A7,40.742651074076186,0.9914073369261525,311.3666737281579,322.53375321602323
55,E09,A5,A8,10.168357929128142,0.4528345633173795,134.51926874701482,140.4866302783578
55,E10,A6,A8,784.0610792985234,22.775659305011885,1550.6066777147644,1595.8707734523625
55,E11,A7,A8,5.117006906573472e-16,0.0,5.681972983286095e-15,0.0
55,E11,A8,A7,325.97166308528995,12.236255485201946,713.3686258635996,740.001453852287
56,E01,A1,A2,62.245760123299874,2.054195374785237,104.79968325898535,108.26534498558067
56,E01,A2,A1,94.29840808076874,1.2358376029708573,155.63095916737078,157.61695054590484
56,E02,A1,A3,1.354521256502357e-16,1.43744363345457e-16,2.2952637863374884e-16,3.9772719837160597e-16
56,E02,A3,A1,39.008757973214635,0.8254715631848791,65.85899076574015,67.2485620495436
56,E03,A4,A2,968.8849949374517,25.12747503413473,1547.2945557050375,1587.7944914708642
56,E04,A2,A5,349.16301216545276,12.042867146482251,545.9665939341478,565.1435305804623
56,E04,A5,A2,24.878896007122812,0.7375744172451095,338.1672439457535,348.20212778458296
56,E05,A4,A3,4357.225378904339,74.75737454214357,6985.627522786313,7106.549458100994
56,E06,A3,A6,3.842719101482974e-15,7.344798509601066e-15,6.317038091642609e-15,1.831403006744752e-14
56,E06,A6,A3,93.3185278158968,2.0641914969802944,186.40826692259103,190.53701998632965
56,E07,A4,A6,5.603126513932056e-16,4.1782234679226903e-16,8.895545427802695e-16,1.1160990813981868e-15
56,E08,A5,A7,39.889961685525236,1.7878028870506346,313.110725265142,324.62707757935357
56,E09,A5,A8,10.166546045692213,0.42417619681574353,135.54142333375856,141.15866466586303
56,E10,A6,A8,771.0164465318301,23.591934448921542,1524.973375091381,1571.6756564299274
56,E11,A7,A8,2.910544036489526e-16,1.3886872322926277e-18,3.5275382334683355e-15,1.2292787339477392e-15
56,E11,A8,A7,323.27809485917646,12.571005791593118,710.6912868368108,737.8930890387787
57,E01,A1,A2,62.080411614256704,1.814971682804705,104.11678363808758,107.17511797969685
57,E01,A2,A1,93.42082459210945,1.5612821270049004,154.30450334995464,156.8452170614427
57,E02,A1,A3,8.446226965601515e-16,1.1746809570613258e-16,1.4278914199674202e-15,1.2585073145862307e-15
57,E02,A3,A1,39.415076707052364,0.8924184844691428,66.32282717953512,67.83344074964675
57,E03,A4,A2,965.0472223200052,24.760465117105074,1541.0305824693742,1580.6358376804612
57,E04,A2,A5,349.63469591983403,10.250252951372264,547.8809082772656,564.2087394987633
57,E04,A5,A2,24.908543979161916,0.8633781599276968,338.5521682070183,350.14908948437954
57,E05,A4,A3,4383.168915863829,78.92120924533175,7028.285725769312,7153.72129884692
57,E06,A3,A6,6.265321283409307e-16,1.325760518259767e-15,1.0485480219689627e-15,3.2682634728521966e-15
57,E06,A6,A3,92.98644647236694,2.2722200653378617,185.95489385089502,190.49261437875805
57,E07,A4,A6,3.2699081853078203e-16,4.736062437821783e-16,5.226503191881054e-16,1.196017504869441e-15
57,E08,A5,A7,40.02152439503306,1.3940300060699158,313.8292129469863,325.18174754713027
57,E09,A5,A8,10.075794200699889,0.4374129021173157,133.97695644125884,139.88180604111895
57,E10,A6,A8,781.1708152982914,23.566501296400855,1547.9572480865697,1594.910473711552
57,E11,A7,A8,5.026970115477967e-17,1.2764179458534452e-16,5.661807534240892e-16,2.0077316868054554e-15
57,E11,A8,A7,324.6052945169608,12.050279687927429,711.0026790939006,738.1736296074263
58,E01,A1,A2,61.562132095671494,2.1624311383367467,103.34084849185047,106.97772832482893
58,E01,A2,A1,93.63189040925528,1.0000822345024307,154.54406642482664,156.16372265544783
58,E02,A1,A3,0.0,1.9389691442339696e-16,0.0,3.309477692521697e-16
58,E02,A3,A1,38.83182353027283,1.155352462046669,65.39663057087908,67.3108651191785
58,E03,A4,A2,969.2259683850122,26.536502887028888,1545.791251927631,1588.3969287229975
58,E04,A2,A5,351.25050387858823,6.145786652702773,550.9820238748475,560.3395222158143
58,E04,A5,A2,23.969109748515834,1.3886024488319768,334.53371535560075,354.7986249486116
58,E05,A4,A3,4368.0297416936355,78.56524677334461,6996.207043413813,7121.797165151205
58,E06,A3,A6,6.089741762732056e-18,1.0818542117210092e-15,9.98008968116844e-18,1.8121446877139302e-15
58,E06,A6,A3,92.960344100899,1.9089468590747987,186.79411138862687,190.62961259217826
58,E07,A4,A6,2.810754626636545e-17,6.866051799998274e-17,4.5067432287212195e-17,1.5469197015724063e-16
58,E08,A5,A7,39.90522526814618,1.3529807416798876,310.75918978749877,321.92045960650046
58,E09,A5,A8,10.080030761211104,0.4194305529000201,135.38947442301165,141.07961369832486
58,E10,A6,A8,780.0849360758285,24.129899822851332,1543.542907162967,1591.472290018813
58,E11,A7,A8,0.0,0.0,0.0,0.0
58,E11,A8,A7,322.6088584252186,12.674599274427832,706.8534046688524,734.6992520673781
59,E01,A1,A2,63.07151051578808,2.093784978241396,105.67577751573805,109.17774241288944
59,E01,A2,A1,94.80586768147849,1.2233015464786157,155.6256014533931,157.68730070608308
59,E02,A1,A3,1.7230581714122688e-17,7.314982377312745e-16,2.9458511270326183e-17,1.2714515533745796e-15
59,E02,A3,A1,38.895214167820114,0.8928949647736458,65.1989103960144,66.72167148108659
59,E03,A4,A2,970.0834770899027,25.9098237815434,1549.0155669642834,1590.816874299931
59,E04,A2,A5,352.44858146871536,7.641759579250908,553.230556230402,565.3531257874813
59,E04,A5,A2,24.81611022759726,1.2255063746435406,334.88240052871424,351.28504803887785
59,E05,A4,A3,4383.3694441955695,73.70862139787512,7024.854817675874,7144.308583237841
59,E06,A3,A6,1.3900876158558832e-16,1.6740911444588852e-16,2.271982403762436e-16,5.080826456012441e-16
59,E06,A6,A3,94.03180945288787,2.5590395607183676,188.3867974750052,193.524331487617
59,E07,A4,A6,3.226282566068888e-16,2.3643467039551674e-16,5.138917371938913e-16,8.891155188161207e-16
59,E08,A5,A7,41.03150130120849,1.1847805576373116,316.5483117273479,327.3192893363199
59,E09,A5,A8,10.133075059271427,0.421925425339108,134.1989358943365,139.84962505114194
59,E10,A6,A8,780.9768851971481,22.71075581022239,1545.7477849101294,1590.6042486420447
59,E11,A7,A8,5.832604614619796e-18,2.937606930735689e-17,6.723487036409304e-17,4.0547904561735407e-16
59,E11,A8,A7,323.0038787276703,11.873859465552073,708.414942917665,734.4326757244431
60,E01,A1,A2,62.89796306029336,2.879753538759607,105.59585844950695,110.46865798006144
60,E01,A2,A1,92.96274917977726,0.5869672343587529,153.12067222471734,154.0597870831523
60,E02,A1,A3,1.2177712176043061e-14,1.2165181063132315e-16,2.0519358358045843e-14,9.193029312249947e-15
60,E02,A3,A1,39.3627450897119,0.7508784710158056,65.99485861120766,67.2789107271043
60,E03,A4,A2,968.0147180600544,25.45984926604437,1544.4128034235791,1585.285428302711
60,E04,A2,A5,355.52358008477876,4.386750948310456,557.1598999361954,564.259459574308
60,E04,A5,A2,24.327609675963664,1.6328108558775676,335.03555587006093,357.81783695295815
60,E05,A4,A3,4369.802539533782,75.4750830371745,6990.5606949626645,7110.612439573227
60,E06,A3,A6,4.283306024844171e-15,1.8499020756662156e-14,7.178332998553984e-15,3.826666154936968e-14
60,E06,A6,A3,90.49132420717677,1.8843593774915834,181.3151568980223,185.08732766086518
60,E07,A4,A6,2.3388613851569534e-15,3.930888211748448e-15,3.7353250644415054e-15,9.733554845484434e-15
60,E08,A5,A7,40.10783814899727,1.2176258964739641,313.259675757727,325.03378019277665
60,E09,A5,A8,9.932523581234646,0.42010091038413855,133.96534098171483,139.67707979970876
60,E10,A6,A8,782.48343833445,24.079300126469498,1548.5873836022513,1596.3731023960697
60,E11,A7,A8,0.0,2.7682900806492913e-17,0.0,3.104966762319732e-16
60,E11,A8,A7,325.85201506362904,12.525647918567351,713.2778414608242,740.7382747755053
61,E01,A1,A2,63.719964815270515,0.7286782378293701,107.01851683160449,108.25055803887534
61,E01,A2,A1,92.737815161074,2.70234639677104,152.67742749497472,157.11124877028143
61,E02,A1,A3,0.0,4.306368827063617e-13,0.0,7.315125058205083e-13
61,E02,A3,A1,38.834269840612734,0.7741186389694357,65.36564693258093,66.64197104513032
61,E03,A4,A2,974.9791018944198,23.59242520098896,1556.0019580162777,1593.9691533914784
61,E04,A2,A5,349.5470720538687,9.907703055589792,547.9958513575172,563.2477822176724
61,E04,A5,A2,25.005089521665422,0.93743622436234,342.0870632669488,354.9826792176085
61,E05,A4,A3,4393.3592238017645,84.25203676630947,7041.660758149986,7177.021164056561
61,E06,A3,A6,4.543081073220929e-17,1.0134537181269919e-16,7.851393552102485e-17,2.533131659740189e-16
61,E06,A6,A3,93.021605214093,1.8500787051845655,185.69412038741763,189.40094828161017
61,E07,A4,A6,8.728307508316053e-18,1.6730469551755036e-18,1.3826229388398706e-17,1.3208236223480296e-17
61,E08,A5,A7,40.252527900723464,1.504864774706058,315.3258239779416,326.51532314523837
61,E09,A5,A8,10.040474827803749,0.40960281069802396,134.39405897480836,139.91541394324423
61,E10,A6,A8,786.163491652856,23.44462673000737,1556.1561697153963,1602.5151392251805
61,E11,A7,A8,6.551902015032974e-17,0.0,8.299600167972844e-16,2.6453814133851822e-16
61,E11,A8,A7,326.5694999074626,12.075865987978158,715.7722516221504,742.3909972755823
62,E01,A1,A2,63.06356716547505,1.983833251234989,105.44081737416407,108.74934277769047
62,E01,A2,A1,91.03329712154496,1.4340120526082392,150.33271649250196,152.7519097883706
62,E02,A1,A3,5.069335493706188e-16,2.357980812768771e-17,8.620040065758687e-16,5.47558575978266e-16
62,E02,A3,A1,39.438277689651834,1.1121253100473822,66.37390563348134,68.26902066184634
62,E03,A4,A2,971.2909683663042,24.53376005841822,1549.722256449952,1589.1322579222253
62,E04,A2,A5,353.7870946941602,6.816405267932321,555.2360338852923,565.7436205509553
62,E04,A5,A2,24.588460633198213,1.3926042233726186,334.39265119737,353.3632179961896
62,E05,A4,A3,4364.603448452923,83.64612786853549,6987.689974307485,7122.135363028106
62,E06,A3,A6,1.5636645535263136e-15,7.482593163739354e-17,2.5908135102059323e-15,1.3489238461279243e-15
62,E06,A6,A3,92.20084909199929,2.527579691328723,184.66744751546577,189.71744152264552
62,E07,A4,A6,2.0797854818896e-15,0.0,3.3180629533562446e-15,6.660941082594807e-16
62,E08,A5,A7,41.08172157289643,1.054308555608384,317.3683146538127,328.6331130819794
62,E09,A5,A8,10.10279186437434,0.4335441643421518,134.6119499611696,140.43690257214706
62,E10,A6,A8,788.1909646926504,22.28690193726314,1558.934040682865,1603.338378571346
62,E11,A7,A8,1.5581615154737575e-16,0.0,1.7501604490245535e-15,0.0
62,E11,A8,A7,324.33908898336193,12.953523582202756,713.052669235994,740.8508379417618
63,E01,A1,A2,61.43880893931495,2.9766705899657775,103.05313256923397,108.0774221431039
63,E01,A2,A1,93.55819906421354,0.17981377254971406,153.9689529269398,154.25810204853695
63,E02,A1,A3,0.0,0.0,0.0,0.0
63,E02,A3,A1,38.424166539223876,0.92033004785102,64.59957656513473,66.18218191399846
63,E03,A4,A2,980.9666906031933,23.9158035548497,1566.8867030992367,1605.3757345936563
63,E04,A2,A5,351.52064427703823,9.103273457925035,549.3169388220458,563.9313007499316
63,E04,A5,A2,24.435258745111366,0.9698498360681566,333.3781906269694,346.7298791053516
63,E05,A4,A3,4400.1400248619475,82.61315268998669,7052.289322838286,7185.273586849107
63,E06,A3,A6,1.3258091924272453e-14,0.0,2.216018665040016e-14,6.848946616493592e-15
63,E06,A6,A3,93.1170368513011,2.355209954727706,186.62911253667272,191.34737700261
63,E07,A4,A6,2.9567047746145306e-15,3.23315203229431e-17,4.705795786892835e-15,1.5976998986108056e-15
63,E08,A5,A7,40.151881676056284,1.8116966313732228,316.1208596945871,327.79160222506243
63,E09,A5,A8,10.098493603430255,0.4374144802934562,133.86826186958407,139.65474034570002
63,E10,A6,A8,781.8411238513804,24.763220107319384,1547.4852386802738,1596.7108517843988
63,E11,A7,A8,0.0,3.4148338089784373e-16,0.0,3.7426561328019865e-15
63,E11,A8,A7,326.3318445988948,12.292619851435052,715.9667526610249,743.597505953083
64,E01,A1,A2,62.940143831436814,1.0725875059344918,105.62333832151099,107.44525690418212
64,E01,A2,A1,93.411032057348,2.0620436766108194,154.60151781856916,157.9356422546752
64,E02,A1,A3,4.024317139589809e-16,3.2120882010057657e-16,6.820699290191367e-16,1.2275695894401707e-15
64,E02,A3,A1,39.40044637486294,0.6416180645443343,66.43076949780476,67.51639838048558
64,E03,A4,A2,973.8793046400829,25.11375329525626,1555.3604369723862,1595.79818890631
64,E04,A2,A5,347.9636051556563,9.05548232670205,544.57298817377,558.8990400076849
64,E04,A5,A2,25.20577274888827,1.1328937573192916,338.6707367903998,353.9671809538554
64,E05,A4,A3,4408.644054409396,78.39786193373847,7067.234801395853,7194.442003229123
64,E06,A3,A6,1.210344067368977e-16,1.4369233836390958e-16,1.9747076497146808e-16,3.6269843118350637e-16
64,E06,A6,A3,92.53473029710965,1.8852700987731172,185.40977355137778,189.17860510722053
64,E07,A4,A6,3.6785270567458874e-16,0.0,5.865472221516362e-16,0.0
64,E08,A5,A7,40.451536593419036,1.0299230963214205,314.04624884640225,325.4211784175359
64,E09,A5,A8,10.041383257235813,0.45168313405067323,133.00333439522714,139.00075852596405
64,E10,A6,A8,783.0096324891255,24.25626276133898,1550.5931388365552,1598.501575770108
64,E11,A7,A8,0.0,7.873711904232897e-17,0.0,8.963013546025032e-16
64,E11,A8,A7,325.5029655758045,12.534290892629004,714.7537021270507,742.1356566795425
65,E01,A1,A2,63.400108794170336,2.2558796979218583,106.42649363420446,110.17866227058244
65,E01,A2,A1,93.95554981774262,1.1744916421407567,154.972102836094,156.94251516129935
65,E02,A1,A3,4.62322533711105e-16,4.585596324923136e-17,7.847799748987353e-16,6.254015279510337e-16
65,E02,A3,A1,39.57042686388673,0.6835307274714759,66.45697394935166,67.60870966146015
65,E03,A4,A2,969.2842529416367,26.736614078354485,1548.3953693225064,1591.3650059706745
65,E04,A2,A5,350.2193399323338,8.15445140376411,548.7126016349373,561.5476423298047
65,E04,A5,A2,24.774086362922613,1.1333391885315085,337.94323113977964,353.87187198551175
65,E05,A4,A3,4401.660249168189,85.82288240469093,7051.064718699752,7189.734556457626
65,E06,A3,A6,3.484684317310566e-17,2.696364880389421e-17,5.881672747301238e-17,9.908486857370657e-17
65,E06,A6,A3,93.49228334707729,2.048340474836605,187.65363507565257,191.76807398975313
65,E07,A4,A6,1.5662402505126502e-17,1.188883240886113e-16,2.5010896817577968e-17,2.1531334353813655e-16
65,E08,A5,A7,40.3551622832161,1.304190268185847,315.349941850257,326.77757144428926
65,E09,A5,A8,10.170762252418893,0.41717547163177365,135.1170082687335,140.68438398053516
65,E10,A6,A8,775.0414278414739,23.514019836325595,1534.1092256233846,1580.9588543539205
65,E11,A7,A8,0.0,1.2998255693474474e-19,0.0,1.5288720918024616e-18
65,E11,A8,A7,325.62871111406207,11.881333563902565,713.5805673607349,739.6120816385569
66,E01,A1,A2,64.3845622594192,0.4392417893194417,108.20810901963085,108.95672009671097
66,E01,A2,A1,90.80613283378688,2.7562320876229904,150.68047136909752,155.2526428595711
66,E02,A1,A3,0.0,5.60681533977558e-15,0.0,9.536531509175458e-15
66,E02,A3,A1,38.64738722727268,0.7172422104624482,65.09438556610984,66.29776561771214
66,E03,A4,A2,966.824451672296,27.159719432002483,1544.4191377821062,1588.0570277203465
66,E04,A2,A5,351.18741626870843,6.38363016544149,549.8994427043006,560.1187170762543
66,E04,A5,A2,24.283519631071293,1.3031472252211749,340.7398174200744,359.4526041061205
66,E05,A4,A3,4377.7544091145155,80.22651721980046,7018.684751155286,7148.955976013159
66,E06,A3,A6,0.0,4.74808839174382e-15,0.0,7.931497929564916e-15
66,E06,A6,A3,91.49935823278742,2.5776500404805063,183.4060245264713,188.5591177464247
66,E07,A4,A6,4.608617259847565e-16,0.0,7.344126720651486e-16,0.0
66,E08,A5,A7,39.59329273427037,1.2171905487929362,312.2877749658211,323.82764278582863
66,E09,A5,A8,9.992898200348197,0.4467128924225206,135.07691043600911,141.08339060314
66,E10,A6,A8,781.6372952992386,24.000320184280678,1545.2997872672352,1593.0931744996103
66,E11,A7,A8,0.0,3.832699580866326e-17,0.0,4.262563347789893e-16
66,E11,A8,A7,325.06657158835594,12.200080122997548,710.0312865222706,736.7784578076395
67,E01,A1,A2,63.63402736553774,1.2309916466207214,106.67875568704636,108.7472904363205
67,E01,A2,A1,91.59858119315528,2.2984792055531535,151.4643356744901,155.21013200016938
67,E02,A1,A3,0.0,5.925772315908615e-15,0.0,1.0060585610682706e-14
67,E02,A3,A1,38.645974857373716,0.8970002320987698,65.36171458589538,66.8769784051705
67,E03,A4,A2,969.5733453357888,24.910242832873294,1548.9576566227156,1589.1332526363321
67,E04,A2,A5,349.825895122082,8.012923295577062,547.4305498589608,559.5519220420441
67,E04,A5,A2,25.223618957801705,1.262459491420618,340.88058469242503,357.8813166307357
67,E05,A4,A3,4376.599877279741,75.75325428352204,7027.542994837485,7150.837809721775
67,E06,A3,A6,3.077977127176842e-15,5.888599727424917e-17,5.244908958906076e-15,1.8999606115614256e-15
67,E06,A6,A3,92.5758114632915,2.4145780426776233,185.37509667735543,190.20896758653902
67,E07,A4,A6,3.3059525574976543e-15,0.0,5.333238802491388e-15,1.7386444481423556e-15
67,E08,A5,A7,40.82280165237561,1.0017807287057585,314.6458920089561,326.3935305892771
67,E09,A5,A8,10.229570223089457,0.4160614869555469,135.23970545435117,140.82930124602842
67,E10,A6,A8,775.2822870815162,22.6087543815269,1537.1890194375067,1581.918339211108
67,E11,A7,A8,0.0,2.4590490107580844e-16,0.0,2.7213618875127087e-15
67,E11,A8,A7,327.266145010137,12.684117416821131,715.8708971991608,743.1161413766979
68,E01,A1,A2,64.33946901253886,2.0819454367787333,108.03110842172882,111.55953962462212
68,E01,A2,A1,92.62901458786703,1.4719804787231012,152.87784243921692,155.24960986773328
68,E02,A1,A3,0.0,8.125112984558586e-15,0.0,1.3799511821081255e-14
68,E02,A3,A1,38.552348161604094,0.8229590569392148,65.15840439010319,66.52706145090951
68,E03,A4,A2,968.9945083430231,25.049532002194045,1549.850078766771,1590.0870549509712
68,E04,A2,A5,350.9571733236191,7.097307854044123,549.1854598948577,559.8396715800884
68,E04,A5,A2,24.135284117609523,1.3957149903178323,335.558595471176,355.20235550841664
68,E05,A4,A3,4417.137779779232,82.54714818685318,7095.616376906929,7229.941701002781
68,E06,A3,A6,0.0,0.0,0.0,0.0
68,E06,A6,A3,91.1217428811185,2.4119593833213164,183.18331389391025,188.03351562542875
68,E07,A4,A6,3.8519115119629185e-17,1.761732562221872e-16,6.158189936552202e-17,3.4536399852801407e-16
68,E08,A5,A7,40.45535270078153,1.0432763556744091,313.0844135405165,324.3012521985979
68,E09,A5,A8,9.962351492811955,0.4635084760776826,133.84134954399346,139.89255969791918
68,E10,A6,A8,780.8147811662811,23.609931039613993,1544.6381777649165,1591.5589613191805
68,E11,A7,A8,6.373827570958375e-18,2.063686646271389e-17,7.062149987553262e-17,3.0215746133014036e-16
68,E11,A8,A7,321.7737432243166,12.37886940252778,705.3584883385602,732.3108352770848
69,E01,A1,A2,62.20871014522858,2.198014612830101,104.54530470922984,108.24220219328879
69,E01,A2,A1,94.32778399198747,1.0242628932254396,155.75313443280555,157.49650126463357
69,E02,A1,A3,1.0411300850603188e-16,3.1078491327726124e-16,1.7818750639183593e-16,7.095235997184196e-16
69,E02,A3,A1,38.80474927257254,0.8073147489584961,65.34225893334308,66.77927290681133
69,E03,A4,A2,967.2100112598619,24.72434320646633,1545.3396342796182,1585.472503235059
69,E04,A2,A5,351.6123858447107,6.981681205384566,549.0293080643168,559.4580404979927
69,E04,A5,A2,25.23568054887518,1.2717476789824953,342.2302985613893,359.47217432965215
69,E05,A4,A3,4418.4846126802995,80.40090480361927,7092.410107606304,7221.912734373263
69,E06,A3,A6,0.0,0.0,0.0,0.0
69,E06,A6,A3,94.29984509882883,2.5218067424498343,188.9041502365635,193.94520662856218
69,E07,A4,A6,1.373563343031589e-16,1.969651247105115e-16,2.2035683449137806e-16,5.359626016280263e-16
69,E08,A5,A7,40.631688023152094,1.4059397530670628,312.3446798928338,323.72954123263645
69,E09,A5,A8,10.027026603116573,0.4456168102046788,134.11665891102015,139.81458112397098
69,E10,A6,A8,781.033953269748,24.037238061799453,1543.9446498629766,1591.56700057475
69,E11,A7,A8,4.21434052190706e-17,6.070485524414581e-16,4.779831537739891e-16,7.423610253276138e-15
69,E11,A8,A7,327.45995019602765,12.090635081099387,717.0424153428297,744.3492131427555
70,E01,A1,A2,63.3052288556567,0.8275810410570265,106.02375408796112,107.44066882923272
70,E01,A2,A1,92.21752092785562,2.2904352948119966,151.44605057168155,155.33547953611026
70,E02,A1,A3,5.5296183227680813e-17,8.477591920343121e-16,9.30166387319528e-17,1.5311366756302682e-15
70,E02,A3,A1,38.542523323565156,0.42714719090976805,65.02030533161202,65.77437528009827
70,E03,A4,A2,969.4323530667939,26.014068925474835,1551.4797688441708,1593.1230209810178
70,E04,A2,A5,349.4653561697462,11.592676830278668,547.4010393393414,565.4732888747244
70,E04,A5,A2,25.160152144722353,0.7245184933647245,344.4830309516928,354.2069804427217
70,E05,A4,A3,4398.043010182733,80.65440809063347,7074.681439207901,7205.66397555137
70,E06,A3,A6,6.828752806620383e-16,0.0,1.1346178139266903e-15,0.0
70,E06,A6,A3,92.13155073928851,2.3672431720482865,184.96627191757688,189.72698441147364
70,E07,A4,A6,1.015593840726536e-15,0.0,1.6199561960102542e-15,2.522068017750949e-16
70,E08,A5,A7,40.699430089283815,1.0288545457203189,311.90112242897976,323.6072895002754
70,E09,A5,A8,9.868856198258959,0.4285493245081334,131.77866163921848,137.30327466737185
70,E10,A6,A8,783.2564103737803,23.657360544450828,1548.204538171357,1595.372014720226
70,E11,A7,A8,2.166850703320865e-17,5.3592656514565855e-17,2.580325071297315e-16,8.819477583255888e-16
70,E11,A8,A7,326.7728277408839,13.124897299088966,715.258002157194,743.3941961232765
71,E01,A1,A2,62.149532258196544,2.2102767082301593,104.46769045005283,108.18098809428258
71,E01,A2,A1,92.57916458276111,1.2515430936649088,152.51147903418305,154.63044225058115
71,E02,A1,A3,0.0,6.925597656653828e-13,0.0,1.1776421186724696e-12
71,E02,A3,A1,38.870769964025264,0.9437947818369443,65.2713250590116,66.81162468639779
71,E03,A4,A2,969.1438178124831,26.286264000010675,1544.8704953544911,1587.2295276446548
71,E04,A2,A5,353.224297125423,5.70439069040169,552.4149091610223,561.0334132315216
71,E04,A5,A2,24.592498239465286,1.4423011959907537,332.5133710439142,352.1410362725921
71,E05,A4,A3,4385.643718335037,76.18831655083986,7014.784551624986,7137.205568894828
71,E06,A3,A6,2.9879389566746237e-16,8.863122581436632e-16,5.133918373719092e-16,2.0368911631553226e-15
71,E06,A6,A3,92.49533474328103,2.3369958026307946,185.70873447982262,190.4014862406446
71,E07,A4,A6,2.391372070169049e-16,2.475429782579309e-16,3.8277420930573006e-16,6.229117882959383e-16
71,E08,A5,A7,40.298242181391515,1.4041711992036368,313.7801631875437,325.20199992046247
71,E09,A5,A8,10.09878056430812,0.42230837866470944,134.3971030910234,140.03283356838256
71,E10,A6,A8,780.0888569350954,22.765515480748792,1543.754228196069,1588.8975156763788
71,E11,A7,A8,1.322958978380307e-16,2.2174452697767227e-17,1.4791635714054446e-15,9.14358807434123e-16
71,E11,A8,A7,325.04023477241526,11.653878658360625,712.2862150947303,738.0183095154792
72,E01,A1,A2,63.7703481868123,1.2307949904366544,106.82213742953252,108.8982343291475
72,E01,A2,A1,92.46118054246654,2.015017363657879,152.02568754156601,155.43856038748024
72,E02,A1,A3,4.265420100352977e-15,6.472904865963823e-16,7.287841397956404e-15,5.339092530443675e-15
72,E02,A3,A1,38.47018590217297,0.6696751795404949,64.66411083120612,65.7867954129361
72,E03,A4,A2,967.3704404158502,25.783771229873597,1543.6798024281763,1585.0405367102244
72,E04,A2,A5,356.457616068559,3.5224026770576633,558.3828754007217,563.9093083263512
72,E04,A5,A2,23.946698993290983,1.6841309027766926,330.2094578512007,353.59171111793705
72,E05,A4,A3,4387.55921849114,82.42634394649949,7028.457114539143,7160.408571845443
72,E06,A3,A6,0.0,6.923836490663619e-15,0.0,1.1353048702941773e-14
72,E06,A6,A3,92.49777594002569,2.5976653930259195,185.60639448161686,190.8255378861088
72,E07,A4,A6,1.111562020699595e-15,1.985524858591979e-15,1.758705159858631e-15,4.773460803309875e-15
72,E08,A5,A7,39.67965854595074,1.0954331042588286,313.8575903001363,325.01443631199027
72,E09,A5,A8,9.868723619158992,0.3946152553395445,133.90517558185115,139.301377072326
72,E10,A6,A8,780.322330636268,24.763298908752137,1544.656753450621,1594.0355571513144
72,E11,A7,A8,0.0,0.0,0.0,0.0
72,E11,A8,A7,327.1108645343803,11.79710694419914,716.1640243826499,742.2089070911177
73,E01,A1,A2,63.24513236101549,2.9564492541619374,105.83998337429438,110.80924661808527
73,E01,A2,A1,93.33141916084847,0.16948612828984794,154.39918267023748,154.6720424912868
73,E02,A1,A3,0.0,2.240935045271409e-15,0.0,3.798508409777735e-15
73,E02,A3,A1,38.78205080757792,0.9179451949869095,65.42884655928661,66.9976390438132
73,E03,A4,A2,966.7151792226134,24.22300807344604,1542.4503051478935,1581.2345457677911
73,E04,A2,A5,348.9351323149671,8.856748269886651,546.9817577613658,560.7831268058002
73,E04,A5,A2,24.95972444266403,1.1483626801427365,335.7484358732863,351.3131309777638
73,E05,A4,A3,4402.657804893761,78.94899804026696,7060.587138345698,7187.5098727082395
73,E06,A3,A6,4.4236219872108667e-16,1.464556510452814e-16,7.306297532673107e-16,7.03172016442019e-16
73,E06,A6,A3,93.18849913252556,1.773827962365646,186.6230607809755,190.17639897722356
73,E07,A4,A6,3.2542687657116077e-16,2.464969002280854e-16,5.21840906132014e-16,6.631608230886706e-16
73,E08,A5,A7,40.51725918890474,1.2654894981004596,314.1501451183961,326.26388135645857
73,E09,A5,A8,10.159522468417538,0.4342857495273767,133.46023873744,139.15313587620116
73,E10,A6,A8,782.6079760373028,22.837548897916005,1546.529317139644,1591.921268360747
73,E11,A7,A8,1.8370078764696236e-16,2.7315012985813133e-17,2.0781373782459417e-15,1.4997152845262735e-15
73,E11,A8,A7,322.48977731404796,12.828098443950305,707.5228041463562,735.653150027234
74,E01,A1,A2,62.32451789433915,1.0753393329186316,104.56849780978021,106.39540971385198
74,E01,A2,A1,94.67641093854306,2.5051870380461976,155.25070496465784,159.33827049466788
74,E02,A1,A3,9.999459005249258e-16,1.6427887659441362e-16,1.69840043767018e-15,1.97752534941076e-15
74,E02,A3,A1,38.777098268813276,0.7907226027084507,65.3803679793992,66.73332829767894
74,E03,A4,A2,973.0010561717012,25.07009639102046,1552.3609101289692,1592.7285166409654
74,E04,A2,A5,353.6186528486516,8.71433369395198,551.8938590187665,565.4324166236843
74,E04,A5,A2,25.13831727478606,1.0538009744677388,344.0814238580291,358.87412586300167
74,E05,A4,A3,4413.989583600746,81.54550439078386,7067.231470582756,7198.283010638473
74,E06,A3,A6,2.6949118700707978e-17,3.5807485973380686e-18,4.385040689687743e-17,8.327442855224006e-18
74,E06,A6,A3,92.90368359280686,2.4587073416194594,185.78201077177698,190.6932797551596
74,E07,A4,A6,3.583934743387252e-16,0.0,5.733133359297354e-16,0.0
74,E08,A5,A7,39.975555936692466,1.4472598262016931,312.2747960537124,324.30500099997766
74,E09,A5,A8,9.976960065323146,0.4220080536369622,133.41500446646074,139.19324675404255
74,E10,A6,A8,783.8363657533373,22.695683742681027,1551.3330433267242,1596.3611341823198
74,E11,A7,A8,0.0,0.0,0.0,0.0
74,E11,A8,A7,324.6163805158971,12.416587008752355,708.0929652795763,735.0806435985362
75,E01,A1,A2,61.3376135323705,2.1624565541594314,102.92688437049586,106.54330852592838
75,E01,A2,A1,94.2712805695061,1.2057995427455097,155.39253548072315,157.39445809406624
75,E02,A1,A3,2.693481932997395e-16,7.202680479201325e-17,4.538951173521821e-16,4.521511264708115e-16
75,E02,A3,A1,39.70801992432898,0.7659986045284483,66.46631247950901,67.73311213394193
75,E03,A4,A2,969.4638113992887,25.57056838444761,1544.5830972435087,1585.6535675979371
75,E04,A2,A5,352.1486453729044,9.667081858786355,550.1729226258848,565.4154048281154
75,E04,A5,A2,24.534854879190064,0.9953759458706728,337.1951870307529,350.704016566506
75,E05,A4,A3,4400.974173763543,83.62511036946808,7032.7338865991915,7167.090909278092
75,E06,A3,A6,8.097374752151346e-18,1.7030523165971905e-17,1.3521586494569982e-17,3.9254007652696523e-17
75,E06,A6,A3,91.4672279140348,2.4967684460259703,183.36805903099184,188.37349098308775
75,E07,A4,A6,4.859002416838502e-17,0.0,7.751102473441646e-17,0.0
75,E08,A5,A7,40.63488003599568,1.2407784885111055,314.19408988217907,324.9962623403064
75,E09,A5,A8,10.085241148865816,0.4587011056761165,133.88648429470365,139.9220853769318
75,E10,A6,A8,779.2595639112869,24.58769719201269,1540.3317597865753,1588.9187357427822
75,E11,A7,A8,3.279065787977555e-18,3.0330118006562173e-18,3.7309508189561626e-17,7.215996083801572e-17
75,E11,A8,A7,323.7854991932364,11.93698113270257,710.3365060331761,736.9226562989865
76,E01,A1,A2,61.99606886530626,3.0943764754007974,104.00090912592202,109.17078323977935
76,E01,A2,A1,94.10271457193713,0.3250041494883173,155.38630375917063,155.9131984093696
76,E02,A1,A3,0.0,1.205874030875957e-14,0.0,2.048462759895687e-14
76,E02,A3,A1,39.19021356611605,0.8058544646629949,65.93942254464832,67.30412398345344
76,E03,A4,A2,974.6665959833688,25.673461953134733,1553.6350058428939,1594.9006113354758
76,E04,A2,A5,348.99608156744085,8.670454264434458,547.0004009151492,560.2153286396691
76,E04,A5,A2,24.513468713827596,1.1421469109889957,336.3969233316186,351.85065436971473
76,E05,A4,A3,4384.7342394516845,76.5486228453272,7021.010018687379,7145.0355332499275
76,E06,A3,A6,2.5099837970643502e-17,0.0,4.163835450557338e-17,7.311562210052974e-18
76,E06,A6,A3,90.94788834318753,2.3234627295315193,182.67095920327392,187.33737408495605
76,E07,A4,A6,7.662299935584672e-18,0.0,1.2210186325130996e-17,0.0
76,E08,A5,A7,40.539648269001255,0.945436501875716,313.1791961600442,324.29461646873494
76,E09,A5,A8,9.950729686799543,0.42450256914482054,133.44272295121044,139.21097016809037
76,E10,A6,A8,782.497309708499,22.757967302350224,1548.8675397123143,1593.9849121413945
76,E11,A7,A8,1.489197940264875e-18,0.0,1.6715577728057797e-17,2.105386559155147e-19
76,E11,A8,A7,323.1338206374804,12.665357226880747,707.3642588280079,735.2568035635452
77,E01,A1,A2,63.080093799503615,0.6265554034776437,105.9969543271867,107.04837992838539
77,E01,A2,A1,92.89472827082702,3.096931191766247,153.4731473571225,158.53968084889883
77,E02,A1,A3,0.0,1.9212495673586983e-15,0.0,3.2639830558798285e-15
77,E02,A3,A1,39.147146791603014,0.7488649456038662,66.20443497214174,67.43527574168165
77,E03,A4,A2,964.4000427112748,26.07881835612198,1544.2579210455433,1585.949370399071
77,E04,A2,A5,351.7457913711379,4.491084639197038,549.7004450047384,556.4719762861023
77,E04,A5,A2,24.194875070659762,1.7282785492942727,334.86095574035073,359.212461588066
77,E05,A4,A3,4385.638182529578,77.7766606579579,7052.979631640435,7180.001242950896
77,E06,A3,A6,3.5055000161349844e-13,0.0,5.874299141709516e-13,2.712125902904678e-13
77,E06,A6,A3,91.98037213220827,2.476906893558861,183.7829212708046,188.7430326833475
77,E07,A4,A6,8.549451273403076e-16,0.0,1.3729088132226996e-15,1.5051250794040312e-16
77,E08,A5,A7,39.400344715907536,1.731131879978442,314.65493549129786,326.86815871362717
77,E09,A5,A8,10.131392266551543,0.42039109114032513,136.5758707224205,142.22818656813712
77,E10,A6,A8,774.400608267844,23.517017341388566,1530.2833979897605,1576.7900002714114
77,E11,A7,A8,0.0,1.2461066268318788e-17,0.0,1.412298894107164e-16
77,E11,A8,A7,326.08626464237545,12.120945739874154,711.7800322787936,738.0831284264536
78,E01,A1,A2,62.56030230523602,3.1926321763661454,104.82178531380623,110.16111488473284
78,E01,A2,A1,95.26381502934295,0.09027455414052879,156.62028748568105,156.77305236702762
78,E02,A1,A3,4.368058008857811e-16,3.6087842906432152e-16,7.406824729044272e-16,1.3527207727330245e-15
78,E02,A3,A1,39.03896060549911,0.7435241369287642,65.79537386974755,67.06714259820156
78,E03,A4,A2,971.4750518775709,24.31022993647303,1551.7749508750042,1590.8850228555445
78,E04,A2,A5,351.8652254838521,8.714778800796806,550.9373122512459,564.2225701367472
78,E04,A5,A2,23.88517703690287,1.0698995210429934,332.35709256516276,347.2207434461802
78,E05,A4,A3,4384.686641533031,80.89886820314376,7037.169930655085,7168.860609537967
78,E06,A3,A6,1.6342522698491433e-16,2.4363413005393814e-17,2.679012588787633e-16,1.9570634179465829e-16
78,E06,A6,A3,91.96228387762628,2.379848413192465,184.10781867497576,188.87134843731536
78,E07,A4,A6,3.997934344867653e-16,0.0,6.364499645940446e-16,0.0
78,E08,A5,A7,40.180008563955575,1.2660174111632723,316.2031505824142,327.3716514407082
78,E09,A5,A8,9.979917844276251,0.4220060719771739,134.55400445126511,140.39218307980545
78,E10,A6,A8,780.5102856123513,23.759461444674727,1544.7252949286753,1591.6843133184234
78,E11,A7,A8,0.0,7.32057234003201e-18,0.0,8.461238794825396e-17
78,E11,A8,A7,322.8607468809439,12.167251737843069,706.3788000760463,733.5940152781277
79,E01,A1,A2,61.94668770128733,1.0877101027996343,104.07876279230055,105.90803055170794
79,E01,A2,A1,91.86759594476544,2.1533838499822573,151.20033577759938,154.65208122753995
79,E02,A1,A3,6.16745341151059e-17,1.3894910681273938e-16,1.043846770947858e-16,3.188377159773473e-16
79,E02,A3,A1,38.733325613158605,1.041002065851849,64.88261432234941,66.65372021214165
79,E03,A4,A2,981.1435777517434,26.173199029285712,1564.676015415353,1606.750040664222
79,E04,A2,A5,355.09443449843,9.177980731217628,555.8745537548167,569.6675348287824
79,E04,A5,A2,24.62396355347964,1.119350555831202,336.6958853534703,351.99347662100456
79,E05,A4,A3,4386.5555601049955,82.28153603189108,7016.625193739079,7148.248360016012
79,E06,A3,A6,8.022964497465018e-18,4.264947228748098e-18,1.2975175967586452e-17,1.3103273421463526e-17
79,E06,A6,A3,92.56873865361591,1.812977645396126,185.55803718761288,189.1948458608564
79,E07,A4,A6,6.284606294521417e-17,1.4388137722382206e-18,1.001566845175746e-16,9.810872965022997e-18
79,E08,A5,A7,39.90203281329689,1.1453016888134124,315.55193752341404,327.010183004514
79,E09,A5,A8,9.967855800347804,0.4410861683441555,134.29268199320347,140.1899850706142
79,E10,A6,A8,775.191096109591,22.885846728284754,1533.8710621459009,1578.9220570904633
79,E11,A7,A8,1.8786334208578748e-18,1.114471450338337e-19,2.1409878868600648e-17,2.1646476779401648e-17
79,E11,A8,A7,324.06589518653914,12.5073034756939,711.8240175924609,739.7614374110253
80,E01,A1,A2,62.28799193346511,2.96216709631619,104.22803296067993,109.19986495011365
80,E01,A2,A1,92.9742083269466,0.3490012640935291,153.8339402891666,154.42845180761236
80,E02,A1,A3,0.0,0.0,0.0,0.0
80,E02,A3,A1,39.18030783595256,0.5910188149336828,66.23400126229798,67.20362707758446
80,E03,A4,A2,971.1481338022663,26.505512243667884,1551.3170230490957,1594.1114717123414
80,E04,A2,A5,353.2794037024963,4.048347686196998,553.5213018874481,559.8268406334442
80,E04,A5,A2,24.57546139853759,1.6693633353699817,335.18719788504995,357.92010926068144
80,E05,A4,A3,4367.407289679789,85.54666649954697,7007.336464285402,7145.496749931491
80,E06,A3,A6,1.0515619621802605e-18,3.815973770473807e-17,1.834649355267075e-18,6.658868394839297e-17
80,E06,A6,A3,92.04837729596602,2.382658137667214,184.78516386066252,189.57417171326892
80,E07,A4,A6,2.6886748586605525e-17,3.1358162667966576e-18,4.311059176385857e-17,4.457582400409834e-17
80,E08,A5,A7,40.32250688499236,1.3359048184599085,313.11498075304957,324.1203371808551
80,E09,A5,A8,10.087536170338254,0.46096340239336764,134.84536601914346,141.1136831952409
80,E10,A6,A8,780.8367487256454,22.701392798249096,1546.1742113339271,1591.1927977911273
80,E11,A7,A8,0.0,1.0759567055255728e-16,0.0,1.1970623997278398e-15
80,E11,A8,A7,326.35415532635506,12.865463001346772,714.5278985121898,742.113004829369
81,E01,A1,A2,62.99621317211184,2.432528889253384,105.46882048085749,109.53259020091619
81,E01,A2,A1,92.16673597486377,0.860421708579078,152.98399951045934,154.4079590958602
81,E02,A1,A3,0.0,1.1194951197390173e-14,0.0,1.8993200936843374e-14
81,E02,A3,A1,38.973425276297725,0.8082044507298893,65.5140325284335,66.86566246730185
81,E03,A4,A2,972.424350970705,25.46970803559345,1552.1632330386149,1592.9823636427445
81,E04,A2,A5,355.1324839529697,7.301551049952778,555.3444657171422,566.9020858893637
81,E04,A5,A2,24.818224828372006,1.3079535041104884,337.9641168049437,355.5979434521567
81,E05,A4,A3,4395.297210069117,77.53218169364636,7037.335733616534,7161.4616810151365
81,E06,A3,A6,4.736964997065038e-17,1.6860051502703165e-16,8.129911965714522e-17,3.7017268698808604e-16
81,E06,A6,A3,92.9852382412636,1.851582403704596,186.30564943551335,190.02201381204065
81,E07,A4,A6,8.901228724851245e-19,4.628571862531868e-18,1.4425823025011701e-18,8.84343494593102e-18
81,E08,A5,A7,40.79156624755114,0.906297134305092,315.14252556301943,325.98485568494095
81,E09,A5,A8,10.284351169836171,0.4591297983655207,135.67302590397767,141.82505917443007
81,E10,A6,A8,773.4244416934235,23.791973327904028,1531.557474469185,1578.6531184239868
81,E11,A7,A8,3.957436393368531e-16,0.0,4.5969943092110024e-15,0.0
81,E11,A8,A7,321.8025213627265,12.22841983761922,706.3004538607609,733.1882782306909
82,E01,A1,A2,62.16578917081759,3.6207808513649526,104.35705393069213,110.4704753980412
82,E01,A2,A1,94.43190143690776,4.07470082676285e-09,155.93950561037227,155.93950561704364
82,E02,A1,A3,0.0,1.5243223411284294e-16,0.0,2.590620029550742e-16
82,E02,A3,A1,38.97880489825076,0.698709454703649,65.74996834155091,66.90975348329108
82,E03,A4,A2,967.5220843913246,24.030425912564134,1543.9942878112547,1582.527095632622
82,E04,A2,A5,352.1979408014743,4.67866057663843,551.6964195519167,558.733046011926
82,E04,A5,A2,24.324404375331696,1.6392442463506127,330.1253567213759,352.5746707435729
82,E05,A4,A3,4395.997719883053,82.57450024162786,7043.620287098159,7176.57422396769
82,E06,A3,A6,1.3822293966317303e-16,0.0,2.2629424509606467e-16,0.0
82,E06,A6,A3,92.26852270359691,2.173028949204454,184.63987473495274,189.0161288598337
82,E07,A4,A6,3.112725048955946e-16,0.0,4.95890650540117e-16,0.0
82,E08,A5,A7,40.31199757586574,1.0264496048092677,314.52670660900753,326.1414883956588
82,E09,A5,A8,10.122264225678542,0.42049208798173837,135.45469680194282,141.1422942809002
82,E10,A6,A8,778.8177263868365,25.272733514428023,1541.1060853482388,1591.479759616482
82,E11,A7,A8,0.0,7.59183568424005e-17,0.0,8.684664109129075e-16
82,E11,A8,A7,324.3166606029691,12.678597224340312,711.400590765536,738.7645660462399
83,E01,A1,A2,63.77438226690441,1.18240085885934,107.03428220577302,109.01846709152494
83,E01,A2,A1,93.92732476213376,2.086659859239317,155.03581869860676,158.50511458972971
83,E02,A1,A3,0.0,1.0921917450987214e-13,0.0,1.8571817145081421e-13
83,E02,A3,A1,39.496091429803926,0.8468703598760567,66.58238213994021,68.03071656293763
83,E03,A4,A2,970.9298684149474,24.72589898037609,1550.72055979359,1590.5383183261467
83,E04,A2,A5,353.88198537148025,9.104055125062587,555.3812863985588,569.6251154803596
83,E04,A5,A2,24.872939343496554,1.0786642744912707,337.8457118700641,352.8732819991475
83,E05,A4,A3,4383.881392725706,84.68431957772854,7029.138413264187,7164.946443941559
83,E06,A3,A6,2.7652257799507658e-15,6.618496376276149e-15,4.529637768152637e-15,1.5401841332369433e-14
83,E06,A6,A3,93.4743537828266,1.9814626450391246,187.08820747681978,191.05811547070485
83,E07,A4,A6,1.006304918926134e-15,1.2731775540009431e-15,1.6063220973290847e-15,3.6394865649297316e-15
83,E08,A5,A7,40.64298000469338,0.9762758398426408,312.32573004843584,324.06839985344783
83,E09,A5,A8,10.292929158460243,0.4144839854167647,134.987728395567,140.53250983613938
83,E10,A6,A8,782.6047139571743,24.351223634651372,1552.011329656041,1600.5277321988885
83,E11,A7,A8,3.803127486051639e-19,4.974301692188709e-18,4.444176893599303e-18,6.201869930046218e-17
83,E11,A8,A7,325.9625546442317,12.591597830146032,714.6289386386552,742.2126302829887
84,E01,A1,A2,62.10688688141538,2.8635831224743002,104.26745661392289,109.11406361198443
84,E01,A2,A1,94.45482200843065,0.14777316129185686,155.73673913993792,155.98865773280653
84,E02,A1,A3,1.0245945954562074e-15,2.1574363467915525e-16,1.7519733847844111e-15,1.7726568596649791e-15
84,E02,A3,A1,39.184486536265624,0.7281658245213015,65.75010040239408,67.00716879270666
84,E03,A4,A2,958.5508329420603,24.51101207451945,1529.8631172895193,1569.3699146282163
84,E04,A2,A5,358.76868893516803,7.527750287127927,561.2823511746864,572.656353447954
84,E04,A5,A2,24.262504413233017,1.3515277083710195,334.91246576748256,353.76433096462836
84,E05,A4,A3,4387.506578942553,81.25397928221976,7025.175522517135,7156.3986958592095
84,E06,A3,A6,7.732409844202719e-17,6.095745438608437e-15,1.2544189417160297e-16,1.001449161623525e-14
84,E06,A6,A3,92.47800443056335,1.767515546345856,185.01741696533196,188.55102827716604
84,E07,A4,A6,9.79573309646554e-16,1.8082204324624715e-15,1.551528118834578e-15,4.397166604262925e-15
84,E08,A5,A7,40.63182509097962,2.067606606604922,316.31167889305743,327.2987409530964
84,E09,A5,A8,9.959094228610937,0.4474443204335042,134.53343452383817,140.5389079387474
84,E10,A6,A8,780.1270246064219,22.249908879456967,1546.3323142888519,1590.6105130867713
84,E11,A7,A8,1.6469548120328937e-16,0.0,1.8814286056723285e-15,0.0
84,E11,A8,A7,324.9742578060402,12.611670843072098,710.4689941158707,737.5951710725284
85,E01,A1,A2,62.79221290426341,1.2840654497404969,105.54377632548172,107.72424364166069
85,E01,A2,A1,91.83882370305602,2.0162328373627303,152.1647519548922,155.54310683939576
85,E02,A1,A3,0.0,0.0,0.0,0.0
85,E02,A3,A1,39.12642702577655,0.6393497588360266,65.8536677899395,66.93334010184283
85,E03,A4,A2,976.1755299284584,24.846563523659807,1559.024458217552,1599.0121760444742
85,E04,A2,A5,346.69067843266816,6.971652172087258,543.8702606629092,554.7135436374599
85,E04,A5,A2,24.781342306579376,1.3248235126246959,335.8912797834889,353.94218602437377
85,E05,A4,A3,4397.443992575726,76.47858590322807,7053.0986679951175,7175.331762131187
85,E06,A3,A6,1.0471091115738889e-17,2.02816425965079e-17,1.709737686118686e-17,5.0213590157734686e-17
85,E06,A6,A3,92.31661651732094,2.2758074346929447,185.67384390409552,190.25481622246326
85,E07,A4,A6,3.394925478868204e-16,0.0,5.429216767935216e-16,0.0
85,E08,A5,A7,39.36531376746491,1.4292952154709182,311.0628911993151,322.59186511210567
85,E09,A5,A8,10.082147404713162,0.39348731219248984,134.28171701555058,139.6106182758924
85,E10,A6,A8,778.7528785676529,22.651950393897266,1544.2831042596874,1589.5991393337067
85,E11,A7,A8,3.6410659537977095e-15,0.0,4.090608139517718e-14,0.0
85,E11,A8,A7,323.0203370960895,12.458196607232647,707.8074537628702,735.2752382408594
86,E01,A1,A2,63.19782195857249,0.9131142399120207,105.99045907942084,107.52213883317683
86,E01,A2,A1,93.59019753943853,2.4512774005104214,154.27722217624319,158.44007604030685
86,E02,A1,A3,1.6882687375108737e-16,8.750420847139338e-17,2.8798049283904917e-16,4.2739566938002183e-16
86,E02,A3,A1,38.63001446752562,1.1000945711685033,65.31740966440553,67.16298944329088
86,E03,A4,A2,964.6613821623723,23.91431298990929,1542.7924358123105,1581.4560685237716
86,E04,A2,A5,349.73537918707825,11.287464045747964,547.824589710485,565.4181728921485
86,E04,A5,A2,24.444966796006536,0.835374508050168,333.67137716412805,345.23980924375553
86,E05,A4,A3,4358.390711360612,72.46080793090607,6998.3249382593895,7116.270366526437
86,E06,A3,A6,5.292874949200568e-15,1.0757684681018413e-15,8.834569373828569e-15,5.569718884611481e-15
86,E06,A6,A3,92.88507768709943,2.1794828484999624,185.9323393910421,190.2872652931335
86,E07,A4,A6,5.130082153024204e-15,0.0,8.225635029076157e-15,2.1744706454224704e-15
86,E08,A5,A7,41.00936859094938,1.0298358849413365,314.70256869217513,326.3767681750437
86,E09,A5,A8,10.20624323476029,0.4683193963699887,135.66421356982954,141.88099374156974
86,E10,A6,A8,779.3940003383728,22.249273971056365,1541.3909036683394,1585.4141403778679
86,E11,A7,A8,4.57678039927332e-16,0.0,4.8828238951134706e-15,1.6201197782709731e-15
86,E11,A8,A7,322.21672092768677,12.288910182131053,705.7649082246204,732.5556484276377
87,E01,A1,A2,62.00982805157065,1.3717143462257142,104.12468416255918,106.42676031694498
87,E01,A2,A1,94.0727547693414,1.9869734510297075,154.8660409511648,158.05683380392475
87,E02,A1,A3,0.0,0.0,0.0,0.0
87,E02,A3,A1,38.912404973639724,0.7708057485990693,65.7282033709326,66.98798122458442
87,E03,A4,A2,958.8063399383958,24.307704829239473,1534.5506002554366,1573.7665077423935
87,E04,A2,A5,353.2455822131732,11.741706107835617,552.7541673357161,570.5715761872209
87,E04,A5,A2,24.792506955843358,0.7664497503867153,338.95336130400443,349.62776008243566
87,E05,A4,A3,4345.652821080365,77.94175784570625,6984.427900996181,7110.4968966898705
87,E06,A3,A6,1.9208431620508085e-15,1.1175128453297705e-15,3.1920012212759935e-15,5.081384011963813e-15
87,E06,A6,A3,92.725131547237,2.0281004016818276,185.78304158012912,189.85997291424852
87,E07,A4,A6,2.779509745286492e-15,1.3540144018634507e-17,4.450551213890195e-15,2.440291872606058e-15
87,E08,A5,A7,40.474213682431426,1.3653871628331395,315.8626982354537,327.4016214898444
87,E09,A5,A8,10.119297732637607,0.45294640367105954,134.71248424465423,140.80641841286453
87,E10,A6,A8,783.8605458833091,23.238582271573243,1549.8812258939138,1595.7988576042953
87,E11,A7,A8,0.0,4.378381338659428e-17,0.0,4.901529195913248e-16
87,E11,A8,A7,322.11401786840725,12.181934516247402,708.2240446780878,735.4298396654041
88,E01,A1,A2,63.53095829757052,0.8547690881849717,106.51785376881604,107.96519787075195
88,E01,A2,A1,92.77892778079038,2.461521960550304,153.52958741876085,157.5205963937836
88,E02,A1,A3,2.1610597802427535e-15,1.5208238995063559e-16,3.666876261255804e-15,3.703753051136594e-15
88,E02,A3,A1,38.837879167866944,0.6529481641031464,65.56884402173581,66.68107058739147
88,E03,A4,A2,965.685783633322,23.893395952090614,1544.1527778425261,1582.5584960110577
88,E04,A2,A5,351.46586579486,7.131663969209789,549.5860465766912,560.4941562271079
88,E04,A5,A2,24.994687812760283,1.3418086606212623,340.89410407249386,359.36232547917626
88,E05,A4,A3,4381.246205427794,81.65371261250112,7035.560219984427,7167.140393714602
88,E06,A3,A6,2.023573262422801e-16,1.2708212125229973e-16,3.340375739446516e-16,3.774528094700747e-16
88,E06,A6,A3,92.68060447535757,1.97937082254801,186.4917580805939,190.47040207812682
88,E07,A4,A6,3.453736611621266e-16,0.0,5.49664982894307e-16,0.0
88,E08,A5,A7,40.06724367589749,1.6326070062762723,313.0141867333791,324.6652937904657
88,E09,A5,A8,9.979171349919007,0.4385072844475617,134.18003946917537,140.11105656738033
88,E10,A6,A8,780.207323927653,23.543329898875555,1542.4805957027183,1589.27259928063
88,E11,A7,A8,4.2163035242977867e-17,2.685458787460197e-18,4.716995813523204e-16,2.488143045141342e-16
88,E11,A8,A7,324.9344921872718,12.903005545049744,710.3061643659387,738.6077435173972
89,E01,A1,A2,61.815623241816986,3.1524429114650383,103.6881484700919,108.98613045090255
89,E01,A2,A1,94.43884312869505,0.005864483582978404,155.73528857220919,155.74473983466933
89,E02,A1,A3,1.0802535402623474e-15,1.1563475263490584e-16,1.8341633376332138e-15,1.3125129720527586e-15
89,E02,A3,A1,39.54303567156866,0.7719410034975457,66.50671939735602,67.83126621576423
89,E03,A4,A2,973.8486291124061,25.232608784276422,1556.0969583555786,1596.6851581354667
89,E04,A2,A5,348.44847969958533,11.08555696830943,546.426246670652,563.4935028176044
89,E04,A5,A2,25.23913921783005,0.8530049904222435,341.7875001636218,353.4894762895543
89,E05,A4,A3,4395.246001577574,79.32849513410999,7050.9468340900485,7178.169967863944
89,E06,A3,A6,0.0,0.0,0.0,0.0
89,E06,A6,A3,92.06945673498427,2.0262875559315505,185.01804761190894,189.08929789462644
89,E07,A4,A6,2.5368302767363214e-16,0.0,4.037355844786107e-16,0.0
89,E08,A5,A7,40.81702915212364,1.2072698514685536,312.19481481270583,324.0595022986194
89,E09,A5,A8,10.241977287250851,0.43716234211210064,135.38484559048015,141.02071779410184
89,E10,A6,A8,788.7319303738225,24.330363350848085,1561.8919387081169,1610.1101112866208
89,E11,A7,A8,8.981202654887686e-18,2.8709010510503914e-18,9.872442530436551e-17,1.2121230886534665e-16
89,E11,A8,A7,325.2726133380747,12.411424194367019,711.5914007340804,738.2823901750851
90,E01,A1,A2,62.416223992523065,1.3914703343917525,104.72309223480093,107.06365859941693
90,E01,A2,A1,94.11977702965322,2.3424525562494285,154.8192499826089,158.6276168289467
90,E02,A1,A3,3.1500933247045914e-15,0.0,5.37368474230322e-15,1.547955729227726e-15
90,E02,A3,A1,39.124965966071095,0.8973935007198504,65.6596238246424,67.17014073946964
90,E03,A4,A2,965.9984999299662,26.702759034114326,1542.1471880958602,1584.991121079418
90,E04,A2,A5,348.5210814756138,14.763397762007845,546.1009713970507,568.8487314664259
90,E04,A5,A2,25.11352834873488,0.4741965491903357,342.9237238704564,349.24974046293937
90,E05,A4,A3,4387.159465525093,81.29827085031982,7030.57838569362,7161.305799992537
90,E06,A3,A6,1.3495127189498931e-16,4.541339175986948e-16,2.3083142365631284e-16,1.0061601503218836e-15
90,E06,A6,A3,91.55251684467939,2.4395640502672613,183.96259243731595,188.86500154421512
90,E07,A4,A6,7.297289522648226e-17,1.9282614481178368e-16,1.185366378829626e-16,4.311455886066202e-16
90,E08,A5,A7,39.9719316418467,0.9063974242069986,313.7301893358331,324.5485464787086
90,E09,A5,A8,10.118997016610184,0.4554254063641509,134.77553202588626,140.77642876989395
90,E10,A6,A8,785.9969719698452,22.339619166477657,1557.3865177299274,1601.7600739904035
90,E11,A7,A8,5.099109908937251e-17,3.7859163663521644e-17,5.684006545611479e-16,9.628103348565215e-16
90,E11,A8,A7,326.93988446110865,12.476728809392142,715.2880270101524,742.9524380529879
91,E01,A1,A2,61.82317179307843,3.469805916861436,103.81258115429904,109.62640523628916
91,E01,A2,A1,93.94277606127898,3.092792176340967e-09,154.74194676534213,154.74194677056028
91,E02,A1,A3,5.265572472549224e-16,3.180978312270311e-14,9.072475636872754e-16,5.494573513852431e-14
91,E02,A3,A1,38.641181292547614,0.8116077382810521,65.06948259216344,66.50017081841293
91,E03,A4,A2,979.6385600861191,25.94767118519822,1562.6857578159604,1604.7019016670033
91,E04,A2,A5,347.5444926481009,8.831397606089345,543.688245763351,557.268458860593
91,E04,A5,A2,24.43699027825032,1.0889646043223193,334.4456169343587,349.28365686899383
91,E05,A4,A3,4389.841111128912,71.09297011808303,7031.632797845101,7146.651859472453
91,E06,A3,A6,0.0,9.807286027013738e-15,0.0,1.63773145766666e-14
91,E06,A6,A3,91.20586069739085,2.509595461219295,182.94289348191174,187.989219407888
91,E07,A4,A6,1.2047582862445854e-15,0.0,1.9257974248061504e-15,4.366136449699368e-17
91,E08,A5,A7,40.61987005887667,1.1315494801725605,316.58741849971653,327.39181919534127
91,E09,A5,A8,10.027888791360716,0.4400449151423328,134.09786577730966,139.88408987789677
91,E10,A6,A8,778.7320485670904,23.590022055476954,1542.1910865729787,1588.8815006763868
91,E11,A7,A8,8.379523914438403e-16,0.0,9.425045012623245e-15,0.0
91,E11,A8,A7,322.7954094668496,12.528361744520023,707.5134656410182,734.9383214155077
92,E01,A1,A2,62.08457196599997,1.183786244166928,104.32674113448314,106.32906964591842
92,E01,A2,A1,93.65930771229145,2.209766474787399,154.26206696385907,157.8596902508092
92,E02,A1,A3,0.0,6.172435090835229e-16,0.0,1.0492771592946728e-15
92,E02,A3,A1,39.14739063404366,0.9236465139728891,66.23444391365534,67.75957275227901
92,E03,A4,A2,962.824050902618,25.30011604694835,1539.4462972548054,1579.878248702468
92,E04,A2,A5,351.04581965939485,8.26897497307159,551.209238928209,563.7648915115126
92,E04,A5,A2,24.722059460054467,1.2940738883072602,340.92147729758307,358.9645326993977
92,E05,A4,A3,4389.644746469971,85.24824569204449,7052.732432104091,7191.959071500533
92,E06,A3,A6,7.708459373847585e-16,1.7814822622044964e-17,1.2851733554764222e-15,1.1152706465629265e-15
92,E06,A6,A3,91.53539084709256,1.954506133487743,183.25480873641374,187.16829065824243
92,E07,A4,A6,1.4053491492800386e-16,0.0,2.2316509969208405e-16,0.0
92,E08,A5,A7,40.15810113450705,1.5578094805740759,314.6460934822569,325.85156446699375
92,E09,A5,A8,9.987692707561251,0.431520694471029,134.4288799717802,140.29714535057695
92,E10,A6,A8,778.6822095566256,23.9620070127558,1539.9460197187905,1587.4773790260624
92,E11,A7,A8,0.0,2.0390013817599778e-17,0.0,2.1569505412673037e-16
92,E11,A8,A7,325.0009381169452,11.9403318308906,711.0975330168212,737.3090514851707
93,E01,A1,A2,62.961793292756056,0.7261138882218663,105.83268317143416,107.07094656760789
93,E01,A2,A1,93.62534848947064,2.3933546533962984,154.4333036264714,158.37161120404775
93,E02,A1,A3,0.0,3.705860423667869e-14,0.0,6.296384602256298e-14
93,E02,A3,A1,39.12724296672631,0.8803827335077046,65.72289025099175,67.19220655849718
93,E03,A4,A2,968.9409803905287,25.241301109792808,1544.671531752792,1585.2058224154146
93,E04,A2,A5,350.3936831181114,8.686321299023248,550.2056484448556,563.3330073943431
93,E04,A5,A2,25.020126255314175,1.1899952135701812,334.2481390893224,350.33806161882734
93,E05,A4,A3,4383.437238873043,72.56711211807826,7010.026430100828,7126.496543028038
93,E06,A3,A6,1.0990216149027661e-17,1.0977043604623549e-16,1.8432944788444476e-17,2.0162653624176894e-16
93,E06,A6,A3,93.08428965188696,2.4205510906947936,186.17013971183198,191.01320381051733
93,E07,A4,A6,3.8289269257306937e-17,1.9726169933143017e-16,6.119190347228367e-17,3.764578222271736e-16
93,E08,A5,A7,40.535046949010024,1.3777158105709977,314.6404148933675,325.9096749325372
93,E09,A5,A8,10.241678414000184,0.41979739975558095,134.63892556426057,140.13820128493683
93,E10,A6,A8,772.4201756505373,22.059571383868946,1529.2157801259905,1573.1138519527046
93,E11,A7,A8,4.718828907616883e-19,2.241677358099575e-17,5.4201434421789944e-18,2.5748436913967845e-16
93,E11,A8,A7,325.001937767771,11.760642026314322,713.3293259678034,739.668724118469
94,E01,A1,A2,61.92205494317678,2.424109953536946,103.80628874416223,107.88122618200947
94,E01,A2,A1,93.70206745215216,0.5584724630812157,154.76083070765037,155.71612417977659
94,E02,A1,A3,1.5714597502058398e-15,1.7185156373006396e-15,2.65936782637158e-15,5.56845894845731e-15
94,E02,A3,A1,38.571232836563276,0.9032639023570935,64.753279723869,66.25652012207811
94,E03,A4,A2,978.4117420064331,28.227367589241492,1559.9701988034924,1605.489300582864
94,E04,A2,A5,349.144676902954,7.400697152323269,545.4635191982893,556.8812038256137
94,E04,A5,A2,24.225778357252718,1.3752993374752471,338.6072696289209,357.43335687111505
94,E05,A4,A3,4394.608334204328,82.30526152410366,7035.1890652635575,7167.251116272073
94,E06,A3,A6,3.314070150493408e-15,0.0,5.5283957632942205e-15,8.596728744052605e-16
94,E06,A6,A3,93.10894005243372,2.218727056738082,186.41823675821885,190.86042410637822
94,E07,A4,A6,6.384627926039668e-16,1.0918995273679072e-15,1.029045987273511e-15,2.741567262240462e-15
94,E08,A5,A7,38.87559472080449,1.4884538195390589,308.1748552105382,319.3373255019418
94,E09,A5,A8,10.000513200597807,0.43273322579419027,134.5632725000606,140.66528189068418
94,E10,A6,A8,781.0289268622524,23.02485333815434,1545.8276929859373,1591.604515311852
94,E11,A7,A8,1.7671475204811361e-15,0.0,1.966073402885839e-14,0.0
94,E11,A8,A7,319.7541552552395,11.948305151587634,703.271512774189,729.2369060624223
95,E01,A1,A2,60.84981787393997,3.4708407623717106,101.91810658483098,107.69050939408035
95,E01,A2,A1,95.89695881819776,2.2848304154214478e-10,157.8184331187043,157.8184331190743
95,E02,A1,A3,6.739778982560487e-17,2.1346957662940864e-16,1.1431917519142265e-16,4.763403662998038e-16
95,E02,A3,A1,39.001120505120774,1.006063601464337,65.4012840261157,67.07893783587156
95,E03,A4,A2,972.8977626889241,25.314691358165952,1552.1774511543126,1592.837684816203
95,E04,A2,A5,352.71407630402535,10.024543392723801,553.1707661548558,568.5064282757368
95,E04,A5,A2,24.84053853237858,0.9517223118297945,339.0456930391186,351.8594878596571
95,E05,A4,A3,4407.491777754651,90.51060723069537,7055.20114727268,7199.078230910944
95,E06,A3,A6,3.0674462064878725e-16,0.0,5.069472042857437e-16,1.0535419760803257e-17
95,E06,A6,A3,91.92775463890047,1.8331667033658916,184.12042911104584,187.803186051122
95,E07,A4,A6,1.8585235815644214e-16,0.0,2.96112171732141e-16,7.386631725124589e-18
95,E08,A5,A7,40.27800927256814,1.8168134644201994,314.9976443672131,326.57936014851066
95,E09,A5,A8,10.132539872425065,0.424264072774739,134.28727180193877,139.95976516429542
95,E10,A6,A8,783.7739640076754,22.179741392823697,1551.6613548878163,1595.8321285629959
95,E11,A7,A8,2.019641049058896e-17,1.1471322715054326e-17,2.2130257916480076e-16,3.470679257629506e-16
95,E11,A8,A7,326.4236062028409,12.113451516449489,712.8355789845748,739.7294064645871
96,E01,A1,A2,63.59947800064222,1.5580276332794494,106.77744621266126,109.40016693581741
96,E01,A2,A1,93.1860248958609,1.7092644299986295,153.4525796134419,156.3515701970811
96,E02,A1,A3,0.0,1.1800845504271354e-15,0.0,2.0018782427586924e-15
96,E02,A3,A1,38.89630370646694,1.0097828362395296,65.54745531911925,67.25493525070502
96,E03,A4,A2,968.1185443663469,25.167783780951854,1545.2920963187357,1585.729064893566
96,E04,A2,A5,350.39862048799756,5.040635585273776,546.9630753767198,554.6274118160503
96,E04,A5,A2,24.449915738987347,1.6026362868113204,330.35443219458324,352.1986476848084
96,E05,A4,A3,4396.266649113969,86.86422459848534,7045.646635863349,7185.901240563108
96,E06,A3,A6,1.942799114409522e-16,0.0,3.1922234810732696e-16,5.898337831447687e-17
96,E06,A6,A3,91.58489551459029,2.3272727392492873,184.26985791160806,188.9530620195888
96,E07,A4,A6,3.8184296705757374e-16,0.0,6.075083277586688e-16,0.0
96,E08,A5,A7,40.25669890708395,1.0718831693914204,313.95613145510555,324.5498986130611
96,E09,A5,A8,10.317731008326591,0.4292508081208496,135.54427107144687,141.23928791464945
96,E10,A6,A8,785.9403490538093,22.847793944823827,1552.8749580143904,1598.1069669988751
96,E11,A7,A8,3.5350695334456856e-18,7.112105911661129e-18,4.248732946898727e-17,1.2796637994541297e-16
96,E11,A8,A7,321.6155540640417,12.313648206419806,706.7708158698889,733.7367109079278
97,E01,A1,A2,62.626988472872306,1.5316929619579596,105.21588014341529,107.77847776811464
97,E01,A2,A1,95.06930744278415,1.669818469004948,156.542549569786,159.31085991224717
97,E02,A1,A3,0.0,9.817664310613625e-15,0.0,1.6680910680232873e-14
97,E02,A3,A1,39.21572568239336,0.9697944646096038,65.93189870757756,67.5597681165288
97,E03,A4,A2,959.9139118638738,25.87660969774221,1534.0735162102858,1575.5049979956095
97,E04,A2,A5,353.2966511937044,8.561691704002312,552.6345114963317,566.3901533295607
97,E04,A5,A2,24.967370633064487,1.072126807598359,341.61597506680425,356.5336864501055
97,E05,A4,A3,4399.915031160037,78.04248626106224,7056.118507360061,7181.371485395423
97,E06,A3,A6,1.5483260948333537e-16,3.623031741492792e-16,2.583661091790947e-16,8.630315071050319e-16
97,E06,A6,A3,92.33599232534868,2.1066124604958127,185.22600601770142,189.4497359313027
97,E07,A4,A6,6.437558563992297e-17,1.2136142624983787e-16,1.0247335168140125e-16,2.927519152623752e-16
97,E08,A5,A7,39.78300905789952,1.94230796330044,313.73416764942993,324.8191989581554
97,E09,A5,A8,9.977274473780795,0.43740434729489175,133.6632273393542,139.4011069800573
97,E10,A6,A8,777.7374575282125,23.376235114238405,1539.7911749680359,1586.033500321184
97,E11,A7,A8,0.0,2.316796693451564e-18,0.0,2.7003370636789463e-17
97,E11,A8,A7,325.3911246433159,12.15476578839306,712.0497484902102,738.4385075676753
98,E01,A1,A2,63.40856761353059,0.41859855710754507,106.39736576645117,107.1058709194808
98,E01,A2,A1,92.66565678375954,3.0401938340580212,153.1000886098508,158.19386587057605
98,E02,A1,A3,0.0,9.381171652360863e-17,0.0,1.5951248318971302e-16
98,E02,A3,A1,38.6621088470744,0.7587576361128237,65.11526279300206,66.40990192645309
98,E03,A4,A2,972.3019155855482,24.615856634035985,1550.882239371603,1590.450001749305
98,E04,A2,A5,347.6205720499822,8.145036458492116,543.2241834563988,555.6722366696773
98,E04,A5,A2,24.492319341173285,1.182319790982553,334.8600223006105,351.05413151832215
98,E05,A4,A3,4379.960792227089,79.40240199864392,7010.4610549205245,7138.155821364066
98,E06,A3,A6,3.3460740494637286e-17,5.1776170485279754e-17,5.527931664637108e-17,1.2145589736570622e-16
98,E06,A6,A3,93.29925325337544,2.243375877600027,187.05858316614027,191.5599868798093
98,E07,A4,A6,9.3765755424945e-17,2.6119479390672605e-18,1.4926721281442518e-16,1.3852606425144767e-17
98,E08,A5,A7,40.796338626826156,1.5306427743277577,315.13013065855273,325.95469220047084
98,E09,A5,A8,10.237698562828397,0.41585957965740916,135.10241678650817,140.65692179751528
98,E10,A6,A8,786.2919048164607,23.622567454170053,1555.1956197293748,1601.9697401381318
98,E11,A7,A8,2.0200096724165414e-16,0.0,2.2793876264172673e-15,1.6585069898910938e-15
98,E11,A8,A7,322.0583489363039,12.484410105081633,706.9401120932878,734.6809016964617
99,E01,A1,A2,62.85314265069255,1.8332103851376749,105.47067984057519,108.55254096119278
99,E01,A2,A1,94.32146211205907,1.5499253016064163,155.84294688257552,158.48283880286056
99,E02,A1,A3,3.5645457519289776e-16,2.9247009934773566e-16,6.030895936676921e-16,1.1005429305762595e-15
99,E02,A3,A1,38.94814071197812,0.8016813487750252,65.88106345693032,67.24368377671155
99,E03,A4,A2,968.1588842226738,24.648507574163013,1546.1099172464685,1585.8164997995402
99,E04,A2,A5,354.4440341474889,6.902062829560434,554.8913644105093,565.3937354756988
99,E04,A5,A2,25.11259107896319,1.469106126956141,335.84465189540185,355.5459409253244
99,E05,A4,A3,4381.010322828746,79.92792362747089,7028.675352381917,7159.480724693776
99,E06,A3,A6,3.734360103324159e-15,8.764831901444145e-17,6.162931975107854e-15,1.921576872929388e-15
99,E06,A6,A3,93.56754022962387,2.0789225025328046,188.3317387082933,192.51382413585492
99,E07,A4,A6,4.177306656687805e-15,0.0,6.637848512369617e-15,1.282082652195521e-15
99,E08,A5,A7,40.858603861593984,1.5335558004552579,313.1772980930917,323.8239788831995
99,E09,A5,A8,10.26559662210082,0.4155729262586999,135.09137968612396,140.5977104088352
99,E10,A6,A8,771.3681618223364,24.538836902895447,1528.5407791743576,1577.5044144818753
99,E11,A7,A8,1.6884642981616006e-16,0.0,1.9026908973139866e-15,0.0
99,E11,A8,A7,324.1169432134212,12.43686239381331,708.4276537196247,735.4238539314782
100,E01,A1,A2,61.502164151905596,1.6387601532017055,103.01120667773456,105.74852655306503
100,E01,A2,A1,93.86407649694141,1.6665352646229588,155.58413754048206,158.38194053998257
100,E02,A1,A3,1.2898548064648945e-14,0.0,2.1995437136062258e-14,5.099572028311449e-16
100,E02,A3,A1,38.69367087463105,0.723686264236438,65.28586132753281,66.4957712040025
100,E03,A4,A2,967.1182886194978,24.90582297301999,1548.0259367749452,1588.438762550271
100,E04,A2,A5,346.4752724095451,10.8936163454922,542.4615287987526,559.349006143454
100,E04,A5,A2,24.370802167602687,0.77347340434979,339.6193168738355,350.5656125005239
100,E05,A4,A3,4352.240754065622,81.8137432007754,6996.070238030431,7127.259374158454
100,E06,A3,A6,7.945720395150503e-16,8.459364519385735e-15,1.2947838385744996e-15,1.5079623877743437e-14
100,E06,A6,A3,92.32282366318023,2.3408200625236613,184.5439338925509,189.2330949651439
100,E07,A4,A6,1.525795963755297e-15,2.493452642899896e-15,2.4177170698500126e-15,6.210868507093714e-15
100,E08,A5,A7,39.82333473521434,1.348608517784307,314.64167706950167,326.1163975751501
100,E09,A5,A8,10.003697727884607,0.4228401471841718,134.4975269091543,140.37822424896535
100,E10,A6,A8,777.1694097051213,23.437945274339317,1537.619193568547,1584.0661180910815
100,E11,A7,A8,6.462701762911442e-18,8.830802322096454e-18,7.281748895145682e-17,1.7431443448390004e-16
100,E11,A8,A7,326.08268824651884,12.046958222640994,714.3827738345581,740.8501747517619
101,E01,A1,A2,63.47588619022358,1.1874278709341035,106.71733332995699,108.70077480155533
101,E01,A2,A1,92.72809858873556,2.3634869383170707,153.05171908505778,156.9116257686989
101,E02,A1,A3,0.0,3.478168993757208e-16,0.0,5.907563003206454e-16
101,E02,A3,A1,38.46160057258824,0.7608989928922413,64.96744269823084,66.21996994394723
101,E03,A4,A2,973.131203318242,24.576652131681055,1553.0627309896408,1592.5846472880676
101,E04,A2,A5,347.1416309811063,11.603967516326028,545.1338089944893,563.1653318455615
101,E04,A5,A2,24.746521719482043,0.8171285851456602,343.40793163069594,354.7117968132999
101,E05,A4,A3,4369.4615686223515,82.69907865273856,7000.513451840827,7133.704672170795
101,E06,A3,A6,2.639348249148967e-16,1.1124761769333651e-16,4.3864402425646604e-16,5.14840669330735e-16
101,E06,A6,A3,92.81728508995505,2.3396739144049246,185.71553625233196,190.38538011759005
101,E07,A4,A6,1.2011822936446088e-16,1.1149019969281101e-17,1.9042418942811655e-16,1.1826536250846955e-16
101,E08,A5,A7,40.08217694723112,1.5301784122086597,315.1503697694315,326.57507335023826
101,E09,A5,A8,9.895907058537517,0.4210488992651361,133.09448152586828,139.02250889831757
101,E10,A6,A8,778.7458070649375,23.36341920869164,1541.204594348803,1587.4694358990655
101,E11,A7,A8,2.8254690139412794e-16,1.154781576969107e-18,3.1924563312837257e-15,3.0949411828080884e-15
101,E11,A8,A7,325.9671421012529,12.438446853775092,713.7057569764621,741.6684476484972
102,E01,A1,A2,62.76825407588019,0.9760277577060577,105.21985593523262,106.86775660857047
102,E01,A2,A1,91.94301115368495,2.3913387390533756,152.05735275702406,155.92994240012388
102,E02,A1,A3,0.0,8.924796267024075e-16,0.0,1.5164397332611935e-15
102,E02,A3,A1,38.60602068292571,0.9639849005216771,65.31336017797182,66.94863996653122
102,E03,A4,A2,975.1722296006321,24.836253606910557,1559.4647364683096,1599.5213291908663
102,E04,A2,A5,351.4827288729491,3.5246123568360805,552.1825395521026,557.5741393610965
102,E04,A5,A2,24.71369563210231,1.6485534113309575,338.58832770058154,361.12131640666803
102,E05,A4,A3,4386.420834024577,73.54566644086648,7045.715788112825,7165.456151680271
102,E06,A3,A6,2.363336114245653e-17,0.0,3.9023022311953773e-17,3.8673830226517686e-18
102,E06,A6,A3,93.4687974098282,2.6172679261502703,187.62314324671138,192.87774069277577
102,E07,A4,A6,3.9911624749558203e-17,6.849361229452179e-18,6.341442273144064e-17,3.379702686217079e-17
102,E08,A5,A7,40.55789750435744,1.5670593864901001,315.3078575763141,326.8372244172847
102,E09,A5,A8,10.134360102610987,0.40820509780761005,135.34694358039542,140.7738663624556
102,E10,A6,A8,781.0823372237887,22.710180856756125,1546.6403774744174,1591.863305191904
102,E11,A7,A8,1.7615785611277423e-18,0.0,2.0739613819217233e-17,5.511254756926616e-18
102,E11,A8,A7,324.8340944360976,12.270049802073352,710.9194886643306,738.0253255635484
103,E01,A1,A2,63.114271983105766,1.7255848064139465,105.9337759365113,108.8247573612443
103,E01,A2,A1,93.53754595552888,1.4765404765291275,154.56587799744716,157.08522424188237
103,E02,A1,A3,0.0,3.637625513240242e-15,0.0,6.178492020635563e-15
103,E02,A3,A1,39.26194101252431,1.036000852557689,65.82703822655135,67.58864701325047
103,E03,A4,A2,975.162875004492,24.572528780078624,1554.1494657035958,1593.6678565896273
103,E04,A2,A5,349.8356006588649,8.748738744410462,547.3666040155249,561.1321283909396
103,E04,A5,A2,23.74126865131606,1.0335026719049112,328.22604637763925,342.6291881014528
103,E05,A4,A3,4409.297403356772,76.64491770294711,7050.577071684608,7173.333094106412
103,E06,A3,A6,3.3571003959764295e-16,8.898330430580975e-16,5.550104914619084e-16,2.0310654735839305e-15
103,E06,A6,A3,91.5253392224355,1.8271776272734324,183.22709093582924,186.89303714404662
103,E07,A4,A6,1.640656833739518e-16,1.9701679695521308e-16,2.6168514373768756e-16,5.503422678123195e-16
103,E08,A5,A7,40.881664903458045,1.6491815464259072,316.7265348446222,328.2444621383107
103,E09,A5,A8,10.173428000798303,0.4258143674993404,135.65672011499356,141.49724365012412
103,E10,A6,A8,778.9563369490901,22.366725063008598,1542.3510459002466,1586.6930644844638
103,E11,A7,A8,0.0,8.536268302231557e-17,0.0,9.435436544014365e-16
103,E11,A8,A7,323.3716033539448,12.279308984939629,709.0216246620929,735.4267881405103
104,E01,A1,A2,62.39872158325931,0.9454734398819031,104.89952796579502,106.504445772904
104,E01,A2,A1,94.22680408424787,2.450811281410563,155.37423642272756,159.5524028791993
104,E02,A1,A3,2.7434088501898185e-17,1.0810353897051574e-18,4.65946479854829e-17,1.824399529215734e-18
104,E02,A3,A1,38.76413345053301,1.2009112791478664,65.59086475032575,67.62939398324589
104,E03,A4,A2,961.4302327248463,25.32439749105245,1538.9155699936716,1579.7279675776697
104,E04,A2,A5,351.18942547430095,6.027692239894872,549.6879653778358,559.383029992448
104,E04,A5,A2,24.273790032315915,1.3853254868152522,337.62598551391903,356.9932980739298
104,E05,A4,A3,4337.621100522281,80.24652523749151,6974.930637013644,7105.314874083395
104,E06,A3,A6,6.44659350909213e-17,1.0432246449546861e-16,1.0519228069742425e-16,2.7439947946068196e-16
104,E06,A6,A3,92.39246270688545,2.1619510611999013,185.69155689623653,190.04855146416807
104,E07,A4,A6,3.758184637942906e-17,0.0,5.9831521086168e-17,4.966093140094256e-18
104,E08,A5,A7,40.28416588268051,1.7219028149492164,316.10712898096796,327.5275668789845
104,E09,A5,A8,10.001976122283683,0.4211472532332718,135.80213945622913,141.4221871010584
104,E10,A6,A8,779.4548237409824,23.02423236766341,1543.3531706704475,1589.2783246751453
104,E11,A7,A8,2.0673297610554608e-19,2.165006637402155e-18,2.2414229739097878e-18,2.668077851708653e-17
104,E11,A8,A7,323.2681667925505,12.712929316565178,707.0352139745884,735.0968726466547
105,E01,A1,A2,62.60662730727847,0.884002996692602,105.06267322698086,106.56551507437283
105,E01,A2,A1,92.54562218931595,2.616458507777801,152.83790571155856,157.29596717109422
105,E02,A1,A3,0.0,3.0260964115656553e-15,0.0,5.14462696995708e-15
105,E02,A3,A1,38.99007032013788,0.5735286166714589,65.57464068989458,66.52923366998985
105,E03,A4,A2,971.1792613495224,25.45843886042121,1548.6797301862837,1589.6341657872179
105,E04,A2,A5,346.8527999612505,11.139365584967763,545.1851406759599,562.7283019447198
105,E04,A5,A2,24.816293294306043,0.8277704719108722,339.8808339062557,351.28846079789474
105,E05,A4,A3,4410.610487585673,82.42703348368319,7060.050651177551,7193.467341344992
105,E06,A3,A6,4.270285514622362e-16,1.0229767655878131e-14,7.12422392432135e-16,1.775275625026411e-14
105,E06,A6,A3,92.29660725605876,2.336269390177593,185.24528984129876,189.9457963507191
105,E07,A4,A6,4.909928743929338e-16,9.500251836418435e-16,7.848735691832337e-16,2.303636235442404e-15
105,E08,A5,A7,39.929485204463745,1.7073866174452497,313.00307862630325,323.4840110151574
105,E09,A5,A8,10.011353624478224,0.44968810892649286,134.77593504541036,140.86780122230343
105,E10,A6,A8,770.1945956034606,23.462513443486984,1523.1464856291238,1569.6295085182817
105,E11,A7,A8,8.981191803741463e-17,0.0,1.0316757564557337e-15,0.0
105,E11,A8,A7,325.7229112351786,12.0537904218329,715.4368449909592,742.4928262943179
106,E01,A1,A2,62.964296879604504,1.8194449964177306,105.39641822727357,108.47978331917822
106,E01,A2,A1,92.90538557890483,1.4254822423244062,153.09024691186363,155.5155828284207
106,E02,A1,A3,7.310262467453722e-15,3.5480679518095486e-16,1.2408648726384276e-14,1.3010324578966645e-14
106,E02,A3,A1,38.78616078428496,0.758410989563256,65.33189048079738,66.65933945057411
106,E03,A4,A2,970.2879339681584,26.149473098224153,1547.266492433796,1589.29313515639
106,E04,A2,A5,352.22574390704034,11.913262970498748,552.6281472876097,570.8742850671129
106,E04,A5,A2,24.464808592248435,0.7352961349730817,336.6458295873,346.92313845066576
106,E05,A4,A3,4349.84452140566,81.73130309243584,6965.219171134819,7096.97234066602
106,E06,A3,A6,7.114476540321612e-17,5.837773911407887e-16,1.1647028074403245e-16,1.0894789298329503e-15
106,E06,A6,A3,93.01061129049768,1.9558512289570755,186.19859772354474,190.1224235286035
106,E07,A4,A6,1.7133237317525535e-16,8.160258878446957e-18,2.737446358967522e-16,7.498143133369406e-17
106,E08,A5,A7,40.047597136964775,1.7639849053687398,312.78376997541915,323.8039787351612
106,E09,A5,A8,9.898519818404852,0.4341221428775255,133.77082662111516,139.58399182283662
106,E10,A6,A8,774.7908609824314,23.486431493610535,1533.658938192435,1580.4611324530808
106,E11,A7,A8,8.234705179544235e-19,1.0975253853251928e-17,9.239014176462939e-18,1.3130638604479767e-16
106,E11,A8,A7,324.4125093612457,12.427559712285829,714.1128373630208,741.6958737398443
107,E01,A1,A2,62.53963168921366,0.9093747742861568,105.153186988227,106.68063166739097
107,E01,A2,A1,94.69468151307821,2.4864294142402272,156.07851703432237,160.30107579447304
107,E02,A1,A3,6.164152417841531e-17,1.0757076355644094e-15,1.0498981263343423e-16,1.9313115376259053e-15
107,E02,A3,A1,38.88671883758526,0.6391906434278087,65.4316128201835,66.51360368155082
107,E03,A4,A2,974.7900545949653,23.861834803337967,1553.9441787209996,1592.2325443830182
107,E04,A2,A5,355.63142211639877,8.44145530761962,556.4367941052285,569.7474430600289
107,E04,A5,A2,24.003752288367664,1.0900626333158467,335.3788091821525,350.8572367895413
107,E05,A4,A3,4409.769570198138,82.82999543023237,7060.167524033093,7192.947519150956
107,E06,A3,A6,1.654044776099725e-16,2.8022978454835584e-16,2.6994327052441807e-16,6.986237039316969e-16
107,E06,A6,A3,91.78720616380396,2.3174537288784656,184.13780568895274,188.80152736779917
107,E07,A4,A6,5.523514119489007e-16,0.0,8.775844476857822e-16,0.0
107,E08,A5,A7,39.686190224262226,2.086942382476161,313.5248596418573,325.01572052027524
107,E09,A5,A8,9.96990789665867,0.43462815593746984,135.09458518813943,141.2197031806324
107,E10,A6,A8,780.8915390957545,23.087028531268103,1549.289873186626,1595.0606348379652
107,E11,A7,A8,1.2123685802399605e-16,4.674229343982014e-16,1.3591225193543073e-15,6.6323101234720686e-15
107,E11,A8,A7,323.92491198619575,11.543366793927337,712.3345730101519,738.1661376595732
108,E01,A1,A2,61.82988177806617,1.816387882410918,103.84691392902997,106.89845850438661
108,E01,A2,A1,92.48158707259256,1.318586320696529,152.4259085911499,154.5532598422614
108,E02,A1,A3,0.0,1.983512986799753e-14,0.0,3.3686532714611297e-14
108,E02,A3,A1,38.69436468172295,1.037863994467627,65.17216667212881,66.89078847442399
108,E03,A4,A2,971.2707290881905,25.5252751593723,1551.4905256214706,1592.5874261451077
108,E04,A2,A5,349.2952039175982,7.771011622630925,546.0819319424463,558.1418573020866
108,E04,A5,A2,24.61126809247834,1.097929388966984,336.98611690304114,352.0168548461967
108,E05,A4,A3,4382.2517682387115,75.7138076584583,7026.7687786473125,7148.7176614558675
108,E06,A3,A6,3.896863850744085e-15,1.934561085419036e-16,6.278117858958758e-15,2.473428109396852e-15
108,E06,A6,A3,92.41564496374275,2.3756538067628052,184.52714185333423,189.25306505736592
108,E07,A4,A6,4.033270240025948e-15,1.4602881090377205e-17,6.320892619776791e-15,2.036905016085909e-15
108,E08,A5,A7,41.16297870290542,1.67707326243055,316.0821477412568,327.7146228518694
108,E09,A5,A8,10.250536974375784,0.43717599067788476,136.17402155472848,141.9730729769487
108,E10,A6,A8,779.9169169359254,24.219114220358183,1542.2989214872787,1590.4388150728455
108,E11,A7,A8,5.609749355422049e-16,5.90355986761383e-17,6.3366099505728284e-15,3.122700531985475e-15
108,E11,A8,A7,325.0679001716266,11.573522191479654,711.6754950370603,737.4010748315152
109,E01,A1,A2,64.12861036512035,2.0852764335385188,107.39218618135678,110.9221978709815
109,E01,A2,A1,92.65361607789586,1.1284188641390531,153.4386620020008,155.26685976485152
109,E02,A1,A3,0.0,9.842573855907365e-14,0.0,1.6701536250621317e-13
109,E02,A3,A1,39.197002927741096,0.836989325349187,65.7783113020851,67.1953065028727
109,E03,A4,A2,966.0984466916925,26.632441790323494,1541.212801354101,1583.895101635455
109,E04,A2,A5,350.52097866648114,7.5744873831094335,549.1835770904484,560.8940198976308
109,E04,A5,A2,24.810619933413246,1.181460672005045,336.53163544421267,352.7974041228338
109,E05,A4,A3,4392.126247134129,83.10055505805292,7029.814198382108,7162.7718272752045
109,E06,A3,A6,1.2631812682525672e-17,6.73868268592796e-16,2.0471494204666132e-17,1.1503509917584495e-15
109,E06,A6,A3,92.77263243979908,2.4128681783083032,185.748533369652,190.56214971300864
109,E07,A4,A6,2.7922524029038835e-16,3.104743543170276e-17,4.469222004442856e-16,2.356678590418702e-16
109,E08,A5,A7,40.09819380547198,1.174132605958226,311.57528832491244,322.9580829581117
109,E09,A5,A8,10.086656259771388,0.4312108175779432,133.1860793517709,138.89898975049442
109,E10,A6,A8,783.8562981477118,22.51265973386744,1551.1835150740894,1595.9883016085316
109,E11,A7,A8,7.486689760993922e-18,0.0,8.065312558662832e-17,0.0
109,E11,A8,A7,326.4611061413435,12.45536742229741,715.7623831147014,742.8975823085432
110,E01,A1,A2,63.14835840138278,2.0143412228597386,106.15947037773373,109.57119975614222
110,E01,A2,A1,93.10349695393984,1.3253444458970212,153.2905062410158,155.466265318903
110,E02,A1,A3,0.0,4.045887722292616e-16,0.0,6.884512781359408e-16
110,E02,A3,A1,38.77987991220273,0.6878990715917007,65.12095728458326,66.27908831872892
110,E03,A4,A2,965.9209786979281,26.181895154789615,1540.1642129060056,1582.2931143706783
110,E04,A2,A5,355.2273189096378,6.922941351486553,555.8621255521606,566.3494082558202
110,E04,A5,A2,24.20743294967081,1.4244858917288556,337.9545223712056,358.09566822554814
110,E05,A4,A3,4414.399869111589,91.89980796691512,7062.466498505608,7210.463115961867
110,E06,A3,A6,8.447981885087993e-17,1.0044778279945157e-16,1.4092631315617537e-16,3.0936922295511543e-16
110,E06,A6,A3,92.97406737118885,2.3567547175140566,186.00405872351473,190.7159550245702
110,E07,A4,A6,3.096279075810201e-17,2.2639461910368882e-17,4.94577320034412e-17,6.980621347274071e-17
110,E08,A5,A7,40.57263143549587,1.7605308684172307,314.9987630287903,326.54463951668157
110,E09,A5,A8,10.086802439496248,0.4288672088262576,135.7076130102756,141.58561016673315
110,E10,A6,A8,781.9986644565614,24.027206108418163,1547.5808487158756,1595.432051499301
110,E11,A7,A8,0.0,5.3345059873418275e-18,0.0,6.028213446290267e-17
110,E11,A8,A7,325.430800613843,12.700875167956772,713.7396963588202,741.6810139021444
111,E01,A1,A2,61.40988757866535,1.6253272152923386,103.19565743680567,105.96299256020569
111,E01,A2,A1,92.77651715392545,1.7159790267139776,154.00447880218212,156.78200497588833
111,E02,A1,A3,0.0,0.0,0.0,0.0
111,E02,A3,A1,38.15947819190873,0.9175792539743527,64.3800426910789,65.92180939559893
111,E03,A4,A2,972.0364753642192,25.763114805514302,1551.8586195598743,1593.4193284282348
111,E04,A2,A5,353.1401717323063,4.152190414005451,552.0527093961955,558.3569459329663
111,E04,A5,A2,24.168846488757058,1.587217267492789,333.6080345032543,355.6400682575113
111,E05,A4,A3,4406.08796881383,76.87958443742137,7063.988228684619,7187.902830139696
111,E06,A3,A6,2.3831639136609e-14,2.0482750200039857e-15,3.988502565261902e-14,4.333077165852221e-14
111,E06,A6,A3,92.69714085084183,2.126276558285899,185.51184512498753,189.78995455541335
111,E07,A4,A6,4.619102354647102e-16,1.3799818574522416e-16,7.352854002663724e-16,8.202903762433597e-16
111,E08,A5,A7,40.33177390715069,0.8921821771226384,314.82946148525895,325.9488185831724
111,E09,A5,A8,10.00611862626239,0.3868373193246363,134.68184990203062,139.9740722643743
111,E10,A6,A8,776.9017176553015,22.128536544320408,1534.6267296473707,1578.494630960782
111,E11,A7,A8,1.5638728165981261e-18,6.180696485849804e-17,1.641700238562289e-17,7.165824448160335e-16
111,E11,A8,A7,323.1994203897023,12.520767754547935,709.0788820738683,736.4596502648935
112,E01,A1,A2,62.588415328559066,1.0028839696243619,104.99135826751912,106.68023903557238
112,E01,A2,A1,93.00229597104769,2.588382768266322,153.45171271118528,157.70884717982472
112,E02,A1,A3,3.6077275194361743e-16,0.0,6.135008415691209e-16,1.939201475496093e-16
112,E02,A3,A1,39.41302413804977,0.8865632429411645,66.40647140459299,67.86389587521168
112,E03,A4,A2,969.9133755535838,25.837003040177624,1551.5453298386903,1593.6619818897964
112,E04,A2,A5,354.87008817095335,7.919879769993033,555.2385887575109,567.4659156013313
112,E04,A5,A2,24.073746399621015,1.2176054829428757,335.67951545357124,352.6176441866291
112,E05,A4,A3,4370.643452510754,73.83909617853416,7020.8702269634805,7139.863905807669
112,E06,A3,A6,3.3414720038899057e-15,8.046145740072928e-16,5.580882163185014e-15,6.91715892691296e-15
112,E06,A6,A3,91.38509486946188,2.5556519971450347,183.12815172229892,188.24826378681354
112,E07,A4,A6,2.149053726495996e-16,4.473677146333227e-17,3.4093522340529115e-16,2.2518349005599365e-16
112,E08,A5,A7,40.9097153121368,2.2109145463582065,315.56575233827004,326.7373457068331
112,E09,A5,A8,9.997916894505767,0.4318342362498501,134.14976507261713,140.0786733503254
112,E10,A6,A8,779.1254622533256,23.829893300183905,1541.8530548383092,1588.8496681110607
112,E11,A7,A8,7.753833596395962e-17,3.2143493348336327e-16,8.537167841103031e-16,4.421513460288996e-15
112,E11,A8,A7,326.8960981678478,12.354954231716219,717.4036367802955,744.3128841543376
113,E01,A1,A2,63.22627183027421,0.8603671282230732,106.02293827982353,107.4945457299468
113,E01,A2,A1,91.79139020412933,2.452755718156808,151.38029078986045,155.44199701015958
113,E02,A1,A3,5.702176980517118e-15,1.6259851073853e-15,9.62762680256967e-15,1.0918368830513568e-14
113,E02,A3,A1,39.22733903156651,0.7142363980169073,65.92538210270274,67.12012240961408
113,E03,A4,A2,969.6976401347222,25.82887629724885,1546.9757257407737,1588.263454113255
113,E04,A2,A5,353.7661052694935,6.033441935167228,554.3590064351401,563.7198847465027
113,E04,A5,A2,24.299088145421702,1.3826919383666576,338.0825612888612,357.6042750296417
113,E05,A4,A3,4382.288479381384,78.7542486151895,7016.348908180949,7143.191474932235
113,E06,A3,A6,3.255573427556993e-14,0.0,5.435766600121408e-14,0.0
113,E06,A6,A3,92.61279745797677,2.1541990051143003,185.2467184789535,189.55391464097386
113,E07,A4,A6,9.880340005694677e-16,1.427491748794408e-15,1.5851371424057056e-15,3.652767728258911e-15
113,E08,A5,A7,40.88743733632585,0.9253511476352854,316.3230986194067,327.1688157242528
113,E09,A5,A8,10.025622791580945,0.44614040120134735,134.71782486411914,140.79740020217744
113,E10,A6,A8,785.9535737977784,23.5065512738709,1554.342933776841,1600.7639781528014
113,E11,A7,A8,0.0,4.939068227811949e-18,0.0,5.767212694049486e-17
113,E11,A8,A7,323.96432587333544,12.329322723869335,708.7896061445003,735.4502958407097
114,E01,A1,A2,62.860645233356905,1.2001268065986919,105.51222079583616,107.52042710624937
114,E01,A2,A1,94.37624750362198,2.4309179645247543,155.72238114232044,159.64986303279431
114,E02,A1,A3,2.1191677683807723e-16,4.1958621561657215e-18,3.605108159662358e-16,1.9609637327901117e-16
114,E02,A3,A1,38.85040853349436,0.7224287166999652,65.41696222110534,66.69142128417946
114,E03,A4,A2,965.893809525689,25.759613042939353,1542.6249831000507,1584.1609433566925
114,E04,A2,A5,354.12198608554434,11.09596957137558,554.9088662861689,572.3226082180214
114,E04,A5,A2,24.94154719344099,0.8755145512153137,337.02827177253977,348.60249435622313
114,E05,A4,A3,4390.732524533982,87.12036839152351,7043.143752924357,7183.247499878373
114,E06,A3,A6,0.0,4.4577556173016886e-17,0.0,7.47777567457097e-17
114,E06,A6,A3,91.38387050576081,2.29549732072536,182.57548353123047,187.20665724153446
114,E07,A4,A6,1.0847765890206441e-16,0.0,1.7269997104150293e-16,0.0
114,E08,A5,A7,39.92122894433359,2.2841089534638366,315.0226975665279,326.1735105307072
114,E09,A5,A8,10.105493221636408,0.42119800817410086,133.8050914705656,139.48897974815543
114,E10,A6,A8,782.4268769302672,24.634133007471416,1547.411803219526,1596.450448233658
114,E11,A7,A8,0.0,5.975674425644365e-17,0.0,6.759842382713583e-16
114,E11,A8,A7,326.3498298134448,12.246404691509682,717.7817321431988,745.0688573439269
115,E01,A1,A2,64.82448233604826,0.584586520345385,108.67564875784468,109.67028450978708
115,E01,A2,A1,91.79033706348551,2.682240070855151,151.6318440462215,156.1849975209629
115,E02,A1,A3,1.7381671195273328e-16,2.842320814317949e-17,2.948433352541723e-16,3.4295376884837258e-16
115,E02,A3,A1,38.858549294670006,0.6356016075115389,65.48591987054897,66.55576241357798
115,E03,A4,A2,964.1113032434115,24.542999095917263,1538.8359630739765,1578.3260256180076
115,E04,A2,A5,353.528900649315,10.88891946820177,553.3783895484355,569.8017389009926
115,E04,A5,A2,24.726812445872042,0.9777882878104087,336.6249257136035,350.1136687908865
115,E05,A4,A3,4367.391980327082,81.85885426090609,7000.135456480053,7133.026152837417
115,E06,A3,A6,2.008718974420009e-15,4.84381716999893e-16,3.297059167760483e-15,3.503024985644803e-15
115,E06,A6,A3,91.65543242281613,2.421344946732868,183.5187310907839,188.38089912850683
115,E07,A4,A6,3.055645094015527e-15,0.0,4.855782509639236e-15,1.1936807357395206e-15
115,E08,A5,A7,39.970411384868136,1.5614741825365337,312.39170124411834,323.42999836049523
115,E09,A5,A8,10.091532117158392,0.4496794772650514,134.8444874678589,140.82921273805232
115,E10,A6,A8,782.2046927458623,23.388030945122864,1548.5228390161853,1594.771929841996
115,E11,A7,A8,1.6510660537496226e-16,0.0,1.9404492964866414e-15,0.0
115,E11,A8,A7,325.6941652798918,12.807395025575417,712.0378611847004,740.0283609387507
116,E01,A1,A2,63.49874283531756,0.22778205614314748,106.5630444824889,106.94629990908001
116,E01,A2,A1,91.58289236102642,3.2111474039974555,151.24560182549925,156.55644467781627
116,E02,A1,A3,0.0,6.116001506240996e-15,0.0,1.0387786645924918e-14
116,E02,A3,A1,38.696536477203466,0.9323042912079313,65.43047551660617,66.95606888149153
116,E03,A4,A2,965.6987624091669,26.357616131269687,1545.6083551405561,1588.0307968982759
116,E04,A2,A5,349.81484159654354,9.341019331850429,550.900430665278,565.4621618841603
116,E04,A5,A2,24.940384891226852,1.0582084804820286,340.4871868095544,354.86193731418984
116,E05,A4,A3,4377.462193822426,78.10583922994986,7036.769806873932,7164.37176329305
116,E06,A3,A6,0.0,2.4379510037260796e-14,0.0,4.0861933198948525e-14
116,E06,A6,A3,91.30719833341374,1.9804311110067616,183.395451714165,187.3542440656277
116,E07,A4,A6,0.0,0.0,0.0,0.0
116,E08,A5,A7,40.14474611627716,2.4465927304176196,315.31872515170977,326.551760974841
116,E09,A5,A8,10.178489691615622,0.44588831702757337,134.6714400072274,140.62493116010356
116,E10,A6,A8,779.3979744466469,23.39781857953714,1542.0384416032816,1588.4563090800832
116,E11,A7,A8,0.0,3.1248745982504775e-16,0.0,3.4650825205832303e-15
116,E11,A8,A7,327.91089525611847,12.624982954905914,717.6771559060207,745.0656805970708
117,E01,A1,A2,64.33976040521736,0.7125000774253436,107.96298090947316,109.1644235266576
117,E01,A2,A1,93.667139895108,3.0870826977344437,153.8977394214374,158.84616014000898
117,E02,A1,A3,0.0,1.2948523912680033e-15,0.0,2.1976762984630088e-15
117,E02,A3,A1,38.8502939860299,1.0017754268153933,65.49131224109263,67.15963708533266
117,E03,A4,A2,974.4381725554547,24.86361089544493,1556.3495325812771,1596.479085737876
117,E04,A2,A5,348.5038021123675,12.220015159862749,546.512075115896,565.357272298376
117,E04,A5,A2,24.867507874018315,0.7102655125960644,341.93308436575376,351.45732224062345
117,E05,A4,A3,4396.327470856648,78.45059059053496,7046.868682309702,7173.161452374836
117,E06,A3,A6,0.0,1.3855311156267474e-14,0.0,2.319152528688678e-14
117,E06,A6,A3,91.58158449741047,2.107256566285971,183.71784001777218,187.962235398061
117,E07,A4,A6,1.0617480529265641e-16,3.331038921034978e-17,1.6926779211777006e-16,1.1021086395292707e-16
117,E08,A5,A7,40.85929546609088,1.0042637512604469,315.7750652344634,327.378077077125
117,E09,A5,A8,9.806843575669156,0.46164717618673556,131.33675542620242,137.41621237893088
117,E10,A6,A8,781.9203489170197,23.520915202768606,1545.9655272408088,1592.3011968103374
117,E11,A7,A8,6.877870925574032e-19,1.812879267530042e-18,7.766495905626547e-18,2.7971395176256446e-17
117,E11,A8,A7,327.6131555003835,11.756352895896521,718.0471360784054,744.9464125124526
118,E01,A1,A2,63.2868301485413,1.6153696522978833,106.14742924940212,108.8330409297208
118,E01,A2,A1,92.09457710472691,2.007126216637835,151.92847939569634,155.16950941177944
118,E02,A1,A3,2.352149917881824e-16,6.471868263556916e-17,3.9840789904416173e-16,2.8137164233212377e-16
118,E02,A3,A1,38.147758643998756,0.9535880522946784,64.28203269349532,65.86264879380333
118,E03,A4,A2,971.2090418309873,25.074869202793142,1549.466168621262,1589.709942411914
118,E04,A2,A5,352.8463389421129,9.131875169490899,551.413365885093,565.8389002814566
118,E04,A5,A2,24.813368833076613,1.0588993354672949,339.7844243948589,354.39679816491434
118,E05,A4,A3,4408.9257141496955,84.7744855223443,7069.366321818587,7206.103903101211
118,E06,A3,A6,4.2092547625933493e-16,1.0375034346811722e-16,7.236212370964445e-16,5.141064643910646e-16
118,E06,A6,A3,91.49356934598288,2.0826946095220045,183.63772878174404,187.82042054735922
118,E07,A4,A6,3.8471275965859667e-16,0.0,6.37730754299714e-16,1.0553273585802682e-16
118,E08,A5,A7,40.45486282368501,1.3321851177116288,315.17153900967486,326.7510131444787
118,E09,A5,A8,10.073737990113063,0.4348769397312977,135.10294489616246,140.8379414793881
118,E10,A6,A8,780.4572497433121,22.939655213562,1543.176469402868,1588.7685471846328
118,E11,A7,A8,0.0,3.9228426785055754e-17,0.0,4.501100857591557e-16
118,E11,A8,A7,321.4626994791866,12.075328088124593,706.3339267531096,733.470507803718
119,E01,A1,A2,62.20104429037955,2.2779631912189386,104.1507043938013,107.97465688404455
119,E01,A2,A1,93.83351655036464,0.9966455009764476,155.42331470835774,157.0718499179176
119,E02,A1,A3,3.647553954862901e-16,0.0,6.198525865352656e-16,4.6800289542627685e-16
119,E02,A3,A1,38.783505291997606,0.9661438641368832,65.36714936730075,67.03873058921475
119,E03,A4,A2,963.179479070402,25.21886609096926,1538.2816532342667,1578.7216052489102
119,E04,A2,A5,354.41662850206114,6.397546929661066,556.0281762116362,565.7340754273636
119,E04,A5,A2,24.746095819983914,1.3244759225268221,337.40577242587705,355.50205394493975
119,E05,A4,A3,4396.172979189255,78.97240402075101,7056.945390814749,7185.952793900136
119,E06,A3,A6,8.404592950591267e-17,1.1926734617573154e-17,1.372967982869255e-16,9.521034249649964e-17
119,E06,A6,A3,93.26314789475116,2.6332754583968336,186.6767952301517,191.94203517075186
119,E07,A4,A6,3.146743809859669e-16,0.0,5.008473871770837e-16,5.5349574827336715e-19
119,E08,A5,A7,40.34099048885388,1.1681534850837654,315.0526131572244,326.70294275659705
119,E09,A5,A8,9.981467955011489,0.42299968379917025,132.94095122752532,138.48827218463933
119,E10,A6,A8,769.8196108627839,23.0283757204666,1524.738300380272,1570.585273171082
119,E11,A7,A8,9.295256566466669e-18,0.0,1.0458078571779755e-16,6.650436580382177e-17
119,E11,A8,A7,322.91632507259305,12.625918257117783,706.9849635086017,735.4405808191691
120,E01,A1,A2,62.678630921659206,1.0197170535299156,104.96095667518131,106.66036316716293
120,E01,A2,A1,92.47307850173837,2.4675072450008884,152.71505044064287,156.7243985769123
120,E02,A1,A3,0.0,5.210706225522393e-16,0.0,8.843857553325616e-16
120,E02,A3,A1,38.990432209584405,0.8443092670485856,65.54956722551103,66.92182103192401
120,E03,A4,A2,960.0222907399595,27.08371559823851,1534.9141007993924,1578.405456591492
120,E04,A2,A5,352.1557580162719,8.391489579209146,551.3663788653093,564.6676537062694
120,E04,A5,A2,24.562097095874893,1.106585120205576,334.15177621193095,349.3827032280474
120,E05,A4,A3,4404.9699113392035,78.17094252209073,7068.701051808933,7194.962880668864
120,E06,A3,A6,4.850533769137841e-17,9.307071777390091e-17,7.961014288719921e-17,2.225397302669552e-16
120,E06,A6,A3,91.95113241697847,2.6003029360929197,184.0969526105868,189.30201713761755
120,E07,A4,A6,2.7952000277645966e-16,0.0,4.470113869986094e-16,2.53020952311985e-18
120,E08,A5,A7,40.13758002105502,0.9296077755104829,312.69763258049454,323.91605629689053
120,E09,A5,A8,10.092126119679197,0.45178824419996916,134.08149130212135,140.13882340060727
120,E10,A6,A8,780.8054864516912,24.89048411437769,1545.5216461350228,1595.1328791530816
120,E11,A7,A8,0.0,1.2229549348751044e-16,0.0,1.3705184501822167e-15
120,E11,A8,A7,323.9172877125205,12.102190381699726,711.7246038280712,738.034372188872
121,E01,A1,A2,63.885971992942345,0.21324585273990992,107.14551459046541,107.50922751652165
121,E01,A2,A1,93.54226682067213,3.1197101177302318,154.07332815276047,159.25685019278743
121,E02,A1,A3,3.829283236192702e-16,2.0332802602621639e-16,6.518139336524555e-16,7.102242361052608e-16
121,E02,A3,A1,38.89141198924558,0.8309608734670384,65.37144287043891,66.73367397900277
121,E03,A4,A2,967.9650300039517,27.010189798370273,1548.3414560669594,1592.1105020717368
121,E04,A2,A5,353.80181096998876,6.574799390637985,553.3307077695271,563.2161308047216
121,E04,A5,A2,24.288454984854823,1.3790122987913334,333.1540551848871,351.9528083298107
121,E05,A4,A3,4407.066349656162,77.91027527244826,7075.2512709417515,7201.119361031899
121,E06,A3,A6,2.648943067727788e-16,8.824375686397222e-16,4.3935462726821973e-16,1.9030605564019436e-15
121,E06,A6,A3,93.48950957834784,2.1470715731719516,187.01374045316518,191.3034709972656
121,E07,A4,A6,1.6361726366380638e-16,3.155835889379406e-16,2.6122372665058175e-16,7.635037079588325e-16
121,E08,A5,A7,40.67199138695374,1.365134857720709,315.72351535051916,326.54432083281455
121,E09,A5,A8,10.055731086337365,0.43792477669730395,134.55657347042012,140.38509172228297
121,E10,A6,A8,781.6065270251543,23.38039559669213,1544.026738252901,1590.4502438723189
121,E11,A7,A8,3.809320732000334e-18,0.0,4.263284542818884e-17,0.0
121,E11,A8,A7,324.230135416389,12.36649917905994,711.6569472641299,738.3816446433102
122,E01,A1,A2,61.66701126072472,3.0595640219455227,103.59462216627608,108.76722457924531
122,E01,A2,A1,92.90898988152216,0.18022439180961372,153.54789920103002,153.85393330637623
122,E02,A1,A3,0.0,0.0,0.0,0.0
122,E02,A3,A1,38.496089210263726,0.7020851675264193,64.78575336843556,66.02967285341221
122,E03,A4,A2,968.1189838142768,26.107164833983603,1547.9168784956184,1589.770361973801
122,E04,A2,A5,348.2700801179031,14.542975421732331,546.1365117560371,568.528979724053
122,E04,A5,A2,24.66207034722794,0.47638856556638165,341.09583560221654,347.767559566879
122,E05,A4,A3,4381.014954330813,81.1800073972783,7033.2114480185255,7164.520106488924
122,E06,A3,A6,0.0,2.977590708537344e-16,0.0,5.007932137708305e-16
122,E06,A6,A3,91.40636083092039,2.26511079857177,182.4139208150161,186.92891080461564
122,E07,A4,A6,3.2709049161424425e-17,0.0,5.2120851103134497e-17,0.0
122,E08,A5,A7,40.287076249757575,0.9246262817780749,311.4802422009286,322.45678893787624
122,E09,A5,A8,10.044590270379684,0.4144818014579241,134.69202244071874,140.22120923420064
122,E10,A6,A8,783.5762963921635,23.610700748966686,1552.415885095761,1599.2052532070895
122,E11,A7,A8,7.311896730023153e-18,3.560180196720615e-19,8.103946673228227e-17,5.179588961149881e-17
122,E11,A8,A7,324.4297629054779,12.2821906967354,711.9626594842026,739.274052028408
123,E01,A1,A2,61.61143607956235,2.928080511988428,103.22056518772399,108.13773080443207
123,E01,A2,A1,94.47528196738368,0.15095050536086171,155.79246244016457,156.03613475014674
123,E02,A1,A3,4.35325778214514e-17,7.280309920339606e-16,7.368528357048186e-17,1.3084495001154737e-15
123,E02,A3,A1,39.10141857131158,0.7477274873185069,65.97408786906685,67.25840645060462
123,E03,A4,A2,960.2289698404716,25.802275914288547,1535.4604216080504,1577.1423875449816
123,E04,A2,A5,353.129756626686,7.098416833794273,553.8398974673836,564.5885726013983
123,E04,A5,A2,24.70454597104734,1.3031113972961081,338.7309782449886,356.63847794360095
123,E05,A4,A3,4381.052728144827,76.30477919336853,7037.600559858623,7161.081713237202
123,E06,A3,A6,2.5810607293588037e-19,2.5027927178692573e-16,4.607563701825505e-19,4.2241914890872485e-16
123,E06,A6,A3,91.59456928240297,2.325528759985376,183.83093276010462,188.50973986801614
123,E07,A4,A6,3.8967158768034767e-17,2.086341643959299e-16,6.400186279666599e-17,4.023483205558672e-16
123,E08,A5,A7,40.450207008642884,1.1875391340790755,313.27091966548693,324.64508084890787
123,E09,A5,A8,9.945273714056833,0.4505225152533744,133.15166486780527,139.12579705974463
123,E10,A6,A8,774.6573357277099,22.895167834547355,1530.8231976453492,1576.0822318050966
123,E11,A7,A8,0.0,9.189083835936707e-16,0.0,1.0300742778387857e-14
123,E11,A8,A7,324.67825515164736,11.807192160316266,711.6416670640881,738.2740895234655
124,E01,A1,A2,62.65102582391451,2.517813069883752,105.3070488760639,109.53165739328139
124,E01,A2,A1,91.83127145203417,0.9494430561724364,151.6913975938799,153.3063250413738
124,E02,A1,A3,1.051688227800539e-15,3.9717898859149646e-18,1.772100874980597e-15,1.1083645743658293e-15
124,E02,A3,A1,38.83361284185759,0.7138736286570625,65.37889712706541,66.6515589474074
124,E03,A4,A2,963.8798489873575,25.841709395013797,1540.7175265417147,1582.5348274978605
124,E04,A2,A5,351.82910783094826,3.3761413053335945,550.9552684892718,556.1123955413229
124,E04,A5,A2,24.683317822411404,1.6859455133937014,334.8554937080065,357.73372273742865
124,E05,A4,A3,4410.087053796903,81.95050660280613,7083.0406418974435,7216.2297396563135
124,E06,A3,A6,2.8639853923864785e-16,5.404681677380404e-17,4.705147827375376e-16,3.962825585039955e-16
124,E06,A6,A3,92.37371588798919,2.2272211234309083,185.67760894986947,190.18194089050937
124,E07,A4,A6,7.037159455486895e-16,0.0,1.1175094962898513e-15,0.0
124,E08,A5,A7,40.60421256024695,1.3651563946538423,316.58125509095186,328.5181775168875
124,E09,A5,A8,10.296093236621559,0.43134283275669083,134.80411709322493,140.4735691843035
124,E10,A6,A8,779.2669690108424,23.8988449579772,1541.4557449350516,1588.6944081403976
124,E11,A7,A8,0.0,4.224758837954715e-16,0.0,4.737743944586797e-15
124,E11,A8,A7,324.4318896177789,12.585657505091145,711.8501512991966,739.3620087347481
125,E01,A1,A2,62.6443716201086,2.159806148355493,104.68289014635128,108.29925380806178
125,E01,A2,A1,94.71984546325503,1.3320827905020087,156.0449461100386,158.31435162201086
125,E02,A1,A3,0.0,4.0425288048136056e-13,0.0,6.857117880224489e-13
125,E02,A3,A1,39.339390251471556,0.6539046661138815,66.13224212314509,67.28252621557344
125,E03,A4,A2,974.4154691758608,26.131411617158236,1554.9956043603315,1596.857782127966
125,E04,A2,A5,353.7313776338149,9.527010716099324,553.4299956715699,568.4440416518571
125,E04,A5,A2,24.483172408793358,1.0034940375051826,335.90527392543476,349.7631723284393
125,E05,A4,A3,4403.312655123698,79.9336276896286,7055.352505672609,7184.535869549205
125,E06,A3,A6,3.7036816330013176e-17,8.734092279056935e-17,6.01635015785843e-17,2.0216183355089805e-16
125,E06,A6,A3,93.6200542574597,1.9214499428842582,187.6598491472987,191.52094990576649
125,E07,A4,A6,4.7332057251702686e-17,2.9611598177912874e-18,7.547347337024909e-17,2.0173631086269117e-17
125,E08,A5,A7,40.21195908145346,0.9253465085062774,312.23644915159196,323.5024452777298
125,E09,A5,A8,10.172084314041626,0.4312907816897134,136.34839711079442,142.10650687934404
125,E10,A6,A8,777.7203874680366,23.863791144723788,1539.5202203877034,1586.924542200754
125,E11,A7,A8,7.096056955678954e-18,7.894372624356029e-19,7.844086544994273e-17,5.971897954994969e-17
125,E11,A8,A7,320.0711981792771,12.441875536703558,704.9594265674081,733.0963433449683
126,E01,A1,A2,62.55105915791522,1.3479852695676384,104.8244278593092,107.10385706999702
126,E01,A2,A1,95.14828507615204,2.008412098609482,156.78534202508985,160.02028203901259
126,E02,A1,A3,3.6208814382253544e-16,2.4820245551419126e-17,6.174578758854491e-16,5.218381606554696e-16
126,E02,A3,A1,38.38762404092382,0.9274433037868868,64.63714663841023,66.20892598559278
126,E03,A4,A2,964.5141797789719,24.02689870150975,1540.6132664497707,1579.2487963008764
126,E04,A2,A5,353.4195002785671,9.633268574735215,553.4158056425706,568.2674477625184
126,E04,A5,A2,24.266105118638347,0.9819029379358462,332.7810518834776,346.42512581298445
126,E05,A4,A3,4361.825106901477,82.84275098153647,6995.209392848622,7128.636639769836
126,E06,A3,A6,9.046143585148976e-17,4.916814759313549e-17,1.4738987499263577e-16,1.672227316743772e-16
126,E06,A6,A3,92.81633905758667,2.3347751438986397,186.03157581958536,190.71503744693396
126,E07,A4,A6,2.0444229179789585e-16,0.0,3.2595699216304193e-16,0.0
126,E08,A5,A7,40.327670611521164,1.2415655710013707,313.2063939837167,324.4524882700781
126,E09,A5,A8,9.996191030057041,0.4179745077074846,132.8669614071429,138.53943214672614
126,E10,A6,A8,777.7030301228167,22.846094196057486,1539.319139314219,1584.7734779607542
126,E11,A7,A8,4.723113558967266e-18,3.093425854510518e-18,5.2975879373517024e-17,8.730726822934853e-17
126,E11,A8,A7,327.4203067778577,11.976377303574171,716.8638597878029,743.9754259406005
127,E01,A1,A2,61.021649259571056,3.2465665930624903,102.10713393367713,107.5089988174022
127,E01,A2,A1,92.94636527935218,0.10420048035168163,153.9399650554297,154.11726685478243
127,E02,A1,A3,2.9930790593035234e-16,2.3674894254095515e-17,5.07995692513448e-16,5.365795463319218e-16
127,E02,A3,A1,38.580717040327706,1.0724197431343732,65.12403284647552,66.91573858855725
127,E03,A4,A2,978.5046319135238,24.345109109046806,1561.9820834695597,1601.1052763031773
127,E04,A2,A5,352.49691854345144,9.028316158064829,550.2029611430869,563.9232140159118
127,E04,A5,A2,24.563587138844422,1.1128853867581887,330.2413423210969,345.3105901114761
127,E05,A4,A3,4386.2989662017235,81.82355697183365,7032.489546911565,7165.534963932868
127,E06,A3,A6,9.583351084799979e-17,2.228822455609683e-17,1.566553626016959e-16,1.340720873249502e-16
127,E06,A6,A3,92.57325480036891,2.2382396135313383,185.46686076653987,189.96675804851833
127,E07,A4,A6,3.079953943220843e-16,0.0,4.900675548035202e-16,0.0
127,E08,A5,A7,41.06822646245707,1.487559630836977,316.5064430911134,327.2803879063818
127,E09,A5,A8,10.226082753186528,0.4377894088173072,134.74998023440753,140.44519777898446
127,E10,A6,A8,784.0604611813001,24.323955884392014,1550.693156754691,1599.0308605300977
127,E11,A7,A8,4.530223564369253e-17,2.4110680049009386e-18,5.074534134624776e-16,3.7326856401914293e-16
127,E11,A8,A7,322.8259056804272,12.82502644367115,706.9460142623745,734.52331806622
128,E01,A1,A2,62.822700434865254,2.2025422258595495,105.49445826395001,109.16755692613401
128,E01,A2,A1,94.47940900446676,1.444378460851887,155.56169980965916,158.0148322651722
128,E02,A1,A3,0.0,1.3921000006902597e-15,0.0,2.3638661115118316e-15
128,E02,A3,A1,38.836603696299484,0.7833705249838614,65.61348190729316,66.96653807477617
128,E03,A4,A2,966.2849624391764,24.200632398479208,1544.4023804717326,1583.2278045651492
128,E04,A2,A5,353.58893189435224,8.987764348596123,553.6174369074745,567.5085221074522
128,E04,A5,A2,24.305915945748698,1.1456959616691067,332.0404943452707,347.7847236352093
128,E05,A4,A3,4355.289587402211,73.07282179338821,6995.457022404561,7112.712768695465
128,E06,A3,A6,3.874566540840591e-16,2.079832493719531e-17,6.482742652662429e-16,6.790391519973821e-16
128,E06,A6,A3,92.39756776622181,2.1587380357687005,184.91194258933174,189.2443195177152
128,E07,A4,A6,1.5738452331568748e-16,2.832151719119733e-17,2.5233985494237347e-16,1.519739516933238e-16
128,E08,A5,A7,39.84085775813802,1.2344551130157924,314.855879620652,325.60363206233427
128,E09,A5,A8,10.025344348079646,0.4534142099466809,134.63477322051529,140.67863325736667
128,E10,A6,A8,780.7255039546675,23.22939440248156,1545.1522758083743,1591.1762926432846
128,E11,A7,A8,0.0,4.1490213444922e-18,0.0,4.727442142691246e-17
128,E11,A8,A7,325.3147802061046,12.469043338858068,711.3204521159591,738.5406927061708
129,E01,A1,A2,63.52679446003913,0.5999462556985846,106.18640963572722,107.20952171965732
129,E01,A2,A1,93.66851504737284,2.70561733558767,154.67017795244018,159.0955275443173
129,E02,A1,A3,9.6517367789181e-16,1.3789254247354747e-16,1.6332747556561531e-15,1.2211103056388757e-15
129,E02,A3,A1,39.18921558418588,1.088030299009234,65.86629002758369,67.75635678275198
129,E03,A4,A2,975.3259896674929,25.322553765682276,1557.5266463430505,1597.983343972353
129,E04,A2,A5,351.8212792869361,9.939952849646227,550.627323310714,566.4087617016979
129,E04,A5,A2,24.663943565100787,0.9132074058690406,341.754656300721,354.3828582657883
129,E05,A4,A3,4411.992136878863,84.41323963138251,7068.735323363905,7204.34915027237
129,E06,A3,A6,2.1070652796469213e-16,0.0,3.4421964997116705e-16,2.926575537071906e-17
129,E06,A6,A3,94.28379137555274,2.022074809105884,188.3716466109139,192.41914750625278
129,E07,A4,A6,7.260861396909247e-16,6.820734003241496e-16,1.1569582876729306e-15,1.8664522161963283e-15
129,E08,A5,A7,40.85865108561707,1.2853098160251666,315.3303704597257,326.229215806589
129,E09,A5,A8,10.12618189863381,0.4387631773539329,135.21547123422127,141.08080339631252
129,E10,A6,A8,782.7130180654519,22.71611175882569,1544.832937330432,1589.9676942472618
129,E11,A7,A8,8.971342082691246e-18,2.0812106680125588e-17,9.726555464447867e-17,3.260367431336717e-16
129,E11,A8,A7,329.2049355015448,11.877697529039237,721.8083544536609,747.9046990355831
130,E01,A1,A2,64.32723339324713,2.0067564986257573,107.83848528228143,111.20492229892331
130,E01,A2,A1,93.25859766452962,1.2468249691699995,153.34549098767582,155.37409450436786
130,E02,A1,A3,2.6110580693569045e-16,0.0,4.429007780051476e-16,2.422374334983476e-16
130,E02,A3,A1,38.82868433642573,0.6125146827575392,65.00894371413828,66.01601207138228
130,E03,A4,A2,968.451693337389,26.586278095447245,1543.3585535820846,1585.891108223702
130,E04,A2,A5,345.9098173486148,14.562773240111664,542.0643292874154,564.8287557273632
130,E04,A5,A2,24.44222181967188,0.41896324192906326,339.7210183841328,345.61761104775536
130,E05,A4,A3,4417.195008522182,78.31398180195538,7059.08022634794,7183.883304777554
130,E06,A3,A6,3.666003117833627e-17,0.0,5.979521151425605e-17,0.0
130,E06,A6,A3,92.31803996801696,2.502150775648864,185.04121431710507,190.06975342584917
130,E07,A4,A6,3.6739976764198056e-17,0.0,5.840285797962736e-17,0.0
130,E08,A5,A7,40.89720095492237,1.6290105194095583,316.3327753431992,328.2808282402258
130,E09,A5,A8,10.140561286529236,0.4121474389269803,136.6658627074779,142.20987162605735
130,E10,A6,A8,776.479754102251,22.696088642555722,1536.7687737352962,1581.8621376401604
130,E11,A7,A8,4.621553767117076e-18,1.8728392058507577e-17,5.280205349076027e-17,2.644108807287257e-16
130,E11,A8,A7,325.8206242943372,13.001583047177148,714.6565146630787,743.2697677338798
131,E01,A1,A2,62.09419935364518,1.777566647347725,103.97944762834027,106.94827622040793
131,E01,A2,A1,94.76611834850154,1.705785457339886,156.27901735828434,159.13907322738038
131,E02,A1,A3,0.0,1.4796591047875654e-16,0.0,2.5120651204915685e-16
131,E02,A3,A1,38.540192546113694,0.7007767150805494,65.03564614720915,66.26339317766369
131,E03,A4,A2,969.1147162717705,25.701033929569288,1551.6974802374739,1593.0201138939888
131,E04,A2,A5,352.59049497651534,12.02110996402989,552.6261585428115,571.8959038588215
131,E04,A5,A2,24.08071460907007,0.6890793279684428,338.4843179241167,348.12902031211337
131,E05,A4,A3,4363.411958370609,80.3221860891189,7015.320465800428,7146.444921265302
131,E06,A3,A6,1.395156837364513e-18,2.1755782309421616e-16,2.4077366268539652e-18,3.659866925267824e-16
131,E06,A6,A3,91.83485103935658,2.1344130850082825,184.063867751134,188.34265994035655
131,E07,A4,A6,1.7254639111945654e-14,0.0,2.7748373192290075e-14,9.398931669729297e-15
131,E08,A5,A7,39.952437799319384,1.3180583247682294,314.80469296398405,326.4171156157071
131,E09,A5,A8,9.926138132727278,0.4604475105303871,134.2654258668309,140.32415591941847
131,E10,A6,A8,781.1404564566558,22.822327475255516,1546.4981621396907,1591.8579069961083
131,E11,A7,A8,7.905134877141932e-18,7.067690182136717e-18,8.925169178580909e-17,1.404615715688674e-16
131,E11,A8,A7,321.1244606704952,12.048330129625295,706.9466885027978,733.785556416678
132,E01,A1,A2,62.597968117624,1.5429768515489732,104.91870562531295,107.52612641978264
132,E01,A2,A1,94.49747109743595,1.931847946871575,155.5786181554252,158.67920143657798
132,E02,A1,A3,5.255176610425863e-16,0.0,8.909476224840004e-16,5.514299333907476e-16
132,E02,A3,A1,38.98062760779542,0.8031873603554899,65.66368279480587,66.99826908477085
132,E03,A4,A2,966.1777477154787,23.940149830064325,1545.4525580734576,1584.264854409325
132,E04,A2,A5,350.3790864646601,10.537787513303451,548.1285471276481,564.6067279092324
132,E04,A5,A2,24.945474975096936,0.9613697937737975,340.9066756520603,354.1215560428031
132,E05,A4,A3,4379.043022610095,78.1729085530239,7033.51912937159,7158.731475147223
132,E06,A3,A6,0.0,0.0,0.0,0.0
132,E06,A6,A3,92.287786552777,2.5055954632903172,184.5391857015228,189.55164698109954
132,E07,A4,A6,6.750954472537123e-17,0.0,1.0753582343731047e-16,0.0
132,E08,A5,A7,40.013755172374346,1.8391968400182293,315.4689919551937,326.7967849908424
132,E09,A5,A8,10.010663359821125,0.4451626908868925,133.21025218053165,139.13166694960637
132,E10,A6,A8,782.7309751002821,23.676982988268186,1545.4373567894963,1592.3655799104763
132,E11,A7,A8,0.0,8.738154546230212e-17,0.0,9.880071781774013e-16
132,E11,A8,A7,323.6429827037902,12.381173686226473,710.3927734418133,737.4658828458528
133,E01,A1,A2,63.80558803939837,1.0480923806458207,107.3044157015037,109.08193789791343
133,E01,A2,A1,95.33277233967695,2.081411949842485,157.557313746613,160.9886402479152
133,E02,A1,A3,0.0,1.030860007416612e-14,0.0,1.7528268449228008e-14
133,E02,A3,A1,38.58145654498459,0.7416116530276089,65.000087259097,66.26055351344536
133,E03,A4,A2,973.606139274543,26.276161727274218,1554.3048833774178,1596.515847572682
133,E04,A2,A5,353.7934409508134,6.9615144523518,553.5506423218936,564.2799755053184
133,E04,A5,A2,24.403095221099164,1.3944021200366297,335.67690214395645,355.33804177359605
133,E05,A4,A3,4405.515910019257,78.19055292484016,7061.897815446561,7187.5743412001675
133,E06,A3,A6,2.2585395788832436e-17,2.3454437145507545e-16,3.861401183980925e-17,4.333314737249999e-16
133,E06,A6,A3,94.13704707857784,2.232981240714082,188.13233189930645,192.5816786331256
133,E07,A4,A6,1.414516343692808e-16,2.2157645394178428e-17,2.2646575020449127e-16,1.4109439148511444e-16
133,E08,A5,A7,40.519570087120734,2.002932857342294,314.64209506930644,325.841780931265
133,E09,A5,A8,10.157583681260247,0.40054465267928174,135.21882661844018,140.73320309297762
133,E10,A6,A8,782.7598570815874,22.91937017788921,1547.0295611470272,1592.4323949611323
133,E11,A7,A8,0.0,5.234573507385971e-17,0.0,5.983121061283902e-16
133,E11,A8,A7,325.47189784836826,12.515024709760398,713.0588091355766,740.8261816817962
134,E01,A1,A2,62.44494017402698,1.432853944490449,104.46396759580908,106.88280712194904
134,E01,A2,A1,93.49677111654908,2.1016066351697766,154.06926074213166,157.4678147016348
134,E02,A1,A3,0.0,1.1139138726832937e-15,0.0,1.888022020625565e-15
134,E02,A3,A1,38.61216695349663,0.8105533340547362,65.15174899547225,66.50421126048987
134,E03,A4,A2,964.4697850363247,25.220978822727705,1539.974230038466,1580.6336801003608
134,E04,A2,A5,351.2950241981773,6.702961091356114,551.0991382741195,561.8564064491356
134,E04,A5,A2,23.43025936176565,1.2715006769413713,331.1286214176597,349.0268763772748
134,E05,A4,A3,4389.7292818486,78.17758217693068,7035.297567881768,7161.727292108671
134,E06,A3,A6,1.073103741363743e-16,1.6092171476814976e-17,1.7572548432520633e-16,7.272713807014074e-17
134,E06,A6,A3,91.33957235102133,2.4447799028707102,182.90433972308222,187.79964210226638
134,E07,A4,A6,1.0067246880197689e-16,5.6099140104316715e-18,1.6003848817961628e-16,9.509989246808351e-18
134,E08,A5,A7,40.63651700071307,0.8850901161276284,317.3389611195658,328.35950625200906
134,E09,A5,A8,9.706997780918785,0.41719775746095816,133.4241049304298,139.1882044970391
134,E10,A6,A8,782.9800742012835,23.489774867143453,1552.0498187625922,1598.588751120829
134,E11,A7,A8,0.0,5.34984795308993e-18,0.0,6.221602095225656e-17
134,E11,A8,A7,325.1130503522568,12.111047742737245,712.95263760751,739.830969068363
135,E01,A1,A2,61.95984744646382,2.6197544993750648,104.31817361359361,108.70680612965967
135,E01,A2,A1,93.55572457669174,0.969259243451257,154.4005631058164,155.9811346613128
135,E02,A1,A3,3.864539304492042e-17,1.9300029441652325e-16,6.582448134553148e-17,3.9482463019692574e-16
135,E02,A3,A1,39.145355525669665,0.5687335900394881,65.8185667233938,66.80633148424303
135,E03,A4,A2,967.0023976976696,25.40223093533972,1543.3412764794673,1584.0963225010953
135,E04,A2,A5,346.1289921848469,11.158360639491194,542.144925225022,559.4679625847119
135,E04,A5,A2,25.027844710715854,0.7893005813680181,341.2656890096496,352.08369742419836
135,E05,A4,A3,4387.993208983654,83.49023223202114,7027.741153576099,7161.8268803219335
135,E06,A3,A6,1.8319223763007233e-16,5.040175347845166e-18,3.003652636732923e-16,1.4144961173854203e-16
135,E06,A6,A3,92.2157823457446,2.139899154313081,184.47458063033227,188.75531459259153
135,E07,A4,A6,2.2565787211941666e-16,0.0,3.576595230257884e-16,0.0
135,E08,A5,A7,40.0384813777566,1.1723837259365024,311.6948313657078,322.87250203386094
135,E09,A5,A8,10.09156275706342,0.39919586522683614,134.2423802939849,139.67095010298206
135,E10,A6,A8,782.6863064877653,22.89649595755723,1549.011013576525,1594.2908650939512
135,E11,A7,A8,3.1067364287980506e-17,0.0,3.515748342101088e-16,5.78697008421761e-17
135,E11,A8,A7,325.36212899058313,12.147998036453446,712.9392056282466,739.805179758079
136,E01,A1,A2,62.431373197865256,0.49247739534662793,104.57520500157068,105.41273458727993
136,E01,A2,A1,92.22282301991446,2.5649349346870896,152.31199274407356,156.61098618029328
136,E02,A1,A3,5.081618671294406e-17,1.7293472689937954e-16,8.738183821323594e-17,3.805398558848476e-16
136,E02,A3,A1,38.55315686610406,0.9322331891610645,65.28617443753099,66.80027842105673
136,E03,A4,A2,965.142458417811,26.01798865239776,1542.745427793887,1584.4484294794734
136,E04,A2,A5,351.322996092269,8.821684640994917,550.4136230265661,564.3042624426272
136,E04,A5,A2,24.795060263044615,1.0545342160907027,336.80575856570147,351.47974034075446
136,E05,A4,A3,4383.608739022006,76.82194556480057,7046.2943918576275,7173.873333268625
136,E06,A3,A6,7.416237968518405e-17,2.679720339606536e-17,1.199883131299098e-16,1.128367910504893e-16
136,E06,A6,A3,91.73422987150403,2.079892495458963,183.3967760581982,187.54884541128718
136,E07,A4,A6,1.1480768674378794e-16,5.888577817638564e-20,1.8087447749414187e-16,5.0849687409513664e-17
136,E08,A5,A7,39.53153934519598,1.8117371206008417,310.7769267482437,322.39571598191566
136,E09,A5,A8,10.150807014906478,0.46078207279257827,134.92548763160397,141.18294703350037
136,E10,A6,A8,773.5613648321338,24.02482444558523,1532.2723847510083,1580.2313334751293
136,E11,A7,A8,0.0,0.0,0.0,0.0
136,E11,A8,A7,323.47244907250376,13.067984412297694,711.659796688642,740.0563036922216
137,E01,A1,A2,63.50355760699871,1.8757372346222465,106.53614323519561,109.67724900977723
137,E01,A2,A1,94.53115110036302,1.5871859335069047,156.29862301522434,159.01174301118454
137,E02,A1,A3,4.7657295900291225e-17,0.0,8.152929429116979e-17,4.986308570463155e-18
137,E02,A3,A1,39.6662074169446,0.7301912611880783,66.79189241441232,68.02178299919049
137,E03,A4,A2,971.7937654075816,25.762392238336535,1550.5816909455104,1592.0597808049881
137,E04,A2,A5,352.8848195778162,14.445645856380976,553.9133604056269,576.2398632148193
137,E04,A5,A2,24.716784008029318,0.550676444362106,342.0755402285521,349.82473192115884
137,E05,A4,A3,4390.414602590606,78.91155894401592,7036.290793922715,7162.873152964163
137,E06,A3,A6,9.397766240843833e-18,1.284656222308457e-16,1.6409851057118354e-17,2.3792949563398596e-16
137,E06,A6,A3,92.18806475787682,2.2013422667139246,185.0485984602202,189.4733606854606
137,E07,A4,A6,6.3017676316065125e-18,6.172857767264142e-17,1.0183482091070031e-17,1.087192962164204e-16
137,E08,A5,A7,40.43946577757727,1.4711185379627538,315.27468631546276,326.27869662804807
137,E09,A5,A8,10.089002052651097,0.3916364393636481,135.43985803283323,140.74835083681782
137,E10,A6,A8,778.687820564468,24.22258110613752,1542.2283805454956,1589.9796004212712
137,E11,A7,A8,0.0,3.872061039101098e-18,0.0,4.3677100556271584e-17
137,E11,A8,A7,320.72371338402286,12.496136475463606,705.149202971797,732.7660677622716
138,E01,A1,A2,62.50817777806424,2.735942191717622,104.84289212653452,109.4542136899739
138,E01,A2,A1,95.59763778300666,0.5111332064365856,157.56700433568125,158.3892914249991
138,E02,A1,A3,5.93949513428564e-16,3.3947208889398557e-15,9.957828744506373e-16,6.764921635286993e-15
138,E02,A3,A1,39.033188640099,0.9681487670958129,65.56202507629311,67.20502678764883
138,E03,A4,A2,975.7292691283735,25.372446815226162,1558.0582030107732,1598.8142987847248
138,E04,A2,A5,352.417245206498,8.198387760800479,551.236800197362,563.8153366903317
138,E04,A5,A2,24.747527644281675,1.2408755831524494,343.27149629003253,360.3625809906812
138,E05,A4,A3,4391.968866770977,80.54725888350715,7036.653118083181,7166.142390364127
138,E06,A3,A6,2.622609976879006e-15,4.3355328018445406e-15,4.32417321902781e-15,9.420785545216186e-15
138,E06,A6,A3,91.78679181344205,2.3004587412950337,184.29502207418966,188.9146176693577
138,E07,A4,A6,2.5108198325711317e-15,1.4653676942294906e-17,3.9851343074809456e-15,1.2297336304936235e-15
138,E08,A5,A7,40.86428554398813,1.0052301990954882,316.6468648916864,328.78678009914523
138,E09,A5,A8,9.943668401441581,0.3968305112367706,134.8078025145792,140.19293687585534
138,E10,A6,A8,775.4013371351064,24.10797110483088,1534.1219259613144,1581.6870445856018
138,E11,A7,A8,0.0,1.7706830857199782e-16,0.0,2.0092805890975755e-15
138,E11,A8,A7,325.32566005341374,12.708291084327442,710.6574723080814,738.6293572392681
139,E01,A1,A2,63.08746560963024,1.447651229983816,105.8184020888849,108.24603749760415
139,E01,A2,A1,93.45997371333834,2.1674169528380878,153.77821499768947,157.4534831928309
139,E02,A1,A3,0.0,8.344500632251112e-15,0.0,1.417934384616924e-14
139,E02,A3,A1,38.67924627705216,0.9304807111299076,64.99664872399296,66.54016596834342
139,E03,A4,A2,961.3396380067636,26.04435728248413,1535.0469991976904,1576.880290155266
139,E04,A2,A5,353.6943737898359,8.373531902058476,553.5483896125942,566.2974562957535
139,E04,A5,A2,24.329504827196608,1.1224295015925787,332.709818680317,348.2705667583143
139,E05,A4,A3,4364.01155984653,81.2623249672404,6994.378074906168,7125.625511557844
139,E06,A3,A6,2.0873935512876425e-16,4.264167957670509e-17,3.4772413446838644e-16,4.177680920385623e-16
139,E06,A6,A3,91.80927726054247,2.5438184084940945,184.5347120088842,189.6633200866852
139,E07,A4,A6,1.0160930449163566e-16,2.3317925155532913e-19,1.6345944665274024e-16,3.277857095331021e-17
139,E08,A5,A7,40.69502280925046,0.9975703437321618,317.0903894249001,328.6569188392017
139,E09,A5,A8,9.944110911273135,0.44745887186912925,132.9003825439517,138.77514464209244
139,E10,A6,A8,784.176362791526,23.265827418520857,1549.5437050485455,1595.729004365304
139,E11,A7,A8,0.0,2.9080330785861003e-18,0.0,3.300939073949089e-17
139,E11,A8,A7,325.6744394777935,12.048989673351372,714.5110923020759,741.0151607043342
140,E01,A1,A2,63.71092285855755,2.013610253757674,107.2229950038012,110.58514541751403
140,E01,A2,A1,93.0853182084935,1.3145107957998827,153.24054028286645,155.39507228498584
140,E02,A1,A3,1.5674779749512975e-17,1.5595390568739814e-16,2.6171178079758278e-17,2.9185117510788667e-16
140,E02,A3,A1,39.414799890714775,0.6643529923653612,66.43550660201535,67.56590949863107
140,E03,A4,A2,973.3006875066957,25.93777082544051,1555.3519128859116,1597.1800768019218
140,E04,A2,A5,350.7581996337778,6.875200995826663,549.4328125088354,560.2184371517498
140,E04,A5,A2,25.084847406845924,1.2738253723844215,337.50450879950563,354.7033975837443
140,E05,A4,A3,4366.20104834189,76.06409863547391,7008.383372281013,7130.682156228851
140,E06,A3,A6,3.5666619745734814e-16,3.735137789462791e-17,5.95797822122387e-16,6.241332192617833e-16
140,E06,A6,A3,92.20669635888501,2.162044817450586,184.5097162420024,188.83250994977493
140,E07,A4,A6,5.870326142051582e-17,0.0,9.351709075427735e-17,0.0
140,E08,A5,A7,40.706411898856594,0.9422671248112112,316.1674083258969,327.3238825383201
140,E09,A5,A8,10.197008412093826,0.4346935087647953,133.43908093666,139.0550195928756
140,E10,A6,A8,783.450639809146,22.67250597758957,1550.3187781474535,1595.4197273106943
140,E11,A7,A8,7.295177274385353e-17,3.0002286736494614e-17,8.278588237581297e-16,8.199877683995241e-16
140,E11,A8,A7,326.706143978564,11.97232127114328,716.911386126068,743.5243197217087
141,E01,A1,A2,61.60342545167346,2.432286928069128,103.49693302167951,107.55713725033306
141,E01,A2,A1,93.70461853407681,0.6877659035640125,154.64014509541147,155.81021720640507
141,E02,A1,A3,5.255579750314479e-16,2.780130773663071e-17,8.903766943120785e-16,7.160995848411818e-16
141,E02,A3,A1,38.816176064241915,0.6548502854242825,65.20203344480403,66.3054751833825
141,E03,A4,A2,970.2974521339063,26.671883174195088,1547.23035684637,1590.1314305124522
141,E04,A2,A5,355.3990135858641,7.8547226528236145,555.7421448323112,567.7581628362951
141,E04,A5,A2,24.311963184708905,1.2518553594620627,336.3873747192251,353.58172851828033
141,E05,A4,A3,4395.4297366608225,73.47158483636625,7037.307523682473,7154.971767235531
141,E06,A3,A6,0.0,0.0,0.0,0.0
141,E06,A6,A3,92.5936744508065,2.517439980893482,185.3354976685966,190.38465147201936
141,E07,A4,A6,0.0,0.0,0.0,0.0
141,E08,A5,A7,40.26328482508256,1.2215952344228798,313.6294414736655,324.38508943500227
141,E09,A5,A8,10.006119853178069,0.4486146208417898,134.46621685215695,140.58665652703112
141,E10,A6,A8,784.7893207201961,24.0925597945433,1553.593443971588,1601.608935695728
141,E11,A7,A8,1.068831888883764e-17,0.0,1.2136517220136183e-16,7.76551375519955e-17
141,E11,A8,A7,326.15437464040724,11.830465120298037,715.1798624277322,741.3627416604032
142,E01,A1,A2,62.39672138930685,2.2930730299332005,104.57089003095464,108.43809190585715
142,E01,A2,A1,92.94908824461695,1.3021554837015081,153.615374939714,155.82630693664925
142,E02,A1,A3,3.535974163805642e-16,2.7797368052368556e-17,6.008016716337665e-16,5.577384443026938e-16
142,E02,A3,A1,38.37816168380935,0.9327251099578173,64.66285595098417,66.25150413664358
142,E03,A4,A2,966.8164398219893,25.672898177783583,1543.65927141613,1585.0336997147972
142,E04,A2,A5,352.2654492335509,6.636088961362985,550.831366851133,561.0783847249536
142,E04,A5,A2,24.693170660178122,1.2363503930613413,338.0073932306515,354.86958641119213
142,E05,A4,A3,4407.022533810168,76.00930630771508,7065.41041069297,7187.719854525751
142,E06,A3,A6,4.537794564055487e-16,0.0,7.5259832900183965e-16,3.1171794413331386e-17
142,E06,A6,A3,93.40291682476229,2.003011983810228,186.78691711370482,190.79209534350434
142,E07,A4,A6,2.6987244425928686e-16,3.1542225541156776e-16,4.2995311164093175e-16,8.66311594316227e-16
142,E08,A5,A7,40.865492174511,1.5269047152310637,317.7453012797427,329.6448855404521
142,E09,A5,A8,10.193941857308364,0.439361708455809,134.77048173041925,140.67168682697553
142,E10,A6,A8,781.6196800169732,23.955662812573642,1547.1102166915941,1594.7014732964667
142,E11,A7,A8,7.513662797579199e-18,1.2296153461067718e-18,8.942210105988464e-17,1.0368543146914467e-16
142,E11,A8,A7,323.0703499693726,12.678742823643528,707.0174802619943,734.3018558507313
143,E01,A1,A2,62.87543408351617,0.6811062385348893,105.59778855834449,106.75165472621813
143,E01,A2,A1,94.79769681120067,2.6321619924050337,156.27415283852315,160.5309580042362
143,E02,A1,A3,0.0,2.30879564559181e-16,0.0,3.935135483569491e-16
143,E02,A3,A1,38.903338449447965,0.9304387190321527,65.33097011796221,66.9177600391274
143,E03,A4,A2,965.0220023617742,25.199621465217906,1540.3591687969697,1580.9031370472753
143,E04,A2,A5,351.74672441018896,6.004580432278913,550.9391467138647,560.2603930700485
143,E04,A5,A2,23.9509841140126,1.4681381791638117,337.5687964306122,358.0815087479559
143,E05,A4,A3,4386.137751661331,70.15119504894695,7024.846453924166,7137.667975289083
143,E06,A3,A6,5.56498650854431e-16,7.174763091840179e-15,9.088857129826374e-16,1.2794311848661508e-14
143,E06,A6,A3,91.5328119271078,2.0767383421855614,183.6195717058286,187.79557950093073
143,E07,A4,A6,1.650577710424422e-16,3.8867086812024766e-16,2.639158201055906e-16,8.857154270725566e-16
143,E08,A5,A7,39.69934927919244,1.5904560837001724,313.08244305394135,324.0965432635092
143,E09,A5,A8,9.887888715591174,0.39776209490179554,134.0261550289876,139.71173227143086
143,E10,A6,A8,780.4771379238651,21.728468497537392,1540.8570399446448,1583.8273858493787
143,E11,A7,A8,0.0,3.478628184797644e-16,0.0,3.885921813332748e-15
143,E11,A8,A7,322.36046148691787,11.971532557141494,705.9162529885746,732.1394217460295
144,E01,A1,A2,61.97935112976781,3.540544344370693,103.5325330993404,109.54949768047342
144,E01,A2,A1,96.45896415287854,0.1481105420582031,159.42158290506455,159.67374181668418
144,E02,A1,A3,4.9068324269282105e-14,0.0,8.317588272410936e-14,4.2589512757982666e-14
144,E02,A3,A1,39.15330265944358,0.6777182271155824,65.94722183258594,67.11055455793644
144,E03,A4,A2,968.6088612524551,25.831061239019572,1545.488825605825,1587.1393749501528
144,E04,A2,A5,349.8398863036018,9.583081561076316,549.1355158891572,564.0338095048801
144,E04,A5,A2,25.11393387303351,1.0253687630194845,340.9776246649741,354.87257582439304
144,E05,A4,A3,4361.494509925085,81.14610531272524,6989.205719151421,7119.908320229534
144,E06,A3,A6,0.0,8.403351321072177e-16,0.0,1.3990563705347477e-15
144,E06,A6,A3,94.21037420510528,2.3803073984253498,188.8271295909239,193.62547777940136
144,E07,A4,A6,2.994317588759955e-16,1.3690892874479032e-17,4.771186546869186e-16,1.0616497254567744e-16
144,E08,A5,A7,40.29586172952052,1.4104123917539524,313.4828863436508,324.7413148816169
144,E09,A5,A8,10.126164865510567,0.43853193015978553,132.69253834158073,138.47009085644424
144,E10,A6,A8,781.3270345960558,23.065154879155223,1545.2883806464565,1590.773269995343
144,E11,A7,A8,0.0,4.634004474311296e-17,0.0,5.200262516048266e-16
144,E11,A8,A7,324.96455493289534,13.137680853466964,712.2941341193803,740.6760361325458
145,E01,A1,A2,63.00526454583833,1.1949852141566621,105.74599796425932,107.79012850879587
145,E01,A2,A1,93.55049415817187,2.0348538992007383,154.75646868733423,158.20294399701766
145,E02,A1,A3,1.6378087763228977e-16,2.863316065642793e-17,2.797200487516186e-16,3.060766364887024e-16
145,E02,A3,A1,38.70578026154208,0.8567869796636732,65.16570029577424,66.6171930543576
145,E03,A4,A2,965.7526993575733,26.34820088227986,1541.9057950628037,1584.2040972272926
145,E04,A2,A5,353.5134263117874,8.14890715896776,552.0241711010058,565.1460888076398
145,E04,A5,A2,24.840356558825487,1.2061731810210092,334.75542758735514,351.0112457127435
145,E05,A4,A3,4395.728179117559,76.87416949758772,7045.367519552325,7170.267273608471
145,E06,A3,A6,1.201356158427233e-16,1.8718085501787984e-16,1.9306402665325997e-16,4.909742659666467e-16
145,E06,A6,A3,92.19122286815247,2.282534760446016,184.69494821018756,189.268492875609
145,E07,A4,A6,8.874031518956755e-17,5.0301181132804305e-17,1.3931562805971576e-16,1.8388241990812864e-16
145,E08,A5,A7,39.92033945369039,1.5169657192983055,311.61091821970234,323.26714656548324
145,E09,A5,A8,10.217569663705873,0.44568181231111215,134.97697221554338,140.90789387589084
145,E10,A6,A8,775.3195643655291,23.89768343347523,1534.468058998144,1581.8968286682527
145,E11,A7,A8,1.5164484188485258e-16,3.0773800904422836e-16,1.874373145152124e-15,5.675749297915069e-15
145,E11,A8,A7,322.7501789126588,12.046373130218125,711.2324833007323,737.7435717127347
146,E01,A1,A2,62.45311202609677,1.366222935183475,104.98714537799415,107.29932448067498
146,E01,A2,A1,93.49011538766969,2.3841269907327445,154.1700854051963,158.046054868485
146,E02,A1,A3,0.0,3.5228730269425707e-13,0.0,5.998919076747437e-13
146,E02,A3,A1,39.485447919536526,0.7960481418902157,66.36787965073678,67.6808149001775
146,E03,A4,A2,971.8794407449624,25.233972707198983,1551.935197149426,1592.406862457918
146,E04,A2,A5,347.3838227949355,6.599596491887636,545.8508885925294,556.6002811814925
146,E04,A5,A2,24.434786278140102,1.3671595961749228,338.0747948221963,357.13149578235175
146,E05,A4,A3,4399.705069101292,79.03407316758783,7054.220080690716,7181.1732952984385
146,E06,A3,A6,1.3330863428406964e-18,4.473071039471122e-16,2.1958295706784113e-18,7.568189430835693e-16
146,E06,A6,A3,92.40355312223883,1.8868282350607828,184.98461464064977,188.76588973479926
146,E07,A4,A6,2.548581787775548e-16,0.0,4.064839874507887e-16,0.0
146,E08,A5,A7,40.593904382815516,0.9879014680776099,315.28574034894524,327.3542433747791
146,E09,A5,A8,10.075328982329617,0.4321064711474674,136.35478851580842,142.18924755501763
146,E10,A6,A8,778.0170458372166,24.157925773135744,1541.8104626278855,1589.6923026068264
146,E11,A7,A8,0.0,1.5318856708246817e-16,0.0,1.7142945904634375e-15
146,E11,A8,A7,323.68283386819775,12.247510750319037,710.5277210850354,737.758500508324
147,E01,A1,A2,62.014185166541374,1.9429555372356468,104.07609811676531,107.34796155840178
147,E01,A2,A1,94.30080518925567,1.0776028858476727,155.7578833726473,157.59745014630022
147,E02,A1,A3,1.0885350251978398e-14,0.0,1.8377505014473734e-14,6.4441210160294975e-15
147,E02,A3,A1,39.12523418634271,0.9053084977801193,66.3913058002655,67.90389665144446
147,E03,A4,A2,962.2097944602093,24.633062193461768,1541.15481478683,1580.924687676807
147,E04,A2,A5,341.9369912353575,13.567015270227472,533.0483173643062,553.9915159365476
147,E04,A5,A2,25.288869581249557,0.5958435841831013,343.7841885010091,352.00318520805666
147,E05,A4,A3,4371.64081732098,78.7038905565927,7037.162013808264,7165.972632314424
147,E06,A3,A6,5.478583490291978e-16,1.580711912962228e-15,9.312569560016262e-16,3.616729120597621e-15
147,E06,A6,A3,92.52116032560961,2.228609159706454,185.67842665657025,190.16307073556953
147,E07,A4,A6,4.105044559651881e-16,6.723093843638438e-16,6.619523404093883e-16,1.696712107996212e-15
147,E08,A5,A7,39.72198554536948,1.007232701275587,313.48952277088495,324.60221851410506
147,E09,A5,A8,10.174401461939883,0.3985910633559375,134.97080868897143,140.38966145347993
147,E10,A6,A8,773.8241093624462,21.661298516960173,1530.1574956487632,1572.9755928234008
147,E11,A7,A8,0.0,8.627014661665111e-18,0.0,9.150808511178059e-17
147,E11,A8,A7,322.0386228538646,12.54663368786876,705.3443184169096,733.4671609682821
148,E01,A1,A2,64.38595622650273,0.7869393021409323,107.64380082633191,108.97004445513173
148,E01,A2,A1,93.6097061608031,2.441332140347379,154.26329527053258,158.29525128107787
148,E02,A1,A3,2.5129975473197418e-18,1.979582395953065e-17,4.335320572104822e-18,3.7953428149576775e-17
148,E02,A3,A1,39.068869514284295,0.9531167028183788,65.79673391041392,67.35319766399749
148,E03,A4,A2,972.8746655710388,25.30697421637896,1555.8133098438957,1596.719490990877
148,E04,A2,A5,349.6273626431711,8.176189659312119,548.0216850667645,560.5426323149566
148,E04,A5,A2,24.576162951507996,1.1057431351463058,338.4154868399698,353.80987629328615
148,E05,A4,A3,4387.500074069978,72.28272836912167,7047.532766885,7165.8126915949615
148,E06,A3,A6,1.5032715827268626e-16,1.3330961720319215e-18,2.460331234384234e-16,1.1065779958762752e-16
148,E06,A6,A3,91.87448084608201,2.3662946568349437,184.23225523185835,188.98185324736068
148,E07,A4,A6,3.598255317820623e-16,0.0,5.74302963259814e-16,1.6900551125300766e-16
148,E08,A5,A7,39.90168075110271,1.9575989867319175,315.21882616817805,326.27886709572823
148,E09,A5,A8,9.93363692377923,0.42350663090842333,133.72792717610818,139.39835673703786
148,E10,A6,A8,785.5141273609923,24.229834735919233,1556.9344068635069,1604.9703797301763
148,E11,A7,A8,1.6639272839170794e-14,0.0,1.8368989169697123e-13,1.652806448324101e-13
148,E11,A8,A7,321.61001474659804,11.562955530420943,705.7423250162003,731.5801088191239
149,E01,A1,A2,62.55603896592369,1.718686219608279,104.65119609691668,107.52748374664937
149,E01,A2,A1,93.61789888509165,1.4483261984189322,153.5625135977392,155.9800084670064
149,E02,A1,A3,3.791993410885812e-16,2.233342307632685e-16,6.467886602178901e-16,8.539130088283261e-16
149,E02,A3,A1,39.14431696662439,0.5194449163678574,66.09146035215976,67.00270456820793
149,E03,A4,A2,970.781865780781,24.70029455740564,1552.1056466144855,1591.4837791800342
149,E04,A2,A5,346.7532391312912,11.473470867371299,542.8974692584893,560.928539944196
149,E04,A5,A2,24.136074396799224,0.7712095681400541,337.0862484653795,347.8681162667528
149,E05,A4,A3,4380.802489532687,78.41978676021537,7034.825172040077,7160.708886302131
149,E06,A3,A6,0.0,7.862670242441631e-17,0.0,1.3408700335011608e-16
149,E06,A6,A3,92.35860169634373,2.3433841426707382,185.59970758293775,190.3083014687123
149,E07,A4,A6,2.3100876823554234e-16,0.0,3.6803562678256834e-16,0.0
149,E08,A5,A7,41.278332606569045,0.9207080065598712,316.21179074494756,327.0455029123808
149,E09,A5,A8,10.092143928275222,0.4114794928380577,136.04539712218764,141.48540554534773
149,E10,A6,A8,786.681577692003,23.372053172295814,1555.8749447962289,1602.3364646087512
149,E11,A7,A8,0.0,0.0,0.0,0.0
149,E11,A8,A7,322.8010945468606,11.767147362727234,707.2172806552876,732.7386190319796
150,E01,A1,A2,62.678481947533726,2.366595676521314,105.21583587762119,109.17263435939175
150,E01,A2,A1,92.89018748091729,1.0582665549478567,153.67715526891664,155.48757558782384
150,E02,A1,A3,3.939662834347737e-15,2.441640117849917e-16,6.7068617443302405e-15,3.0244292947532288e-15
150,E02,A3,A1,39.347648464712975,0.902884422583005,66.32895094108738,67.9106229556983
150,E03,A4,A2,969.6944848915266,25.3858432344994,1549.4820033067658,1590.181225870175
150,E04,A2,A5,352.7634955333673,13.917327793879883,553.4034299764788,575.5827849557178
150,E04,A5,A2,24.83916602977837,0.631355086860972,335.2031497207551,343.67166025274605
150,E05,A4,A3,4390.756238319342,79.55125915979552,7047.410030425238,7175.533328578297
150,E06,A3,A6,1.2585682599930098e-16,4.987246811383649e-17,2.107124308753245e-16,2.1520880826324412e-16
150,E06,A6,A3,93.02699966301319,2.8146149886832674,186.7678468021246,192.41215600864732
150,E07,A4,A6,1.3522752134765727e-16,0.0,2.1623078163351035e-16,0.0
150,E08,A5,A7,40.27055825436185,2.130864984816151,317.82917265037065,329.4504368005124
150,E09,A5,A8,10.117857096274147,0.4143514293687939,133.76388780495628,139.30291683232326
150,E10,A6,A8,778.0063901992146,23.880752007129963,1537.797332303487,1585.3039254858086
150,E11,A7,A8,0.0,7.110796801066663e-16,0.0,7.753392766028884e-15
150,E11,A8,A7,320.4558382936923,11.703596614348882,703.1267091192258,729.4819575026835
151,E01,A1,A2,62.65043831807546,1.3891084727100185,104.67314860773689,107.06084801361851
151,E01,A2,A1,92.88924901689862,2.175861489272071,153.9686098426544,157.6384177365104
151,E02,A1,A3,4.980791970652715e-17,3.1123108235456997e-16,8.441200899123441e-17,6.121367809360179e-16
151,E02,A3,A1,38.60642190755125,1.0485854773406174,64.93646141389657,66.7559215485304
151,E03,A4,A2,970.5075766195573,24.93922176766562,1548.0742651010562,1587.9526185247216
151,E04,A2,A5,346.21117931063964,11.73691017098775,542.7374907754078,561.4622066500411
151,E04,A5,A2,25.129927992119782,0.7067882224980779,340.7173043692929,350.46327981532335
151,E05,A4,A3,4405.0961146402915,79.49776713917359,7053.036551540918,7181.177347268619
151,E06,A3,A6,1.9122484176103778e-17,3.5252473578543867e-16,3.310860601044883e-17,6.225707831579265e-16
151,E06,A6,A3,91.70269379263678,2.059154108127877,184.20794028497212,188.34707400031573
151,E07,A4,A6,5.371681212779622e-17,3.742416562912302e-16,8.707788249714244e-17,6.862505893191541e-16
151,E08,A5,A7,40.055606137825805,1.5145056478333927,315.8834817152358,327.25428371595683
151,E09,A5,A8,10.06886570824028,0.4263136099905586,133.6773546710954,139.22277418591142
151,E10,A6,A8,773.9175147644415,23.175541362194146,1532.0278776364978,1577.894042829083
151,E11,A7,A8,4.5584521530805244e-17,4.071562566518007e-17,5.603039440426026e-16,8.750109727425421e-16
151,E11,A8,A7,325.1479582210681,11.948059496683086,711.5673870748203,738.9138168706098
152,E01,A1,A2,62.28002008064874,2.1966195165971314,104.39885308921623,108.05569699427969
152,E01,A2,A1,93.86533187110625,1.1906007710664315,155.06485105855757,156.98872531676477
152,E02,A1,A3,1.2979964791043567e-15,1.7088703950435003e-16,2.2027502556112036e-15,2.3684504503538467e-15
152,E02,A3,A1,39.2390209675843,0.5537183408386239,66.09885676016646,67.03634918024902
152,E03,A4,A2,970.5955339677909,25.2426360735183,1550.4721654012253,1591.0256888915558
152,E04,A2,A5,355.32340293292555,7.400023843495792,555.563120647457,567.0171658491113
152,E04,A5,A2,24.60060076852045,1.3237173392565382,338.23315872709765,356.3548493248724
152,E05,A4,A3,4366.511213050785,85.23293404267673,7003.600203212667,7139.496847923982
152,E06,A3,A6,1.3741116096166667e-14,2.78224291506323e-14,2.2595434403779393e-14,6.834571177770302e-14
152,E06,A6,A3,92.80802609707847,2.204333914350759,186.6811333479094,191.10573319830507
152,E07,A4,A6,1.4636606492787799e-15,2.313950169759279e-15,2.3218489729599338e-15,5.948816771785197e-15
152,E08,A5,A7,40.2071915341107,1.8781987400997124,315.25544727287945,326.14061613836617
152,E09,A5,A8,10.043159093591278,0.4431788236433415,133.60615583840027,139.55721048058518
152,E10,A6,A8,784.2395571513485,23.267409425516707,1552.8556151654545,1598.9121712754973
152,E11,A7,A8,2.0133148944467975e-16,0.0,2.242913666420291e-15,0.0
152,E11,A8,A7,322.0269004325542,12.582448467377386,708.1717442296783,735.6294262435446
153,E01,A1,A2,62.40306077800645,1.643471319673246,104.74350553035941,107.49921683602298
153,E01,A2,A1,92.65766234809558,1.6063076743789724,152.50422393564043,155.0742786365306
153,E02,A1,A3,0.0,0.0,0.0,0.0
153,E02,A3,A1,39.24677111336702,0.7142403450350917,66.03277209292696,67.27636172680333
153,E03,A4,A2,976.6314923025834,25.78675059409355,1558.6707943277197,1600.4087832340176
153,E04,A2,A5,352.37740058481876,6.294057119250899,553.1562003255259,563.0966097549654
153,E04,A5,A2,24.213078843615072,1.2421966248158898,333.3787403206123,350.7475461813036
153,E05,A4,A3,4399.378408396118,77.06922165305566,7052.945866964618,7177.462029690266
153,E06,A3,A6,2.0197545751937053e-15,3.294809872328681e-17,3.308868314268629e-15,1.5171701966081528e-15
153,E06,A6,A3,93.44416596548965,2.305845727702472,187.44687246513834,192.07186383535384
153,E07,A4,A6,2.1699478246645772e-15,0.0,3.4368112816369326e-15,1.3322645360827945e-15
153,E08,A5,A7,40.50801739270723,1.4639037094220104,316.3312148617091,327.2648432717581
153,E09,A5,A8,10.107916731644787,0.4055737931296326,134.3572399662383,139.72405288244127
153,E10,A6,A8,778.6167633209602,23.106333862729215,1541.511336823152,1587.014716597046
153,E11,A7,A8,6.644173383507421e-16,0.0,7.46355912156541e-15,1.3377769911650886e-15
153,E11,A8,A7,322.6498880536379,12.334047543490973,705.2443590442712,731.8462995138957
154,E01,A1,A2,61.96029841205884,3.064456811316167,103.9682430995816,109.1254396939548
154,E01,A2,A1,93.18196933596226,0.1416194815715098,153.78736032441532,154.02795496890985
154,E02,A1,A3,0.0,2.6064462135004597e-15,0.0,4.424028717678124e-15
154,E02,A3,A1,39.01101106657132,0.7327230220677721,65.73500898233334,66.97239873230409
154,E03,A4,A2,973.1568285886902,26.39404981463472,1557.5513447672508,1599.7000498662042
154,E04,A2,A5,352.218573146706,6.003859622093136,553.5833816149718,562.852042388653
154,E04,A5,A2,24.344810020160352,1.5322913295873901,335.7994100249742,357.03886918380863
154,E05,A4,A3,4383.6030279746865,77.34735621223301,7044.971438071943,7169.326720511147
154,E06,A3,A6,4.934052050672964e-16,0.0,8.106435136608729e-16,6.305550138502808e-17
154,E06,A6,A3,93.12270334843737,2.0816020039012137,186.86846405136023,191.04486655547913
154,E07,A4,A6,6.510225674280786e-16,0.0,1.0363320033150072e-15,4.783426033612159e-17
154,E08,A5,A7,40.809633785805914,1.0879936014626173,315.26233367393803,326.74792829220576
154,E09,A5,A8,9.993469819048372,0.40101905763476114,134.55892232441155,139.97703582769847
154,E10,A6,A8,771.9099882042606,23.181775033317486,1527.2981316545142,1573.3594225174031
154,E11,A7,A8,0.0,6.213613456020879e-16,0.0,7.021717153957418e-15
154,E11,A8,A7,320.2713217431351,12.067342928804734,705.0017713741754,731.2499027545778
155,E01,A1,A2,62.68530300529086,2.4441279794186106,104.81404945007921,108.87450290836252
155,E01,A2,A1,94.07471316664555,0.9942647765900257,154.86518111673536,156.46464012471068
155,E02,A1,A3,0.0,4.833414978014438e-16,0.0,8.189802045345949e-16
155,E02,A3,A1,39.294108848188515,0.8158823211006203,66.24847933872199,67.6330925408199
155,E03,A4,A2,961.5713074317825,26.722416460753433,1536.253639869141,1579.1005250181279
155,E04,A2,A5,351.39811739206436,15.013714036068539,550.1443311456134,573.6222976823916
155,E04,A5,A2,24.8121553940876,0.3787433781270054,340.16598438344954,345.2662439965372
155,E05,A4,A3,4396.303340988499,80.26595154031105,7051.587315460005,7181.392573451383
155,E06,A3,A6,2.6221233459218294e-18,1.71588635237649e-17,4.36290476414852e-18,3.26859592606911e-17
155,E06,A6,A3,92.3262850443999,2.2807931517423907,184.9665781145875,189.53346592014083
155,E07,A4,A6,5.784545098485531e-17,0.0,9.255548050552585e-17,2.3329248210379526e-18
155,E08,A5,A7,40.67667911270983,1.7802702784924684,313.5614419339618,324.7290841453325
155,E09,A5,A8,10.196175413551561,0.433760050788615,135.30156868158616,141.09975982500285
155,E10,A6,A8,783.5868547843789,22.923229380784964,1549.0756268966888,1594.5325454691663
155,E11,A7,A8,0.0,1.5278491727255343e-17,0.0,1.725207610667609e-16
155,E11,A8,A7,318.4024863028095,12.002307288510085,699.5434887666293,726.1049404034502
156,E01,A1,A2,64.73192706939766,1.7992996984322513,108.52116850983268,111.53806540772638
156,E01,A2,A1,92.42582830254248,1.4984307025026464,152.89327154366674,155.3118173446182
156,E02,A1,A3,1.0470496715373278e-16,5.43672719505094e-16,1.8089789142979e-16,1.1050316256408312e-15
156,E02,A3,A1,39.45178407770579,0.3713252520882289,66.46788554876466,67.08975941383991
156,E03,A4,A2,969.6990791483823,25.8635912926444,1551.4404561692422,1593.0055326800327
156,E04,A2,A5,345.05922884213385,14.47194411213453,540.8749261962662,563.9555037501055
156,E04,A5,A2,24.736006172160945,0.3291389892066254,340.5419584201934,345.0656615032038
156,E05,A4,A3,4382.234510376724,81.77998006999435,7038.813659568725,7171.321085807131
156,E06,A3,A6,1.8500778154848838e-16,4.475269018806952e-16,3.0674198263012884e-16,1.0472453677001339e-15
156,E06,A6,A3,93.12203596143081,2.2371072300829837,186.1321903734922,190.60053961058162
156,E07,A4,A6,1.2631460171573173e-16,1.7543063961454945e-16,2.01091576678018e-16,4.604940044544467e-16
156,E08,A5,A7,40.211899381861166,1.9389414060512458,316.912184078634,328.03298433287057
156,E09,A5,A8,10.085382431924193,0.4196319124657744,134.4683386941231,140.10928878998104
156,E10,A6,A8,780.8063058716414,22.97668328894653,1545.2506109581077,1590.8247464817252
156,E11,A7,A8,2.3285174107245005e-16,8.241110203754989e-19,2.8398205210596764e-15,9.728829342442651e-16
156,E11,A8,A7,324.5117280480749,12.287117507004858,712.2863197203601,739.3444199893155
157,E01,A1,A2,62.70631251916825,1.9276750262717033,105.23956730253025,108.47533025303468
157,E01,A2,A1,93.36617598944576,1.5956548539316973,154.7313139409677,157.3412546161902
157,E02,A1,A3,3.294990752358366e-17,1.4764208475506463e-15,5.553826513297202e-17,2.5623589450055215e-15
157,E02,A3,A1,38.848489664605395,0.7413820604646071,65.37532242083321,66.61262251173163
157,E03,A4,A2,973.5230771837677,26.969884158134093,1553.7021371570702,1597.1585361875423
157,E04,A2,A5,350.6117201048006,5.927282948781248,549.270832827985,558.6003875128135
157,E04,A5,A2,24.884229017386293,1.4109458885410524,340.39642950292506,359.92677512033606
157,E05,A4,A3,4404.294980136068,85.52266745511396,7057.398254364237,7194.32286647011
157,E06,A3,A6,1.0474189996543868e-16,4.341244743644982e-16,1.7109813628713962e-16,8.881987880895196e-16
157,E06,A6,A3,92.34605408627883,2.2516703400864984,185.4271247671121,189.9491408020758
157,E07,A4,A6,1.546233203253087e-16,5.005380874156952e-16,2.4691887920508787e-16,1.0475736596937237e-15
157,E08,A5,A7,39.97601367482986,1.8168459086908895,314.63220069205994,326.10163343279794
157,E09,A5,A8,10.106779577601097,0.41763775663004354,135.14603502537742,140.76937169182236
157,E10,A6,A8,775.9769867393032,25.57377575887675,1536.3598843039156,1587.3520166207566
157,E11,A7,A8,1.5564378824627637e-18,3.659828433713822e-17,1.7615091237868943e-17,4.23610900412528e-16
157,E11,A8,A7,326.03342521114695,12.533181961932579,713.7152529718904,741.0162730625775
158,E01,A1,A2,62.74822581746164,1.4822924587122774,105.37014018102711,107.87575258165569
158,E01,A2,A1,93.42997784834436,1.845488268388555,154.43061214334492,157.48377833801868
158,E02,A1,A3,0.0,1.6590825245609765e-15,0.0,2.8199447306563044e-15
158,E02,A3,A1,39.6045036257769,0.6188085058290704,66.95569522987702,67.98953098986063
158,E03,A4,A2,970.7269368628392,25.568644694320827,1553.446260983147,1594.7463933565245
158,E04,A2,A5,355.0220981657708,9.969620606433816,554.680924486614,570.2394896308198
158,E04,A5,A2,23.773409600624355,0.9398244621822351,338.0078660979354,351.20964452817975
158,E05,A4,A3,4364.278569893534,74.01436356794986,7016.3649211674565,7138.160798419056
158,E06,A3,A6,3.083860148083176e-16,1.1454056693384164e-17,5.145991124244194e-16,2.1609755702536995e-16
158,E06,A6,A3,94.47629263170151,1.807899849656499,189.2049647869759,192.82757302772262
158,E07,A4,A6,3.8403444096320566e-16,0.0,6.153834622801759e-16,9.111716125094826e-17
158,E08,A5,A7,40.470303532321374,1.6555570753653401,318.29245671859536,329.7216487607066
158,E09,A5,A8,9.895677233650256,0.4313653008766688,136.2573734110627,142.09577667404525
158,E10,A6,A8,781.041940602596,23.493631238131695,1545.8752675135072,1592.625315339524
158,E11,A7,A8,0.0,4.606886252695604e-17,0.0,5.226269595761287e-16
158,E11,A8,A7,324.6022179103933,11.73688538002159,709.9286858995381,736.1743729688066
159,E01,A1,A2,61.91626044863232,2.2732740593601415,103.81437719307337,107.64283634888747
159,E01,A2,A1,93.33035911374175,1.0573524705205217,153.8124542225889,155.51331443064424
159,E02,A1,A3,0.0,2.6383796018852065e-15,0.0,4.479337333110553e-15
159,E02,A3,A1,39.22266947058565,0.47246471395551864,65.92450649525662,66.72182504961927
159,E03,A4,A2,970.8138367103275,24.80179513814737,1548.1785185664953,1587.8985274235472
159,E04,A2,A5,352.0324535252186,14.681115658300573,552.3464474116826,575.3701442774992
159,E04,A5,A2,25.310646318091905,0.43301455746787954,345.25518601968486,351.21176291672754
159,E05,A4,A3,4392.523459145571,80.71674290199893,7033.412089118097,7163.1272575274525
159,E06,A3,A6,1.0459271127526866e-16,6.330142111782042e-17,1.7071211598549102e-16,2.2643005942598167e-16
159,E06,A6,A3,92.06923194194366,2.2402264720934584,184.0181959815177,188.48880137458696
159,E07,A4,A6,5.766651521963294e-16,0.0,9.174161846760629e-16,0.0
159,E08,A5,A7,39.5531237365224,2.2457577423972213,313.1893967972912,324.83705290037244
159,E09,A5,A8,10.178409238335089,0.4303390613378508,133.81915684208832,139.6511647721961
159,E10,A6,A8,778.6731035754323,24.344158366592133,1541.7767104850086,1590.023960678757
159,E11,A7,A8,2.235141226719856e-16,1.8784758584842725e-17,2.349275394596865e-15,1.1485202823373137e-15
159,E11,A8,A7,325.8237452140984,12.357458329789402,713.0532290944202,739.9546756397415
160,E01,A1,A2,61.58267296464932,1.2295836182591653,103.36190550741802,105.42733358396785
160,E01,A2,A1,94.31371672375158,1.9503718045680776,156.0648793410203,159.21913378376135
160,E02,A1,A3,0.0,1.5192100805722198e-14,0.0,2.5771913541952424e-14
160,E02,A3,A1,39.80601329931214,0.6465063665695775,66.91015304252221,68.0253024748562
160,E03,A4,A2,973.6800121148195,24.368239403623726,1553.5458625765132,1592.7719593587663
160,E04,A2,A5,350.53745431015597,14.435202096165302,548.8270787787745,571.2555286805474
160,E04,A5,A2,24.494783033300518,0.5228148360830985,337.64923174321484,344.659332477964
160,E05,A4,A3,4411.936963335256,81.87832150073896,7067.586802421819,7199.235297377527
160,E06,A3,A6,0.0,0.0,0.0,0.0
160,E06,A6,A3,93.48477572814255,2.607192304194215,186.802023613478,192.03120709768797
160,E07,A4,A6,3.240215447555743e-17,0.0,5.1896691039833274e-17,3.0153232993868772e-18
160,E08,A5,A7,39.71705011547134,2.270859189263026,315.99444971411754,326.6335063294128
160,E09,A5,A8,10.187531932272984,0.41895474891099543,135.86898604947908,141.3924642675964
160,E10,A6,A8,787.0341668909925,22.957295350539553,1556.4155494285121,1602.128267933991
160,E11,A7,A8,0.0,0.0,0.0,0.0
160,E11,A8,A7,322.814282149921,11.90202723502001,707.0747026181341,734.1347468406489
161,E01,A1,A2,64.23571706507467,0.4721359328973869,107.71316502197874,108.5085054898822
161,E01,A2,A1,93.1757266175041,3.188154182128802,153.72376700196514,158.90651413042545
161,E02,A1,A3,2.4739807481939364e-16,1.6983820437303239e-15,4.19537178024234e-16,3.3025026303107826e-15
161,E02,A3,A1,39.749263368859886,0.9178162106293366,66.9071557031009,68.40988781496432
161,E03,A4,A2,964.9788030933701,26.72151752954981,1539.495274455974,1582.1061148070644
161,E04,A2,A5,348.84516009077583,12.200027627994217,546.1254884646074,564.6378598149654
161,E04,A5,A2,24.841603077956062,0.7616261994514653,340.4959273391772,351.1100651681495
161,E05,A4,A3,4387.24150421147,81.57911314694056,7028.325345406931,7159.612109220655
161,E06,A3,A6,2.595986430177591e-16,7.182929339309337e-17,4.2702298653143834e-16,5.03418079715642e-16
161,E06,A6,A3,92.1857950761559,1.8748636413020145,184.2004627219216,187.94785686608307
161,E07,A4,A6,6.06903078231705e-16,0.0,9.653611540645413e-16,2.648854856725993e-17
161,E08,A5,A7,40.41896133743616,0.942333584431809,312.51526707435704,323.4504853760263
161,E09,A5,A8,9.984381900920232,0.40984829046024596,133.65333819775768,139.21365419436222
161,E10,A6,A8,779.97812854614,22.81542367674888,1541.1711670609618,1586.6983176924489
161,E11,A7,A8,3.6648191758810057e-16,0.0,4.24806320773468e-15,1.3891189606554107e-15
161,E11,A8,A7,327.39004395837776,12.817220211907404,716.8704779755205,745.053394651854
162,E01,A1,A2,63.32155409015491,1.8404820454895494,105.91128362371995,109.01060505482774
162,E01,A2,A1,93.77595733435959,1.577304652348351,154.2878392838941,156.8235660715452
162,E02,A1,A3,0.0,0.0,0.0,0.0
162,E02,A3,A1,38.56373249895915,1.1900537242673859,65.2440490336812,67.22641980479439
162,E03,A4,A2,969.1650913221586,25.36988275439132,1553.223375724066,1593.9524325424825
162,E04,A2,A5,352.9673671485583,5.277753963038371,551.3275291117766,559.4561197531998
162,E04,A5,A2,24.13403713620981,1.5234568032402107,331.2755824158006,352.4941835084343
162,E05,A4,A3,4372.395218969258,82.48431716836265,7038.666152308562,7173.725018733099
162,E06,A3,A6,8.362667374686912e-15,1.7143759147735417e-14,1.444969075537799e-14,4.4072059668351014e-14
162,E06,A6,A3,91.29751607945552,2.105660568433623,182.66736470486083,186.89685077118608
162,E07,A4,A6,1.794884836455619e-15,3.2156376511483345e-15,2.917000877641465e-15,7.913976195777865e-15
162,E08,A5,A7,40.46059708981959,1.6240411581551994,313.1253393643255,324.23291668537235
162,E09,A5,A8,9.984343225263236,0.41487917805035285,131.9848949895561,137.4559518638589
162,E10,A6,A8,781.2728790446242,23.48985607090243,1545.6118394657967,1592.5844415854995
162,E11,A7,A8,2.7394416142792074e-17,2.3042869181899348e-17,3.0893483321512153e-16,5.674845466784395e-16
162,E11,A8,A7,324.4414992389672,13.019848238111514,711.9259481023854,740.5164397725255
163,E01,A1,A2,63.168366196581346,2.9714737002602027,106.11375481732993,111.12379729085842
163,E01,A2,A1,93.16571778899333,0.34444328705008165,154.25504111149098,154.81179248591758
163,E02,A1,A3,0.0,5.249107171910959e-15,0.0,8.922792289486483e-15
163,E02,A3,A1,38.83863046992197,0.791158402192803,65.4271100221547,66.78567803544477
163,E03,A4,A2,964.962775040379,26.429067540974234,1543.9757428804712,1586.5385477260977
163,E04,A2,A5,354.38121932261356,5.57159869910816,555.7186047372767,564.2037411332805
163,E04,A5,A2,24.4939956605445,1.4828410301139878,336.06079646696287,356.1184748124447
163,E05,A4,A3,4370.199221128693,79.82548359509745,7017.2757161673935,7145.998778540437
163,E06,A3,A6,2.1485554584077686e-17,7.50532063892518e-18,3.52157305289e-17,3.009491707782842e-17
163,E06,A6,A3,91.57630895176696,2.195988259004588,183.8815681761274,188.2896634998048
163,E07,A4,A6,1.013239495283197e-16,0.0,1.6182777694329974e-16,0.0
163,E08,A5,A7,40.29177168526005,2.183092768460146,312.75197426398165,323.63250437211366
163,E09,A5,A8,10.202994546830867,0.42742302089125905,135.17504856871182,140.88028492586614
163,E10,A6,A8,782.909319692928,22.04625492388893,1549.4738486153963,1593.2853622223395
163,E11,A7,A8,0.0,1.9702308331719193e-17,0.0,2.234989761922463e-16
163,E11,A8,A7,321.3301265440057,12.012704817738415,704.3595083516582,731.4084830472327
164,E01,A1,A2,61.59396347821239,1.5338450340531176,103.6113893118389,106.21462659392532
164,E01,A2,A1,94.8662406764229,1.6172571086360366,156.2116839127416,158.89803250818068
164,E02,A1,A3,3.171603383184088e-17,5.337863653533564e-17,5.388536908896758e-17,1.4449257766105393e-16
164,E02,A3,A1,39.03901310944801,0.6976464919199534,65.84447143917284,67.02182002300347
164,E03,A4,A2,963.2674887562554,24.800873078741546,1541.6585945080915,1581.6682021052345
164,E04,A2,A5,352.8982217055147,7.526552156673901,551.7335068263749,563.2918938004458
164,E04,A5,A2,24.620279526608968,1.2483888193197556,334.1103451642962,351.1993439323943
164,E05,A4,A3,4374.885011998435,75.78993397952419,7027.777884499169,7151.1045974298095
164,E06,A3,A6,0.0,0.0,0.0,0.0
164,E06,A6,A3,93.67997836033663,1.9391934244436064,187.46456996633276,191.34785290277645
164,E07,A4,A6,1.1420352487446647e-17,3.4647494800886553e-17,1.8249336273664135e-17,6.516736434962365e-17
164,E08,A5,A7,40.44973398279214,0.8733162582367762,312.58256298820044,323.0257162436293
164,E09,A5,A8,10.005147635414367,0.41019043736994726,133.51751655917644,139.03542348943827
164,E10,A6,A8,784.0217006577207,22.424873281410257,1554.0699708085865,1598.6796668895008
164,E11,A7,A8,0.0,4.484496588444384e-18,0.0,4.9870002681512663e-17
164,E11,A8,A7,323.9053607498381,12.448697533542088,710.6319683779946,738.3068028863224
165,E01,A1,A2,62.813477444538734,0.8181717947224213,105.21222049949074,106.60144927871204
165,E01,A2,A1,91.75608868759112,2.899982607864413,151.92379672571934,156.6599841816578
165,E02,A1,A3,0.0,3.6438971319390945e-14,0.0,6.189486360407746e-14
165,E02,A3,A1,38.4434837187178,0.7528266973245216,64.92341147052082,66.19446865581632
165,E03,A4,A2,964.0905743578344,24.061967348331923,1539.0072729517854,1577.8516710416275
165,E04,A2,A5,344.3531478114636,10.44706346997029,539.6624161675425,555.6366567850675
165,E04,A5,A2,25.49883277192749,0.9529132585944463,345.14817563305144,357.8116534216159
165,E05,A4,A3,4392.294223631977,79.74008003532977,7044.549457735107,7173.432272152999
165,E06,A3,A6,7.13467354195738e-17,5.860848902657655e-17,1.169181161314885e-16,1.632213270808712e-16
165,E06,A6,A3,92.50121344440477,2.1185532461476213,185.2756708270857,189.51320236973777
165,E07,A4,A6,1.6033911565162952e-16,0.0,2.561393715694822e-16,0.0
165,E08,A5,A7,40.70139759415716,1.4319212270599995,314.3796456735393,325.3631228213126
165,E09,A5,A8,10.143762772653455,0.4863855129183755,134.29135514533482,140.6452475194638
165,E10,A6,A8,784.0695380381409,24.108547295054183,1549.9081971868593,1597.9356722476373
165,E11,A7,A8,0.0,1.755527205540772e-17,0.0,1.8475239320725584e-16
165,E11,A8,A7,326.05871393373195,12.504942442966072,714.5859677918606,742.5845295904581
166,E01,A1,A2,63.09140881303697,0.42581557185334734,105.60063053932427,106.31625340202778
166,E01,A2,A1,93.65461735867092,3.079763133736353,154.51489070717255,159.59744315701187
166,E02,A1,A3,9.277918593762872e-17,8.504408662134131e-17,1.559030141020217e-16,2.297246266324968e-16
166,E02,A3,A1,38.73348521850371,0.644050833223484,65.22435071422561,66.33445400260909
166,E03,A4,A2,962.8164043753312,24.122114643875257,1536.3973976442333,1575.0555424071126
166,E04,A2,A5,350.19231495902335,11.380845195614114,548.6110145737092,566.5718520374461
166,E04,A5,A2,24.800871193771105,0.7706719957813175,338.181052881881,348.8085285763583
166,E05,A4,A3,4397.628967385131,77.65078827888055,7046.249054807111,7171.334600315727
166,E06,A3,A6,5.3714027347441786e-17,2.163327647218195e-17,8.831629075666063e-17,1.2341006993441795e-16
166,E06,A6,A3,92.23788210289973,2.250994883018869,184.73820465984534,189.2406870644316
166,E07,A4,A6,4.745413668467786e-17,3.611903257031403e-18,7.563546674078702e-17,2.8230119854691965e-17
166,E08,A5,A7,40.72415669318417,1.2323495659353854,316.1579027924562,327.9183268307946
166,E09,A5,A8,10.133600491456631,0.4466005160449488,135.132311230768,141.05294531113327
166,E10,A6,A8,787.4720707683609,22.54758003606771,1558.1757458167126,1603.0304734336294
166,E11,A7,A8,1.0334622495056398e-18,1.945179085842334e-17,1.1816492679205754e-17,2.285782700254612e-16
166,E11,A8,A7,324.78319871167827,12.002152557663507,714.2728695402844,741.5555310652046
167,E01,A1,A2,62.35024658526814,1.3510402950843505,104.66844422961925,106.9419017543365
167,E01,A2,A1,93.23334196372669,2.1153567740743173,153.86834834073005,157.46615339599987
167,E02,A1,A3,0.0,0.0,0.0,0.0
167,E02,A3,A1,38.96094442849665,0.8746184704384007,65.68195595633233,67.14094966047294
167,E03,A4,A2,970.1792648378646,25.27576280858068,1547.29949366959,1587.8733037800403
167,E04,A2,A5,355.25814601048285,5.929322585763239,556.2389331085352,565.3843432675873
167,E04,A5,A2,24.152921912163897,1.413091461384881,331.9967769110393,351.26247151151244
167,E05,A4,A3,4370.633350639147,79.05044465534039,7001.040109031152,7126.982420824978
167,E06,A3,A6,0.0,0.0,0.0,0.0
167,E06,A6,A3,93.14304647501555,1.9116128323097379,185.99647278705237,189.8292228788716
167,E07,A4,A6,0.0,0.0,0.0,0.0
167,E08,A5,A7,40.077688829544726,2.1895608016278825,315.5532972145497,327.0357716464436
167,E09,A5,A8,10.169088602030257,0.3890545189396098,136.7089753214441,141.90056846851428
167,E10,A6,A8,785.0162410663131,22.692300762301812,1552.873466477085,1598.018125293221
167,E11,A7,A8,0.0,4.5474825643718285e-17,0.0,5.194495973481039e-16
167,E11,A8,A7,325.5371687953355,12.534828907500167,709.8817907494093,737.3048654707825
168,E01,A1,A2,60.81290040233887,3.1706186587249605,102.20236468929271,107.50872397459715
168,E01,A2,A1,95.44230045334437,0.18689575107553733,157.94727341236904,158.2489257928164
168,E02,A1,A3,0.0,3.9139679414717533e-13,0.0,6.655188344325788e-13
168,E02,A3,A1,38.272390368266834,0.9880206406387257,64.45787952478385,66.1563906159889
168,E03,A4,A2,966.8884598190195,26.730367634351218,1544.9326739494384,1587.7621190977854
168,E04,A2,A5,353.6088950189949,11.747972742265485,553.1475794625591,571.309722770059
168,E04,A5,A2,24.664198665373632,0.9542397140593167,335.27098425428244,348.25791959691674
168,E05,A4,A3,4396.913363896173,82.62447063816082,7055.282597577535,7189.254978911082
168,E06,A3,A6,0.0,0.0,0.0,0.0
168,E06,A6,A3,93.8608587725956,2.3548274995008858,187.57658366967038,192.27722961011125
168,E07,A4,A6,2.797019183950573e-16,0.0,4.447070201668624e-16,0.0
168,E08,A5,A7,40.49929323303909,0.8958001935452498,314.3790956767758,325.3910247271581
168,E09,A5,A8,10.22426714943149,0.42174764151628846,135.01943159844558,140.58214894060433
168,E10,A6,A8,777.2283758357542,23.483760171812925,1538.4791476434834,1584.725402009379
168,E11,A7,A8,0.0,0.0,0.0,0.0
168,E11,A8,A7,324.15148040807264,13.324370437709781,715.9233788699541,744.6120314294888
169,E01,A1,A2,62.492012198613,1.6001865175196364,104.90801663324098,107.59066168181378
169,E01,A2,A1,93.48365437163886,1.5117447166291313,153.861484138896,156.4215951079902
169,E02,A1,A3,3.613666863619366e-16,1.8593421672909793e-16,6.187395250402933e-16,7.01148353452626e-16
169,E02,A3,A1,38.31584542377811,0.6654283518269477,64.5365596094304,65.68075819795791
169,E03,A4,A2,973.3423050656766,25.05891771609412,1551.9140299675705,1592.1186432100562
169,E04,A2,A5,350.5763013826245,13.883000242932507,549.8371261338016,571.5727378042801
169,E04,A5,A2,24.725688732080872,0.49993364757310066,341.71891272741584,348.5702185092827
169,E05,A4,A3,4389.422524019073,77.33282348966523,7023.680650806732,7147.712564761201
169,E06,A3,A6,0.0,0.0,0.0,0.0
169,E06,A6,A3,92.50000791168738,1.7880098708466547,186.0840268266659,189.68801659005376
169,E07,A4,A6,9.268209304979787e-17,5.0159481892537357e-17,1.4792062657328923e-16,2.283655220060341e-16
169,E08,A5,A7,40.19043021418037,0.933411413583613,311.04229729405165,322.01294786991036
169,E09,A5,A8,9.964942736699538,0.418351690439409,133.2478604929095,139.06464703543605
169,E10,A6,A8,773.5368545963828,22.50649250920835,1531.943342976286,1576.4343069304518
169,E11,A7,A8,0.0,4.364037087777241e-18,0.0,4.925987886548205e-17
169,E11,A8,A7,328.23810192674597,12.045626871219364,718.0835373333848,744.5198257403106
170,E01,A1,A2,61.56249351694932,1.8265566942394336,103.39396748264684,106.47464348988197
170,E01,A2,A1,94.20875190972495,1.5259705806702755,155.2018428840967,157.65357969157702
170,E02,A1,A3,2.972482509003919e-16,2.417530535501547e-18,4.991135523023807e-16,2.678404789818854e-16
170,E02,A3,A1,39.22305159605248,0.7948418954342983,65.8469180613389,67.1984811675157
170,E03,A4,A2,981.0761590498647,27.39168429172866,1565.5869422373107,1609.503536635593
170,E04,A2,A5,350.68212378221017,8.532809652871855,550.4280358828004,563.3122523368866
170,E04,A5,A2,24.079898753361682,1.1343852140330124,332.28952103671406,348.38418310446264
170,E05,A4,A3,4394.084266993692,82.511923212486,7036.180832084437,7168.784618042848
170,E06,A3,A6,1.3954354715589805e-17,1.3707271715555826e-16,2.2724707448324156e-17,2.520012897697626e-16
170,E06,A6,A3,92.98607869546001,2.2015470986490224,186.34407465773876,190.75066618411353
170,E07,A4,A6,2.3304741070205843e-16,0.0,3.707970794566834e-16,0.0
170,E08,A5,A7,40.47851488688249,1.502494058895566,315.7404893692496,327.55036813437994
170,E09,A5,A8,10.153396690358475,0.4279411280024778,134.56209877087076,140.21422626726573
170,E10,A6,A8,781.1379302970976,23.188175467425445,1546.9235522490847,1592.5812926448025
170,E11,A7,A8,2.513822004115966e-17,0.0,2.7694447364832017e-16,0.0
170,E11,A8,A7,327.3050365079614,12.8752466800338,717.3836793227331,746.3242597197735
171,E01,A1,A2,62.30473099467219,3.5548109709893394,104.23275197429493,110.20616544253662
171,E01,A2,A1,92.93182451928823,5.589302121818687e-11,152.71805346259225,152.71805346268653
171,E02,A1,A3,0.0,2.0489950589827375e-15,0.0,3.4744679251186244e-15
171,E02,A3,A1,38.557860216792776,0.9031722332350354,65.03578708542882,66.51000898306728
171,E03,A4,A2,973.9797068263558,25.806432238212533,1555.834256985824,1597.363167390772
171,E04,A2,A5,346.4239232410282,7.575728809885327,543.8331207033995,555.4739301064487
171,E04,A5,A2,24.51641382042959,1.361181235425571,337.8260711618153,356.5154370863048
171,E05,A4,A3,4404.097179796218,82.3602480798142,7061.544394150178,7195.045612190906
171,E06,A3,A6,3.182070885644905e-17,3.4999644273526096e-17,5.4004674643372815e-17,1.0298664165358948e-16
171,E06,A6,A3,94.00416777225186,2.481557161187471,188.289443214788,193.25470047712767
171,E07,A4,A6,3.41363946261224e-17,0.0,5.4454967848158634e-17,4.234310550367197e-20
171,E08,A5,A7,39.477987750200924,0.9119276605004263,309.11271617161145,320.1982226837844
171,E09,A5,A8,10.1151915371752,0.42672124647597826,134.39310308169428,140.03477173580973
171,E10,A6,A8,781.7769496148101,23.679388865241656,1548.7354264075439,1595.7268509396868
171,E11,A7,A8,2.9349829864752687e-18,9.792274397807668e-20,3.30667491223237e-17,3.062836807315048e-17
171,E11,A8,A7,323.29847483998486,12.457780417220947,712.4469763325299,740.0745467519907
172,E01,A1,A2,63.60447338560054,1.90673671104479,106.4011911658846,109.61715946476696
172,E01,A2,A1,91.63445034344221,1.5675770788765826,151.36593817566222,154.0448890051261
172,E02,A1,A3,0.0,4.155780360302021e-15,0.0,7.041117245611578e-15
172,E02,A3,A1,38.7849296932669,0.5408405074803864,65.45461877221446,66.37568732195322
172,E03,A4,A2,972.991076803154,26.392777398230876,1555.2940854020187,1597.606633683108
172,E04,A2,A5,354.6146808542691,5.238390365872293,555.3060570748336,563.2759103111073
172,E04,A5,A2,24.356035194062677,1.5133990184316537,333.3141398178525,354.37818287098094
172,E05,A4,A3,4411.7870138497055,79.6740640072416,7082.185952036851,7211.3134616142315
172,E06,A3,A6,3.6894984387785334e-16,9.38710869043698e-16,6.142184917510631e-16,2.176960917968849e-15
172,E06,A6,A3,91.33317080177541,2.723494784982976,183.6873512060755,189.16519052103104
172,E07,A4,A6,5.72024021169095e-16,2.113819624476464e-16,9.106470911305474e-16,7.056821926070466e-16
172,E08,A5,A7,40.69052269188879,1.419350228135774,313.091162049085,324.20336172499196
172,E09,A5,A8,10.14703852307692,0.4147561713253758,134.1516644183217,139.74227714965406
172,E10,A6,A8,782.0374040699774,22.90611171464789,1550.8274459459706,1596.2702936055719
172,E11,A7,A8,1.867781107101472e-17,0.0,2.137275387185728e-16,0.0
172,E11,A8,A7,322.06364159244134,12.99789004815738,707.6348699551651,735.9375611943624
173,E01,A1,A2,61.10443923916322,2.7477234911608663,102.43017419425544,107.05058736337861
173,E01,A2,A1,94.57249606684914,0.42034637842301914,156.0920220013501,156.81009648398623
173,E02,A1,A3,7.069267905658198e-17,6.099381931433642e-17,1.2152725788828646e-16,1.9944457666299356e-16
173,E02,A3,A1,38.804107776752005,0.6713999039950438,65.29191878281834,66.42244341956766
173,E03,A4,A2,970.8992625389452,26.063958109578603,1549.3907226340039,1591.0066349012075
173,E04,A2,A5,350.6037873785577,16.95179778918548,547.8334299759271,574.1324002974762
173,E04,A5,A2,25.09539057342432,0.2553851546694239,342.38589453890245,345.7453191209905
173,E05,A4,A3,4389.2030324088055,79.36677119082789,7032.209341358075,7161.090864126786
173,E06,A3,A6,4.966785314122006e-18,8.116514472228893e-17,8.123697363281384e-18,1.4070208456138347e-16
173,E06,A6,A3,91.88126822552147,2.2902600816579133,184.1255979060827,188.71296624474223
173,E07,A4,A6,3.506998774546489e-17,6.254472332342956e-17,5.595565948333906e-17,1.559208117970339e-16
173,E08,A5,A7,40.12459236581287,1.6781896995849943,315.4172653961318,326.78316694934756
173,E09,A5,A8,10.146107747745473,0.4653249916016843,135.42496274340837,141.60300124629163
173,E10,A6,A8,780.2721547295046,24.284747666293555,1545.669654233404,1593.879785226153
173,E11,A7,A8,1.3899617365256278e-18,4.180545621645331e-18,1.5928357222435482e-17,6.383597335222044e-17
173,E11,A8,A7,321.45217262535954,12.07263141822143,706.3501817436625,732.9056853621133
174,E01,A1,A2,61.94117305698424,0.9499159554684408,103.86373308775066,105.46960841831219
174,E01,A2,A1,95.21300707091086,2.3915112069977957,157.1854607200758,161.25281281711221
174,E02,A1,A3,2.9872059931629004e-17,9.49349799472078e-16,5.083188965371556e-17,1.6631218635392224e-15
174,E02,A3,A1,39.09929615123292,0.7565249345232335,65.90458739815384,67.21615119212639
174,E03,A4,A2,965.1869653226518,26.388010466593542,1541.9317920008032,1584.264901134675
174,E04,A2,A5,356.1804986675197,8.127031950032821,556.9464583178205,569.8970839039167
174,E04,A5,A2,24.975214699825838,1.2747878493037377,339.70344276062207,357.18924019973133
174,E05,A4,A3,4377.320141556057,82.51036254020622,7018.7373897961315,7152.233009266567
174,E06,A3,A6,4.826164140309075e-14,0.0,8.072426586105902e-14,6.845815526060259e-16
174,E06,A6,A3,93.27613390959172,2.892596361451358,186.5466021587908,192.3049481451879
174,E07,A4,A6,1.844065624264865e-16,9.768756242388849e-17,2.9427983309176406e-16,3.2665546771258874e-16
174,E08,A5,A7,40.46359300097281,1.7426370720305855,315.69193634578795,327.0403129500693
174,E09,A5,A8,10.192983531431915,0.4295371951536945,134.40778644440817,139.9302157289463
174,E10,A6,A8,784.9572766563049,23.79529438014107,1553.4298101174388,1600.509399796093
174,E11,A7,A8,1.3693131182132154e-16,1.961562866128696e-16,1.4678236337316495e-15,3.570504383413745e-15
174,E11,A8,A7,325.6899475357209,11.937016454969076,714.4875756131452,740.9326796672956
175,E01,A1,A2,64.08458414381855,1.561854337087589,107.26925584625332,109.93311476230313
175,E01,A2,A1,93.97774865494517,1.9260702077439626,155.19088322830774,158.36205596467215
175,E02,A1,A3,7.31494462909257e-16,1.7996580282387792e-17,1.2421608178424075e-15,1.1768078797239494e-15
175,E02,A3,A1,39.341666815850495,0.8355793156343412,66.1288762169706,67.5139027262592
175,E03,A4,A2,967.9848666611058,25.12876892368476,1546.0576472745004,1586.29817154467
175,E04,A2,A5,352.572813704835,14.904338159690703,551.7290875892924,574.8950491949593
175,E04,A5,A2,25.117068193898643,0.46225330990440133,340.67436481610696,346.921927845379
175,E05,A4,A3,4413.087947008179,80.76708096379424,7072.418881936719,7201.8815093191415
175,E06,A3,A6,0.0,0.0,0.0,0.0
175,E06,A6,A3,92.17922968745182,2.1988959734533227,185.44599617258524,189.85893861519673
175,E07,A4,A6,0.0,0.0,0.0,0.0
175,E08,A5,A7,40.688171748139744,1.6167545588729346,313.45624733493696,324.9208142137717
175,E09,A5,A8,10.1936985772874,0.43321032702972256,134.77990297282932,140.5637996706352
175,E10,A6,A8,784.6763025901625,22.82452846687148,1553.295480362769,1598.7352718011546
175,E11,A7,A8,3.1587607487907e-17,0.0,3.533601366658427e-16,0.0
175,E11,A8,A7,321.69695505004387,12.986200987735657,701.9876495919925,730.1020007146562
176,E01,A1,A2,62.30487162429603,2.1368735114965283,104.38780118235194,107.95337938630715
176,E01,A2,A1,93.56815103191636,1.1747526591242283,154.08815954944617,156.03843515961557
176,E02,A1,A3,1.4445441202647052e-16,2.252149604516386e-15,2.4980250989479867e-16,4.080735748565994e-15
176,E02,A3,A1,38.844277326500986,0.656405461741684,65.43507720220651,66.57780390490561
176,E03,A4,A2,971.068126613757,25.02397736602986,1550.7236308976203,1591.2011776797015
176,E04,A2,A5,348.1812397049392,6.460622915130403,545.546887051423,555.3732720658063
176,E04,A5,A2,24.47328750102048,1.4604078912535823,336.41468160499505,356.7018737295886
176,E05,A4,A3,4367.286153532379,84.10601095432526,7004.055282441238,7139.473559807399
176,E06,A3,A6,0.0,0.0,0.0,0.0
176,E06,A6,A3,91.30637118839651,2.205378963480621,183.18828428962837,187.60969414760007
176,E07,A4,A6,1.5116617472798765e-17,0.0,2.4576294744268346e-17,0.0
176,E08,A5,A7,39.83441836433171,0.9795482329804613,312.3237298870134,323.4852635643411
176,E09,A5,A8,10.07941337915726,0.4507347744451452,135.75331035287223,141.76481738617397
176,E10,A6,A8,775.839143022438,23.833863052387557,1536.4785654875604,1583.6578975215982
176,E11,A7,A8,6.633328498609996e-16,0.0,7.377185196943446e-15,0.0
176,E11,A8,A7,326.8438151632297,12.147564149827774,713.8235657581599,740.4738741869784
177,E01,A1,A2,63.43068152813492,1.794451441584484,106.44713089328454,109.4551862594557
177,E01,A2,A1,93.45591593148225,1.649141014001113,154.53781851913084,157.34416173529274
177,E02,A1,A3,0.0,2.432997305633471e-13,0.0,4.1327355130245706e-13
177,E02,A3,A1,38.73566323440068,0.6441689828609615,65.20326327315492,66.32841063569582
177,E03,A4,A2,958.7816147435267,26.415772925292544,1532.8870925000804,1575.4129903936732
177,E04,A2,A5,355.5898193005014,12.177463812572729,557.3662082561427,576.1436588516116
177,E04,A5,A2,24.938624783136603,0.7071428826833056,338.842203301132,348.70202709449364
177,E05,A4,A3,4388.646270040648,76.83467269133418,7044.805520206867,7169.917557846862
177,E06,A3,A6,3.2410232383359224e-17,0.0,5.305832183269303e-17,0.0
177,E06,A6,A3,92.36401123142824,2.0889074080380188,185.44348044511673,189.62718432180793
177,E07,A4,A6,2.3396591806627875e-16,3.0955707243774663e-16,3.7047647787872645e-16,7.661725789415546e-16
177,E08,A5,A7,40.545367346815524,1.9533213780304535,314.8651757207221,326.1195332595959
177,E09,A5,A8,10.174331363709664,0.4299838491669673,135.5642988636482,141.33470656001052
177,E10,A6,A8,776.8183000091502,22.659422869112994,1536.2898957910784,1581.2018752643348
177,E11,A7,A8,7.594602777250752e-17,2.0057240469680566e-16,8.542066195113014e-16,3.1090020130230442e-15
177,E11,A8,A7,327.21424725415307,12.169949850537014,714.8714020758091,741.8726345676677
178,E01,A1,A2,63.81341860736585,1.2481264354402115,107.27364360340503,109.37826788406497
178,E01,A2,A1,90.90097287015611,2.442228867554473,149.49468694233894,153.40867226714397
178,E02,A1,A3,2.2193448606042654e-16,2.36190806699256e-17,3.767991729355633e-16,3.619389213824557e-16
178,E02,A3,A1,38.69646563628038,0.9476819369499545,65.01164217478595,66.6458630583088
178,E03,A4,A2,971.4905901468242,25.61700124530714,1551.9023343274275,1593.1522056027975
178,E04,A2,A5,351.0725050607012,11.047769761536117,550.3962326229918,567.4144676814499
178,E04,A5,A2,24.313671187139413,1.004304114391811,330.66845163842214,344.2223368676187
178,E05,A4,A3,4392.91424106392,73.83982448053746,7038.819182989449,7157.481762161954
178,E06,A3,A6,8.4214459798449e-16,4.805063617693782e-17,1.3907312444186125e-15,6.555556079611967e-16
178,E06,A6,A3,92.87549946527812,2.1581940976140235,185.9353551447144,190.2577587807442
178,E07,A4,A6,1.1616879230202995e-15,0.0,1.8509588090628197e-15,3.8456438558206295e-17
178,E08,A5,A7,41.14131647259894,1.2315175448855196,313.0400033455003,324.2255123903242
178,E09,A5,A8,10.36586580901725,0.42427015931253187,137.0232859553291,142.58892960155566
178,E10,A6,A8,780.5108162979307,22.105603483838607,1544.7693742676415,1588.881583534179
178,E11,A7,A8,0.0,2.8263152656442314e-16,0.0,3.1212121542215257e-15
178,E11,A8,A7,322.8358912820274,12.082210100424925,707.2779909881612,734.165841462564
179,E01,A1,A2,61.15240492739344,3.37069259598319,102.84090236284223,108.5223817181488
179,E01,A2,A1,94.21953744206238,1.1547302489131673e-09,154.61473388647175,154.61473388835952
179,E02,A1,A3,1.4310640073257975e-15,0.0,2.4251572623585938e-15,1.2919020266779746e-15
179,E02,A3,A1,39.61406495256284,0.7131570187772079,66.88951969562008,68.08623541457169
179,E03,A4,A2,972.8501694932434,26.22791757098517,1556.9899940511875,1599.2382977533416
179,E04,A2,A5,353.1316351139313,7.469913320933219,554.0104399514771,565.4118984237878
179,E04,A5,A2,23.852329573286003,1.2213816007936336,333.32876701035815,350.5856795132373
179,E05,A4,A3,4384.961518633574,75.82221585732086,7049.312151410526,7171.579561596263
179,E06,A3,A6,4.057729885929741e-15,5.5311946709784614e-17,6.71865372945321e-15,1.9828022029837364e-15
179,E06,A6,A3,93.34524272326712,2.511787589847783,187.27063426182866,192.3103987918436
179,E07,A4,A6,4.83868304532326e-15,0.0,7.711729113590058e-15,9.493421874073721e-16
179,E08,A5,A7,39.93783864889713,1.5364435757556605,311.0247492377356,322.53124594820895
179,E09,A5,A8,9.92094229216828,0.3937579121693419,135.11653866674197,140.50694445696885
179,E10,A6,A8,778.0612297320604,22.855698643537018,1540.0090316957749,1585.346038865856
179,E11,A7,A8,2.683761183948851e-16,0.0,2.9557791295409585e-15,0.0
179,E11,A8,A7,325.6363693463355,12.182156011219494,710.341641376094,737.0432875655969
180,E01,A1,A2,62.60744564718089,2.566476197730166,104.72350103273715,108.99571088735767
180,E01,A2,A1,94.56992076655615,1.1047673718303264,155.56609751768144,157.3427914583846
180,E02,A1,A3,0.0,2.0917984102060335e-13,0.0,3.5494373398329907e-13
180,E02,A3,A1,38.50151288417373,0.6041226335052268,64.97483121187415,65.99383071775775
180,E03,A4,A2,964.9124038282732,26.324870092555635,1540.9221649956128,1583.3433537822275
180,E04,A2,A5,352.2214947442453,2.9897067457589155,552.3432852474605,556.958537206558
180,E04,A5,A2,24.152555132148578,1.7567417233649372,332.7051163332015,357.05286726761375
180,E05,A4,A3,4402.442094046423,77.31204161647584,7064.354981627388,7188.088186070963
180,E06,A3,A6,1.6295050148423352e-17,8.164876124888528e-17,2.904175489605405e-17,1.7335076185564821e-16
180,E06,A6,A3,91.54816983927736,2.5114185487078347,183.00467185331416,188.02397797100207
180,E07,A4,A6,6.734657537052561e-17,0.0,1.073788092351149e-16,0.0
180,E08,A5,A7,40.97156501127595,1.0815361921573956,318.0318022756814,329.3058243736767
180,E09,A5,A8,10.252348419374606,0.44926413593727715,136.3074089339133,142.1389173850548
180,E10,A6,A8,774.78966004109,22.752823063058493,1536.2533039364089,1581.5858761283757
180,E11,A7,A8,0.0,2.982217463022778e-18,0.0,3.4473751769947256e-17
180,E11,A8,A7,323.6982772054508,11.87399286184931,712.7667851971806,739.6646793911757
181,E01,A1,A2,61.297690104149865,3.303462267988836,102.70696659930607,108.25523042762825
181,E01,A2,A1,92.55964793419922,0.10783074786354221,153.66087594487618,153.8448299861241
181,E02,A1,A3,4.321940413948826e-17,3.6783784078618777e-16,7.427662066815379e-17,6.972276073264779e-16
181,E02,A3,A1,39.29889923387453,0.8567025033193856,66.10411956471151,67.55151235028524
181,E03,A4,A2,967.9889071219666,24.636557784652034,1548.4504554205255,1588.186464929663
181,E04,A2,A5,352.3572297794516,14.92922352059395,550.9537235527192,574.1767578621545
181,E04,A5,A2,25.07880242829855,0.4116035826229524,335.3988308083213,340.9034328607978
181,E05,A4,A3,4379.184033087202,76.2636643183001,7032.666103222039,7155.584564890362
181,E06,A3,A6,3.5765761163145686e-16,4.429862516646155e-16,5.786037721671436e-16,1.0795120681523671e-15
181,E06,A6,A3,92.25612412254242,2.481847215374414,184.54854659414536,189.52332938434728
181,E07,A4,A6,5.910005649397973e-16,3.9075676293685604e-18,9.303054845564688e-16,2.2336609616825397e-16
181,E08,A5,A7,39.75733323912545,1.431244757572529,313.9016493278551,325.49777740211096
181,E09,A5,A8,10.088332916719178,0.4164522597239552,132.9967473315696,138.53647243415284
181,E10,A6,A8,782.2829371091395,23.07977211046038,1549.6782969376127,1595.4792318457248
181,E11,A7,A8,9.163358442105806e-18,1.037158352589108e-16,1.0047229124449776e-16,1.3025400442410253e-15
181,E11,A8,A7,321.8388218471986,12.075642835067702,704.2719816679312,730.7057836622622
182,E01,A1,A2,62.12543871550777,2.040199143354469,104.44232179172559,107.85889332879566
182,E01,A2,A1,93.48506171300676,1.0803794499059238,154.7139055523324,156.52143012188242
182,E02,A1,A3,6.825191228031857e-19,2.5177614931731447e-16,1.1376154357089309e-18,4.290101522577347e-16
182,E02,A3,A1,38.702650671691615,0.9317881386669059,65.0113212050934,66.57128095142957
182,E03,A4,A2,964.2913270667124,26.58380082461905,1537.1914842002382,1579.8573663824006
182,E04,A2,A5,350.085854363972,14.234810154911639,547.6560839919011,569.7077020295312
182,E04,A5,A2,24.863786544042483,0.5382524924709748,346.43638588052596,354.0249310647715
182,E05,A4,A3,4407.642942239092,76.74473602007573,7052.769082989527,7175.684873236947
182,E06,A3,A6,1.1457456151342738e-16,2.779616975266802e-17,1.882865156314969e-16,1.1356271757916209e-16
182,E06,A6,A3,92.28609014452059,2.383058084466834,185.44338393593608,190.2320074656467
182,E07,A4,A6,1.2346788279086465e-16,0.0,1.9600855152950887e-16,4.556728155810574e-17
182,E08,A5,A7,39.806166558275315,1.3400068307819657,313.8042495925675,325.0164543468358
182,E09,A5,A8,9.837116304991909,0.41351045676476195,134.15053775719483,139.79496344901042
182,E10,A6,A8,780.5699456615098,22.90803976133415,1543.2287968391563,1588.516323118574
182,E11,A7,A8,0.0,0.0,0.0,0.0
182,E11,A8,A7,323.0452020014714,11.625379020325099,707.1997427956026,733.7510597055268
183,E01,A1,A2,64.64667439605802,0.9181439742074416,108.69489872629279,110.24805997490532
183,E01,A2,A1,91.96663437120488,2.659193163029305,152.20088904033196,156.67744412521256
183,E02,A1,A3,2.1274539327669105e-16,3.1311399252100835e-16,3.615959171713193e-16,8.942026182425285e-16
183,E02,A3,A1,39.021649184278445,0.8440107082613663,65.81262970375212,67.22228626651804
183,E03,A4,A2,972.0749530210782,25.809332585036177,1554.0048567512015,1595.517427068637
183,E04,A2,A5,352.161028709365,6.468002412617264,552.866170466381,562.9222210662538
183,E04,A5,A2,23.763552367934558,1.4044648089060197,331.6429292455737,351.1780947231355
183,E05,A4,A3,4393.105863974206,81.62162944160104,7057.738489479472,7190.320099349479
183,E06,A3,A6,3.592044996329602e-17,3.391330899216751e-16,5.82529310699937e-17,6.209066795169332e-16
183,E06,A6,A3,92.08871432814318,2.3623502093288513,184.55073291720157,189.31423021448157
183,E07,A4,A6,3.683896790030367e-16,0.0,5.847069526295772e-16,0.0
183,E08,A5,A7,40.212701797002495,1.5522120116355402,313.12925589814216,324.47546380226464
183,E09,A5,A8,9.954350594222978,0.4025750248136977,135.5264466143641,141.0949385662446
183,E10,A6,A8,776.1402843246842,24.04795517736848,1537.4363238674314,1585.2052685494168
183,E11,A7,A8,3.4338688176888013e-16,0.0,3.906652122998865e-15,3.467826275908504e-15
183,E11,A8,A7,322.71549729999134,12.249920443838105,707.4290741702908,735.1706637648662
184,E01,A1,A2,63.589008477688594,0.566431932474664,106.51823996372677,107.47617264577595
184,E01,A2,A1,93.75024097329648,2.65286928091989,154.8179544739086,159.2133511188902
184,E02,A1,A3,1.1445769877690902e-15,3.843667200821618e-16,1.937232365655373e-15,2.071711720549567e-15
184,E02,A3,A1,38.87216511498739,0.7774308996008976,65.63338179463167,66.93268408300867
184,E03,A4,A2,968.2110076550812,24.572432022594665,1548.4327224892138,1588.0015730325676
184,E04,A2,A5,352.48079440578977,7.058415509317043,553.3583082964298,564.3959651543674
184,E04,A5,A2,25.083966193027457,1.3066577529217651,338.3975543597234,356.0137858336758
184,E05,A4,A3,4362.284178001311,85.7665514733105,7007.386971088629,7147.1844376337085
184,E06,A3,A6,2.4333640721383413e-16,1.3550467189807038e-17,4.002809752000491e-16,2.4278559587022727e-16
184,E06,A6,A3,92.06879555411632,2.398026461854754,184.63620263443198,189.44369884819525
184,E07,A4,A6,5.327418021532249e-16,0.0,8.485019723622103e-16,0.0
184,E08,A5,A7,39.697973732586604,1.2782978757102794,311.3463778254741,323.15762008195816
184,E09,A5,A8,10.068860257094933,0.41061112833669305,132.87188765984004,138.3456987158304
184,E10,A6,A8,777.9200333891653,23.332641996686633,1541.5005740764627,1588.0126504248665
184,E11,A7,A8,1.3204195675940542e-17,1.0938737545055789e-17,1.4931109895788568e-16,2.7139062587310853e-16
184,E11,A8,A7,324.02454254975703,12.745257069050686,708.661216287355,736.6711643009909
185,E01,A1,A2,63.76794405682744,1.9924580539224979,106.77630353632162,110.08749924131894
185,E01,A2,A1,93.39764739659711,1.390338258918678,154.0693955467519,156.347853121325
185,E02,A1,A3,0.0,2.2936773461484607e-15,0.0,3.901509811808272e-15
185,E02,A3,A1,39.76631202149834,0.5567225497642825,66.68734741908094,67.62274857694472
185,E03,A4,A2,983.2933376484111,25.836513789343037,1568.3030697086865,1609.8364499515546
185,E04,A2,A5,349.117144435531,9.327475014385902,545.9303251236655,560.1832928852808
185,E04,A5,A2,24.56413011473511,0.9941796650845267,337.0476896273238,350.80458970239096
185,E05,A4,A3,4419.999904688369,81.6568576268898,7074.552336771685,7206.398641599715
185,E06,A3,A6,0.0,5.477260027902495e-15,0.0,9.10586954299495e-15
185,E06,A6,A3,91.7539719234197,1.955455812371587,183.7090078924555,187.64985818773232
185,E07,A4,A6,3.229503510254961e-16,0.0,5.137214913576499e-16,0.0
185,E08,A5,A7,40.06153549875418,1.2483435804219418,313.85848684198515,325.1551543559399
185,E09,A5,A8,10.02805894969281,0.4221160418673226,133.94459294666552,139.62561474170255
185,E10,A6,A8,773.5456930015362,23.06007971210513,1530.2187854467757,1576.0073036782376
185,E11,A7,A8,2.4719246345373734e-18,1.8004545422128473e-17,2.795897162444856e-17,2.266226658914414e-16
185,E11,A8,A7,325.7335343866386,13.087929826892232,711.1899882028752,739.8294062433856
186,E01,A1,A2,61.81844251972652,3.007807403353797,103.82759988571641,108.88000761037885
186,E01,A2,A1,92.8551806081064,0.1236318424354772,152.78466540894252,152.98331048586368
186,E02,A1,A3,0.0,1.9888370805876724e-14,0.0,3.381713408297657e-14
186,E02,A3,A1,38.714201498008904,0.7549186038285176,65.11660534504497,66.39615872124978
186,E03,A4,A2,966.3543499991583,25.081824493974107,1542.2417278931216,1582.4997562423503
186,E04,A2,A5,342.508251149975,13.52769575434959,536.5161018517443,557.812936088286
186,E04,A5,A2,24.69609673680018,0.47507602530345083,339.07562889671425,345.5539130349107
186,E05,A4,A3,4406.797031345525,80.30372798715189,7063.2603213125385,7192.348787789565
186,E06,A3,A6,6.7912734569396185e-18,2.2384929040315743e-17,1.1678549013677986e-17,4.993449279864368e-17
186,E06,A6,A3,91.64754153344875,2.3691458759431314,184.15946397813798,188.91875457574935
186,E07,A4,A6,1.2333964501073008e-17,4.536602612690381e-18,1.9752472389565145e-17,1.2920507103280732e-17
186,E08,A5,A7,39.801793028470556,0.9187500301624212,313.29734244414595,324.48651791005574
186,E09,A5,A8,10.14233210865547,0.44918187358495437,135.42518039438198,141.38587125680974
186,E10,A6,A8,775.7255265685518,22.590998109272377,1537.5776382805461,1582.7897286676814
186,E11,A7,A8,1.1735513690091724e-18,0.0,1.3267208122110532e-17,1.1675883237396852e-18
186,E11,A8,A7,325.2193938957518,12.489048063544242,711.6025476746061,739.2637449479305
187,E01,A1,A2,62.15121870474019,3.1968256064115836,104.18828218872012,109.50570068783192
187,E01,A2,A1,93.88128079959388,0.23494503281336793,154.90754583078638,155.29251419618208
187,E02,A1,A3,0.0,3.838806742196057e-14,0.0,6.518699991238482e-14
187,E02,A3,A1,39.48698145902604,0.7971293748314461,66.37202324230104,67.72145755367127
187,E03,A4,A2,967.7114422040685,23.957227532171952,1542.2453688616206,1580.863933757713
187,E04,A2,A5,351.9831234244483,8.541642768178374,551.7165801323092,564.7181935997976
187,E04,A5,A2,23.821515179986434,1.1418854962628926,332.3549484625998,348.2971050959985
187,E05,A4,A3,4407.807063274124,76.59574673092919,7054.86174753879,7178.218582994291
187,E06,A3,A6,2.591137043578635e-15,7.524607530144963e-16,4.496127813629655e-15,2.9260765770043005e-15
187,E06,A6,A3,93.72516757868587,1.9811750560141448,186.77256193008796,190.73317039852844
187,E07,A4,A6,4.645789293888546e-13,9.219259703378338e-13,7.432674440609516e-13,2.2180224493823567e-12
187,E08,A5,A7,40.077151831950694,2.6914718124800374,314.0664925132262,325.2110458185401
187,E09,A5,A8,9.81476898293568,0.41733388213780764,132.44461599975446,138.14455013837943
187,E10,A6,A8,776.6639210410054,23.99448559783234,1538.0736906168297,1585.3191599251443
187,E11,A7,A8,0.0,5.91793878399241e-18,0.0,6.662592251359618e-17
187,E11,A8,A7,324.951119963541,12.157408635599223,711.1995152700234,738.5867412532275
188,E01,A1,A2,63.624083644585625,0.8892760697949572,106.5365254078468,108.05401535373133
188,E01,A2,A1,92.22863034221771,2.415955704505781,152.47256462887555,156.49422572802004
188,E02,A1,A3,0.0,2.3062916859480344e-13,0.0,3.917462516677222e-13
188,E02,A3,A1,38.988296718484094,1.0806245421518144,65.43075802127703,67.24867169257868
188,E03,A4,A2,971.1668171651514,25.365776759282078,1551.2662785238385,1592.0918353546685
188,E04,A2,A5,346.6514691722393,11.679945319315832,543.6469457525526,561.9276142477855
188,E04,A5,A2,24.870803331134077,0.7291457872618535,335.8842423245319,345.56698086582907
188,E05,A4,A3,4414.893082256512,84.9802590563712,7072.535361188042,7208.284009942878
188,E06,A3,A6,1.2652564887206524e-15,0.0,2.1040967094237152e-15,7.810539222533122e-17
188,E06,A6,A3,91.89602356174555,2.4544743967349083,184.41969459991876,189.35101914031472
188,E07,A4,A6,3.4518230574791173e-15,0.0,5.52384268256838e-15,7.008050760312457e-16
188,E08,A5,A7,40.644419635979375,1.5722423250653417,311.7938409462457,323.56796478251493
188,E09,A5,A8,10.357338443593994,0.4648374860912832,135.86514984968412,141.7649907559175
188,E10,A6,A8,778.1474653465347,22.72010255506974,1542.4991483627266,1587.9323351067408
188,E11,A7,A8,3.6256705302025956e-18,1.8118896332472894e-17,4.470227073002256e-17,2.643723851680284e-16
188,E11,A8,A7,326.296325135233,12.623821032448095,714.8852526761134,742.4062261885018
189,E01,A1,A2,64.44450671940035,0.3297421256306833,108.09193658732849,108.64756970371386
189,E01,A2,A1,89.97077986575808,3.2176596859944344,148.84437852375922,154.3275252621735
189,E02,A1,A3,8.097008139367428e-16,0.0,1.3727759010272136e-15,9.503051647648918e-16
189,E02,A3,A1,39.07898001301588,0.7388812557816564,65.8277438082737,67.07223094527836
189,E03,A4,A2,967.6080399112659,26.711043122815358,1545.8103654337317,1588.953167521607
189,E04,A2,A5,356.98528415494883,4.633390449360071,557.1191445283861,564.315302454885
189,E04,A5,A2,24.37232888018209,1.734081697547746,335.6325220884344,359.65852989243245
189,E05,A4,A3,4397.868800567005,82.43823666004344,7054.322008901169,7188.3004532193
189,E06,A3,A6,4.325362793287002e-16,2.228944464935093e-16,7.137258990687183e-16,8.655992846921267e-16
189,E06,A6,A3,93.03671433535449,2.4459111344530955,186.1875902054496,191.10944412354502
189,E07,A4,A6,1.4132787534349727e-15,0.0,2.2608426972170437e-15,5.548918615145968e-17
189,E08,A5,A7,40.73569714673724,1.4314941235413363,313.82678956379124,325.3312618698675
189,E09,A5,A8,9.952565492174589,0.4317079592858295,133.55369672993245,139.41282802393442
189,E10,A6,A8,779.4606238443148,23.129308619695976,1545.6990130060465,1591.4110902403186
189,E11,A7,A8,2.1245129571743902e-17,0.0,2.374844756327859e-16,7.788393379685044e-17
189,E11,A8,A7,323.02334355961705,12.515274072162851,710.5879318712991,738.9058102298189
190,E01,A1,A2,63.02387277073514,0.26940934330195027,105.91650711106689,106.37040274795254
190,E01,A2,A1,92.90887112242562,3.2059666877913955,153.18851560076996,158.42524007952068
190,E02,A1,A3,0.0,4.272828078341979e-14,0.0,7.262390274639673e-14
190,E02,A3,A1,39.1412992908809,0.5600636214361991,65.89114097709535,66.83003248113121
190,E03,A4,A2,970.3341492456877,25.0097485358268,1551.4939322293876,1591.7026733937057
190,E04,A2,A5,350.4541619171764,15.032788640469432,547.4793542847435,571.1581201131321
190,E04,A5,A2,24.985175408581423,0.3611915135779321,342.23432398656416,347.06739893425134
190,E05,A4,A3,4388.765363038796,80.97403584810164,7046.018281298773,7176.837102598639
190,E06,A3,A6,0.0,5.7205240399881365e-15,0.0,9.570877378612662e-15
190,E06,A6,A3,92.43624355066282,2.2144050258895347,185.2977128196436,189.72903366777666
190,E07,A4,A6,2.6888489822298663e-16,0.0,4.282410855400961e-16,0.0
190,E08,A5,A7,40.22041360136702,0.9880828720750195,314.35018703511224,325.87901690216233
190,E09,A5,A8,10.212901299087125,0.4350402104147949,135.74157717292144,141.50992727971254
190,E10,A6,A8,787.1905079019148,23.466728687442444,1558.9310319918459,1605.3753939411715
190,E11,A7,A8,0.0,1.613410131154817e-16,0.0,1.8027913056120306e-15
190,E11,A8,A7,325.8044393029753,12.416632241593035,715.3811623490615,743.1076271450297
191,E01,A1,A2,63.15218623502463,2.027040691504096,106.1338601062512,109.5298112001044
191,E01,A2,A1,94.63850100210422,1.525893122435786,155.8440914028049,158.33583771212113
191,E02,A1,A3,3.3689812607338765e-16,0.0,5.724619881656932e-16,6.529834021831847e-17
191,E02,A3,A1,39.456309360821436,0.999703988343006,66.35334122036815,68.03853783029989
191,E03,A4,A2,964.971763124211,25.762584306713705,1540.0236542730313,1581.324063927793
191,E04,A2,A5,348.6972392287217,7.658214990153135,545.4639137600658,557.2830474761431
191,E04,A5,A2,24.838929333856854,1.2124197863446047,339.90703791337745,356.67029393472245
191,E05,A4,A3,4367.397874095846,77.79688166826688,6994.351755763014,7120.036194983283
191,E06,A3,A6,7.143735175495772e-17,2.317454315482574e-16,1.201073808038334e-16,5.081210619491098e-16
191,E06,A6,A3,91.60772596601859,2.074502969823368,184.09876241190148,188.2677848148884
191,E07,A4,A6,7.07088400769377e-17,1.3896801368262616e-16,1.1336514292138107e-16,3.3605003273529566e-16
191,E08,A5,A7,40.79127442963933,1.0850575584977142,316.7863122140278,328.17435586448926
191,E09,A5,A8,10.099632172084481,0.40768950001588494,134.12272420331456,139.63587190875012
191,E10,A6,A8,774.5870195076287,24.008662753888448,1533.691912491036,1581.29673439037
191,E11,A7,A8,0.0,4.300561047562804e-18,0.0,4.776524256482461e-17
191,E11,A8,A7,326.54019644260006,12.726354034025444,713.0253667572185,740.6445855981506
192,E01,A1,A2,62.27994730170509,1.7584219301799866,104.51571124745746,107.4407290423103
192,E01,A2,A1,94.37551247878443,1.2943761439869435,155.29674925662152,157.49878611761278
192,E02,A1,A3,2.487150410781973e-16,9.09652182848951e-19,4.226101465923703e-16,4.0614080994932725e-16
192,E02,A3,A1,38.91773161657205,0.73312281506448,65.60970555407147,66.8495169031977
192,E03,A4,A2,969.1200579324187,28.226956319739443,1548.4425904012842,1593.6981329004577
192,E04,A2,A5,347.05592043226034,4.263088314572758,542.2811452035746,548.702938131804
192,E04,A5,A2,24.42393972116857,1.6041293195107995,336.5531394594477,358.969053546416
192,E05,A4,A3,4391.060212216283,83.29608254132424,7050.16185072519,7183.27365277934
192,E06,A3,A6,7.892344879090091e-16,3.546332041497362e-18,1.2940074041033992e-15,4.474546660396582e-16
192,E06,A6,A3,92.80528483688681,2.101370207824176,185.5831355354672,189.7878905540117
192,E07,A4,A6,8.871082622575648e-16,0.0,1.4077395511866881e-15,7.384193331108916e-17
192,E08,A5,A7,39.936930891040674,1.6937098781540305,310.204040815958,320.9380745579426
192,E09,A5,A8,10.05335592669031,0.40906279143341495,133.62769719285626,139.1009126045414
192,E10,A6,A8,772.7894768905036,23.007143168099944,1527.3716279974356,1573.100119303318
192,E11,A7,A8,6.4913366819128945e-16,0.0,7.305831130113955e-15,2.414991974548911e-15
192,E11,A8,A7,326.9355097885218,12.414264415011965,717.5198643092035,745.4744448694493
193,E01,A1,A2,62.89642086313341,1.8705378796504215,105.42297176939658,108.56492496526072
193,E01,A2,A1,94.4347727544255,1.3403583388789875,155.6305862862281,157.79263469699944
193,E02,A1,A3,2.250498191694274e-16,1.2111462187842845e-16,3.822047873288913e-16,5.878530706359398e-16
193,E02,A3,A1,38.81040636794209,1.134459471302029,65.22864179855077,67.17686603305881
193,E03,A4,A2,974.7533616068773,25.081501583641934,1554.625654264076,1594.8631619517794
193,E04,A2,A5,350.5975104487555,10.559065813392559,550.3527632047762,567.2290410013953
193,E04,A5,A2,24.69693205350407,0.805086788561352,342.9947430497721,354.0721119825651
193,E05,A4,A3,4400.860519322326,84.51559255866579,7045.758637284882,7181.938553492897
193,E06,A3,A6,0.0,0.0,0.0,0.0
193,E06,A6,A3,92.55918215770734,2.19988006880823,185.26896154129844,189.65719862315296
193,E07,A4,A6,3.2645274480966947e-16,0.0,5.198746388527883e-16,0.0
193,E08,A5,A7,40.58418506382795,1.4942097099709077,315.24137900334404,326.54921588258986
193,E09,A5,A8,10.020164221430713,0.42038490362926734,134.62439533178457,140.2760380463582
193,E10,A6,A8,776.652978403735,22.849294552716522,1538.5822129285702,1584.3022634741878
193,E11,A7,A8,0.0,9.525954342471575e-17,0.0,1.0490096914730778e-15
193,E11,A8,A7,326.21543471708964,12.789545838452046,714.6774579140067,743.1922891622672
194,E01,A1,A2,63.13393838867541,1.104034179472095,106.2554082228879,108.11691661426343
194,E01,A2,A1,93.31349250117721,2.3106245894492337,154.5257855255237,158.29353001000865
194,E02,A1,A3,2.006715255587568e-17,6.982668418255888e-17,3.462758884127591e-17,1.5299054917351952e-16
194,E02,A3,A1,38.87319347131259,0.5068951149664563,65.52467833761453,66.39178063170388
194,E03,A4,A2,968.4698960461538,24.537101753203054,1545.6497040658367,1585.0223938287927
194,E04,A2,A5,350.51999683317126,8.432506956455175,548.2064815460602,561.3326294773809
194,E04,A5,A2,24.404624176391543,1.0483948759591364,334.194469273424,348.3554205332145
194,E05,A4,A3,4391.177532760293,79.62455120173729,7041.934465878986,7171.42190358373
194,E06,A3,A6,2.0755121259149197e-17,1.8150578047703634e-17,3.46370600635707e-17,6.500887512799043e-17
194,E06,A6,A3,90.90580631503687,1.95049937638572,182.3895907435139,186.3141103253439
194,E07,A4,A6,4.140619890238294e-16,8.229003668772895e-16,6.555718561024e-16,1.9584269788813312e-15
194,E08,A5,A7,39.78215659160526,1.910553531347976,313.72893979350266,324.9564727004894
194,E09,A5,A8,9.943256496827644,0.44711909792000454,132.66033724370408,138.67326693608976
194,E10,A6,A8,778.3618767914319,23.2956202295664,1540.377698252262,1586.6710227058836
194,E11,A7,A8,1.2266759079260575e-17,0.0,1.3526611400495788e-16,4.643883147470095e-17
194,E11,A8,A7,324.3419863478652,12.327116804489131,711.8127205666829,739.4506368976154
195,E01,A1,A2,62.61713462802814,1.3400388968515746,105.19151407239222,107.46302659309842
195,E01,A2,A1,92.74238312910379,2.2147308631373908,153.4170793729513,157.04502582509053
195,E02,A1,A3,0.0,1.456068009176206e-14,0.0,2.4718526224273444e-14
195,E02,A3,A1,39.28278181298157,0.5962357136455233,66.23997582463535,67.25598261000523
195,E03,A4,A2,972.3333967194658,26.195355993594973,1553.748536139545,1596.0404620645638
195,E04,A2,A5,354.3654811739291,4.179736794614573,555.397037237546,561.7790672209884
195,E04,A5,A2,24.55992313666664,1.6000590944881237,334.06468009831104,355.9658036358978
195,E05,A4,A3,4378.083556605451,76.41345162688829,7029.945056672015,7153.366120127057
195,E06,A3,A6,1.894152580498809e-15,3.650345073069078e-15,3.1984817654600364e-15,9.375265491449716e-15
195,E06,A6,A3,92.14737765521272,2.366055203416686,185.2080154953431,189.95906022593115
195,E07,A4,A6,5.502566530105475e-16,4.766732377482037e-16,8.76653817694432e-16,1.2857717752636666e-15
195,E08,A5,A7,40.25680670951415,2.4109102571184873,314.2606656079541,325.5842535677419
195,E09,A5,A8,10.163401772292652,0.3974169652939582,134.18875772277426,139.31903380543213
195,E10,A6,A8,786.6113287381919,22.813949263101613,1552.316537456052,1597.4454752556926
195,E11,A7,A8,0.0,7.984224719721095e-17,0.0,9.080476581980294e-16
195,E11,A8,A7,324.64686182254155,12.3555259155143,711.4756827808662,738.3767314878239
196,E01,A1,A2,63.53885230962548,2.3104268914694894,106.5963481576408,110.49791573186637
196,E01,A2,A1,91.62751773054339,1.3812114106784437,151.03201074699066,153.27945904534891
196,E02,A1,A3,3.527958591644012e-16,2.502314961788701e-15,6.052103112601933e-16,4.853945595221108e-15
196,E02,A3,A1,39.19209921415388,0.618265935529187,65.95735313215434,66.98252820223729
196,E03,A4,A2,970.8739368611726,24.851425335755593,1548.7216520267602,1588.631133991083
196,E04,A2,A5,349.32460818440865,10.087031105452137,547.1538072170572,562.6444434950736
196,E04,A5,A2,25.058047563647683,0.9187921396411778,340.1366732113403,352.7051010882875
196,E05,A4,A3,4389.119826037275,84.17034159674884,7033.359074204044,7168.501979551018
196,E06,A3,A6,0.0,0.0,0.0,0.0
196,E06,A6,A3,92.7552839326479,2.2501992894021554,186.01834126052782,190.53081192156515
196,E07,A4,A6,2.833569282648312e-18,4.07580981951145e-18,4.463214652472912e-18,9.938068407731536e-18
196,E08,A5,A7,39.961021423216664,1.613122321331438,311.15317931822295,322.19563939031025
196,E09,A5,A8,10.342325510726045,0.4388503299581827,135.88950400577988,141.79406228767178
196,E10,A6,A8,775.522282477972,24.147728179304778,1535.8691256934649,1583.5395863432334
196,E11,A7,A8,2.576004637098067e-18,2.1721951087759137e-19,3.0484390904469614e-17,1.950282779945094e-17
196,E11,A8,A7,326.1735329246235,12.113338308710091,714.9035370968098,741.1675781981687
197,E01,A1,A2,61.663682419266195,2.334591145512172,103.45625906094385,107.37541030380322
197,E01,A2,A1,94.1221116344039,1.3310560405948717,155.44518712380432,157.70493575640944
197,E02,A1,A3,9.258211295544057e-16,1.4665704392615786e-18,1.5810346476406304e-15,5.360246407828526e-16
197,E02,A3,A1,39.15068121198565,0.8287229978414796,65.85822403678748,67.3086133746732
197,E03,A4,A2,964.0508025575587,25.98592109270804,1540.5108547699385,1581.9064338617725
197,E04,A2,A5,352.2131870156343,7.653471788128251,552.3633176815325,563.8268769258536
197,E04,A5,A2,24.526447265140074,1.3316990789580845,335.5262917515088,353.67225272570806
197,E05,A4,A3,4383.558901788183,85.25472594888403,7033.7282662048,7170.6033554865
197,E06,A3,A6,0.0,0.0,0.0,0.0
197,E06,A6,A3,93.71663210582179,2.3747719413799064,187.6890606279971,192.4609289952639
197,E07,A4,A6,1.5082832817145879e-16,3.184520448289598e-17,2.5054554840314285e-16,1.573410532042762e-16
197,E08,A5,A7,40.55896935292871,0.9853647166934136,318.065488625559,329.86175231069075
197,E09,A5,A8,10.088769765490206,0.41104544113752045,134.50353222258963,139.92146101444985
197,E10,A6,A8,776.9643199320233,22.289108624522008,1538.954188280501,1583.2035697381782
197,E11,A7,A8,0.0,5.818760990656393e-17,0.0,6.607195736609833e-16
197,E11,A8,A7,323.2503571075105,11.425615019415554,708.6819113098292,734.6285033305976
198,E01,A1,A2,61.988070900540194,2.7159595565253527,103.99577329632945,108.55227173786355
198,E01,A2,A1,95.25076080396468,0.8477351527021045,156.73335705870625,158.14450657510503
198,E02,A1,A3,1.7010075584700983e-19,0.0,2.857697716333841e-19,0.0
198,E02,A3,A1,38.6086721070609,0.7965099564136916,65.15461713414305,66.49059905371135
198,E03,A4,A2,968.3128908564516,24.431647469249636,1549.122132601027,1588.3486514995477
198,E04,A2,A5,356.685752187767,8.09858866692382,558.1285606972588,570.303201498545
198,E04,A5,A2,24.52055631060098,1.2955234346298845,332.80690008178533,350.4448459629971
198,E05,A4,A3,4356.427123394947,85.3211413366378,7002.350573389699,7140.539454421126
198,E06,A3,A6,1.8564293838354296e-16,8.603858559418564e-17,3.105207989173658e-16,4.548891755477604e-16
198,E06,A6,A3,93.09576631559972,1.8679270927213374,186.52430390263737,190.27350914451907
198,E07,A4,A6,5.074733616562923e-16,7.653809969282388e-16,8.342682596539493e-16,2.1036788172411603e-15
198,E08,A5,A7,41.62812314371081,1.0027220260520564,319.10180643616775,330.80623441149635
198,E09,A5,A8,10.116201438584712,0.4369785912314141,134.14068441572343,139.8427098919264
198,E10,A6,A8,782.6854537285693,23.06448165669065,1548.786789742513,1594.5017853547129
198,E11,A7,A8,0.0,8.96937375674248e-19,0.0,9.697993931592343e-18
198,E11,A8,A7,323.3397561309711,11.861245295517811,706.9942381904654,733.1957175281539
199,E01,A1,A2,62.92826236074322,0.825542186485551,105.48950017375466,106.88374551887858
199,E01,A2,A1,93.61716204481833,2.6554682449365297,154.19781118422145,158.71953370978747
199,E02,A1,A3,0.0,4.448170609741881e-15,0.0,7.547077492531411e-15
199,E02,A3,A1,39.45934975100934,0.8851518302011838,66.50157555001144,67.98182825039362
199,E03,A4,A2,965.6564224740273,24.09589392849484,1542.452670425521,1581.2992009805307
199,E04,A2,A5,347.4104866693651,12.85104938217405,544.9761359875076,564.8089363776829
199,E04,A5,A2,24.313788353707004,0.6696722207567471,337.82474487441425,347.48273256965797
199,E05,A4,A3,4394.887849315878,81.05989236071154,7049.157962143883,7180.814831035482
199,E06,A3,A6,4.046180424866058e-15,0.0,6.7654879849094575e-15,2.8432793157344363e-16
199,E06,A6,A3,92.11462436384343,2.192599164696108,185.09017872463647,189.4995066767227
199,E07,A4,A6,1.8218184739649208e-16,1.6418002101200306e-16,2.9155761178744786e-16,4.7583405687098e-16
199,E08,A5,A7,40.01915862264488,1.0651538986547406,314.4151557022295,325.4292254459522
199,E09,A5,A8,10.10641893698419,0.41581599063608327,136.47790638593725,142.08172609228652
199,E10,A6,A8,773.0671872083306,24.745529283577216,1532.4870574285947,1581.697078331636
199,E11,A7,A8,0.0,5.4562550795500055e-15,0.0,6.130358754752544e-14
199,E11,A8,A7,326.3073661223491,12.163333863048331,713.017301218144,740.2187910589925
200,E01,A1,A2,61.57984203788176,2.18097403847937,103.37524853613007,107.02905020570346
200,E01,A2,A1,92.36861049788763,1.0051826267120487,152.07750685271418,153.78903335413145
200,E02,A1,A3,0.0,8.044953384129521e-16,0.0,1.3671677653436405e-15
200,E02,A3,A1,38.991108950786895,0.6238434115153402,65.75626960029022,66.83068789034638
200,E03,A4,A2,968.1051680601638,24.52954149961067,1546.6094900994044,1585.980097463588
200,E04,A2,A5,352.632698931599,10.830903237278905,551.9257159290759,568.7504324284552
200,E04,A5,A2,24.689901529774623,0.9190965576527805,338.88754120832857,351.55115325762796
200,E05,A4,A3,4399.733003909786,81.54992073356404,7059.847994815156,7191.274183483054
200,E06,A3,A6,2.8781450768897253e-16,6.986396957470958e-16,4.813472268273378e-16,1.649767411062006e-15
200,E06,A6,A3,92.45943957935569,2.849073551147918,184.75311798035256,190.44475897051413
200,E07,A4,A6,1.5037979453181803e-16,2.669482784996418e-16,2.3944719205761897e-16,6.533006071684922e-16
200,E08,A5,A7,40.267373134003776,1.2758895494487599,314.2886694822203,325.0825386284562
200,E09,A5,A8,10.134380820672385,0.424480769760344,135.59721690313796,141.33928552249796
200,E10,A6,A8,783.2861382866749,23.72766911172789,1549.1311417249021,1596.0107455397679
200,E11,A7,A8,0.0,2.1300334511285087e-17,0.0,2.390271403054552e-16
200,E11,A8,A7,324.98146713143564,12.721485872963898,713.4642924472719,740.5549718682507
201,E01,A1,A2,62.74477458815514,2.0348526817854697,105.18120639991776,108.57643528639629
201,E01,A2,A1,93.72959091038524,1.5535114917375246,154.74028431681634,157.38858143028892
201,E02,A1,A3,0.0,1.4785888476450802e-14,0.0,2.5076421776074994e-14
201,E02,A3,A1,38.47920590321958,0.78810420066229,64.99827907874956,66.36342627509046
201,E03,A4,A2,964.5875284945138,24.66564842501205,1542.4038526081142,1582.2863663474723
201,E04,A2,A5,352.4414421510297,7.503214736475144,550.969684489709,563.0811041102864
201,E04,A5,A2,24.73684519012937,1.3159587250249134,339.11881325624665,357.3237483147698
201,E05,A4,A3,4369.160100467927,86.2779454997586,7019.1355597890215,7157.320591123073
201,E06,A3,A6,0.0,6.912337224220053e-16,0.0,1.1591991575160667e-15
201,E06,A6,A3,93.79348808646785,2.2195144237588593,188.27586702656163,192.72371449405807
201,E07,A4,A6,2.126309392258093e-16,0.0,3.380890259262657e-16,4.8776502581963456e-18
201,E08,A5,A7,40.68652971680862,0.9440582402782691,315.0819879117431,326.9427007364692
201,E09,A5,A8,10.110736821618517,0.4343626648571884,135.95811847117554,141.88457342891917
201,E10,A6,A8,777.4597563184677,24.518692427130343,1540.0236663131075,1588.7387558021057
201,E11,A7,A8,0.0,1.1770778744581433e-16,0.0,1.3323532018791989e-15
201,E11,A8,A7,324.86148073166873,12.475384194222539,711.1928007550998,738.631863555244
202,E01,A1,A2,62.716112572592166,1.5771218439902304,105.17771507980845,107.85085839719983
202,E01,A2,A1,93.49164327850735,1.7695920716154652,154.52816946110693,157.54127125570335
202,E02,A1,A3,2.7075487884365157e-16,0.0,4.677539433205255e-16,6.545266356888875e-17
202,E02,A3,A1,38.7754942724511,0.9780212185748008,65.36338388834396,67.00808209015237
202,E03,A4,A2,967.3722915358412,25.341993717576248,1543.765712191192,1584.7053002474845
202,E04,A2,A5,348.4780208876231,10.899145639674558,546.4695625434247,563.3213556144943
202,E04,A5,A2,24.3658909920554,0.9221567267759181,334.6050079288776,347.44056482110005
202,E05,A4,A3,4379.7814357559255,80.18445943967546,7020.05379947456,7149.447474679998
202,E06,A3,A6,5.086768232695721e-16,7.785461129019253e-16,8.391655250521072e-16,2.1463201399165954e-15
202,E06,A6,A3,92.73474689758083,2.53456120217802,185.21800717554743,190.27921725627908
202,E07,A4,A6,3.4383273705703257e-16,0.0,5.473664923455522e-16,0.0
202,E08,A5,A7,39.851197622804676,1.0082471490511447,313.2484586700796,324.92227929455294
202,E09,A5,A8,10.063217358907036,0.4591057193168905,134.09542527663928,140.0783796758807
202,E10,A6,A8,781.0690862631515,22.97763247895732,1545.4549271160267,1591.129220657427
202,E11,A7,A8,9.601724678749211e-18,5.91819602659009e-18,1.0784979091987354e-16,1.7426583925526968e-16
202,E11,A8,A7,326.54399621346164,12.324166798531717,714.5337479344073,741.9930447657671
203,E01,A1,A2,62.98857181482422,0.5296557051218771,105.84607868479638,106.74161129116064
203,E01,A2,A1,94.02106124383573,2.9576390104563006,155.3635474548206,160.40961589620602
203,E02,A1,A3,3.770999736391763e-17,1.5376879747733925e-17,6.417033604890035e-17,9.032003333863381e-17
203,E02,A3,A1,39.038718389507984,0.740124873406574,65.53860531811716,66.78619637613136
203,E03,A4,A2,973.8536417431192,25.068326856934355,1551.580120579158,1591.829611927193
203,E04,A2,A5,351.1247150929265,10.974675016166422,549.2825116204884,566.939100992321
203,E04,A5,A2,24.754011748143583,0.7987732074237668,344.797336084768,355.9003853630653
203,E05,A4,A3,4397.28984847486,79.9445309006384,7027.728328944212,7156.350233465994
203,E06,A3,A6,4.950003086973554e-18,2.2825796812360825e-17,8.306588126371673e-18,4.6566822961165315e-17
203,E06,A6,A3,92.11786650332357,2.062371213434256,184.84258667485017,188.9729589323029
203,E07,A4,A6,3.0154350670989703e-17,0.0,4.842668064752157e-17,0.0
203,E08,A5,A7,40.81396486363597,0.9736103391394085,316.89190136363624,328.5476402824001
203,E09,A5,A8,9.855491949529345,0.43591132775485303,132.99744930180435,139.05881143760737
203,E10,A6,A8,780.9189029048753,23.15285528949271,1547.1566324824903,1593.0611198748572
203,E11,A7,A8,1.8042863617051122e-17,0.0,2.016363257661443e-16,5.3656220271069964e-17
203,E11,A8,A7,324.4039549762632,11.573105145383176,710.3908288839006,736.275145258777
204,E01,A1,A2,63.22350799608954,1.480463554193784,106.0498610941901,108.57022575584362
204,E01,A2,A1,93.3778859795629,2.2133766698599935,154.12617715864997,157.73876657224542
204,E02,A1,A3,8.788682922497411e-17,1.6896557196698934e-16,1.4940549269428268e-16,4.3649647661173704e-16
204,E02,A3,A1,39.22421571094252,0.7194295484065966,66.15004043447522,67.37800144429103
204,E03,A4,A2,979.7130169048942,25.801936875927154,1566.4768666732293,1607.7296118086329
204,E04,A2,A5,346.44425552858013,14.070270953125162,542.7254250839969,564.8250306910426
204,E04,A5,A2,25.176459365897674,0.43945776438244044,343.346879416947,349.2669071847283
204,E05,A4,A3,4378.212793460012,78.81951999221103,7029.16585166466,7154.730099200124
204,E06,A3,A6,2.0337850781063952e-17,3.9386700010046464e-18,3.337668186358687e-17,2.554393780614974e-17
204,E06,A6,A3,92.30813745456719,2.6029009371692764,184.7889896757148,190.0018272242752
204,E07,A4,A6,8.122381940521318e-17,0.0,1.293483302187353e-16,0.0
204,E08,A5,A7,40.14664442368492,1.7389211589255564,315.6983542561062,327.6339244819153
204,E09,A5,A8,10.264611824887092,0.43249184332353524,134.79576079738857,140.73547565643375
204,E10,A6,A8,777.0811408641723,22.726013049548527,1536.5470143950995,1581.6017397263167
204,E11,A7,A8,8.637003125698517e-17,0.0,9.12850058930471e-16,3.0973603119268487e-16
204,E11,A8,A7,325.47848113788245,11.984099868467977,713.2519689702219,739.3352729283563
205,E01,A1,A2,61.73794648141259,3.3712904101440175,103.38464643085737,109.06571292334677
205,E01,A2,A1,93.34748175084233,0.12646531200231262,154.16306297744754,154.36657301301176
205,E02,A1,A3,1.4455669131079914e-15,4.9084179452658025e-17,2.444375307804701e-15,1.3883590898813538e-15
205,E02,A3,A1,39.43829381996565,0.9070188202710356,66.42998469713456,67.97539387856662
205,E03,A4,A2,970.0954660296433,24.736974017983457,1548.0686266049183,1587.8787003652826
205,E04,A2,A5,354.79403394666065,7.017849869385096,554.9441558236005,566.0829396044523
205,E04,A5,A2,24.674732914310518,1.327281631189881,334.4878993644005,352.54984149144514
205,E05,A4,A3,4399.244834744716,83.10951863027688,7047.978941867481,7181.796393654612
205,E06,A3,A6,3.572580424825147e-16,4.197430417153201e-16,5.89639851116732e-16,1.2070226983910592e-15
205,E06,A6,A3,92.8224728648822,2.323084030114657,185.80640519916312,190.49325536600793
205,E07,A4,A6,7.300280978149194e-16,0.0,1.1693422671322936e-15,0.0
205,E08,A5,A7,41.604867824754265,0.9705197112649971,318.5415463324516,329.5994511775888
205,E09,A5,A8,10.25614517953101,0.43821595698895704,135.6990264232444,141.57665320561497
205,E10,A6,A8,784.8661636389987,23.37682224769829,1551.1167593858684,1597.5796197894479
205,E11,A7,A8,2.448704747017426e-18,2.7866812009375813e-18,2.6382958375322338e-17,5.763856424445863e-17
205,E11,A8,A7,325.3557309076749,12.514025187430544,714.207244826408,741.9686049991922
206,E01,A1,A2,63.39302135060585,1.1207853248818431,106.13658832583742,108.03991423562869
206,E01,A2,A1,95.70434879865277,2.041671492901563,158.1834045660704,161.48034924632242
206,E02,A1,A3,0.0,2.9124567670777775e-16,0.0,4.847583340601468e-16
206,E02,A3,A1,39.38457097245253,0.7749958071065945,66.21805718251548,67.51894862573664
206,E03,A4,A2,972.3961212501114,25.33122865189436,1548.809628058897,1589.281189162471
206,E04,A2,A5,352.5575047893761,10.193407396206776,551.7977285542369,567.3514367887865
206,E04,A5,A2,24.214466215515074,1.0345796942952439,336.38006509221094,350.9069327896078
206,E05,A4,A3,4402.301525090756,83.15136315865635,7041.767067663213,7176.3646870142775
206,E06,A3,A6,8.803225892835814e-15,0.0,1.468331442755841e-14,2.3126572007689253e-15
206,E06,A6,A3,92.17493783366785,2.555400530449097,185.20842047849263,190.3336431526942
206,E07,A4,A6,5.059768021804133e-17,2.1290339382022024e-17,8.06661682488662e-17,7.032346523383619e-17
206,E08,A5,A7,40.54000790707905,1.0227898335225587,314.2163858552937,325.38589694861344
206,E09,A5,A8,9.86286279007058,0.4240416764604486,133.5064351863512,139.38063069033896
206,E10,A6,A8,783.4531090713233,24.721270518102678,1548.503775333562,1597.4179398847862
206,E11,A7,A8,0.0,4.2457611914623425e-17,0.0,4.717901918075526e-16
206,E11,A8,A7,322.85739272970153,12.863448082445792,711.0660410469295,738.7531009822034
207,E01,A1,A2,62.65927283194655,1.2322601449699817,105.26565201658761,107.35225537511042
207,E01,A2,A1,91.97912141327168,2.0676877133602267,151.4692479814322,154.97867526867384
207,E02,A1,A3,2.2552351575529846e-17,1.5468668499776785e-16,3.829283245154921e-17,3.0133773764009084e-16
207,E02,A3,A1,39.13368018574462,0.8106411786968847,65.97040347941693,67.35929350235251
207,E03,A4,A2,972.5583821189858,27.234296197005783,1552.5748980393914,1596.437294674423
207,E04,A2,A5,341.31866750962564,15.435557056095973,534.0472583846337,557.7356275565767
207,E04,A5,A2,25.100977373301273,0.4491059424100967,345.2025943121123,351.1744405037007
207,E05,A4,A3,4384.755672681266,76.34521283164068,7030.509478246471,7153.999857837121
207,E06,A3,A6,8.851498116470997e-18,4.842560309148768e-18,1.452853474894902e-17,2.1361472890727808e-17
207,E06,A6,A3,92.22616731032147,2.1337158634663695,185.62235856335977,189.91376313736134
207,E07,A4,A6,4.9279384384495675e-17,0.0,7.83397420665925e-17,0.0
207,E08,A5,A7,40.00599443390827,1.9870516147138226,315.9191426386204,327.30854504122493
207,E09,A5,A8,10.209971436904812,0.4530925222588143,135.726095759453,141.79058818955622
207,E10,A6,A8,779.7478900600198,23.685220143630662,1543.9210080985977,1590.841242292437
207,E11,A7,A8,1.08859940221355e-15,2.132296206892071e-15,1.1289224968961685e-14,3.3316219096786836e-14
207,E11,A8,A7,327.2286112235423,12.693947760813453,715.4214771118213,743.4651416882494
208,E01,A1,A2,63.07212514255154,0.5886957076648776,105.95590162527897,106.95715790842434
208,E01,A2,A1,91.87634635819337,2.8960019116915343,151.85831615096123,156.62691641635456
208,E02,A1,A3,5.673360862418499e-16,1.0254387003132996e-15,9.664424032474744e-16,2.648228125751904e-15
208,E02,A3,A1,38.91712817204269,0.9264463328382444,65.34933722233674,66.9252936692934
208,E03,A4,A2,974.8355472409079,26.10975494307041,1555.386977310735,1597.0825540867404
208,E04,A2,A5,348.9880994995372,11.695639820212623,546.9533389684194,565.6064830635752
208,E04,A5,A2,25.140239332900986,0.649155958728061,344.86577778521047,353.9203174674715
208,E05,A4,A3,4377.053806730987,73.94858390214705,7006.503137688529,7124.602646328377
208,E06,A3,A6,0.0,0.0,0.0,0.0
208,E06,A6,A3,91.64898467800518,2.0149999451544605,184.14492914819965,188.18616691251148
208,E07,A4,A6,1.1037775299730707e-15,6.665189056335811e-16,1.7583560816844604e-15,2.7427242846708073e-15
208,E08,A5,A7,40.28233199237703,2.003186675270177,317.34957301561906,329.1786225579906
208,E09,A5,A8,10.023443254313651,0.4330394408253083,133.79114155996035,139.41717006392295
208,E10,A6,A8,781.9285675515193,23.178835082812842,1548.0975951485061,1594.252513298579
208,E11,A7,A8,3.238857079882558e-18,1.9642075231399667e-18,3.675036457598745e-17,5.882964022521035e-17
208,E11,A8,A7,325.75423320821443,12.757985251580523,713.8782456126033,741.5957102881536
209,E01,A1,A2,63.84583926121226,0.5369987835202399,107.2745594948066,108.18072635623002
209,E01,A2,A1,93.96007179246226,2.9141189113397394,154.9877242339939,159.69197178918017
209,E02,A1,A3,1.3458032785031005e-16,1.0696011925515138e-17,2.279399889400665e-16,1.9107294646521415e-16
209,E02,A3,A1,39.683232527396086,0.8124380831240726,66.8666340034649,68.19871404422923
209,E03,A4,A2,972.151448978485,26.203761277842254,1552.7208365864344,1594.8513580141305
209,E04,A2,A5,351.315984975883,11.826324837730201,551.2153576440193,569.350998614511
209,E04,A5,A2,25.004740744926032,0.7279496568596766,342.19054183459275,352.2594280191305
209,E05,A4,A3,4384.003500148932,86.02496706527069,7035.408379758644,7173.40986526011
209,E06,A3,A6,4.7021198747813035e-17,3.582538698675841e-17,7.663850049260579e-17,1.1521453603929163e-16
209,E06,A6,A3,91.20964661631206,2.4627513064431357,183.11286896009466,188.06053280634393
209,E07,A4,A6,2.0769585612476321e-16,1.6157036309915562e-16,3.2852041878489204e-16,4.47519611724069e-16
209,E08,A5,A7,39.69017775356162,1.6688712171348452,312.9636431109361,324.5088588501296
209,E09,A5,A8,9.947505397060631,0.42995341928163244,132.80396628812298,138.4442327921795
209,E10,A6,A8,781.6542309814148,23.805733410294508,1546.020488085638,1593.4317619217202
209,E11,A7,A8,1.6355503009656846e-18,2.658084404487165e-18,1.879530807896347e-17,4.9016205494853104e-17
209,E11,A8,A7,327.3527472301364,13.22965343145017,717.3610306169879,745.9236361219811
210,E01,A1,A2,62.56514758044622,1.7734264742029782,104.93393946652714,107.91759409656895
210,E01,A2,A1,95.33567279441878,1.4743297178242305,157.98639442564328,160.38186446427125
210,E02,A1,A3,3.3309145424316496e-16,6.61920256857162e-16,5.604867728640204e-16,1.6872060216081829e-15
210,E02,A3,A1,39.50463858211446,0.7777319709609132,66.43209841715124,67.72832644834482
210,E03,A4,A2,968.1071254850149,25.964756364824034,1546.1799514257268,1587.4581879068392
210,E04,A2,A5,353.01505869171393,5.183164228500778,552.3469344788604,560.3496327769604
210,E04,A5,A2,24.506436034950383,1.4406554453805738,333.69593488125895,353.2358056326468
210,E05,A4,A3,4400.301464953553,78.4920882364938,7048.935623342536,7175.7138255852415
210,E06,A3,A6,4.2044388921962135e-16,4.365735264799883e-16,6.921696004698973e-16,1.2932513363435104e-15
210,E06,A6,A3,92.07263976033292,2.3714785278467168,184.75338094804158,189.49434832611487
210,E07,A4,A6,8.576184179861896e-16,3.102719842817667e-16,1.3658426529052819e-15,1.408065940960661e-15
210,E08,A5,A7,40.35014380427716,1.7096633724532668,315.52193393039664,326.61438865909344
210,E09,A5,A8,10.212144357211544,0.4481135858239552,135.7719561595538,141.65821292944588
210,E10,A6,A8,774.7713516346585,23.366293771280688,1533.005789943374,1579.1768046418222
210,E11,A7,A8,0.0,4.373114184479525e-16,0.0,4.9557995733501825e-15
210,E11,A8,A7,325.0618668221233,11.884568786834274,712.3692777062075,739.2867937767285
211,E01,A1,A2,62.706702012036935,2.3126218630323487,104.91253804149198,108.76001539491153
211,E01,A2,A1,93.59852823639743,1.090377002859464,154.74084108209095,156.49598854641766
211,E02,A1,A3,0.0,8.74805701419996e-15,0.0,1.4841986809646155e-14
211,E02,A3,A1,38.76892385332575,0.7833095339595295,65.2778985411801,66.61157125024913
211,E03,A4,A2,964.1179179196195,24.644225941205455,1537.709963785444,1577.2995394830798
211,E04,A2,A5,347.4852905788981,11.198927889995916,544.5177318974372,561.8434723470449
211,E04,A5,A2,24.946738424915228,0.9581066760304778,338.283282375725,351.4104032248533
211,E05,A4,A3,4379.575940570161,75.41296372499075,7016.038768182056,7137.9851506968735
211,E06,A3,A6,0.0,2.2921555875372975e-16,0.0,3.7882205435544166e-16
211,E06,A6,A3,92.53297006687987,2.1319289245046398,184.80805298564536,189.0617822314228
211,E07,A4,A6,3.111034818996707e-16,0.0,4.944560392495675e-16,0.0
211,E08,A5,A7,39.810741430135955,1.6568530797563847,313.1573211278893,324.87269130456224
211,E09,A5,A8,10.06696032073981,0.42474762564878626,133.70499997609198,139.39187752911582
211,E10,A6,A8,781.8457405242275,24.2185658838614,1547.1767112903287,1595.1404232186458
211,E11,A7,A8,2.7672598942970745e-16,5.3502857409461347e-17,3.218915530631595e-15,2.479885035037443e-15
211,E11,A8,A7,322.87670669955656,12.833746145437122,706.5703694957286,734.4423603032393
212,E01,A1,A2,62.05460898335277,1.502160251046086,104.13604690510115,106.66808695519354
212,E01,A2,A1,92.90872960378469,1.7565454416203208,153.72336692434396,156.71440339436043
212,E02,A1,A3,0.0,8.570883156893328e-13,0.0,1.456995166624677e-12
212,E02,A3,A1,39.03521492300108,0.9745089420878248,65.98469138412692,67.61728738012275
212,E03,A4,A2,969.96347687117,24.664765898574384,1551.9042566098465,1591.584089105164
212,E04,A2,A5,348.72261844546546,13.642759376359116,545.8066438576056,567.0527131674428
212,E04,A5,A2,25.526955713798912,0.5067593783238186,342.7724192259579,349.5699438911196
212,E05,A4,A3,4377.89913738332,81.36788725571037,7031.194784253077,7162.458456276095
212,E06,A3,A6,3.64077254553155e-14,0.0,6.102570789909781e-14,0.0
212,E06,A6,A3,93.02768512442623,2.6581461435276963,186.45484840265306,191.80396743765513
212,E07,A4,A6,6.997837126439208e-15,0.0,1.1231355893129315e-14,7.868127904131394e-16
212,E08,A5,A7,40.44226024137826,1.5008269238757104,313.50070898208395,324.8316717545314
212,E09,A5,A8,10.13468868475498,0.44512202551440727,133.76202586856087,139.6407076167714
212,E10,A6,A8,782.1531405231465,23.33714619079399,1549.1661192950833,1595.4598373511205
212,E11,A7,A8,8.155236057950518e-18,1.527270239715056e-18,9.109042354237947e-17,6.158641612541036e-17
212,E11,A8,A7,322.5310665388132,12.247118730446154,707.7376717681025,734.6616921309329
213,E01,A1,A2,62.916709866789475,1.7160847786900022,105.67582867026019,108.56563408349444
213,E01,A2,A1,92.40202690536162,1.3829366947315438,152.1521257536628,154.37937803111788
213,E02,A1,A3,1.2610121152620768e-17,8.056583530611261e-16,2.1674574942086022e-17,1.391454564765663e-15
213,E02,A3,A1,39.37247305670081,0.9258271326297438,66.29166571040652,67.81910929964413
213,E03,A4,A2,969.8834835459947,25.284058763904344,1547.0777718693257,1587.9288071949725
213,E04,A2,A5,346.2418518838024,6.418644050508652,542.1284007719933,551.9930920886003
213,E04,A5,A2,24.213480377685784,1.3670735638720621,334.21030398482566,353.2425899953704
213,E05,A4,A3,4384.617438401441,78.52808748021542,7026.419105364014,7150.423514818085
213,E06,A3,A6,3.881843085119863e-18,3.051747166955099e-17,6.307010275506036e-18,4.967493431130573e-17
213,E06,A6,A3,91.57417296697334,2.6341803046231895,184.0695960892161,189.35937562197654
213,E07,A4,A6,1.466556795699628e-16,0.0,2.3337911820138887e-16,0.0
213,E08,A5,A7,40.183143099341926,1.4408035789205713,316.5897099251648,328.3857532010504
213,E09,A5,A8,9.930056105470284,0.43146302003536496,132.92724023836567,138.68020637734028
213,E10,A6,A8,782.2351879159703,22.234131395986452,1546.3366588300464,1590.5491572765793
213,E11,A7,A8,7.617976759994316e-17,0.0,8.544520894271464e-16,3.385724663310944e-16
213,E11,A8,A7,324.51103342393037,13.019975325822816,710.6048086212182,738.8711067166757
214,E01,A1,A2,62.980643542617216,0.5124040610477508,105.714550004664,106.58150798528074
214,E01,A2,A1,93.50437495090088,2.9401220876130374,154.5357140103629,159.27356806236753
214,E02,A1,A3,0.0,5.212863379296835e-14,0.0,8.844965999261245e-14
214,E02,A3,A1,39.13604162516974,0.8422642020114113,65.94501778561833,67.3559012923998
214,E03,A4,A2,969.5627830394927,24.048076376161752,1546.7326934243315,1585.3899483354062
214,E04,A2,A5,351.2749957554368,7.695623723678691,550.1471955478531,562.0341595242667
214,E04,A5,A2,25.048131514176433,1.2156967416986582,338.3955285102658,355.0291505769373
214,E05,A4,A3,4363.1452056904445,78.66344842697441,6985.557308405154,7112.29736942495
214,E06,A3,A6,5.4763598039672585e-15,5.2991321963531565e-14,9.172497828641579e-15,9.7801910480211e-14
214,E06,A6,A3,92.125148527884,1.9656641439252331,184.54796385522508,188.4845764853876
214,E07,A4,A6,1.0291420206652167e-16,0.0,1.6285918539182176e-16,0.0
214,E08,A5,A7,40.66504037203342,1.6171552125806647,316.14063149942393,326.87294276343886
214,E09,A5,A8,10.19009811880253,0.42296442920573085,133.6414215139473,139.32513526771507
214,E10,A6,A8,772.12543599153,22.988171642497882,1530.6419197671084,1576.3622750852205
214,E11,A7,A8,1.3315134019664575e-15,0.0,1.4631472065133257e-14,0.0
214,E11,A8,A7,323.74103195187257,12.410718733915424,709.8826985714527,737.1220892726102
215,E01,A1,A2,63.54590534826281,1.1151917848854347,106.58319814739761,108.46956376640742
215,E01,A2,A1,94.21934867889287,2.4669798205794358,155.16568984112678,159.18377147418403
215,E02,A1,A3,0.0,9.193641893922492e-16,0.0,1.5627439544934778e-15
215,E02,A3,A1,38.840958685746955,0.4561849945149576,65.34026087776685,66.0950315600392
215,E03,A4,A2,966.3166776099864,24.997783861393422,1541.6459792667367,1581.8631291719444
215,E04,A2,A5,351.17866300231435,14.699855763682173,548.1535632601087,571.4834711533726
215,E04,A5,A2,24.955888780696966,0.4498184020374409,340.82206664285195,346.754569562382
215,E05,A4,A3,4399.369704591381,84.40872557307422,7044.157711265817,7180.6330982469735
215,E06,A3,A6,0.0,0.0,0.0,0.0
215,E06,A6,A3,92.21785989578504,2.3340697458186734,184.95354289082206,189.63618965073758
215,E07,A4,A6,1.3057961588577665e-16,6.07878674412402e-18,2.0813333461310194e-16,8.454430808688503e-17
215,E08,A5,A7,41.15759383967553,1.4004321410436817,315.9752766843294,327.9675618162455
215,E09,A5,A8,10.169720944221382,0.40303272035358706,134.9540356786982,140.41939245874514
215,E10,A6,A8,773.5921112672038,23.05736579069962,1531.1609263790322,1577.090316692812
215,E11,A7,A8,0.0,8.148960738972865e-15,0.0,9.162867932058782e-14
215,E11,A8,A7,322.62061945327383,13.503121782799003,705.1046528957344,734.551886625987
216,E01,A1,A2,64.02123375675481,0.4421694742328076,107.28200878236726,108.03813058284955
216,E01,A2,A1,92.88793879350698,2.7190133902458444,152.69491861162413,157.13686660179195
216,E02,A1,A3,2.9657102543339246e-16,1.6485949047329154e-17,5.030327904090368e-16,5.179075634818744e-16
216,E02,A3,A1,38.829213418898505,0.8984728778040615,65.56194405247437,67.05132476119083
216,E03,A4,A2,967.516750012771,27.39531017132275,1545.6403342559634,1589.710782460462
216,E04,A2,A5,348.41827490147136,8.123572470121939,544.9534850674906,557.6925284965657
216,E04,A5,A2,24.31663905672251,1.219322651339235,330.2826265476358,346.9449197780965
216,E05,A4,A3,4411.269256515976,76.8533041112605,7077.230464218319,7201.40550137669
216,E06,A3,A6,0.0,0.0,0.0,0.0
216,E06,A6,A3,93.42362845636907,2.2938159219509004,187.33321642115163,191.93523777373989
216,E07,A4,A6,3.3464239695451897e-17,0.0,5.4083113683678863e-17,0.0
216,E08,A5,A7,40.86279681614767,1.176443321664109,315.2396778601658,326.5639618331799
216,E09,A5,A8,10.138464979334906,0.4585083529851872,133.41463548306882,139.29880104630462
216,E10,A6,A8,782.3663635642756,22.960060730125395,1546.6712985828392,1592.3232310637422
216,E11,A7,A8,5.976417925500708e-16,0.0,6.823296527524784e-15,0.0
216,E11,A8,A7,324.57408280325365,11.856927982125136,710.3103001912119,736.5423238931301
217,E01,A1,A2,61.92956869932539,3.143506242482701,103.84327884871136,109.15748796561132
217,E01,A2,A1,93.54052705040593,0.3747071538746461,154.55652148568612,155.16160287383173
217,E02,A1,A3,2.8798282115986767e-15,1.1895352184729705e-15,4.872886206065643e-15,5.016255368968674e-15
217,E02,A3,A1,39.207372894297016,0.9500070117048238,65.81852864210349,67.46000883323258
217,E03,A4,A2,972.6978259202035,25.1000522637881,1551.5918134269195,1591.9345302525012
217,E04,A2,A5,353.78619387527965,7.630238491694538,553.0729915414267,564.9777611346859
217,E04,A5,A2,24.82966389738803,1.251714257729015,340.12078499198446,358.00085704942575
217,E05,A4,A3,4389.922572137563,71.95606936614182,7025.333863246501,7140.877209923366
217,E06,A3,A6,3.0446922585162664e-15,5.961907208298454e-15,5.218736715025361e-15,1.534433959470201e-14
217,E06,A6,A3,91.30662826093172,2.5467341248966697,183.2678788094492,188.36143407334328
217,E07,A4,A6,1.525307692194321e-15,2.510477469393901e-15,2.4691908373272513e-15,6.166566503311456e-15
217,E08,A5,A7,40.30557434753544,1.752201154618017,316.11202045727737,328.11549365913373
217,E09,A5,A8,10.07956864149725,0.43963020259395563,134.58400630787912,140.44760723577832
217,E10,A6,A8,777.073692949697,23.061113000703052,1538.072924015712,1583.6247621081918
217,E11,A7,A8,9.513748204716745e-18,7.248123881672949e-18,1.0680275008453587e-16,1.8794144875940597e-16
217,E11,A8,A7,323.5637868676023,12.485820715170103,708.2885716313492,736.4005607609402
218,E01,A1,A2,61.145322775419785,2.3931378483116155,102.83800930546025,106.83366229946631
218,E01,A2,A1,94.45746793511518,0.8311232029708264,156.23822528410352,157.64666920940192
218,E02,A1,A3,8.596300791992833e-16,6.558326181067191e-17,1.4593444885187905e-15,9.924228019692133e-16
218,E02,A3,A1,38.82289840184879,1.1521964033706298,65.10228829771899,67.02425523657323
218,E03,A4,A2,970.2926096145071,26.11480940208942,1546.8690423525356,1588.7746902186943
218,E04,A2,A5,349.0090919428601,10.270916351856329,547.131641775307,562.737671359753
218,E04,A5,A2,24.759229532805854,1.0538123448458432,342.15662002651084,356.7736511902003
218,E05,A4,A3,4393.969625747724,67.77107789117905,7028.207698706993,7137.059161651054
218,E06,A3,A6,0.0,1.1576519678202411e-17,0.0,1.8570482635056874e-17
218,E06,A6,A3,92.21239677807247,2.581917585713667,184.8039123120548,189.96814761194315
218,E07,A4,A6,3.802434128270601e-16,0.0,6.04780165548772e-16,0.0
218,E08,A5,A7,39.88655923686562,1.3355440278829582,313.9553917094574,325.4389618768241
218,E09,A5,A8,9.921211114321112,0.42396333310514694,134.56744832575927,140.33235015927266
218,E10,A6,A8,776.497105349285,23.507696352696247,1537.9151594592167,1584.42487824849
218,E11,A7,A8,0.0,5.384202814542308e-17,0.0,6.032968803919043e-16
218,E11,A8,A7,326.0032047320332,12.106717845765964,710.3553541845937,737.1921086368601
219,E01,A1,A2,63.936509337661825,1.2299466694553896,107.42135521646273,109.50295930815079
219,E01,A2,A1,93.08194732352445,1.9106461893928413,154.01334637431097,157.16591030365424
219,E02,A1,A3,0.0,1.1063671594818294e-12,0.0,1.8817529664706328e-12
219,E02,A3,A1,39.165610187991206,1.0247006455589225,65.92802282230373,67.68964334959476
219,E03,A4,A2,972.8521383486652,25.76097258121441,1551.5422002848848,1592.85018438574
219,E04,A2,A5,351.62339706308416,9.033998780786172,549.4912433121192,563.6990500210419
219,E04,A5,A2,24.705830149178706,1.0567963304105283,334.59923347396636,348.8794375595229
219,E05,A4,A3,4375.385137303323,84.73449573092243,7006.583353195774,7142.089254568762
219,E06,A3,A6,3.0504697477627037e-16,2.3933627414910755e-16,5.039694173988113e-16,8.334447968051188e-16
219,E06,A6,A3,92.9557961523882,2.1331804048437206,187.40549820765983,191.70563171458036
219,E07,A4,A6,4.1678222116928467e-16,0.0,6.625120513426691e-16,0.0
219,E08,A5,A7,40.0549552417584,2.154415227040186,314.3061215414527,325.9637452203628
219,E09,A5,A8,9.993862320759321,0.409057891779954,132.14209848147246,137.50018868047175
219,E10,A6,A8,774.2876010565406,23.313372553001166,1532.4539114816168,1578.7862879426887
219,E11,A7,A8,0.0,3.93825415257476e-17,0.0,4.457283210836224e-16
219,E11,A8,A7,324.96866718463633,11.877390685903837,711.0338068551514,737.4199155274976
220,E01,A1,A2,63.30208931409675,1.5126179857757844,106.15622813546332,108.66856639003532
220,E01,A2,A1,92.06586389195203,1.9374128407131521,152.73027660837306,155.984483517922
220,E02,A1,A3,0.0,2.3673038792810043e-15,0.0,4.018086490659405e-15
220,E02,A3,A1,38.988156488916,0.7989941009925404,65.7233336709163,67.08036915646915
220,E03,A4,A2,969.0401749177038,25.66549015972702,1549.304395695785,1590.6201537690897
220,E04,A2,A5,350.7796718083889,10.11185520218561,548.5038374293889,564.3482970348333
220,E04,A5,A2,25.680812030975112,0.9997049978364937,346.56490922708235,359.9270871649013
220,E05,A4,A3,4392.301132306442,81.23346203717259,7050.915858280904,7181.952313214682
220,E06,A3,A6,6.218032071329918e-15,0.0,1.038310585370207e-14,3.4822870249101446e-15
220,E06,A6,A3,93.29990774567437,2.1453397346128007,187.5503733423746,191.86490531809199
220,E07,A4,A6,6.69471241920656e-15,0.0,1.0658421648244097e-14,2.7217634022666246e-15
220,E08,A5,A7,39.72535564873377,1.354716175077344,311.4310423412664,322.03313539321414
220,E09,A5,A8,10.006499312364957,0.44036903592763327,132.92496763721257,138.74971257499575
220,E10,A6,A8,778.8029083016521,23.951668749413873,1540.6614944626672,1588.5258484989604
220,E11,A7,A8,1.1544503832777305e-18,7.037733486243615e-17,1.3365179567465175e-17,8.437748621461868e-16
220,E11,A8,A7,328.7971968091706,12.618367764172948,718.8533307751179,747.2052234192051
221,E01,A1,A2,62.3804312325633,3.1030286642243063,104.45409182277817,109.63682150616754
221,E01,A2,A1,92.5066735975748,0.5537879200643101,152.25562519252247,153.14470268716315
221,E02,A1,A3,0.0,1.502541933826334e-13,0.0,2.550040639730156e-13
221,E02,A3,A1,39.46060799290351,0.7236031235672462,66.50109626524778,67.71383530772594
221,E03,A4,A2,971.4327232361168,25.820214051123525,1550.9399502879448,1592.532458264473
221,E04,A2,A5,350.549428178464,8.429137990348249,548.7807214905362,561.6094026816177
221,E04,A5,A2,23.95422492026004,1.2487641845931257,331.35315642524733,348.65443778534745
221,E05,A4,A3,4414.282798782574,82.1920125400399,7074.923662733418,7207.7584985741505
221,E06,A3,A6,1.6848641398186134e-16,2.9178239984142426e-16,2.7264412849288634e-16,7.150836541652045e-16
221,E06,A6,A3,90.63249447856688,1.9891863409466224,182.0288004373657,186.01469584133773
221,E07,A4,A6,1.3351542663662887e-16,0.0,2.1213666418768867e-16,0.0
221,E08,A5,A7,40.415070752465795,1.5485649292716184,313.6552697576344,325.47832694495304
221,E09,A5,A8,10.05255863471387,0.39104460306690414,134.4452319091551,139.79035113584035
221,E10,A6,A8,776.2450463362721,22.782373345408292,1535.3255059515313,1580.7109133508334
221,E11,A7,A8,7.748478545408264e-18,0.0,8.601700247291164e-17,0.0
221,E11,A8,A7,325.18771262000996,12.844180370914444,712.4268711188495,740.8796930926468
222,E01,A1,A2,61.6444170480668,3.0787738869415806,103.36274175250671,108.51729511748238
222,E01,A2,A1,94.96615349600694,0.3041975929075989,156.7260791493683,157.2145646406568
222,E02,A1,A3,0.0,3.19054010022121e-13,0.0,5.415193920751766e-13
222,E02,A3,A1,38.94000014691791,0.6998161180052472,65.65591780756021,66.85776024581436
222,E03,A4,A2,975.5491527878119,23.995865654409982,1556.8071174577065,1595.3678271658848
222,E04,A2,A5,354.8094897992716,10.18507216794251,555.2758395721846,571.3878679575752
222,E04,A5,A2,24.48286885902018,0.9877473095430764,336.39381829842966,350.0811301164424
222,E05,A4,A3,4400.95739697529,78.39387983580741,7055.950552232399,7181.6494817290895
222,E06,A3,A6,4.139258248725326e-17,9.031185736989399e-17,6.893463114938684e-17,2.196998567878604e-16
222,E06,A6,A3,91.47171287489931,2.0911707994823776,183.56819148971647,187.76565380243642
222,E07,A4,A6,6.673133886825339e-17,0.0,1.0607236780107956e-16,0.0
222,E08,A5,A7,40.93123168303948,1.725052694408158,314.9407608422022,325.9145342411065
222,E09,A5,A8,10.003755370229934,0.4166897775777571,133.57676112099833,139.20700647277474
222,E10,A6,A8,774.09521123318,23.994267070128185,1531.342491679097,1579.0930388874692
222,E11,A7,A8,1.1878809866323545e-17,0.0,1.337283052356654e-16,0.0
222,E11,A8,A7,326.3507543641441,12.444138202494935,715.9611533740499,743.8695961361644
223,E01,A1,A2,61.459585131154135,0.6504275005060843,103.44932624158497,104.55408949537242
223,E01,A2,A1,94.35692201050492,2.6522345197270702,155.55874115008956,159.90899417663235
223,E02,A1,A3,1.6906882797002186e-15,6.141113008697714e-16,2.890139898839529e-15,2.521905122952275e-15
223,E02,A3,A1,39.30892895556342,0.708526255694301,66.24797810718147,67.43457533549416
223,E03,A4,A2,962.8356946720804,25.836239186705804,1540.1960774358513,1582.022050377746
223,E04,A2,A5,350.4165430609108,12.343303498443046,548.5673131620684,567.2829346401641
223,E04,A5,A2,24.7235632848582,0.6875855947331087,339.0977324094276,348.59036361177186
223,E05,A4,A3,4384.167451482996,80.75560727532294,7042.264048685873,7174.179356688947
223,E06,A3,A6,0.0,4.47381306550385e-15,0.0,7.493638917932606e-15
223,E06,A6,A3,92.87093550237385,2.073063869894553,185.99253071585116,190.14466697130848
223,E07,A4,A6,6.779852137163121e-15,0.0,1.0901621415226758e-14,3.1008225266135804e-16
223,E08,A5,A7,40.555809396340095,1.8062380975488155,317.7081158348017,328.51585418054054
223,E09,A5,A8,10.028676262291683,0.42263313371612216,135.59424709009207,141.3428088982321
223,E10,A6,A8,781.0506410778314,22.49036265888969,1542.7487020136246,1587.3942411597232
223,E11,A7,A8,3.5495123586663355e-17,1.1555858163498804e-16,3.6593908743625664e-16,1.5994529124140314e-15
223,E11,A8,A7,322.9092981854136,12.240896053506383,707.871341577465,735.3995845079668
224,E01,A1,A2,63.323209423424395,0.929493130668031,106.46996566129668,108.05318931140826
224,E01,A2,A1,94.7149370810627,2.3910977720814772,155.8015617338087,159.65276973142306
224,E02,A1,A3,2.8426417745327295e-16,5.484953504715967e-17,4.821379273577238e-16,5.412333244385593e-16
224,E02,A3,A1,38.5272043721052,1.1190502030086207,64.89201058749754,66.74930523849488
224,E03,A4,A2,975.6031368873714,26.426178661083334,1558.471283162451,1601.0517995970486
224,E04,A2,A5,352.4328373344016,8.293339735399483,552.6071610510861,565.5085308182631
224,E04,A5,A2,24.733680517469296,1.1242515248221459,339.2409491860483,354.7466916674041
224,E05,A4,A3,4386.787821774351,76.94691529035373,7036.343415864308,7160.3554928751755
224,E06,A3,A6,9.402743646606261e-16,4.614443740019653e-17,1.5742416921191234e-15,3.849966285046879e-16
224,E06,A6,A3,92.87243648802998,2.1482022760803687,185.6254032554108,189.91285796108053
224,E07,A4,A6,1.1199477644369257e-16,1.5353360457385677e-16,1.8075371250675263e-16,4.10374353709217e-16
224,E08,A5,A7,40.58430732816135,1.441609828536974,317.49756146649213,328.87076017111
224,E09,A5,A8,10.144723993707935,0.4109612419037264,134.52892331958884,140.03336901298
224,E10,A6,A8,782.7415723146001,23.336940987425358,1548.1603908862726,1594.353548614171
224,E11,A7,A8,2.3762331745340876e-17,3.8912198473063155e-17,2.606836481477326e-16,6.862901920367141e-16
224,E11,A8,A7,324.2395299086899,12.813382332801172,707.6202382890323,735.2145444799735
225,E01,A1,A2,63.41444886978394,1.081324560364334,106.21126730705211,108.02569795852779
225,E01,A2,A1,93.77405204031183,2.578979843594691,154.55742194986556,158.71423892471574
225,E02,A1,A3,0.0,1.3219302555986276e-15,0.0,2.2411463361380774e-15
225,E02,A3,A1,39.025385957994345,0.6182985503318926,65.8087779833741,66.8936459972606
225,E03,A4,A2,961.8894309467142,26.49137943146404,1537.3273495604271,1580.200404519123
225,E04,A2,A5,350.16049487787444,7.387044503676343,548.9639562449528,560.4958768907233
225,E04,A5,A2,23.87692514269051,1.2085455867482335,329.39950074965293,346.02024089805167
225,E05,A4,A3,4385.375889666548,73.85802913731176,7039.295545184001,7158.229449959021
225,E06,A3,A6,1.1654788417519992e-16,1.4611551741172496e-17,1.880371183687004e-16,1.0613993237038882e-16
225,E06,A6,A3,91.93784092614197,1.9243076551453187,184.12621055416963,187.97619857271673
225,E07,A4,A6,2.3373897530429433e-16,0.0,3.690966951161234e-16,0.0
225,E08,A5,A7,39.05196562933953,1.5121760286539565,313.58155007947124,324.8737278590295
225,E09,A5,A8,10.020584949463451,0.3929411695989924,135.51522121816413,140.86840768733944
225,E10,A6,A8,781.670085150648,23.16204266043661,1546.96928253466,1593.072141139566
225,E11,A7,A8,0.0,8.050893499754463e-15,0.0,9.288780762411536e-14
225,E11,A8,A7,321.3115672438745,12.523288564295722,706.5339557142709,733.9547678157642
226,E01,A1,A2,63.63846345669485,0.8522984907610706,106.62724699053109,108.09866247842339
226,E01,A2,A1,93.30193706888667,2.4559495800238142,154.01345318651585,158.08769834479574
226,E02,A1,A3,0.0,3.134359835897975e-16,0.0,5.327654503178741e-16
226,E02,A3,A1,38.787997067686184,1.0206936011127858,65.49512187327691,67.246494050434
226,E03,A4,A2,971.545923606261,25.830652277073636,1552.0698289338425,1593.5126229752298
226,E04,A2,A5,346.09752050808913,7.770285995956055,541.0795457425259,552.8373187092493
226,E04,A5,A2,24.54272997755301,1.140761160142084,332.1618019412709,347.72376656249673
226,E05,A4,A3,4391.681676610114,69.80399017991019,7045.3661892237515,7157.716613038929
226,E06,A3,A6,6.961363895746907e-18,1.1983657305696879e-17,1.1241627016723467e-17,3.056000552151645e-17
226,E06,A6,A3,92.67734498765165,2.290530250764839,185.8548215988156,190.44097666372454
226,E07,A4,A6,1.1544344679967544e-17,0.0,1.8301441752765108e-17,0.0
226,E08,A5,A7,39.966054279082954,1.1744305072538128,314.8844963810947,325.8517926988323
226,E09,A5,A8,10.057664471729499,0.4401752558038106,133.24745631110974,139.04592391563267
226,E10,A6,A8,777.436193616765,24.972507191921558,1539.2792944824462,1588.7142253935033
226,E11,A7,A8,1.583296271753021e-18,6.046618802228986e-18,1.8559836876843616e-17,8.914441736754949e-17
226,E11,A8,A7,323.54309640589383,11.976867999861343,710.5329633853892,737.1703294060442
227,E01,A1,A2,63.10402423893038,2.354098499714206,105.92186704710099,109.8804263825858
227,E01,A2,A1,95.29946792226565,1.0834619472728866,156.943019047502,158.68357634730646
227,E02,A1,A3,0.0,0.0,0.0,0.0
227,E02,A3,A1,38.78644378065937,0.9766644447255222,65.4322287737204,67.04937933047424
227,E03,A4,A2,972.0226162369217,26.19656819054077,1551.6298103268705,1593.905368762516
227,E04,A2,A5,347.517662615874,11.68420687160512,544.9390131149431,563.572574161619
227,E04,A5,A2,24.181438763897823,0.716593393439529,339.1931336979927,349.2680864081964
227,E05,A4,A3,4366.14111594575,84.09752348090055,6996.568638741668,7131.880542503856
227,E06,A3,A6,0.0,0.0,0.0,0.0
227,E06,A6,A3,91.7597963253221,2.7988418597334044,184.33905543777448,189.9607950322979
227,E07,A4,A6,3.6871114106586514e-16,7.416673974191664e-16,5.876190728887062e-16,1.7687974048144248e-15
227,E08,A5,A7,39.59740595233988,1.8572335526771582,315.6375883608012,327.02887656610693
227,E09,A5,A8,9.838224505384098,0.4555141184490738,134.28894168896892,140.2563152243193
227,E10,A6,A8,782.8961065143666,22.931692279826592,1549.5870418329519,1594.9935472308002
227,E11,A7,A8,2.030521631237196e-15,0.0,2.259531738191528e-14,0.0
227,E11,A8,A7,324.9351083275985,12.290665044149327,709.775768536452,737.504064955464
228,E01,A1,A2,62.727105755352525,1.3880226753314584,105.06543390142355,107.43005314713915
228,E01,A2,A1,93.79749212589513,2.0220767095779286,155.09825240833237,158.43987996564763
228,E02,A1,A3,4.1367098120225575e-15,2.01733257424411e-15,7.0375587380879125e-15,1.0468643898613533e-14
228,E02,A3,A1,39.0902717375473,0.7962510753201281,65.91061659607948,67.27549153309047
228,E03,A4,A2,971.1783247841687,27.009598483193002,1549.8925358730662,1593.3353175099094
228,E04,A2,A5,350.98827690381404,9.042073817399247,550.9064958544267,564.9051766915643
228,E04,A5,A2,24.924842557494973,1.0044471802977806,337.1237089574655,350.6700282760887
228,E05,A4,A3,4382.106144082873,77.28235754416761,7024.782798648544,7149.752152736951
228,E06,A3,A6,5.678802376402701e-17,6.150526621376682e-16,9.264049744277884e-17,1.1152781839300835e-15
228,E06,A6,A3,91.96776515863834,2.2551511940911353,184.27717863189883,188.79018732275523
228,E07,A4,A6,1.383669754200394e-16,4.069008501332751e-16,2.2127491568734444e-16,8.730060574369418e-16
228,E08,A5,A7,40.24133770034942,1.213059129864426,315.0509074863577,326.21126640383056
228,E09,A5,A8,10.251476927613325,0.424452474579318,135.43793877265463,141.0502540885819
228,E10,A6,A8,776.6622497417778,24.552032875172813,1538.8868149067068,1587.4515740706563
228,E11,A7,A8,3.3377451574739577e-18,1.6022712788589005e-17,3.6069949620940073e-17,2.105127139642279e-16
228,E11,A8,A7,325.5508785684926,12.94651212292493,711.3373452366492,739.4255462004248
229,E01,A1,A2,62.30893941999951,2.6576027407377723,104.65658052872314,109.13628871081927
229,E01,A2,A1,93.95402487870705,0.7353338527556396,155.2495984362651,156.50089826973147
229,E02,A1,A3,1.1497631677333687e-15,0.0,1.962069853056089e-15,6.18196156111284e-16
229,E02,A3,A1,37.952407395225364,0.8752571346183862,64.10178799049345,65.58993918407454
229,E03,A4,A2,968.3436870870873,25.423656365269284,1547.0682511212535,1587.9742016816876
229,E04,A2,A5,347.53013144121087,7.2811434612048895,542.8646415704701,554.0415444914634
229,E04,A5,A2,24.52672730814699,1.3595897258258305,331.12357984720603,349.5269605072677
229,E05,A4,A3,4384.318825968543,86.9574519145232,7036.511404925128,7174.961621340165
229,E06,A3,A6,8.306870139427247e-19,1.791210743547534e-15,1.4076009112359204e-18,2.9979491396286736e-15
229,E06,A6,A3,92.87947983701179,2.3199619928953803,185.79662505456673,190.43869603765688
229,E07,A4,A6,1.0590814066389924e-15,6.401850730552372e-17,1.6978466012646154e-15,1.7313211099778666e-15
229,E08,A5,A7,40.83650672784091,0.9457172243677983,314.8289387174363,325.3417405209748
229,E09,A5,A8,10.149750270452188,0.4206870645141763,133.816034616162,139.44740796674293
229,E10,A6,A8,777.4105186520924,24.34531048799656,1538.603508354736,1587.0557573515857
229,E11,A7,A8,0.0,0.0,0.0,0.0
229,E11,A8,A7,324.02306629438476,12.659831410268326,710.596220341062,737.973104092863
230,E01,A1,A2,62.31478493187744,2.1855240779909892,104.60499461521887,108.25429080063935
230,E01,A2,A1,94.47693861164265,0.9676792090220517,155.64933372320706,157.29057174663757
230,E02,A1,A3,0.0,2.586703163457785e-16,0.0,4.4062352932805726e-16
230,E02,A3,A1,39.33889036525997,0.5317199849295107,66.27654649931725,67.18369937686195
230,E03,A4,A2,970.6667610327131,26.395750417575478,1549.122665373177,1591.6657848056218
230,E04,A2,A5,348.7284062362729,8.23503686875481,547.2585358810986,559.9982597866123
230,E04,A5,A2,24.550902774197706,1.1975719836133907,334.519186686018,350.4779004362032
230,E05,A4,A3,4399.288200133249,80.90505656088743,7048.439338582785,7178.275563153267
230,E06,A3,A6,3.572757966464647e-17,1.471298703324133e-16,5.81366467664765e-17,2.975493744295565e-16
230,E06,A6,A3,91.87078285404263,2.4664085650922685,184.2219205658709,189.16907684855073
230,E07,A4,A6,1.5299800123720032e-17,4.518553095848518e-17,2.4087552352552637e-17,9.522631454154267e-17
230,E08,A5,A7,40.941978972791404,1.1718904486108848,312.4427089713852,323.9239526030931
230,E09,A5,A8,10.345483313134814,0.46805469202176975,135.76308184658808,141.92438410367595
230,E10,A6,A8,781.9833979120001,23.029621009649667,1547.7014505946559,1593.5562493818475
230,E11,A7,A8,5.826175561721624e-18,6.274665604649281e-18,6.809832459071298e-17,1.4204267736986785e-16
230,E11,A8,A7,326.6494846924234,12.711609697568555,713.4172254509332,740.8302345560476
231,E01,A1,A2,63.091157298055876,2.6514625848092033,106.0604547393769,110.4992846909623
231,E01,A2,A1,93.88868303477881,0.940151685865007,154.76621344176544,156.3701488904423
231,E02,A1,A3,3.707981702423211e-16,1.440530020542781e-16,6.308705648346058e-16,8.754047975032362e-16
231,E02,A3,A1,38.98283201537107,0.8502059962055868,65.47814967076502,66.91676401275045
231,E03,A4,A2,970.6929514254896,25.630927690697263,1548.1502055816477,1589.2710077680479
231,E04,A2,A5,353.77941330761183,5.66218558278306,553.5976248532627,562.1261476428436
231,E04,A5,A2,23.960678406512184,1.4865116569777164,329.87126699536526,350.74742491378174
231,E05,A4,A3,4401.779953875669,80.80902692809755,7047.044367021293,7176.736954982092
231,E06,A3,A6,2.128372774501966e-16,9.345879266220032e-17,3.4887157259152916e-16,3.0257855626071997e-16
231,E06,A6,A3,92.13090502225799,2.1976085256646547,184.37429994232588,188.78190702455151
231,E07,A4,A6,3.9768650976375243e-16,0.0,6.3313552166246e-16,0.0
231,E08,A5,A7,40.60441727572151,1.6888699730511654,313.4584926350856,324.68970130066134
231,E09,A5,A8,10.217923041347731,0.4306762211937266,135.26127272212096,140.84744395876766
231,E10,A6,A8,780.5293380110002,24.10360270272001,1543.4661338237752,1591.3615235100715
231,E11,A7,A8,8.238213463088092e-18,5.675054686076348e-18,9.280179155641559e-17,1.561894647083019e-16
231,E11,A8,A7,323.66289767602547,12.603893977265729,707.5050714179698,735.5571601811905
232,E01,A1,A2,62.32933308786673,1.384517557572192,104.360348921785,106.68141876689285
232,E01,A2,A1,93.9258235085673,1.7028309509073631,155.01737704474328,157.78007495316135
232,E02,A1,A3,3.732173910654929e-16,0.0,6.351266897581654e-16,4.509302481887065e-16
232,E02,A3,A1,38.818509070511006,1.0204704453816584,65.50640437594191,67.22021882889955
232,E03,A4,A2,974.355901507138,24.981707312330922,1556.4365529417541,1596.7082237872385
232,E04,A2,A5,351.5932171510682,11.115779761905111,552.9403658758063,570.5478392438056
232,E04,A5,A2,24.217585597874933,0.6827015219988893,335.67907003412233,345.12911178232537
232,E05,A4,A3,4406.8939261041905,81.23301776451088,7066.031265945164,7196.101965963925
232,E06,A3,A6,1.1092776924984822e-15,2.93875466557149e-15,1.8672974442061707e-15,6.813965835491757e-15
232,E06,A6,A3,92.8076792487946,2.1511568923241775,185.96755910937236,190.27308621882352
232,E07,A4,A6,6.824752575896363e-16,1.07611819734169e-15,1.0900549987974126e-15,2.6633074507344752e-15
232,E08,A5,A7,39.28787254484828,1.8950761472229547,311.9719327255269,323.4002098138097
232,E09,A5,A8,9.861363011941046,0.42907651952459286,133.39706797069795,139.24678930261618
232,E10,A6,A8,782.6812459612996,23.39621283199073,1549.3034731060266,1595.6330121687186
232,E11,A7,A8,0.0,2.0640693529214637e-16,0.0,2.261936162163969e-15
232,E11,A8,A7,322.9547958203367,12.329481498655465,707.7619506157611,735.5643543476192
233,E01,A1,A2,63.20856998004219,1.3767329524674856,105.46314197414532,107.81064823648316
233,E01,A2,A1,94.48084203061552,1.941271260575456,155.67288624157067,158.9753980204813
233,E02,A1,A3,3.002395241316477e-16,4.3454333613860966e-17,5.080517360194777e-16,5.743041685654611e-16
233,E02,A3,A1,39.09326461111744,0.6091146420779873,65.70505107179987,66.74761369331299
233,E03,A4,A2,977.7532270656461,25.8047075921457,1558.704288797262,1599.7534087719318
233,E04,A2,A5,349.61700940521945,10.701140449013272,547.8464720961791,564.8850554772591
233,E04,A5,A2,24.206228043490995,0.8063847436637759,338.7773140286066,350.0333023408876
233,E05,A4,A3,4383.694706276691,74.87625127969648,7013.661344652493,7133.436447977321
233,E06,A3,A6,1.02395803554393e-15,0.0,1.6989170468644853e-15,1.2076713859150448e-15
233,E06,A6,A3,92.93727901510678,2.025509524146965,186.04505387417265,190.11523616893797
233,E07,A4,A6,3.1124823373496416e-16,0.0,4.94403491095684e-16,3.4224963713398596e-18
233,E08,A5,A7,39.524318299280196,1.8827341567644944,314.92700407288356,326.26948491121857
233,E09,A5,A8,9.931163642974013,0.4134864918038836,135.11243304827633,140.75355080510178
233,E10,A6,A8,779.3261565091829,22.992951306512595,1542.8197731816254,1588.4392153528213
233,E11,A7,A8,3.316541292423256e-17,6.1051827204307916e-18,3.8139807798356473e-16,3.6626444392546825e-16
233,E11,A8,A7,325.8261804547641,11.724070478457453,711.8895907790527,737.6839941016003
234,E01,A1,A2,62.02923784062452,1.1150619554735326,104.31461114521838,106.17979661104118
234,E01,A2,A1,95.80659408460059,2.1917242638219694,158.46555878791355,162.18367853430527
234,E02,A1,A3,6.968722264148552e-18,3.7537107310151855e-16,1.2003203112726622e-17,6.525967218915881e-16
234,E02,A3,A1,38.214169885584454,0.9063583492306446,64.10862807603394,65.67169197726598
234,E03,A4,A2,973.2217476227987,25.1932107840283,1550.4025842945691,1590.77146108958
234,E04,A2,A5,347.5013904517202,8.737317728118072,543.5627201474598,557.1839343146022
234,E04,A5,A2,24.27878537192108,1.106989663803951,333.57936713076504,348.93435681227913
234,E05,A4,A3,4376.934097066922,74.15674714986073,6999.191969234932,7118.151214080736
234,E06,A3,A6,1.2056472798511543e-17,5.170751132815019e-16,2.02102652761484e-17,8.813331176140717e-16
234,E06,A6,A3,91.90352707259683,1.89945231727109,184.18485390711066,187.99120257138713
234,E07,A4,A6,1.1669145720831309e-12,2.3332339365057685e-12,1.865585999737167e-12,5.595810200124175e-12
234,E08,A5,A7,39.84863016643893,2.02244652465404,314.468120130962,325.580019926029
234,E09,A5,A8,10.168522190570641,0.408869686881774,135.97864919897717,141.51092291331304
234,E10,A6,A8,781.8412730082973,23.717117842815338,1545.8790267104143,1592.7187131636656
234,E11,A7,A8,0.0,2.3473972332279417e-18,0.0,2.8300094120216146e-17
234,E11,A8,A7,324.5044906245594,11.651717288070117,714.0034972216788,740.6551870697042
235,E01,A1,A2,64.09161026571132,1.6302029325839378,107.54867626703566,110.29517952273295
235,E01,A2,A1,92.33322967384879,1.837353575184495,153.0215192478693,156.09430417123812
235,E02,A1,A3,1.8555855478502832e-16,1.550861142045371e-16,3.1512641198379335e-16,5.786572067696391e-16
235,E02,A3,A1,39.165492145247455,0.7284546038109961,66.01237922465562,67.24333645939498
235,E03,A4,A2,971.63204250916,24.88129449135547,1551.029469996566,1591.0128204344837
235,E04,A2,A5,354.16277634255215,7.0202081785545545,553.7520380669284,564.401374918103
235,E04,A5,A2,24.453894230531144,1.3186722790120093,336.8227191786773,355.1082113424328
235,E05,A4,A3,4389.208933840028,78.8270140678769,7040.052419490556,7168.473362065343
235,E06,A3,A6,3.778765405267524e-17,1.401764342501019e-16,6.134299590452943e-17,2.717880917249148e-16
235,E06,A6,A3,93.16438417247906,2.2570390179992876,186.6749200369188,191.18361232661755
235,E07,A4,A6,2.1022829602857954e-16,0.0,3.345251330084217e-16,0.0
235,E08,A5,A7,39.86183026302565,1.9843866882473085,315.6633943265157,326.077582924116
235,E09,A5,A8,10.123365552466769,0.39248302235539484,133.73442130881045,138.88161154080407
235,E10,A6,A8,786.4566118989038,24.80337298747191,1560.2961280960897,1609.4192816777606
235,E11,A7,A8,3.0667550638250596e-16,3.8780059227079595e-17,3.69048936239896e-15,1.868285405802201e-15
235,E11,A8,A7,321.0190205746177,12.551916762771922,708.3029242596047,736.6818919271857
236,E01,A1,A2,62.577944820491794,1.4047103887464367,105.07015885492748,107.44438629865272
236,E01,A2,A1,94.04207280842834,2.067325709624127,155.11594530426018,158.47033237816976
236,E02,A1,A3,9.611435912890313e-16,1.3345801878749454e-17,1.6310047078287097e-15,1.2514762656144566e-15
236,E02,A3,A1,39.15282090676637,0.9818845278989325,66.03079433142068,67.67108713600324
236,E03,A4,A2,974.2699498706946,24.551071092104714,1555.0606278232096,1594.455098987457
236,E04,A2,A5,357.83836329273333,1.4449561369806858,560.0931511550548,562.3092832979971
236,E04,A5,A2,24.42020627238872,1.9800861667321346,336.993219862374,364.13773346504786
236,E05,A4,A3,4363.306190406502,87.59729976121149,6990.682721675966,7132.456997411333
236,E06,A3,A6,6.567113078108018e-17,6.319466447446557e-18,1.078792418629364e-16,2.4183963654724708e-17
236,E06,A6,A3,92.07427026220088,2.2500050812035064,184.39968167019836,188.898735506738
236,E07,A4,A6,3.052485326861866e-16,0.0,4.849504114208705e-16,0.0
236,E08,A5,A7,40.703862650283725,0.9200066532209601,311.69679951090995,322.6429447524185
236,E09,A5,A8,10.083991247216803,0.42923978853857503,135.31249881331757,141.14898222749719
236,E10,A6,A8,780.0094028719684,23.147862610547612,1545.7278477882328,1591.4741896740622
236,E11,A7,A8,2.236994282657207e-18,9.58772066281709e-18,2.5231130450968356e-17,1.336726965829506e-16
236,E11,A8,A7,323.93759068514663,12.55780040183559,710.7708642535285,737.9474687490682
237,E01,A1,A2,63.54697663715031,2.858886489937438,106.78647563394856,111.57757117600387
237,E01,A2,A1,94.92681115099467,0.5811961281613935,156.2863647168919,157.22344483929226
237,E02,A1,A3,3.223734171951818e-16,1.8797111946529575e-17,5.483127791363936e-16,5.521531043717281e-16
237,E02,A3,A1,38.77443663971781,1.1001233141927451,65.20099055928424,67.05835379629647
237,E03,A4,A2,980.6503407807563,26.678326452078263,1563.7416716529008,1606.6152164749003
237,E04,A2,A5,348.9722365712837,7.955323329018388,547.4256582002795,559.5409564794103
237,E04,A5,A2,24.19024485868715,1.1942681719015662,332.4546052759903,349.0740883474331
237,E05,A4,A3,4433.4517569449545,83.29712531314665,7101.291689171187,7235.684322206076
237,E06,A3,A6,5.628457452151148e-17,4.012068256318195e-17,9.182110108570593e-17,1.1380231226780086e-16
237,E06,A6,A3,91.50260590024129,2.293002948601588,183.9444775056782,188.55423000938322
237,E07,A4,A6,3.080460075563293e-15,4.48466782300608e-15,4.928720055086434e-15,1.2115944245566697e-14
237,E08,A5,A7,40.550928469114226,1.7190135620108964,315.4350105915908,326.94673746746935
237,E09,A5,A8,10.088287085786156,0.44393462577715054,135.15141839568224,141.22795288673728
237,E10,A6,A8,777.687989139881,24.004145899459814,1538.3532703354044,1586.0395478156993
237,E11,A7,A8,1.8912443801862544e-18,3.2660621503081975e-18,2.0098625320805106e-17,5.655646811532918e-17
237,E11,A8,A7,325.34843558936564,12.596465553124188,713.1612650304338,740.3977033879246
238,E01,A1,A2,61.13434518130592,2.3417275695729978,102.55315939936631,106.49986806626667
238,E01,A2,A1,93.41009464374784,0.6913173826518709,154.47837836372753,155.5901062122045
238,E02,A1,A3,8.334946603998139e-16,6.076445346584023e-16,1.4025478693703987e-15,2.044749095582331e-15
238,E02,A3,A1,38.74808898064258,0.7368246911625568,65.11709145842617,66.31756266062138
238,E03,A4,A2,969.0722194740592,25.198242947597677,1546.7181766855624,1587.230951101997
238,E04,A2,A5,345.61837677482623,11.865276159258006,540.828867610447,559.1409029022602
238,E04,A5,A2,25.134622787117276,0.8079819621851491,340.88281153105856,351.9080384491629
238,E05,A4,A3,4399.950978036465,84.42193304548022,7051.3116996489725,7187.6684558794595
238,E06,A3,A6,2.585256833963493e-16,1.1798596534492931e-16,4.2590627926014356e-16,4.63190706763968e-16
238,E06,A6,A3,93.3242353127892,2.0813201367304095,186.59282486357606,190.75387375788813
238,E07,A4,A6,4.67547693373401e-15,6.031962025857349e-15,7.486729345930513e-15,1.716074215283402e-14
238,E08,A5,A7,41.133146368619,1.1217902866520788,316.47968844070107,328.33166333285243
238,E09,A5,A8,10.293867323676505,0.4149618352388284,136.72635928642327,142.1458629183892
238,E10,A6,A8,781.9137470644291,23.837981254186026,1548.0243081928595,1595.4690990513254
238,E11,A7,A8,1.1030782929021345e-16,0.0,1.2256902413434228e-15,3.037406004321215e-16
238,E11,A8,A7,324.47141997413416,12.676200789642134,712.4813589642735,740.8661061848933
239,E01,A1,A2,64.50756256275352,0.0381267541518073,108.4154326450312,108.47958299874038
239,E01,A2,A1,93.17879541146829,3.4492371726076287,153.312536055742,159.05019996997117
239,E02,A1,A3,0.0,2.4149723206803013e-14,0.0,4.101291632025521e-14
239,E02,A3,A1,39.313498611571106,0.927980181433204,66.19881950139113,67.74197002956745
239,E03,A4,A2,967.9125071110944,24.075255101864897,1545.5294465820366,1584.2670013831882
239,E04,A2,A5,348.43879262258315,11.72579668920515,547.8134294833126,565.8870917819338
239,E04,A5,A2,24.934898612975903,0.8301183301451515,346.1407309846756,357.3911604233617
239,E05,A4,A3,4367.812766513517,80.32971725523322,7001.183837754624,7131.033745307142
239,E06,A3,A6,0.0,2.1488307307077735e-17,0.0,3.5858865942518844e-17
239,E06,A6,A3,92.71135912273533,2.067877116418538,186.23405649451394,190.39077759879
239,E07,A4,A6,5.516942394133158e-16,7.93975286501888e-18,8.7949648094185085e-16,6.343093331578515e-17
239,E08,A5,A7,40.40628087844651,1.327987751568988,315.47768600835684,326.1478394230564
239,E09,A5,A8,9.947585903624933,0.3862310476718977,133.42730056150376,138.87137832580115
239,E10,A6,A8,780.9980051670291,23.4890241228549,1547.3930756499128,1593.7339784530288
239,E11,A7,A8,1.0475566873675866e-17,5.947824174003323e-18,1.1596973570918394e-16,1.8107607109221645e-16
239,E11,A8,A7,327.3139120428889,12.608799715852577,715.6693545230244,743.2542772211411
240,E01,A1,A2,63.03546981833892,1.7136017871416604,105.97493508396559,108.8501806820183
240,E01,A2,A1,92.5150891683641,1.7345907248735948,152.9878974662309,155.90292792826733
240,E02,A1,A3,0.0,0.0,0.0,0.0
240,E02,A3,A1,38.959609676848004,0.8718395170351949,65.40619008456623,66.8748473350146
240,E03,A4,A2,968.2012869633375,24.85182385133634,1545.8094032266438,1586.0193307912841
240,E04,A2,A5,351.190597790471,3.8989493987675976,549.727918796196,555.8899452776044
240,E04,A5,A2,24.522616621378653,1.7550941787617402,334.0969139164345,357.6181475278755
240,E05,A4,A3,4391.937239642994,83.0482128705606,7040.1690975037045,7174.866799841952
240,E06,A3,A6,5.194778819559127e-15,1.5155819550741566e-15,8.631305722887578e-15,1.1105802738034044e-14
240,E06,A6,A3,92.38143235073835,2.165477161925453,185.5821072919664,189.93173563897273
240,E07,A4,A6,1.6546749388063432e-15,0.0,2.6465618697577383e-15,1.5357363057312937e-16
240,E08,A5,A7,40.41197154466219,1.8398428887672857,317.1531496895527,328.34695684348196
240,E09,A5,A8,10.115562120869225,0.43167906146152885,134.12305671635937,139.8896623538631
240,E10,A6,A8,771.8738181282088,22.62668519907766,1523.9862174999319,1568.8285131131852
240,E11,A7,A8,1.357996599014912e-17,5.7059870339938e-18,1.539634061662133e-16,1.8972115409764582e-16
240,E11,A8,A7,321.6901598961729,12.680493861888156,705.2538361224152,733.304890085999
241,E01,A1,A2,63.45682476656945,2.6002612977770996,106.42717419385097,110.81757906772896
241,E01,A2,A1,94.49872519465205,0.8428571859568474,155.32279945021156,156.66941209158782
241,E02,A1,A3,1.7829733874813794e-16,8.636022284278551e-16,3.0413940641661946e-16,1.7737538958354893e-15
241,E02,A3,A1,38.91670972206111,0.7747871077124002,65.5314423572411,66.82459323314185
241,E03,A4,A2,973.2446307320432,26.40292728392219,1553.033834568643,1595.3885693487027
241,E04,A2,A5,351.9634081606076,16.964994913152232,550.7994474842425,577.2383672146797
241,E04,A5,A2,25.00921630829008,0.1735725346895329,343.25246860937006,345.56793787460634
241,E05,A4,A3,4375.910823513895,82.84943114444661,7011.05772818993,7143.392719219345
241,E06,A3,A6,2.7381376150783733e-16,1.3769461102428885e-14,4.496024131435502e-16,2.3374887565243306e-14
241,E06,A6,A3,92.82133547047125,2.3201464623581027,186.31597954634577,190.9663266270796
241,E07,A4,A6,8.248213819104914e-16,1.8723795167687137e-15,1.32045092908668e-15,4.318774102988717e-15
241,E08,A5,A7,40.906886947515545,0.9480223313763411,315.6240274788988,327.0921961099644
241,E09,A5,A8,10.053576231771919,0.41031661966580546,133.27903449596596,138.82810394819302
241,E10,A6,A8,777.5965822411863,24.81479705680751,1539.5800969055817,1588.760899752061
241,E11,A7,A8,3.338978305270347e-17,8.539222572253882e-17,3.7484545826695946e-16,1.3342832015884415e-15
241,E11,A8,A7,327.2917953002584,11.82882835044805,716.0409771136924,742.4995216382644
242,E01,A1,A2,62.55126807987086,1.5333824694317135,105.11290114777336,107.66884330329968
242,E01,A2,A1,92.69204853357522,1.699877950809371,153.1164242209075,156.0061616791147
242,E02,A1,A3,2.3151942017366462e-15,1.6997985344917522e-16,3.940367892295668e-15,3.920615395685154e-15
242,E02,A3,A1,39.430540768747406,0.40172495723661794,66.54858306448432,67.23966129967563
242,E03,A4,A2,968.5575719238311,25.95998934186711,1547.5139385992836,1589.184937472925
242,E04,A2,A5,355.12286862312897,7.058136292111073,556.8651861288001,567.87376918607
242,E04,A5,A2,24.42031372700971,1.334617195876997,331.8951042491882,350.2126573804405
242,E05,A4,A3,4382.630131518786,86.1953852617475,7030.6901803933915,7169.617767427926
242,E06,A3,A6,0.0,1.763412718989863e-15,0.0,2.9405870991122487e-15
242,E06,A6,A3,92.92527625349805,2.330454375270269,186.37412826835623,191.06379758677193
242,E07,A4,A6,3.844767630864416e-16,1.06158757848382e-17,6.134046395144155e-16,1.3068036103752504e-16
242,E08,A5,A7,41.15662195403809,0.9741235104135452,315.83099347592633,327.24665489084106
242,E09,A5,A8,10.20183302289631,0.42835537474016544,134.84365016212263,140.564361794486
242,E10,A6,A8,781.358480427752,24.87778042290536,1545.8936716982992,1595.5124487176643
242,E11,A7,A8,0.0,0.0,0.0,0.0
242,E11,A8,A7,323.9734606932474,12.526368420563553,710.7732627294727,738.4844073272362
243,E01,A1,A2,61.51357154124711,2.837359821413338,102.88899450036149,107.65062105137667
243,E01,A2,A1,95.67453051852296,0.629453878761195,157.10108166751056,158.16386467161894
243,E02,A1,A3,0.0,3.428624182225018e-14,0.0,5.812604674155374e-14
243,E02,A3,A1,39.14039658362617,0.5254821090800473,65.9523182460423,66.8178454181987
243,E03,A4,A2,969.8484264859668,26.080839702309312,1550.0047942751944,1591.4461742903782
243,E04,A2,A5,351.5033454622918,5.850310733741588,550.0539356892298,558.9862695578574
243,E04,A5,A2,24.29598415184644,1.4237824320459265,337.0028372044241,356.80306239249364
243,E05,A4,A3,4393.677874288054,77.11062588848442,7051.87543878029,7176.4823511127815
243,E06,A3,A6,0.0,3.521056418483537e-13,0.0,5.880558149919008e-13
243,E06,A6,A3,92.34689139031458,2.1127586261888442,184.71412182598914,188.93872516859324
243,E07,A4,A6,9.66264967381548e-16,0.0,1.5503580480747352e-15,1.5404829094003774e-16
243,E08,A5,A7,39.94774888134285,1.620044908060815,311.7161409698022,322.88032786959576
243,E09,A5,A8,10.015433811718834,0.4056653533352936,134.18807771024876,139.78984947785145
243,E10,A6,A8,781.1411325677883,23.07874795433665,1546.3197080135735,1592.0361782614596
243,E11,A7,A8,0.0,0.0,0.0,0.0
243,E11,A8,A7,327.6506716938771,12.408538628229831,718.9518831466148,745.7377299900509
244,E01,A1,A2,62.739198084553266,1.7364365080947135,105.23717170428067,108.16945449712055
244,E01,A2,A1,93.82459410358467,1.5157272246824576,154.1055827379646,156.62490663390895
244,E02,A1,A3,1.7274456447930293e-16,2.09102322328753e-18,2.9301210154432925e-16,2.8687598028679376e-16
244,E02,A3,A1,38.86720287310221,0.8712636247448142,65.37061827256156,66.8561971787626
244,E03,A4,A2,967.487406950549,25.918153251462588,1544.938243410224,1586.3282817211
244,E04,A2,A5,352.4740538295548,6.622612017746258,551.3886907482969,561.4521896786142
244,E04,A5,A2,24.653957418082204,1.4514188170291404,342.7752598086523,362.966922279366
244,E05,A4,A3,4405.175596727669,85.52384739891959,7062.146920923332,7201.512842656392
244,E06,A3,A6,3.833482265086244e-18,1.9688828098975637e-18,6.2568744754475205e-18,8.057975191389937e-18
244,E06,A6,A3,92.5173672001959,2.0617078591974134,185.22271277583567,189.35027933996602
244,E07,A4,A6,1.844973884911142e-15,3.630056571318239e-15,2.956892028004951e-15,8.775234483618763e-15
244,E08,A5,A7,40.52672910914818,0.9326929163269599,315.9882435518263,327.1000126260271
244,E09,A5,A8,9.715861194601041,0.4069774464721389,132.6038630786165,138.16883637206425
244,E10,A6,A8,778.9407451803554,22.813358277095027,1542.709632493794,1587.8939307948785
244,E11,A7,A8,0.0,2.4652584738042917e-17,0.0,2.7348265526350126e-16
244,E11,A8,A7,327.77867107771084,13.072867948093059,716.2792408846063,744.6084282399031
245,E01,A1,A2,63.01855554174584,1.0366242035309468,105.82553251170688,107.5783736415524
245,E01,A2,A1,93.79203366785725,2.370651597267055,154.45228401993216,158.38213995457127
245,E02,A1,A3,0.0,2.11350792877973e-15,0.0,3.582161039861247e-15
245,E02,A3,A1,38.94165395359067,0.46809026909240087,65.56008214744253,66.38746916646139
245,E03,A4,A2,965.8019673644377,26.899664681859814,1542.5203146787126,1585.8539867117875
245,E04,A2,A5,348.30161351938534,13.765225738548054,547.1017565855722,568.7082635157623
245,E04,A5,A2,25.299897435618078,0.5158045851522072,342.16587406463543,349.18346022663843
245,E05,A4,A3,4386.595304748773,73.32734452430135,7033.783591421173,7152.427457323914
245,E06,A3,A6,1.0804873274658033e-15,2.5885856407275204e-15,1.8342165860302144e-15,6.227718386447811e-15
245,E06,A6,A3,93.80431998678515,2.5106387490398214,188.1540526329954,193.18275165433346
245,E07,A4,A6,5.623229766565897e-16,1.0675156262893551e-15,9.003728292440744e-16,2.60741355856675e-15
245,E08,A5,A7,40.51003816421082,1.9455592854413082,314.4432763134163,326.0960856906721
245,E09,A5,A8,10.214251785329383,0.47297253735608474,134.69318036926262,140.94872872732444
245,E10,A6,A8,774.2526441945427,24.038947038784197,1532.1640691397035,1579.4645112458336
245,E11,A7,A8,5.996575508126487e-18,2.0852356902989546e-17,6.825631221011785e-17,3.04776915305037e-16
245,E11,A8,A7,326.2414486096506,11.877234481869055,714.987483591839,741.7349689551536
246,E01,A1,A2,63.02857127177171,2.428229732890331,105.79221743238095,109.89876955469956
246,E01,A2,A1,92.91551572499972,0.81478711913861,153.20545511732007,154.59249706367274
246,E02,A1,A3,6.066730425687341e-16,9.454492610283541e-17,1.0269400413252815e-15,1.0564589820373171e-15
246,E02,A3,A1,39.029855579222605,0.5804619082448752,65.66969184591771,66.6251939134358
246,E03,A4,A2,969.0330535943323,24.922755838032217,1544.2075440888082,1584.2983690614913
246,E04,A2,A5,349.3473166178206,13.425602266472925,546.8271823314274,567.6032781324957
246,E04,A5,A2,24.443533057233847,0.5904968814103219,344.54829789292523,352.768013148926
246,E05,A4,A3,4388.13941065311,80.6707180443724,7021.838110114772,7151.087681239149
246,E06,A3,A6,2.81582109953604e-17,1.2521383116041273e-16,4.747352706589664e-17,2.5018702316536046e-16
246,E06,A6,A3,91.67018873392826,2.247077200067826,183.57729512688178,188.08909000983653
246,E07,A4,A6,3.5527540500717027e-16,1.394487265303227e-18,5.657369728866396e-16,5.025787360562442e-17
246,E08,A5,A7,40.33939186988495,1.0826306824267493,312.5418384606503,323.76853227626003
246,E09,A5,A8,9.890591993866602,0.40956724229850217,134.34768520073564,139.9385176056468
246,E10,A6,A8,786.4326853854463,23.40930691095827,1556.4941076785376,1602.9256458741127
246,E11,A7,A8,5.21208328597572e-15,1.02741781688907e-14,5.921713291312274e-14,1.7598968313068197e-13
246,E11,A8,A7,323.31014619791307,12.456588054620566,710.7804553400136,738.5040309818062
247,E01,A1,A2,61.99122680006603,2.2148362542190383,103.70566254277328,107.39514338920159
247,E01,A2,A1,93.92779082174951,1.2015368640451936,154.68518878322394,156.71980338930467
247,E02,A1,A3,6.102757787174347e-17,1.7736660827452935e-16,1.038821048437579e-16,4.047541909315192e-16
247,E02,A3,A1,38.7401263142183,0.800569610762097,65.43072006583395,66.77223514816257
247,E03,A4,A2,963.6780716418594,25.56308748633346,1541.8127538823921,1583.1121709447445
247,E04,A2,A5,347.578739183877,6.909668184153683,544.360103077716,555.3150923260014
247,E04,A5,A2,23.979709979597985,1.3057598246537636,331.50648000489906,349.414058015964
247,E05,A4,A3,4379.569643752382,88.9875908052506,7040.044483156073,7184.60086983248
247,E06,A3,A6,7.236856764853478e-17,9.431758315949667e-17,1.1837512551282408e-16,2.552091572315957e-16
247,E06,A6,A3,92.57823699181506,2.618368200041434,185.8416973731424,191.09946247480428
247,E07,A4,A6,1.4697565988582714e-16,0.0,2.343380480496387e-16,9.750056283644382e-19
247,E08,A5,A7,39.383692065324794,2.1962520807053063,311.7060755922961,323.1929328087085
247,E09,A5,A8,10.00179394362658,0.4391448177816898,134.60561239407858,140.4849808490742
247,E10,A6,A8,773.9569044303003,21.84152615898564,1531.8610379262598,1575.2614762705605
247,E11,A7,A8,1.6563327865995014e-15,3.2766098469138943e-15,2.088366342486393e-14,6.223749656854719e-14
247,E11,A8,A7,323.84211154201967,12.12749756285686,709.0753920815666,736.0566161628132
248,E01,A1,A2,62.348744207673285,1.6375673411228824,104.72751560117155,107.50186633485168
248,E01,A2,A1,92.06966754642534,1.9360440307769715,152.29501909018109,155.51131714607232
248,E02,A1,A3,0.0,0.0,0.0,0.0
248,E02,A3,A1,39.5504311134927,0.9311936974425815,66.48460632494806,68.0750125001196
248,E03,A4,A2,966.4545321377379,25.843617418053384,1543.231926148949,1584.7896141761164
248,E04,A2,A5,351.30365299329026,15.6249121489765,550.6543197777183,575.6634201167486
248,E04,A5,A2,25.08964343496325,0.40293987477767246,345.73792344015317,351.35783133370984
248,E05,A4,A3,4402.562974248609,78.46798455190594,7056.2001637470285,7182.324416894434
248,E06,A3,A6,4.761951652024107e-16,9.25058184478727e-16,8.178728383034425e-16,2.410170165895365e-15
248,E06,A6,A3,92.35337765116557,1.9849683845231414,185.15942480094665,189.13570306381897
248,E07,A4,A6,1.5864085111337077e-15,3.044433643738392e-15,2.5413987299292676e-15,7.419825386245418e-15
248,E08,A5,A7,39.693421267844606,1.8252813402088162,312.72774196638744,324.59578463620744
248,E09,A5,A8,10.079427776755619,0.44252477229075404,136.55388354764568,142.55175807617482
248,E10,A6,A8,781.4907918879024,23.816054610559306,1548.1717531833517,1595.3715650979095
248,E11,A7,A8,7.589979405581517e-17,1.8463425376632777e-16,8.865986606344547e-16,3.0473692798007513e-15
248,E11,A8,A7,328.0739109057189,12.756478812292567,715.8919977527379,743.5213041385352
249,E01,A1,A2,62.925313232104216,3.107141382762633,105.52932138480135,110.70670530670779
249,E01,A2,A1,91.6033497291029,0.26158665055938146,151.0021352452166,151.42338400287113
249,E02,A1,A3,1.8988168239359944e-15,1.658664624292077e-16,3.2200352860889608e-15,2.331012595964056e-15
249,E02,A3,A1,39.61518460797339,0.49541765448043895,66.7211862959056,67.57306421647975
249,E03,A4,A2,965.124515270281,25.83944798749172,1541.3985395303173,1582.8536692355813
249,E04,A2,A5,356.97741948123235,6.45101728193258,558.3159269852882,568.5151515722939
249,E04,A5,A2,24.236273299868035,1.3891637203262337,329.9133149017413,348.9240217490507
249,E05,A4,A3,4390.136864238179,80.64810449052605,7036.306306943246,7166.415739038811
249,E06,A3,A6,2.184755442558335e-15,0.0,3.6181832372404275e-15,0.0
249,E06,A6,A3,92.91780362630602,2.1462660311937523,186.60841396720934,190.91775345291109
249,E07,A4,A6,3.9213123812235e-15,0.0,6.251039607885861e-15,3.9946886329358674e-16
249,E08,A5,A7,40.177567116563615,1.4779404184421205,315.66468952844764,326.8317960803198
249,E09,A5,A8,10.17387617490711,0.44509733376995286,135.08179809045504,140.99908930734668
249,E10,A6,A8,783.475882744978,23.38796514474177,1549.1303763490475,1595.6282401873689
249,E11,A7,A8,0.0,3.3679616167062825e-16,0.0,3.920436051437547e-15
249,E11,A8,A7,326.8987688194618,12.140795107398285,714.523128958232,740.9274814155059
250,E01,A1,A2,62.5579654792306,1.959944992728448,105.06627829783262,108.35588862803048
250,E01,A2,A1,94.48429578932246,1.6553066680445006,155.19391407316294,157.84962928166453
250,E02,A1,A3,0.0,0.0,0.0,0.0
250,E02,A3,A1,38.79718426676592,0.6113647340166427,65.29765969820002,66.37001521763075
250,E03,A4,A2,969.6579496164691,25.696348182938483,1550.1292257785321,1591.0920251557498
250,E04,A2,A5,351.910225517356,11.658147534748847,549.8494857809318,568.1686302741368
250,E04,A5,A2,24.837901201062976,0.7288053003322665,343.41616892808173,353.3582011858217
250,E05,A4,A3,4402.675609024652,73.67550450837916,7069.562338321794,7188.117039155756
250,E06,A3,A6,4.65507245350939e-17,2.777565322807152e-16,7.827254287159672e-17,5.451733926191712e-16
250,E06,A6,A3,92.3603806708617,2.1230283342823846,185.0644833732263,189.3153309530369
250,E07,A4,A6,1.8163428931188868e-16,0.0,2.8954964121135337e-16,0.0
250,E08,A5,A7,41.4029572598176,1.6702778388317399,317.71172846771293,328.6637543709187
250,E09,A5,A8,10.08637922002974,0.4597532838574815,135.20501701404075,141.24098298953106
250,E10,A6,A8,781.8285331330774,24.424884029084765,1546.003489303528,1594.397393553718
250,E11,A7,A8,1.5941156110981382e-16,5.823153440051298e-19,1.779794475049183e-15,1.5487419157782407e-15
250,E11,A8,A7,322.33264679222776,13.261510250079581,705.4549216149746,734.6959519286097
251,E01,A1,A2,63.253918200190526,1.1607517080371175,105.94933811814003,107.91464140978488
251,E01,A2,A1,92.80089514119544,2.2489078570743026,153.3438798305586,156.969271610391
251,E02,A1,A3,0.0,4.003985612815327e-14,0.0,6.796724823850014e-14
251,E02,A3,A1,38.536710576099374,1.0075352971740776,65.00516971276278,66.72183986565823
251,E03,A4,A2,963.4722803991732,24.12330655581242,1537.8557280264247,1576.4483867285792
251,E04,A2,A5,347.24430798038395,9.25505943511671,542.2598973594588,556.3106027572353
251,E04,A5,A2,24.883050318459347,1.0248810270387045,339.54383114959484,353.7590711183176
251,E05,A4,A3,4382.215353221917,82.01907118114802,7026.630016298012,7158.145726246885
251,E06,A3,A6,4.0566986091990775e-15,0.0,6.594810791650839e-15,2.1293905145803386e-15
251,E06,A6,A3,93.07468761224644,1.9337954490522549,186.02945921956564,189.9046177790222
251,E07,A4,A6,4.1502573425323605e-15,0.0,6.581751796158235e-15,2.149792494602251e-15
251,E08,A5,A7,39.411463519614855,2.133843687111762,311.87654189066905,323.59333100346714
251,E09,A5,A8,10.203051362882723,0.4342223281430082,135.27702748359283,141.07778792941497
251,E10,A6,A8,781.143494972511,25.380065932376148,1548.3666396452404,1598.6154976747791
251,E11,A7,A8,5.128299882420272e-17,6.71842459854834e-17,5.595933915332347e-16,1.3212963337677538e-15
251,E11,A8,A7,328.42832146625256,12.944349498982561,717.2516392801864,745.9206001629548
252,E01,A1,A2,63.110622606104194,0.990809341872163,106.08480557063106,107.77401152494289
252,E01,A2,A1,93.78253858798735,2.162979526736791,154.52946395634802,158.1420260241319
252,E02,A1,A3,2.7889784574472276e-16,7.60581269124786e-16,4.727956107955151e-16,1.7684983884517375e-15
252,E02,A3,A1,38.29397860819329,0.9347388752835972,64.59982413619461,66.19501052917646
252,E03,A4,A2,976.0495673562667,24.179811931217206,1557.3891330322342,1596.219043818754
252,E04,A2,A5,347.94165925455167,12.273553345705833,543.6998621964174,563.478939620993
252,E04,A5,A2,24.55276296113225,0.5903717462840865,336.8359039767665,344.88410092236484
252,E05,A4,A3,4359.061830804943,80.41950402605015,6986.529328724317,7116.082561380812
252,E06,A3,A6,1.0493003987152999e-16,6.451523026522765e-18,1.7096968586662482e-16,7.617971192546711e-17
252,E06,A6,A3,92.9046680442039,2.6589923059555507,185.98931689441173,191.31761712670087
252,E07,A4,A6,4.368403379140386e-16,0.0,6.940831585086025e-16,0.0
252,E08,A5,A7,39.32725225513532,1.37531766066163,313.8565862330923,324.5833283493115
252,E09,A5,A8,10.025386963280416,0.46223471639065195,135.02159999096315,141.08734484609684
252,E10,A6,A8,777.8960196158699,22.41908568006861,1542.9257682840157,1587.5717891305821
252,E11,A7,A8,0.0,3.4950595504923925e-15,0.0,3.852526409326099e-14
252,E11,A8,A7,328.17618537331214,12.80002477932768,719.1953144806878,747.131977083592
253,E01,A1,A2,62.99312227719095,2.4227173730252076,105.76244836391318,109.81498603246817
253,E01,A2,A1,93.93820069995128,0.7988053325483552,156.0058569575627,157.30186581813115
253,E02,A1,A3,7.272219659007275e-17,7.510435913114527e-16,1.2388096520716037e-16,1.3996773241643517e-15
253,E02,A3,A1,38.97524213104061,0.7485055950256446,65.30546325028492,66.55643619894205
253,E03,A4,A2,969.860512675594,25.604838601484392,1545.1509000769365,1586.3101640453576
253,E04,A2,A5,353.67071825183217,9.238362074903039,554.8928323020109,568.9869135525148
253,E04,A5,A2,24.471419462933625,1.0953717278524175,338.42919344908387,353.6965292456656
253,E05,A4,A3,4409.673344557124,78.00195833819204,7047.879509095977,7173.0435219609035
253,E06,A3,A6,1.6437963250817452e-14,7.805963988505958e-16,2.7248333142026395e-14,2.5950151849213476e-14
253,E06,A6,A3,91.97825585653783,2.3866277464626515,184.24098470247753,189.01267378142046
253,E07,A4,A6,2.3266493076317874e-14,0.0,3.7106230522776686e-14,1.0191086254974504e-14
253,E08,A5,A7,40.28603383773528,1.6309542338922463,312.0810567807887,323.4423837070028
253,E09,A5,A8,10.006544506217836,0.46372556342506166,133.8349318760504,139.8856886978128
253,E10,A6,A8,775.482453646398,23.462462648778843,1532.8531646259744,1579.2352072879726
253,E11,A7,A8,0.0,1.8142482046239405e-17,0.0,2.1103459999196899e-16
253,E11,A8,A7,322.80047590481735,11.825240419941254,705.8437317537016,731.9653908364298
254,E01,A1,A2,62.97040063409032,0.7695451279020309,105.73839610953551,107.03866035758313
254,E01,A2,A1,92.01940665063108,2.833137495439744,152.14442629079335,156.83942576364518
254,E02,A1,A3,5.172854526597293e-16,0.0,8.785067210658749e-16,6.9721931583342015e-16
254,E02,A3,A1,38.99018312649347,0.9197791005624307,65.56659104550616,67.14336878674337
254,E03,A4,A2,966.0249471203076,25.69502254409793,1542.4265150833992,1583.6780500802856
254,E04,A2,A5,351.4776733639136,11.163328325569218,551.4841974407504,568.5470949918667
254,E04,A5,A2,24.78335051063549,0.892524184540435,337.32015206984966,349.44150934701264
254,E05,A4,A3,4415.75651910735,79.53892327382047,7079.176464390128,7206.679764060607
254,E06,A3,A6,2.3947601303308225e-16,4.0441546751170086e-19,3.919807744517303e-16,9.090252487310287e-17
254,E06,A6,A3,92.94211138469115,1.7915743536753692,185.81617592337102,189.40768570206706
254,E07,A4,A6,5.402714863134526e-16,0.0,8.593767086245133e-16,0.0
254,E08,A5,A7,40.084536354893686,1.1815250852691377,315.005690342034,326.3028819549445
254,E09,A5,A8,10.182320925437587,0.4379242331060338,134.10904366920042,139.67173572410525
254,E10,A6,A8,785.3276720987117,23.645710128223826,1552.539171110538,1599.643845808884
254,E11,A7,A8,0.0,9.479908428291876e-17,0.0,1.0463217332383325e-15
254,E11,A8,A7,327.4008757504552,13.13141937007651,714.8387347845899,743.5841163674972
255,E01,A1,A2,63.089082146168366,1.0349057237190047,105.57712967462507,107.33545644023512
255,E01,A2,A1,92.42785174356518,2.411589067634994,152.4169984951355,156.40263543641893
255,E02,A1,A3,1.113501289206855e-16,0.0,1.8868254586401512e-16,6.64797963360719e-17
255,E02,A3,A1,38.20802815515793,1.1333234873113573,64.27165237199223,66.17072961574027
255,E03,A4,A2,964.9557251440415,23.725267621145683,1539.8648335356286,1577.9861817613642
255,E04,A2,A5,348.9227754956652,8.897427452884637,546.2360730877875,560.0110816564865
255,E04,A5,A2,24.45211715636268,1.087620403227669,335.5612005521139,350.7640342748951
255,E05,A4,A3,4382.684929407515,76.49426087054943,7017.5252223926655,7139.8255691383965
255,E06,A3,A6,2.8283646330503765e-16,4.253573394814964e-16,4.605282680261222e-16,1.1382065158562143e-15
255,E06,A6,A3,93.93372596520265,2.2102911662479046,187.18021627268894,191.58470754996762
255,E07,A4,A6,1.199965791150285e-16,0.0,1.905502815119757e-16,2.4068967625730013e-17
255,E08,A5,A7,40.2502071330914,1.4197593231261312,314.47943305701017,326.23140807324444
255,E09,A5,A8,10.173320552814058,0.45596609079174344,135.8095479150977,141.85463138074843
255,E10,A6,A8,780.5598195101738,22.605857417823046,1545.6991542698179,1590.6238468317727
255,E11,A7,A8,0.0,1.2054371033394243e-16,0.0,1.3684727110416948e-15
255,E11,A8,A7,328.1128228922585,13.115016655409084,720.9965238194378,749.4064543938351
256,E01,A1,A2,62.553813391131655,1.7281038695940192,104.76271929346476,107.65434329452765
256,E01,A2,A1,93.35353259646831,1.731151716125075,154.22190181821583,157.0123306528683
256,E02,A1,A3,0.0,0.0,0.0,0.0
256,E02,A3,A1,39.009392699701806,0.8471664145990152,65.6328765619306,67.06670174086543
256,E03,A4,A2,972.586203187722,25.810197600897155,1551.4012875899562,1592.753967348391
256,E04,A2,A5,356.25468426905843,8.494428915457076,557.7070858831332,571.3211826774681
256,E04,A5,A2,24.88124729786658,1.2130028696923647,336.6478099461598,353.19039968802156
256,E05,A4,A3,4391.792076519828,87.72190615866799,7034.863700993799,7174.894780290098
256,E06,A3,A6,2.604530762697e-16,6.489312704725299e-17,4.260789982585795e-16,3.4240520756367705e-16
256,E06,A6,A3,92.73500888093017,2.218551351616038,185.43355087140208,189.86944006757665
256,E07,A4,A6,5.820869337518651e-16,0.0,9.25792257449434e-16,0.0
256,E08,A5,A7,40.543660832642345,1.562048907546807,313.0263324423896,324.44321739108403
256,E09,A5,A8,10.35764247099697,0.4449552710985241,135.2504636811097,141.17672916790252
256,E10,A6,A8,784.4656261426776,22.360677817200884,1553.0096049560077,1597.1583913727704
256,E11,A7,A8,0.0,1.1558668612394e-16,0.0,1.309834827299842e-15
256,E11,A8,A7,325.15360134643015,12.153633828700029,711.3425587334308,738.8428830140793
257,E01,A1,A2,62.75678404650964,2.8250124125637646,105.1407502394365,109.85072650854107
257,E01,A2,A1,94.68220508984791,0.715723598989858,155.9553226605073,157.1791340431517
257,E02,A1,A3,3.755476816647355e-16,7.355769702945322e-16,6.376990702847078e-16,1.886468712941939e-15
257,E02,A3,A1,38.97454951456866,0.761288897680473,65.40247615834491,66.66492447020329
257,E03,A4,A2,965.1470479189614,26.795564890365327,1538.2337471577305,1581.2662997583739
257,E04,A2,A5,348.24140704916283,10.47382997882992,546.1802254817468,562.8856630315845
257,E04,A5,A2,25.106566335621956,0.7458168822557566,344.0541003602496,354.4492140060504
257,E05,A4,A3,4391.082822310768,82.60162724973941,7021.220099126014,7154.0969306019115
257,E06,A3,A6,1.3199938403017656e-16,1.071089078852852e-17,2.1679296485415683e-16,1.0400978404048763e-16
257,E06,A6,A3,93.6011206652991,2.174332057715377,188.40618448202042,192.77602498532815
257,E07,A4,A6,3.262321702022581e-16,0.0,5.197064890699818e-16,0.0
257,E08,A5,A7,40.0691422200948,1.3555580634379822,311.328783318546,321.7945451731316
257,E09,A5,A8,10.151332105954095,0.4165238133660542,135.46103942379193,141.1226680496283
257,E10,A6,A8,780.5690580201313,24.599885897209965,1547.4367859985964,1596.6489400677108
257,E11,A7,A8,4.1622512495170744e-17,1.0527436638123042e-17,4.619908791675112e-16,5.470437478390954e-16
257,E11,A8,A7,326.1521411960403,12.322557853899788,717.1083365726057,743.9922397893768
258,E01,A1,A2,62.535483074572895,2.688715261270742,104.76101802857784,109.27499395698302
258,E01,A2,A1,94.31290947697731,1.0240492007487212,156.04007414094733,157.73853262745115
258,E02,A1,A3,2.4166171276733875e-16,2.3588786017045713e-16,4.1442754939437044e-16,7.780944279793438e-16
258,E02,A3,A1,39.14178412324294,0.9123061381131821,66.08445409622139,67.69191861312795
258,E03,A4,A2,968.4769723090194,24.101090614543985,1548.4264540207273,1587.1431066290786
258,E04,A2,A5,356.22665170347517,10.100829402843587,557.6918646814339,573.5308144216787
258,E04,A5,A2,24.185659584144716,1.0687309662371445,330.21245816371305,344.5790415133864
258,E05,A4,A3,4382.011513572348,82.70171255584104,7041.181577358626,7175.0643883485545
258,E06,A3,A6,4.749996383210634e-16,4.786141654575123e-16,7.918468011405832e-16,1.4051968822111519e-15
258,E06,A6,A3,92.87368682113777,2.7432946406306464,185.81203161762352,191.28745682184942
258,E07,A4,A6,4.2616464074914734e-16,3.143987575371355e-16,6.783765616116798e-16,1.0257162720860031e-15
258,E08,A5,A7,40.89901651073657,1.0300569688430523,314.1547974073059,325.3861047046266
258,E09,A5,A8,10.134247231463869,0.4148134622807512,133.5781063441841,139.12842125418308
258,E10,A6,A8,784.9147123947625,23.249601192830006,1555.5794592342809,1601.9124114867084
258,E11,A7,A8,0.0,4.448956497401815e-17,0.0,5.046090086160822e-16
258,E11,A8,A7,326.9530859602021,11.518434683698834,717.018064167997,742.4712853378953
259,E01,A1,A2,62.31444258020146,1.1172870422344314,104.73390901431074,106.61833533574583
259,E01,A2,A1,91.65084377663842,2.040423343864582,151.37246996148752,154.778092765986
259,E02,A1,A3,0.0,1.4017263874916217e-16,0.0,2.3791394205633347e-16
259,E02,A3,A1,38.916298775473464,0.8404625032037527,65.37191800701707,66.77548126074038
259,E03,A4,A2,965.3791389642205,26.30003062926097,1540.995968524613,1583.4304144295572
259,E04,A2,A5,353.2155187048121,9.81852176110072,553.1867390289922,568.8447920082278
259,E04,A5,A2,24.815184184185167,0.9291173608837353,338.6316068689382,351.28492941891244
259,E05,A4,A3,4394.666705922557,79.45806312949878,7042.485404665961,7169.837437256503
259,E06,A3,A6,0.0,0.0,0.0,0.0
259,E06,A6,A3,92.02899433799887,2.620556901697034,184.09316430884766,189.33441988287416
259,E07,A4,A6,4.487450621184264e-17,0.0,7.182240434463619e-17,2.5447117414377003e-18
259,E08,A5,A7,40.16136099607149,0.9135955581308266,313.7798386372298,325.13474336010296
259,E09,A5,A8,10.057794288709937,0.4226256639625032,135.01843620835172,140.59533376998033
259,E10,A6,A8,781.9866544269411,24.59691385563189,1548.4432430615514,1597.3895139978094
259,E11,A7,A8,8.02822488395137e-18,9.006301892374276e-18,8.458265488364146e-17,1.6283264230949112e-16
259,E11,A8,A7,323.26628228896,12.099365988191527,708.9931234452248,735.6696749704405
260,E01,A1,A2,63.09664634243248,2.316741123356998,105.57766426371666,109.44393100533205
260,E01,A2,A1,94.29230507453515,0.894042871899938,155.47272819026557,156.9070718861617
260,E02,A1,A3,4.744283659027744e-16,0.0,8.13160177373303e-16,2.492200469199663e-16
260,E02,A3,A1,38.90589236538814,0.8018135513549861,65.4511881293451,66.77195543608812
260,E03,A4,A2,976.7127562366409,24.524510224082242,1557.5012256890373,1596.836730904896
260,E04,A2,A5,352.0227778110934,8.833150773042618,551.2120899481862,564.7402457482036
260,E04,A5,A2,24.18482334181827,0.985374185933605,338.4552602695629,351.51150150278363
260,E05,A4,A3,4375.04071848559,73.44953548932031,7000.360003836416,7117.961239732745
260,E06,A3,A6,1.7314676955942718e-16,1.8128160422827729e-16,2.832725661472572e-16,5.187021242009934e-16
260,E06,A6,A3,91.8097167229123,2.4947236577755794,184.22137218261895,189.22739857286706
260,E07,A4,A6,7.941797799023732e-16,7.532196901022266e-16,1.2584913099000032e-15,2.1238295261225397e-15
260,E08,A5,A7,40.19620833810587,1.5703616622653398,312.59065244130454,324.33501057349974
260,E09,A5,A8,10.091329229161499,0.4400095655181643,134.35357306319003,140.2948836386782
260,E10,A6,A8,779.146559944123,24.061286906581092,1543.9034127552966,1591.5237205236542
260,E11,A7,A8,0.0,1.260905899400488e-16,0.0,1.414674240546395e-15
260,E11,A8,A7,324.5935133347408,12.218170676215136,711.2368905563584,738.2508773350014
261,E01,A1,A2,61.984048487404266,3.3151662014041103,104.07515339086984,109.64498925929536
261,E01,A2,A1,94.27580545657102,2.9606073071536363e-10,155.91280343353523,155.91280343402565
261,E02,A1,A3,2.1180291329588894e-16,7.286629055937509e-16,3.633771458487681e-16,1.6004616015443708e-15
261,E02,A3,A1,38.544005526182644,0.9675091202443371,64.7882961921846,66.37888377551974
261,E03,A4,A2,968.2971820331211,26.592429390748322,1546.857993736186,1589.7985669363372
261,E04,A2,A5,348.6612611222477,5.723072955804101,548.3888053319628,557.2558068927859
261,E04,A5,A2,24.063387899377112,1.555625683685454,333.2558539601235,354.99888128210364
261,E05,A4,A3,4398.393484587259,86.05096399542113,7051.038277567388,7189.310248456041
261,E06,A3,A6,4.0670802747994293e-16,4.762255606838832e-16,6.75885990455972e-16,1.3063995344849586e-15
261,E06,A6,A3,92.90051952252182,2.4611232646131356,185.78704670006942,190.70243497832996
261,E07,A4,A6,6.961498878966273e-16,8.73733087237519e-17,1.109099595649691e-15,3.958123279411132e-16
261,E08,A5,A7,39.973145265968654,1.2022399088743234,311.36645490725573,322.6920365672061
261,E09,A5,A8,9.915979157949689,0.4154044303750481,135.10091628663218,140.84829577533003
261,E10,A6,A8,785.918959285226,23.619727919298054,1552.0676739560358,1598.7415441941544
261,E11,A7,A8,2.1521386546593344e-16,0.0,2.3833505888517536e-15,6.160924955303396e-16
261,E11,A8,A7,325.1264687566256,12.527370890636377,711.6764555878844,739.349489427643
262,E01,A1,A2,62.323000337273356,2.1630957114257625,104.54819712568894,108.17117397742278
262,E01,A2,A1,93.60147577360178,1.305346201194655,154.52440789015054,156.72625543421486
262,E02,A1,A3,5.503348280844376e-16,1.0853755875621328e-16,9.286489751829497e-16,6.963427748842558e-16
262,E02,A3,A1,38.80337023400365,0.9739281322345095,65.6901787979933,67.36735280554582
262,E03,A4,A2,971.6533633244529,26.645728361811123,1556.8905163356196,1600.144916734547
262,E04,A2,A5,346.22592117383437,12.873434005193953,541.936731229722,562.3008513991568
262,E04,A5,A2,25.10910145073686,0.6261667272023141,343.15829743229517,351.64623204902216
262,E05,A4,A3,4359.666240351364,75.70704303616128,7019.680720874559,7144.405491241279
262,E06,A3,A6,0.0,6.474554676601051e-17,0.0,1.0859665147973889e-16
262,E06,A6,A3,90.99357363729128,2.394349849211934,183.669848024266,188.50976340425
262,E07,A4,A6,1.1838214318619628e-16,0.0,1.8841632766719563e-16,0.0
262,E08,A5,A7,40.77478934056817,1.4939644826132799,314.09871871388475,325.2832803135896
262,E09,A5,A8,10.037828400755902,0.4096834776822792,133.37896529185866,138.93122367676233
262,E10,A6,A8,779.0522596223188,24.440955365341143,1541.9129300055915,1590.5330584013368
262,E11,A7,A8,0.0,3.435992260863445e-17,0.0,3.9107458722444756e-16
262,E11,A8,A7,324.8171078816558,12.16556254957953,711.1708660028758,738.6330648317673
263,E01,A1,A2,62.258510082299956,1.7895670936356811,104.63393191516974,107.67632322362792
263,E01,A2,A1,94.44048677074126,1.3113379330764965,155.3515375883306,157.55764090414675
263,E02,A1,A3,0.0,4.159365613599639e-15,0.0,7.067191900856786e-15
263,E02,A3,A1,38.86097119600507,0.6687932111545298,65.46615655644821,66.59164940680901
263,E03,A4,A2,968.8002545878517,25.66346281897965,1546.5360879181192,1587.8648832286685
263,E04,A2,A5,352.90562512518613,9.356531609553798,551.5943741427833,566.2527250547782
263,E04,A5,A2,24.619132863878985,1.061934497396733,336.35305071323086,350.66726627158016
263,E05,A4,A3,4375.289812096169,77.72742424519589,7012.117753280902,7138.10932204615
263,E06,A3,A6,9.002608172598669e-14,0.0,1.5035953351020934e-13,3.2574552035005294e-14
263,E06,A6,A3,91.9937842631222,2.190638177721339,183.9640530287922,188.3381418985768
263,E07,A4,A6,1.5269486501980673e-16,2.422625743105212e-16,2.44699401500944e-16,5.79745015860839e-16
263,E08,A5,A7,41.299974328442495,1.2110354747664045,315.76319731009335,326.69039875474624
263,E09,A5,A8,10.044443775279566,0.4255746184502495,133.496055029858,139.09932121333932
263,E10,A6,A8,786.6341703287384,22.711287163858326,1555.6740770984352,1600.7389582036376
263,E11,A7,A8,4.385284200630832e-18,1.1620346185479158e-17,5.0898137484292425e-17,1.853641906487067e-16
263,E11,A8,A7,323.57840490637545,12.287005885187245,708.9764895092407,736.3289845750685
264,E01,A1,A2,62.21226423536935,3.198956196128445,104.32182699388896,109.69246654765362
264,E01,A2,A1,93.67610043424057,6.9941194854030734e-09,154.45546924102786,154.4554692526057
264,E02,A1,A3,0.0,3.2596825697041753e-15,0.0,5.5390822628691996e-15
264,E02,A3,A1,39.07360219349142,0.9093521887363096,65.58330799703518,67.12215889070714
264,E03,A4,A2,974.1022700918143,24.93991145951961,1553.4718528428716,1593.5399501981067
264,E04,A2,A5,351.7344186461712,4.4594775602032755,551.8245909655506,558.7098902564162
264,E04,A5,A2,23.854493470220547,1.5608256946366366,329.78017597723215,351.20504855603076
264,E05,A4,A3,4434.764292803782,80.65206093194652,7094.183559633636,7223.622277263132
264,E06,A3,A6,1.2362765881623677e-15,1.0043309909284593e-16,2.018143519789959e-15,1.015275528812924e-15
264,E06,A6,A3,92.87994605002956,1.9268034971058476,186.0304110367216,189.88648372919198
264,E07,A4,A6,1.494007543747282e-15,7.431338595330336e-18,2.3651052279031446e-15,8.033021693738965e-16
264,E08,A5,A7,40.42113278916507,0.9365951775619987,312.77165899795676,324.20171953967554
264,E09,A5,A8,9.993927766763623,0.43027344954763325,134.1600277011607,139.8092166719995
264,E10,A6,A8,783.2110878161981,22.59031550333809,1550.371623126461,1594.9176191056322
264,E11,A7,A8,0.0,4.484143134989614e-15,0.0,5.003270480974033e-14
264,E11,A8,A7,319.8717417513154,11.658361053278306,702.863790478687,729.2418083062586
265,E01,A1,A2,62.95852143071926,1.1457049316267591,105.52350216261581,107.48582161696852
265,E01,A2,A1,92.71337807693601,2.204709436097369,152.87195632291122,156.4454502102035
265,E02,A1,A3,0.0,8.025437313907437e-14,0.0,1.3617114380994032e-13
265,E02,A3,A1,38.47461905057326,1.0200233648936248,64.89056721891302,66.57399920534591
265,E03,A4,A2,967.2607504775692,25.240244565793066,1545.4211548487121,1586.036708924041
265,E04,A2,A5,354.3819114935441,11.790106403720348,554.7428982453282,573.006070041068
265,E04,A5,A2,23.826988165335408,0.7581383286114567,334.68290385619173,345.3658236853306
265,E05,A4,A3,4378.89005686596,84.42044861598764,7025.909472542151,7161.906218168389
265,E06,A3,A6,4.856437190372448e-15,5.587930074773226e-16,7.899595529141106e-15,3.800917991584577e-15
265,E06,A6,A3,93.03042558812217,1.784353271961633,185.7804797036434,189.3405343143657
265,E07,A4,A6,5.288275870872014e-15,0.0,8.38449174099129e-15,2.5633941235130123e-15
265,E08,A5,A7,40.44650412846188,1.0770183222401526,311.113802616931,321.3997707530725
265,E09,A5,A8,10.041685530880509,0.43736631870504905,136.55955814817983,142.582672631182
265,E10,A6,A8,784.4126907741465,22.8392089538679,1553.2025678326795,1598.5411111212466
265,E11,A7,A8,0.0,4.3403084706426276e-17,0.0,4.728133101492755e-16
265,E11,A8,A7,322.6188800120602,12.842428518398854,709.1213778707063,736.5971232339984
266,E01,A1,A2,62.719501351694134,3.0202602138179486,105.63024913155556,110.74575924630176
266,E01,A2,A1,94.44066051269628,0.20084827051950208,156.72590764473313,157.0678898075545
266,E02,A1,A3,0.0,1.9640638471625393e-13,0.0,3.3410773485312865e-13
266,E02,A3,A1,38.93380048920942,0.9335897705007608,65.65771191872759,67.2649028594128
266,E03,A4,A2,976.2766727908593,25.62650590554501,1560.0511108383607,1601.3659115553314
266,E04,A2,A5,351.75070884661557,16.5058911056635,550.3218502471932,576.08898691434
266,E04,A5,A2,25.10781507745767,0.259976098441265,341.47054440830834,344.95663408671754
266,E05,A4,A3,4377.6283554756055,74.82476417682695,7024.45918088949,7145.183916936293
266,E06,A3,A6,5.68783873700266e-17,4.437764787660315e-17,9.539030357925895e-17,1.3836344916580958e-16
266,E06,A6,A3,93.36946333966289,2.904417475040077,186.99491632889286,192.82188256088364
266,E07,A4,A6,5.4073936946863425e-17,0.0,8.623536753893748e-17,0.0
266,E08,A5,A7,39.67675277985916,1.0890258772464043,310.52466160192716,321.9033012619681
266,E09,A5,A8,10.112023771646584,0.4506628287745946,134.7219415538754,140.76289217028133
266,E10,A6,A8,773.7782229492798,22.223750169291254,1532.8832667897886,1576.8739568001795
266,E11,A7,A8,0.0,2.84991703998535e-18,0.0,3.2185239125754454e-17
266,E11,A8,A7,323.3537046045174,12.832736143059364,708.105911986398,736.1736712001417
267,E01,A1,A2,63.431523533149964,2.6181745601563566,106.33976463244176,110.75984210899543
267,E01,A2,A1,91.9376619190553,0.5000855875130769,151.8123964192992,152.66048154964452
267,E02,A1,A3,0.0,1.0264507747769983e-12,0.0,1.7410619052099316e-12
267,E02,A3,A1,39.03261875610442,0.854752389807091,65.96991047930474,67.43286871903298
267,E03,A4,A2,970.6820394814437,24.466532394770095,1551.6454254557216,1590.914181784937
267,E04,A2,A5,351.47668653561533,11.567070537800157,549.6565399358896,567.4517151900111
267,E04,A5,A2,25.078254539430255,0.7707196889704322,341.84066217416677,352.29245885596225
267,E05,A4,A3,4380.26058653823,77.20305822708826,7039.585327845352,7167.433870165857
267,E06,A3,A6,1.8461759185232634e-17,5.313739267644424e-16,3.112442967516417e-17,9.329214501101413e-16
267,E06,A6,A3,91.48849532190573,2.4028011174880293,183.87351173257142,188.68277372649186
267,E07,A4,A6,1.0966919391075744e-15,9.54868815361413e-16,1.72135149497751e-15,2.521096992203337e-15
267,E08,A5,A7,40.10656882037735,0.9345150868551959,313.044467090545,324.04161048389705
267,E09,A5,A8,10.02909634938098,0.43416622436379837,133.0066286158441,138.73931340445097
267,E10,A6,A8,785.5360922184059,23.043247521857417,1551.4569328958146,1597.0594270231531
267,E11,A7,A8,0.0,4.7162958148312105e-17,0.0,5.245488522801526e-16
267,E11,A8,A7,328.5939315834954,12.98098564578426,715.9210319753431,744.2240429787598
268,E01,A1,A2,61.902251848192876,1.0774516778507306,103.86925214820215,105.69700271901364
268,E01,A2,A1,93.89988061337915,2.5365939196023635,154.08385499438398,158.27282836678057
268,E02,A1,A3,0.0,4.1846484543679324e-15,0.0,7.118461970371403e-15
268,E02,A3,A1,39.321164378268364,0.7362874104555637,66.20436502912884,67.47466872317771
268,E03,A4,A2,971.3029148829829,25.079577801681822,1550.5509369354577,1590.8900399594731
268,E04,A2,A5,350.3776032468733,6.874998838667505,548.7325760103706,559.4520594274179
268,E04,A5,A2,24.74610554046231,1.4211198770388838,339.70083750413846,359.28469451839817
268,E05,A4,A3,4410.556618312938,79.00952319777221,7067.680863817371,7195.6177918716985
268,E06,A3,A6,3.8906028807874066e-16,1.0525760043801352e-15,6.386399960873002e-16,2.3669023630694564e-15
268,E06,A6,A3,93.45743465099373,1.8089585598794513,186.847215067411,190.48631064257927
268,E07,A4,A6,2.36360930770898e-16,3.8372090458571203e-16,3.731298332076373e-16,9.376533248248044e-16
268,E08,A5,A7,40.544164680387716,0.9403709569198415,315.35928748161604,326.98770373994665
268,E09,A5,A8,9.91905532276018,0.41326152498533414,134.2781599599494,139.76043453197477
268,E10,A6,A8,782.0475942053015,23.30889294624468,1548.5207877707944,1594.8359033535528
268,E11,A7,A8,0.0,7.033538117602485e-17,0.0,8.073036036584839e-16
268,E11,A8,A7,323.9214301376713,11.96524479170725,713.0992858162244,739.8768444798502
269,E01,A1,A2,62.206772427976354,1.8095180093838648,104.33770334784577,107.40571136032256
269,E01,A2,A1,93.59205828385893,1.7101046274404381,153.77793097238327,156.6855889432543
269,E02,A1,A3,1.3088048945120298e-15,8.331173964594707e-16,2.2124648802281228e-15,2.8109207362752936e-15
269,E02,A3,A1,38.95623819998234,0.8688435054466139,65.6909892457235,67.16212782589723
269,E03,A4,A2,960.6783408069066,24.82406054526799,1536.287173576353,1576.0865201097683
269,E04,A2,A5,351.09723490524675,10.568943315528433,548.7419566750881,565.0654167587637
269,E04,A5,A2,24.74637388915219,0.9558796374745624,338.6065898454486,351.66881420372346
269,E05,A4,A3,4367.9869691348395,77.09681855266382,7012.339121254485,7137.213952944938
269,E06,A3,A6,5.324302466236816e-17,4.3477191963079896e-16,9.019406743431494e-17,8.260911848712752e-16
269,E06,A6,A3,92.92993064641533,2.5718117200830495,186.70697404541102,191.87374170938034
269,E07,A4,A6,6.256037586161258e-16,1.0498880647214204e-15,1.0040022955786548e-15,2.6912315747406954e-15
269,E08,A5,A7,40.61673121400671,0.8959851674103196,313.836547545334,325.1434427675231
269,E09,A5,A8,10.064082004651196,0.4285372686377691,133.76414213952583,139.61763224455387
269,E10,A6,A8,779.1519654874012,24.223548289272166,1543.7257183772863,1591.7738404185957
269,E11,A7,A8,0.0,3.726392526160911e-16,0.0,4.268182350647491e-15
269,E11,A8,A7,321.57019373289893,11.716109451907078,707.9810246937973,734.2133606690995
270,E01,A1,A2,63.64920735817654,0.7864400360886609,106.66620074214453,107.98089105597458
270,E01,A2,A1,92.95839245454387,2.4813366751719514,153.19694860063768,157.40509275525272
270,E02,A1,A3,0.0,1.4778080110650644e-15,0.0,2.5082712884344754e-15
270,E02,A3,A1,38.8466687882069,0.7887568302747774,65.21155747222568,66.52559228539285
270,E03,A4,A2,976.0943126942232,25.556618210830983,1557.4587286575766,1598.443854544743
270,E04,A2,A5,347.80340113862854,9.73002603940683,544.0576262519589,559.3005482118405
270,E04,A5,A2,24.477448726752883,1.0160098628380638,335.00935406541794,348.6726471508243
270,E05,A4,A3,4380.722395321895,74.13794955254019,7010.691852309391,7129.813184648216
270,E06,A3,A6,3.085495611862039e-17,2.491444165255625e-16,5.117590853762977e-17,4.681876209858078e-16
270,E06,A6,A3,91.49685691596832,2.036985499200279,183.85733999999465,187.95335967025053
270,E07,A4,A6,1.4832084297187538e-16,1.600165757632271e-16,2.3757641623885163e-16,4.922892746969421e-16
270,E08,A5,A7,39.54382507652753,1.8987851247665537,310.7506393274638,321.75754047097234
270,E09,A5,A8,10.130491910069564,0.42976542883674296,135.11260576398493,140.8590757611649
270,E10,A6,A8,784.5257838595403,23.99756450724072,1552.7366001472114,1600.3812901431693
270,E11,A7,A8,0.0,2.928543166209171e-17,0.0,3.508941958308374e-16
270,E11,A8,A7,323.70197283871164,12.00669840889409,708.5540930589812,734.9455412114571
271,E01,A1,A2,62.35934510732333,1.9315821431610054,104.60200134620212,107.85703456150708
271,E01,A2,A1,93.12991567424118,1.2943621516556747,154.0142846248292,156.20803359435058
271,E02,A1,A3,0.0,0.0,0.0,0.0
271,E02,A3,A1,38.59193911142698,0.7034387115485435,65.11091907569437,66.32699912714563
271,E03,A4,A2,966.3596842173873,25.760028084867507,1546.3251470018877,1587.7813278653555
271,E04,A2,A5,360.21072505301055,2.75696761890144,564.0409799032965,568.3441224901533
271,E04,A5,A2,24.913619276312822,1.8463973699506868,336.97301637338194,362.2236057630124
271,E05,A4,A3,4401.6500508159515,80.94713972414698,7076.926231762567,7207.589989122907
271,E06,A3,A6,6.515198428860236e-17,2.1377854328469814e-18,1.0740234608518206e-16,3.853584886215337e-17
271,E06,A6,A3,92.84168294450352,2.3958041455280976,185.27912428758412,190.06399369593146
271,E07,A4,A6,1.0851437840905093e-16,0.0,1.730831097217994e-16,2.611352429799882e-17
271,E08,A5,A7,40.40740401036384,1.1117332475139714,312.8774098842651,324.6271948162867
271,E09,A5,A8,10.17238330054338,0.4404018623031733,134.45562953292952,140.20360734236056
271,E10,A6,A8,782.3439330479611,21.68955518050649,1545.454299414322,1588.461308403009
271,E11,A7,A8,1.2795619882138865e-18,1.6694841577614138e-16,1.4505293127518254e-17,1.9045383710548106e-15
271,E11,A8,A7,325.2891321225459,11.536525488626742,712.0049430078359,738.0035994804681
272,E01,A1,A2,63.193481194408335,2.340023436492353,105.70950964389215,109.61997952843367
272,E01,A2,A1,92.90161646409786,1.1043104331696592,152.6906181792384,154.56284814858108
272,E02,A1,A3,4.149377910496785e-15,1.6774686844482254e-16,7.023701691870511e-15,6.304632107014375e-15
272,E02,A3,A1,38.55621314235442,1.1245113621953955,64.90529071802996,66.76854693039597
272,E03,A4,A2,978.6680030122591,25.99463492008709,1560.2651265252268,1602.110492891538
272,E04,A2,A5,353.99032919744343,10.887265553093755,555.7540183442168,572.6956324677597
272,E04,A5,A2,24.0675799887239,0.8571567976677932,339.4191010185307,351.5884421803041
272,E05,A4,A3,4415.674404487446,82.36631631641463,7066.049143612796,7197.986703914558
272,E06,A3,A6,0.0,0.0,0.0,0.0
272,E06,A6,A3,92.91933646636588,2.170645413659823,185.90907576841033,190.25201544850327
272,E07,A4,A6,1.2499405733106235e-15,2.570000643994275e-15,2.0036746309187315e-15,6.123160947507671e-15
272,E08,A5,A7,40.65959048669629,0.9050531594791646,313.7945899421539,325.25737782567336
272,E09,A5,A8,9.916838900478895,0.4251893687615677,134.55448267506833,140.4211123757847
272,E10,A6,A8,776.0945812990649,23.588759940997484,1537.4906582777278,1584.2627214196223
272,E11,A7,A8,2.7182008005157245e-19,1.1907624026649039e-17,3.2520471979177808e-18,1.385178489105207e-16
272,E11,A8,A7,321.10506189257814,12.066836755331028,704.4936866049638,730.8313265458905
273,E01,A1,A2,63.19247935853946,0.3731456370410424,105.77822324750412,106.41090366891589
273,E01,A2,A1,93.56179491987169,3.3163151589683277,154.88270849536775,160.22662924119356
273,E02,A1,A3,0.0,3.3221212238129815e-15,0.0,5.635578208725565e-15
273,E02,A3,A1,39.01506238608376,0.5807072080059381,65.71800760445518,66.72747473318952
273,E03,A4,A2,969.9091494080617,26.018961449683978,1550.634500559656,1592.6433781909134
273,E04,A2,A5,353.2949743825489,7.484667856521437,554.633048926122,566.1147244514552
273,E04,A5,A2,24.729211044139184,1.3800538128870874,335.95470607876814,354.7910812328192
273,E05,A4,A3,4363.3718305379925,75.48773320125463,7006.985506349678,7130.716824525019
273,E06,A3,A6,7.016271783511606e-17,7.541356502377504e-17,1.1796001907518648e-16,2.4567052624739327e-16
273,E06,A6,A3,92.11102172202371,2.3680980529246223,184.26474654675286,189.0002491788071
273,E07,A4,A6,1.075592565294648e-16,6.80586132799025e-17,1.729856166686409e-16,2.748874688550552e-16
273,E08,A5,A7,39.81635157154238,2.0662132807464535,313.5211871412033,324.67973711501196
273,E09,A5,A8,10.115565370186928,0.43804780612180416,134.78835720018526,140.62714167552394
273,E10,A6,A8,781.823661437327,22.936626515027292,1545.36738625087,1590.6947407477971
273,E11,A7,A8,0.0,2.843031562162371e-16,0.0,3.1733802224457105e-15
273,E11,A8,A7,323.56471459953354,11.775091328630962,712.2850123474918,738.4057796118808
274,E01,A1,A2,62.047571283197556,2.554577205951201,104.29230463897244,108.57573881503205
274,E01,A2,A1,92.5058391063372,0.57038343731475,152.78878074398472,153.76021416467626
274,E02,A1,A3,3.0117728179482954e-16,6.122387107064551e-17,5.12575950455142e-16,5.858880460346636e-16
274,E02,A3,A1,38.546854837495886,0.8352985635203868,65.12772713970149,66.57540251185661
274,E03,A4,A2,964.6240146438346,26.84279723385445,1542.581603775713,1585.7424093560955
274,E04,A2,A5,348.38003802897333,16.35904567137053,544.8970834801542,570.5559868228924
274,E04,A5,A2,25.252328200705694,0.19535767641682586,343.2705308918812,345.9646205459959
274,E05,A4,A3,4366.731330278467,80.13949632650034,7017.49545582641,7146.947457100388
274,E06,A3,A6,8.267113195441346e-17,5.660938699289713e-17,1.3640370648085288e-16,2.010764171574359e-16
274,E06,A6,A3,94.05262899010759,1.692932959340726,188.65095749831613,192.0376032836955
274,E07,A4,A6,3.3337013248927263e-16,0.0,5.319790426611436e-16,0.0
274,E08,A5,A7,40.134194222907986,1.3330162003141142,311.7999052234887,322.37681942806813
274,E09,A5,A8,10.070182569456117,0.43162064343217577,133.24569843333808,138.85365520964615
274,E10,A6,A8,778.4279863205974,24.479735126540298,1538.59218170106,1587.0923732470205
274,E11,A7,A8,2.4558513267433875e-16,0.0,3.0405943471207677e-15,9.661824945390662e-16
274,E11,A8,A7,322.0820608325505,12.428975535901824,706.7123303126567,733.5797631694234
275,E01,A1,A2,62.84985064866668,1.9020376616137975,105.38106987426829,108.58039303365285
275,E01,A2,A1,93.11814360718304,1.4411163065004893,153.32611109202162,155.63684949197025
275,E02,A1,A3,2.7036540442498795e-14,0.0,4.6163877426704884e-14,1.5330364323754145e-14
275,E02,A3,A1,39.46214250010085,0.6658819223029833,66.48877056637164,67.61316002318604
275,E03,A4,A2,974.1916312842907,24.167946222287068,1554.769119791025,1593.6615782961894
275,E04,A2,A5,353.45980336604225,6.909638618822189,554.3979525314019,565.2011298537104
275,E04,A5,A2,24.811822624250947,1.3306538080027206,336.97454623012834,355.12178350178306
275,E05,A4,A3,4377.084181715699,82.62500293513673,7013.259774294923,7145.855153508233
275,E06,A3,A6,0.0,0.0,0.0,0.0
275,E06,A6,A3,92.72495145759056,2.3371394015175615,185.81293242317417,190.50180034241095
275,E07,A4,A6,6.489909775338987e-16,1.966231151459609e-17,1.034485561679916e-15,5.869537266927655e-16
275,E08,A5,A7,40.27577187309,1.910791244516911,314.90461025548893,326.09094658791736
275,E09,A5,A8,10.066245540378317,0.44132793911073664,134.08734305411636,139.85383805338952
275,E10,A6,A8,774.815814931426,23.183858152418658,1532.1086938961716,1578.3055442907134
275,E11,A7,A8,0.0,3.455080544946863e-17,0.0,3.9501239330141114e-16
275,E11,A8,A7,321.9780291258097,12.464403778704133,702.886612798452,730.6639157902458
276,E01,A1,A2,61.12216608179027,3.6301780945836577,102.58795140623157,108.69157003428367
276,E01,A2,A1,95.43703960696416,3.1676841233586074e-10,156.94857576275353,156.948575763286
276,E02,A1,A3,4.776004769880159e-18,0.0,7.951176477106618e-18,0.0
276,E02,A3,A1,38.87243856033486,0.6268760862461222,65.61157751916785,66.66323321258713
276,E03,A4,A2,976.6012935880633,26.892903780140614,1563.8223404201756,1606.964858745814
276,E04,A2,A5,350.7437135438235,9.115916982703737,548.4475153704122,562.5535808962122
276,E04,A5,A2,24.773222218851007,1.0142511233796148,334.9457574734364,348.6013723240819
276,E05,A4,A3,4359.453508478604,82.8607917396219,7011.002120316861,7145.409853799259
276,E06,A3,A6,3.968443160182447e-15,8.032688837413811e-15,6.534687379824986e-15,1.6749539053221462e-14
276,E06,A6,A3,92.1310615904435,1.9448302450941162,184.94683340652617,188.85359708633771
276,E07,A4,A6,3.529467609290184e-15,0.0,5.595282649758746e-15,1.4405620748954007e-15
276,E08,A5,A7,39.85051017801249,1.6111903004722115,312.71195752667774,324.02747073337457
276,E09,A5,A8,10.05042621375452,0.4389929590275357,133.92996299207584,139.8343875011976
276,E10,A6,A8,772.6395292583993,23.1201161889068,1532.0945691578029,1577.6773557224265
276,E11,A7,A8,1.0048463513041985e-15,0.0,1.1383191972064076e-14,0.0
276,E11,A8,A7,326.7307806761655,12.279142743946732,716.8091121665931,744.3112184281041
277,E01,A1,A2,63.19265448200345,2.1829078244353135,105.7145259010981,109.39284331627351
277,E01,A2,A1,92.61702465241139,1.204085406766311,153.03056846126773,155.08731315924783
277,E02,A1,A3,5.281387751953909e-16,7.138333104876938e-17,9.020547216616626e-16,6.187335141334642e-16
277,E02,A3,A1,39.1419867178238,0.8504215628969828,65.69240821772337,67.12467384805566
277,E03,A4,A2,970.1930971911509,26.547981718195718,1548.583150282714,1591.1412951339203
277,E04,A2,A5,352.3792979425625,8.799065747665324,550.7917082429228,564.8817981087873
277,E04,A5,A2,24.441323820672935,1.0854697704641414,337.74798863373303,352.9246331234891
277,E05,A4,A3,4376.968363796017,81.68217597259083,7011.272906457647,7142.260374438878
277,E06,A3,A6,0.0,0.0,0.0,0.0
277,E06,A6,A3,91.11394563827037,2.4317797839322823,183.84497441509106,188.75190022605915
277,E07,A4,A6,2.2034286411477925e-15,0.0,3.5265003056644326e-15,6.522491267952961e-16
277,E08,A5,A7,40.37379933932243,0.8813770767759694,316.271647706305,327.02540108520947
277,E09,A5,A8,9.897220603693842,0.45102654802798225,131.75516618263669,137.9164717053519
277,E10,A6,A8,790.0829414192135,23.722251665274776,1563.4481058248268,1610.657452543919
277,E11,A7,A8,0.0,0.0,0.0,0.0
277,E11,A8,A7,325.24911925668295,12.225496239054642,712.1570333054206,739.8580179533063
278,E01,A1,A2,63.39786140027725,0.525802190412932,106.21628141645638,107.10550161432602
278,E01,A2,A1,93.86123375881078,2.7078627054151942,155.0767821879047,159.70627143950736
278,E02,A1,A3,1.8092345773183997e-17,8.39283957839606e-15,3.005297700640442e-17,1.4265063118311113e-14
278,E02,A3,A1,38.87119908394346,0.6836544117579118,65.45766154829626,66.61314088715405
278,E03,A4,A2,961.8202794113829,26.234513913964417,1536.4302789073445,1578.8481414480364
278,E04,A2,A5,348.3472770338167,9.54462067118964,546.1979398135506,560.9654227091564
278,E04,A5,A2,24.443453550502056,0.998076695906464,340.5419133597519,354.60094735276977
278,E05,A4,A3,4405.1048940944775,81.37191415032405,7067.119932049651,7197.377517384668
278,E06,A3,A6,2.651742786527081e-14,0.0,4.254895876448565e-14,1.2894934442155726e-14
278,E06,A6,A3,92.6439619464372,2.058392858266518,185.73803107629686,189.86601638228586
278,E07,A4,A6,2.8046820800126217e-14,0.0,4.3643406960551883e-14,1.4117967041972402e-14
278,E08,A5,A7,40.355049577012295,1.0505169776148533,313.74215434355335,325.011670291805
278,E09,A5,A8,9.842687636547655,0.39864551793080466,133.03471118920268,138.6264375046233
278,E10,A6,A8,780.6378788231632,22.477021704229273,1543.8168328796285,1588.1595802894371
278,E11,A7,A8,0.0,1.476728156625282e-16,0.0,1.6937682069478846e-15
278,E11,A8,A7,324.37788772152845,12.624219037349352,713.9013135417767,741.1954734644637
279,E01,A1,A2,63.58506886762454,0.7101440592705845,106.33981301091251,107.54409998114485
279,E01,A2,A1,92.81148088092387,2.822886003224463,153.55552042783924,158.12579354164822
279,E02,A1,A3,3.7594152928190063e-13,0.0,6.383679186705548e-13,6.32766177185188e-13
279,E02,A3,A1,38.88078599244494,0.7089267471978075,65.64629982245587,66.89144482860321
279,E03,A4,A2,976.0072394801116,24.53133862388824,1558.5792503825292,1598.2277775882774
279,E04,A2,A5,347.81810753330365,5.770233991717803,544.1236357909647,553.0317108489645
279,E04,A5,A2,24.025094565925066,1.3573114672234008,332.3537724218571,351.34228679630377
279,E05,A4,A3,4377.540696091899,83.7054831625435,7020.759591993606,7157.130419521399
279,E06,A3,A6,0.0,1.006284468453319e-13,0.0,1.6832569196365633e-13
279,E06,A6,A3,92.10746533456995,2.2395657351132314,184.2288547820251,188.6960603664062
279,E07,A4,A6,2.166955630545874e-15,2.623646052061703e-17,3.474146371924272e-15,1.858980998851323e-15
279,E08,A5,A7,40.750021609871794,1.5413862437586896,317.9197150068488,330.30339792369045
279,E09,A5,A8,10.078691108906844,0.42023848251613644,135.2962688683645,140.7533549397637
279,E10,A6,A8,778.6684128160647,22.676504764340695,1538.0259556155406,1583.0611751268018
279,E11,A7,A8,1.8344921264497634e-17,3.256998695728458e-17,2.0307754919312216e-16,5.678338194437658e-16
279,E11,A8,A7,318.97897395726204,12.805699064368007,701.3939862818481,729.8438972424221
280,E01,A1,A2,62.08126925262393,3.3093189995427217,104.26925300970527,109.83665649843795
280,E01,A2,A1,94.44095311275575,0.07990991581498658,156.12508283958473,156.26154282769446
280,E02,A1,A3,4.730512292149135e-18,8.428195825734404e-16,7.974256560339539e-18,1.4404128704987018e-15
280,E02,A3,A1,38.572261512157425,0.7921280992120735,64.93616943513453,66.27586919151311
280,E03,A4,A2,967.7934906982673,27.403093340208862,1546.3947309653663,1590.5148726823882
280,E04,A2,A5,351.04970848677766,4.218999682604592,549.2226808947111,555.5874454949537
280,E04,A5,A2,24.611783895758514,1.616286875297635,337.48139423203094,360.0840675871011
280,E05,A4,A3,4380.79224861598,73.89945874499084,7023.857499457672,7142.839455848521
280,E06,A3,A6,2.130316056063509e-15,8.37709349161132e-17,3.4992211708745547e-15,1.9350747611463467e-15
280,E06,A6,A3,90.46047735787548,2.2041885840603777,181.2471772410703,185.66023375835277
280,E07,A4,A6,2.413453061638684e-15,0.0,3.827519440893192e-15,2.024699110340136e-16
280,E08,A5,A7,40.25902550392034,1.3260400706377848,315.405535854195,326.5038894407715
280,E09,A5,A8,9.801697996106125,0.44530687575535133,132.5438620167183,138.48009340539787
280,E10,A6,A8,777.2585816754729,22.217520265039685,1537.3225536064265,1581.1974819511527
280,E11,A7,A8,6.476958297294578e-17,0.0,7.316823643621028e-16,0.0
280,E11,A8,A7,322.86238127424957,12.306921790368358,711.0868782773226,737.9896807404992
281,E01,A1,A2,62.17954068122254,1.8924585168186345,104.22350407082979,107.39964041225221
281,E01,A2,A1,94.69428578041075,1.2261059991973005,156.15400951898175,158.23696766719905
281,E02,A1,A3,1.2896341632135556e-17,9.919930654582996e-17,2.1823696164487163e-17,1.9039439970040894e-16
281,E02,A3,A1,39.41887971690607,0.5682208800690393,66.38817315374422,67.34883406636817
281,E03,A4,A2,971.7627269658419,25.48235199145775,1552.0997083380491,1593.0629999021285
281,E04,A2,A5,349.25648586366964,10.477353128730533,546.8385701480887,563.7486394136406
281,E04,A5,A2,25.23468703028075,0.9437426538930768,342.8076600271337,355.5757904199894
281,E05,A4,A3,4383.168260698756,84.54652723128044,7026.252474703872,7160.637283273651
281,E06,A3,A6,0.0,6.0814214791150425e-19,0.0,1.0660363470008577e-18
281,E06,A6,A3,90.60359063223147,2.394697542158892,181.32251241306778,186.11303205681992
281,E07,A4,A6,6.796695656854445e-18,3.4532121465361995e-19,1.0851482123233804e-17,5.034742058255195e-18
281,E08,A5,A7,39.18415202374635,1.6295743388966015,311.96440309826625,322.5189495768466
281,E09,A5,A8,10.25501831259749,0.43355713747872915,134.58112415148636,140.3597980940347
281,E10,A6,A8,777.771113576932,24.686718881997034,1538.9458879997849,1587.7118747135814
281,E11,A7,A8,7.222187270483125e-20,3.789972811221481e-19,8.131971828586685e-19,5.1189865329728974e-18
281,E11,A8,A7,323.7914887544157,12.83476938392721,708.8508560448913,737.5576412701929
282,E01,A1,A2,62.52505198077222,3.294279471989236,105.03995425760463,110.57904756976305
282,E01,A2,A1,93.07279393354307,9.673505463224145e-10,153.66531925624406,153.66531925788905
282,E02,A1,A3,2.0027539443376335e-16,1.7883312598790793e-16,3.4075524906407526e-16,6.437131998458559e-16
282,E02,A3,A1,39.02196256828617,1.1674534774927028,65.40705800885222,67.38209483423134
282,E03,A4,A2,979.5745415928848,25.773924990089586,1561.4537285832344,1602.9700593414457
282,E04,A2,A5,349.6484060511041,8.036274110483781,546.0345101836789,558.7656224448592
282,E04,A5,A2,24.366882755554084,1.119199333316795,334.7816638120321,350.4888025859427
282,E05,A4,A3,4409.657205536649,76.93320627683632,7049.274754332979,7172.886243194418
282,E06,A3,A6,1.1448943974015608e-15,1.7342056158188696e-17,1.874396197319323e-15,7.62864839869147e-16
282,E06,A6,A3,92.78594020279154,2.141649100244178,186.23103003181384,190.53253446644078
282,E07,A4,A6,1.3208694715022907e-15,0.0,2.093126310824435e-15,3.7707747613392766e-16
282,E08,A5,A7,40.07598003857206,1.7495873316117998,313.45235040818255,324.4081170096358
282,E09,A5,A8,10.102640650813717,0.4390234980426579,133.98891314999946,139.87960452210604
282,E10,A6,A8,785.4215595737643,23.7793902251894,1556.0491258468012,1603.659559867518
282,E11,A7,A8,0.0,1.4021731538719766e-16,0.0,1.588329097222894e-15
282,E11,A8,A7,327.26594864262887,12.584826291795997,716.2995845136062,744.4640598824891
283,E01,A1,A2,62.21568320383783,1.935816432141525,104.34335403047986,107.6227738055776
283,E01,A2,A1,93.40044307014935,1.3521076374194956,153.53127412147535,155.83600954596415
283,E02,A1,A3,4.856122314516523e-15,3.3273447908446783e-17,8.256543801367677e-15,7.415531901265345e-15
283,E02,A3,A1,38.99110914296596,0.8411442636540479,65.6953377075078,67.11871024702592
283,E03,A4,A2,974.1733937584795,25.416304013659545,1554.9236543645443,1595.8230176752795
283,E04,A2,A5,344.97631970935447,13.56333749859132,540.288776037736,561.2594455493634
283,E04,A5,A2,24.627428060028848,0.5760533505879718,340.5609742325021,348.3885065920375
283,E05,A4,A3,4376.8142809342535,72.69463949798897,7013.40690719338,7130.74129472226
283,E06,A3,A6,1.2911880922988034e-16,1.1043695218157641e-16,2.0952072461295799e-16,3.442602963280036e-16
283,E06,A6,A3,93.04443836908959,2.010836894324433,185.60240177088178,189.6154195451619
283,E07,A4,A6,3.2426063494020326e-16,0.0,5.159244222797163e-16,0.0
283,E08,A5,A7,40.34968043829483,1.2665958072586336,314.3286814879772,324.9096048046899
283,E09,A5,A8,9.89801741320718,0.42000103959090124,132.68882905459233,138.48272261287707
283,E10,A6,A8,780.4671761485328,23.403640995852545,1544.2743373532473,1590.9642141846166
283,E11,A7,A8,0.0,5.800485023460831e-16,0.0,6.432118154840338e-15
283,E11,A8,A7,323.8175727343132,13.006572181902518,710.0715940071628,738.8523614304668
284,E01,A1,A2,61.76137578210894,3.3227140995682047,103.5605676880021,109.1262379707745
284,E01,A2,A1,93.01612388251253,1.7873012274798944e-10,153.29475834111253,153.29475834140683
284,E02,A1,A3,1.7215914716753637e-16,1.074112934080862e-15,2.9414726899993703e-16,2.1207809632242516e-15
284,E02,A3,A1,38.92054055643863,0.7427470751558825,65.39542100961042,66.6683220449873
284,E03,A4,A2,964.5546418350569,25.087955424600924,1538.7658645278727,1579.0657202353614
284,E04,A2,A5,357.88273270436787,11.128411930369296,559.3267546957179,576.9038815851508
284,E04,A5,A2,25.160617777490316,0.8135453461072066,339.74765443574734,350.8235114206375
284,E05,A4,A3,4391.7606623702695,79.00185730208935,7032.3175301085175,7158.8493922418265
284,E06,A3,A6,0.0,1.930964610962492e-15,0.0,3.2171337679376194e-15
284,E06,A6,A3,91.60037451856401,2.0304981912307545,183.5489185608506,187.6196115749064
284,E07,A4,A6,1.4931586398865338e-16,0.0,2.361236286326515e-16,0.0
284,E08,A5,A7,40.86994486828899,1.9463933863028127,314.58163431629566,326.70028596463413
284,E09,A5,A8,10.324589680069618,0.46844341868089623,134.70799422714467,140.81120230050968
284,E10,A6,A8,777.2479990827843,23.191129334743255,1540.373851627327,1586.1131274204286
284,E11,A7,A8,0.0,6.348960230847112e-17,0.0,6.922637380228128e-16
284,E11,A8,A7,324.23185690350186,12.481094412120871,710.5421031403644,737.72680343969
285,E01,A1,A2,63.494433174477095,1.0606967868059443,106.41886559505306,108.21929157505437
285,E01,A2,A1,92.30308679056056,2.140344945889071,152.28201334081322,155.9151898614437
285,E02,A1,A3,7.001318707202157e-16,3.0193955669208067e-16,1.182247394915591e-15,1.4438421371037e-15
285,E02,A3,A1,39.472996271539074,0.8029533581880041,66.56778408276654,67.94138527296474
285,E03,A4,A2,962.0715639206594,27.98729564068705,1539.6385219692177,1584.5942089805883
285,E04,A2,A5,349.54824194056357,8.215580032276486,547.0274794101252,559.8974968463981
285,E04,A5,A2,24.05544702808936,1.1333965688412488,332.4988868171407,348.52821903773525
285,E05,A4,A3,4386.5500857425095,78.81056307204967,7046.985988207603,7174.516633258598
285,E06,A3,A6,5.053558225138129e-16,0.0,8.340252029114093e-16,1.8528506306835367e-16
285,E06,A6,A3,91.85369735471114,2.385373463396759,184.01263286839782,188.80570815443247
285,E07,A4,A6,7.055284982616827e-16,0.0,1.1239108381632222e-15,0.0
285,E08,A5,A7,39.4035224516773,2.033690931998952,315.12508111974745,326.32387062643056
285,E09,A5,A8,10.014479041945096,0.4277710240938107,135.30140433665306,141.14934272277745
285,E10,A6,A8,777.0551983843445,24.92287070520635,1540.3707455780686,1589.8774194818327
285,E11,A7,A8,0.0,4.53037039649775e-16,0.0,5.191785687362167e-15
285,E11,A8,A7,324.6501363601726,12.257326037316888,712.1366548996418,738.8280578508143
286,E01,A1,A2,63.12613720293837,2.9608012889258566,105.74081484538186,110.69209725466335
286,E01,A2,A1,91.54119472562496,0.45062412971448107,151.60814388283708,152.357154281915
286,E02,A1,A3,2.1366808383481177e-16,1.6127633993198022e-16,3.6894734225596267e-16,4.694989743232307e-16
286,E02,A3,A1,38.85916605483132,0.7887509668230217,65.23283270468548,66.55502436723158
286,E03,A4,A2,976.7126091490935,26.71070201521637,1556.582102981103,1599.5561133757549
286,E04,A2,A5,354.2179804128779,13.507395117789178,552.8853286115863,574.14347188484
286,E04,A5,A2,25.043575887589977,0.6313060111881156,347.0031689487887,355.85116359071975
286,E05,A4,A3,4409.458148011573,78.33994820751565,7056.734171317556,7182.972074355674
286,E06,A3,A6,0.0,3.574764712739197e-13,0.0,5.956653300749122e-13
286,E06,A6,A3,91.4880320247932,2.4614015376101666,183.3048521071189,188.2471454950698
286,E07,A4,A6,4.1109095508217033e-16,0.0,6.584882234655298e-16,1.339037286358132e-16
286,E08,A5,A7,40.555017607294374,1.27728173190116,310.53933992116333,321.74353727922846
286,E09,A5,A8,9.955192078626958,0.415611555547947,132.72033384689365,138.24791579899355
286,E10,A6,A8,779.0892684768875,23.096947335993022,1539.417922138793,1585.0382444248553
286,E11,A7,A8,0.0,2.6073356569109703e-18,0.0,3.034497137115614e-17
286,E11,A8,A7,324.14561178406143,11.818012243400526,709.3748557744008,736.0235209676407
287,E01,A1,A2,64.05076095555194,2.181978469008696,107.36944599722617,111.01506032299423
287,E01,A2,A1,92.7310311627484,1.114705257589849,152.77062908244164,154.66506169706702
287,E02,A1,A3,7.746090962451486e-16,2.9437288398871997e-16,1.2935209189894136e-15,1.0177677875430467e-15
287,E02,A3,A1,38.73600178161514,1.0935534466952417,65.53712302381781,67.39106882310789
287,E03,A4,A2,972.0957092227573,26.376030449249015,1553.9748363510882,1596.360751720177
287,E04,A2,A5,354.37434674940357,10.302596179375168,555.4928788751114,571.4369068672981
287,E04,A5,A2,24.160919014467275,0.8745012905253957,335.00629536422997,347.41956647457675
287,E05,A4,A3,4396.548443747188,78.03844430503551,7061.635152340951,7188.111319092462
287,E06,A3,A6,5.817550177172049e-17,5.005501670617184e-17,9.511582228128764e-17,1.2997700522191083e-16
287,E06,A6,A3,91.93429385176327,2.137924254034951,183.45127819555728,187.72394539473714
287,E07,A4,A6,3.016161705425702e-16,2.3503387841900736e-16,4.788110607504793e-16,6.117401464352327e-16
287,E08,A5,A7,41.453025707288845,0.9977709491103168,315.04621794023024,326.7771938094231
287,E09,A5,A8,10.176771978285506,0.4600873494697441,136.0630296407521,142.05229604385008
287,E10,A6,A8,769.9287292794791,22.70576578467948,1524.7172440733725,1569.7322808525491
287,E11,A7,A8,1.1244793582550232e-16,6.106123911347173e-18,1.241214136184959e-15,7.3582993405344e-17
287,E11,A8,A7,323.4871995841189,12.119455365225429,706.7103820158561,733.3645522947196
288,E01,A1,A2,61.736469733932154,2.4083139050913083,103.76359622130448,107.8153055893115
288,E01,A2,A1,94.5087948038583,1.0609049308361609,155.96745857209206,157.6804238026247
288,E02,A1,A3,7.385379174757389e-16,5.893913603448092e-17,1.2442180891895206e-15,4.3818368474334103e-16
288,E02,A3,A1,39.047798751746924,0.7168657771159009,65.49446311442276,66.7112494535991
288,E03,A4,A2,962.6398539310188,26.04853030954379,1537.2764449933168,1579.1803062897216
288,E04,A2,A5,348.4768594832022,10.255975093062627,545.5424671926706,562.0268949045679
288,E04,A5,A2,25.01950677819091,0.7984997183607687,343.95467129696067,355.10194305130767
288,E05,A4,A3,4404.423023754404,76.15568527301511,7059.773142192815,7182.355986027122
288,E06,A3,A6,1.1967585714698725e-16,2.4394747258568164e-17,1.9637097936461427e-16,1.8218182170605173e-16
288,E06,A6,A3,92.8155531830813,2.089178644188319,185.87598873331532,190.06575748304704
288,E07,A4,A6,2.94093539620159e-16,8.760655791437041e-17,4.667457334170244e-16,2.977777951703504e-16
288,E08,A5,A7,41.07856316982328,1.004181864415976,317.693166865317,329.30091969942487
288,E09,A5,A8,9.998663628056915,0.46595333149090384,133.65556239215368,139.82389920664622
288,E10,A6,A8,785.8728384794314,22.68006042308356,1554.233143170396,1599.3939587918214
288,E11,A7,A8,0.0,4.502638742948455e-17,0.0,4.955359866529443e-16
288,E11,A8,A7,323.72918742759117,12.812353123898792,707.7528992355636,735.6315434077912
289,E01,A1,A2,62.65300353295424,2.4489681293127035,104.83023380519077,108.94314649770456
289,E01,A2,A1,93.90792550173092,1.0631395962421397,155.22797576212216,157.03329033736222
289,E02,A1,A3,0.0,6.762013936965106e-14,0.0,1.148175831279177e-13
289,E02,A3,A1,38.51897184546214,1.0321064013446777,64.82894664795685,66.54534520851564
289,E03,A4,A2,969.4590894211035,25.20309415044707,1550.628945525122,1591.0533514882154
289,E04,A2,A5,353.78536700770456,8.692994519780155,554.1972964386805,567.454464294238
289,E04,A5,A2,24.011008052013775,0.980137976148527,332.54368147329785,346.0827564646485
289,E05,A4,A3,4373.382462057909,85.68330907023162,7021.858909595669,7160.861435166059
289,E06,A3,A6,1.2889076247528412e-16,3.403077191438952e-17,2.1108819642869137e-16,1.4463761108771564e-16
289,E06,A6,A3,92.6580871596338,2.531920204002912,185.02114397267025,190.07519251906893
289,E07,A4,A6,2.5385664208905535e-16,0.0,4.0473666444732686e-16,0.0
289,E08,A5,A7,39.90881402735333,1.298742055899853,311.4367367315581,322.55591679297277
289,E09,A5,A8,9.938715352540093,0.4210935891528037,135.3190525105186,141.10101785593136
289,E10,A6,A8,780.5290112130185,24.569843080289946,1542.4949418279446,1591.0773520567377
289,E11,A7,A8,1.650307878975541e-17,2.560683364397325e-17,1.9229818565024354e-16,4.915911425449473e-16
289,E11,A8,A7,326.00725208737197,12.259828926872604,715.6703237447813,743.3016907385842
290,E01,A1,A2,62.791606878407904,1.413469690057859,105.20060641872425,107.56473770033446
290,E01,A2,A1,94.27687994438321,2.032388772177427,155.50693125700727,158.77367179256845
290,E02,A1,A3,0.0,3.858827964609127e-15,0.0,6.5396312680195835e-15
290,E02,A3,A1,38.631130630440246,1.2321060753904354,65.62602069694591,67.72464265819522
290,E03,A4,A2,968.422076101267,25.76942285609832,1547.5414850981797,1588.8739897375315
290,E04,A2,A5,348.717737302584,5.941557526781562,545.4989513457225,555.0307330129559
290,E04,A5,A2,24.881391193397448,1.2972513536923336,337.4155993550252,354.97800757471737
290,E05,A4,A3,4382.0443366554855,80.30061021654785,7041.477869394187,7170.633825641463
290,E06,A3,A6,3.848574264635434e-15,3.256784438896899e-15,6.432813270105224e-15,1.1971649906355421e-14
290,E06,A6,A3,92.49972353854345,2.0957469181620905,185.73517129247807,189.94905571299932
290,E07,A4,A6,3.660789803090073e-15,2.437470637771156e-15,5.858626615528176e-15,9.810921267205949e-15
290,E08,A5,A7,39.98547715270487,1.0956417991564458,315.6744548919161,326.7591459715157
290,E09,A5,A8,10.16143619059727,0.4227468842643324,135.18110350194604,140.80049914321893
290,E10,A6,A8,783.4592255319017,22.19270163284551,1549.6753846648378,1593.7419407888028
290,E11,A7,A8,8.998192428980535e-17,0.0,1.011186006230528e-15,5.676587107902978e-16
290,E11,A8,A7,323.0726032371157,12.722694871789493,709.2732722044229,737.0202447381046
291,E01,A1,A2,62.70470072746717,1.5035930723660147,105.19630270735593,107.71764407579104
291,E01,A2,A1,94.18993298823834,1.5002919898835434,154.89227568295922,157.43414731583314
291,E02,A1,A3,4.858803052580051e-17,0.0,8.277728145874818e-17,2.4308418167594567e-19
291,E02,A3,A1,39.16078447968802,0.7767775560449579,65.972106058488,67.27957167395215
291,E03,A4,A2,970.183049215672,25.72124871261305,1550.0502247180457,1591.1208086861757
291,E04,A2,A5,351.39100533793464,14.227222239073662,550.335122810939,572.1959832289451
291,E04,A5,A2,25.302880292616674,0.5389296440379793,345.82271303228015,352.9426566165516
291,E05,A4,A3,4366.85349026472,75.9336082359544,7005.709032874235,7127.9256383471775
291,E06,A3,A6,4.843135050163819e-17,5.67053436024472e-17,7.886448380756382e-17,1.4793720489573734e-16
291,E06,A6,A3,92.77922020371369,2.1419086582509332,186.11597124800534,190.4164075724743
291,E07,A4,A6,1.3354103580580614e-16,0.0,2.123379066211598e-16,0.0
291,E08,A5,A7,40.25981766538854,1.597402565397655,314.27472373014984,326.2854792371981
291,E09,A5,A8,10.161231166460137,0.4366757398505638,134.68934564536622,140.52695259036938
291,E10,A6,A8,775.9250735878542,23.311892448796804,1534.69392887074,1581.012897784116
291,E11,A7,A8,0.0,9.56232748137464e-16,0.0,1.0830393139870529e-14
291,E11,A8,A7,321.5834548032825,12.968170087317658,709.6416295322845,737.8454159676608
292,E01,A1,A2,62.28460034441987,2.189878249032247,104.31890149789112,107.9869142358165
292,E01,A2,A1,94.23646664961234,1.118259538983677,155.54777479243648,157.43777634345844
292,E02,A1,A3,1.31108161199417e-16,0.0,2.213289392568441e-16,0.0
292,E02,A3,A1,38.96299546228686,0.7179208221625764,65.50904647850723,66.76745261896193
292,E03,A4,A2,960.6297464237213,25.48418848325235,1534.596305348695,1575.4387567568383
292,E04,A2,A5,354.7902855280615,8.016379392736809,554.7820695839162,567.2125342702195
292,E04,A5,A2,24.38735662872055,1.2367269192558903,333.7996240893179,350.71984712511426
292,E05,A4,A3,4381.620895657004,77.81241137131596,7027.503337475337,7153.143400158431
292,E06,A3,A6,8.837611413140555e-16,9.858238368665782e-16,1.4983648828360948e-15,2.976858677031027e-15
292,E06,A6,A3,92.00828567604897,2.405365416352912,184.7768089324088,189.61353045114708
292,E07,A4,A6,8.761711206958236e-17,5.524017641792359e-17,1.3945353525713886e-16,1.6479807568027172e-16
292,E08,A5,A7,40.205217602752185,1.5139877651334472,315.2037906568062,327.3310947996322
292,E09,A5,A8,10.032827941907987,0.45604652212646035,133.89322999235486,139.98895810356063
292,E10,A6,A8,779.7073601299597,23.32495647041671,1545.8653273837344,1592.4236252983155
292,E11,A7,A8,0.0,1.126999958119335e-15,0.0,1.2544015749110972e-14
292,E11,A8,A7,325.5380581946588,12.354604906093712,714.0090026234116,741.1709746396504
293,E01,A1,A2,62.160989544103195,1.606854036451215,104.15306353535712,106.88309995424908
293,E01,A2,A1,96.03397039359527,1.6715189093231124,157.9956186611945,160.73116251688543
293,E02,A1,A3,0.0,0.0,0.0,0.0
293,E02,A3,A1,39.034185106986925,1.001428292542255,65.94938457815446,67.60312067461481
293,E03,A4,A2,973.6076217190973,25.785673110951965,1554.5262497891792,1595.8778535818565
293,E04,A2,A5,353.2236498511123,7.67273444190009,553.3528369487746,565.2485296174005
293,E04,A5,A2,24.688867597702668,1.252660334052407,332.6228572326713,349.57137100842954
293,E05,A4,A3,4385.963587711328,79.65311195651775,7032.862949626638,7161.309638982673
293,E06,A3,A6,0.0,1.0199342489565123e-17,0.0,1.6780889679168164e-17
293,E06,A6,A3,92.11560284778119,1.9781673741921342,185.04002723564037,189.00747364916336
293,E07,A4,A6,3.702043851366041e-18,7.8015369381848e-18,5.8930762923558705e-18,1.8316956621145147e-17
293,E08,A5,A7,40.77247371989004,1.1401689560491353,316.46816749173547,327.1605866526744
293,E09,A5,A8,10.17750562448176,0.46076404051055264,134.9011795693266,141.04897814330698
293,E10,A6,A8,781.236516863876,23.129528794362326,1548.9429877943837,1594.916711624901
293,E11,A7,A8,1.6814832393747433e-16,2.0014544947170544e-16,1.9236281116952585e-15,3.5606865757551905e-15
293,E11,A8,A7,327.38755548409824,12.579788516685369,719.1295535874199,746.9549977090587
294,E01,A1,A2,64.94951640653613,0.7205836834751488,108.8432707936081,110.07402785575619
294,E01,A2,A1,92.51964580611306,2.6427100797331824,153.09272163912277,157.41037688186697
294,E02,A1,A3,0.0,0.0,0.0,0.0
294,E02,A3,A1,38.937015108881546,0.7632077094971804,65.61203293649666,66.92029443023829
294,E03,A4,A2,962.5476233068418,26.268955585444534,1538.1947301677749,1580.386799180969
294,E04,A2,A5,352.7860129310874,7.526619255707767,552.8222830047648,564.2498143690418
294,E04,A5,A2,24.39915877180642,1.3534784509539097,340.1025763484696,359.1780741920937
294,E05,A4,A3,4390.471595776795,77.39245388209861,7046.168897715043,7171.406526248926
294,E06,A3,A6,1.4197657514985364e-16,1.5176529223676107e-16,2.327695150575698e-16,4.61344746082235e-16
294,E06,A6,A3,92.20626588601327,2.31942776276152,185.25178506117476,189.92722697602125
294,E07,A4,A6,4.073691374224505e-16,0.0,6.487749759412788e-16,0.0
294,E08,A5,A7,40.52782531431576,1.2415614955852436,317.4950645534358,328.50169405398634
294,E09,A5,A8,9.911543732832047,0.42759110181259774,134.56760931849988,140.33043661088283
294,E10,A6,A8,777.870721602048,22.994010513337496,1537.8920168935017,1583.7101036557765
294,E11,A7,A8,4.21243994159142e-17,7.571061836872943e-18,4.747538840422255e-16,4.472968534442379e-16
294,E11,A8,A7,322.15205363379295,12.106144162175001,706.7660370865565,733.3632006782905
295,E01,A1,A2,62.36407316211485,2.360655962558781,104.55142191547108,108.562553827166
295,E01,A2,A1,93.40443200898457,1.1220677974743005,154.2579630702105,156.14909545899678
295,E02,A1,A3,0.0,3.1500474437655107e-16,0.0,5.345351630115373e-16
295,E02,A3,A1,38.773924181528216,0.8654289208911714,65.19850665210734,66.68236541819104
295,E03,A4,A2,972.6524297030643,25.73020535613084,1550.9452124361826,1592.2197134851604
295,E04,A2,A5,350.4258688640822,14.189823337465558,549.7944625091051,571.7218883825024
295,E04,A5,A2,24.026796565825027,0.5194200061667191,331.89521828352724,339.05930636373176
295,E05,A4,A3,4404.7938465989655,79.73376824586902,7051.938708365321,7180.539443062421
295,E06,A3,A6,3.179957497321132e-17,7.956821161958924e-18,5.2019701438413465e-17,3.493501330829895e-17
295,E06,A6,A3,94.32645502222455,2.5173366662982524,188.7595292895266,193.78002224416252
295,E07,A4,A6,8.372531752565589e-17,0.0,1.327180762480371e-16,0.0
295,E08,A5,A7,40.496124787663895,2.2324650740613348,314.1875180334409,325.9413737896008
295,E09,A5,A8,9.77983694466306,0.42708155654909863,132.51580661335544,138.28808711535598
295,E10,A6,A8,777.634185962869,23.9405805104049,1538.2536001819435,1585.6683684589675
295,E11,A7,A8,0.0,0.0,0.0,0.0
295,E11,A8,A7,325.6409108698188,12.219028930010838,711.7009393167237,738.8242386908937
296,E01,A1,A2,62.83757508232792,1.1567754878252212,105.51677588628868,107.46910279742227
296,E01,A2,A1,91.99898210075375,2.465422034481262,151.85868828724873,156.0630225234941
296,E02,A1,A3,8.929534911057788e-17,4.981584964363606e-19,1.5177723797967688e-16,1.1554481045735298e-16
296,E02,A3,A1,39.018418722279456,0.881035793665857,65.70395341366162,67.21567071949676
296,E03,A4,A2,972.1970333248888,24.62376071047474,1553.3958787483307,1592.884737232122
296,E04,A2,A5,352.47697337508197,6.984253352711155,553.4290576675073,564.0772503544135
296,E04,A5,A2,24.592790832468147,1.3275005456353035,338.0284590986471,356.490510911633
296,E05,A4,A3,4361.323219798056,83.65633988893215,6999.650667771082,7135.835857178638
296,E06,A3,A6,3.713320623722328e-17,9.365418213937851e-18,6.069308250848328e-17,5.616688370437574e-17
296,E06,A6,A3,92.72631874088793,1.8081162692924586,186.45486380449668,190.09313035051218
296,E07,A4,A6,6.329128366605877e-17,0.0,1.0072220440351603e-16,0.0
296,E08,A5,A7,40.77032878112144,0.998588764126259,313.92538711130396,325.34094493237296
296,E09,A5,A8,9.988718344805475,0.4105196553140294,132.84104613085654,138.49573547703844
296,E10,A6,A8,782.8110253338886,22.529020225796785,1551.922100153568,1596.5320102353107
296,E11,A7,A8,4.7172750961816436e-17,1.3168428570545582e-16,5.388500706196486e-16,2.0403632975411226e-15
296,E11,A8,A7,324.2504254057057,12.238541771398081,711.6249924258757,738.7961296435365
297,E01,A1,A2,63.43272752969256,1.4865712829641893,106.44654130304339,108.96468921085037
297,E01,A2,A1,90.75871510316402,2.059253825625697,150.10009610201428,153.60141689688228
297,E02,A1,A3,0.0,1.2974134805777537e-15,0.0,2.205017674319298e-15
297,E02,A3,A1,39.223778347505565,0.7263653347453561,66.13009809955199,67.37025868460123
297,E03,A4,A2,971.6433125962246,26.03572650193338,1551.1569312986867,1592.824284136894
297,E04,A2,A5,351.20148875999257,9.991020968085508,549.7633500478091,564.871492452751
297,E04,A5,A2,24.77176886921444,1.0482057332553345,343.9808681373104,358.5953996865811
297,E05,A4,A3,4390.048460489592,74.93790456554092,7041.176225424501,7161.741202195813
297,E06,A3,A6,0.0,7.803539333450694e-15,0.0,1.3048289074554251e-14
297,E06,A6,A3,92.46136864956809,1.9957573340752834,185.01589205822296,189.00549254129265
297,E07,A4,A6,1.088228853428777e-15,0.0,1.7417552152495193e-15,0.0
297,E08,A5,A7,40.528396291833104,1.3921638153529634,315.60933476138507,327.19549819114934
297,E09,A5,A8,10.046819304179918,0.4355924594298783,135.160206023773,141.1023772954753
297,E10,A6,A8,780.2251078754165,24.21744247847824,1544.289017902449,1592.544743603967
297,E11,A7,A8,1.2761290878365863e-16,2.2122356738887378e-16,1.470081215310372e-15,3.966040757976237e-15
297,E11,A8,A7,327.1363193057363,12.849673620796867,714.677126676266,742.4658367106931
298,E01,A1,A2,63.26271322689654,1.6217756483119166,106.2062157588065,108.94911045287344
298,E01,A2,A1,92.22818413415176,1.79036264200057,152.39638524417694,155.38462978600847
298,E02,A1,A3,9.355242049674922e-15,0.0,1.5866933122530504e-14,0.0
298,E02,A3,A1,38.73059945343068,0.9275926335319205,65.03479220032449,66.57926212044808
298,E03,A4,A2,959.0722101541188,26.465215651223886,1529.796574457837,1572.443617916777
298,E04,A2,A5,354.2670842607774,3.4550097963060056,554.930577159696,560.2974336456133
298,E04,A5,A2,24.771628520544095,1.6634212030453919,337.35428028327584,360.0791687360754
298,E05,A4,A3,4407.2655882556965,82.48574324893251,7057.728301437369,7190.090612260641
298,E06,A3,A6,2.3922309888704005e-15,6.6799146757083135e-15,3.875268470789307e-15,1.469775444802191e-14
298,E06,A6,A3,91.23911203036687,2.2741519609800562,183.4032871254741,187.97608001572863
298,E07,A4,A6,1.5288468254756782e-15,2.3796809271378958e-15,2.4222920535526455e-15,5.923899151632601e-15
298,E08,A5,A7,41.30150721294509,1.2668462977125088,316.9245645471172,328.6514343067921
298,E09,A5,A8,10.358147781975614,0.44227984397624176,135.8988341241154,141.74417632871445
298,E10,A6,A8,776.7489453840747,22.549465035566406,1538.983451216155,1583.944472715394
298,E11,A7,A8,4.482387981624187e-18,1.2109318048729728e-17,4.9986079848093964e-17,1.8322810717166013e-16
298,E11,A8,A7,323.56453343049617,12.390113792509547,708.7906628546021,735.8313256503151
299,E01,A1,A2,62.65206225521907,1.7646095595003757,105.05924913472818,108.03009190435199
299,E01,A2,A1,93.00977842069318,1.5581209448079547,153.44496035439738,156.09730349152323
299,E02,A1,A3,1.4389392373425425e-16,0.0,2.41994665971166e-16,2.5547592221246865e-17
299,E02,A3,A1,38.7364551210928,0.7774576510160097,65.41795126320434,66.71739552922433
299,E03,A4,A2,970.3218886696773,24.37793718219599,1550.2921880876916,1589.5932964485537
299,E04,A2,A5,353.68510929264534,5.963673711872416,552.9968474829707,562.3768070264939
299,E04,A5,A2,24.809503460329637,1.4036375912331724,331.71106702870486,350.3956830817319
299,E05,A4,A3,4386.641868081647,76.78902601782929,7038.674847168096,7161.8493744188845
299,E06,A3,A6,3.87784094489084e-16,9.085212373428072e-16,6.531352409203299e-16,2.183335281783105e-15
299,E06,A6,A3,92.22510544498701,2.1814719464516603,184.89395701010895,189.26547461224465
299,E07,A4,A6,1.8785062738358456e-16,3.782001758270209e-16,3.0304534678138195e-16,9.131673625159676e-16
299,E08,A5,A7,40.546601317492545,0.939287887319391,316.09455005310474,327.41896858466947
299,E09,A5,A8,10.308388779738276,0.413856858239716,134.9684464333851,140.38052748917852
299,E10,A6,A8,783.7854891975084,22.37518792277337,1550.3481843965217,1594.9183348926913
299,E11,A7,A8,6.864402786301903e-17,0.0,7.772523933165573e-16,1.0547634039160105e-16
299,E11,A8,A7,323.58877389367524,12.629921551417269,709.1204946860597,736.5640150011659
300,E01,A1,A2,61.88817138075528,1.113864842413648,103.91797253410473,105.80662984496425
300,E01,A2,A1,91.45845885401476,2.2052113839559735,151.1768426169485,154.92070825957728
300,E02,A1,A3,0.0,2.9343635330559284e-15,0.0,4.988362441273644e-15
300,E02,A3,A1,38.87839279753391,0.5147085082328662,65.5826925466336,66.46870684447563
300,E03,A4,A2,968.6871240098482,24.83439143750325,1548.5096906412011,1588.236151015613
300,E04,A2,A5,352.3877500814816,12.744574899185382,551.9456718934055,571.6514161570598
300,E04,A5,A2,25.00288209599903,0.7325111170911563,341.6084027002701,351.72827299806147
300,E05,A4,A3,4386.740246646707,82.31653346732783,7041.553167390829,7174.90208093983
300,E06,A3,A6,1.3457177121132532e-16,1.8051230999776582e-16,2.1898005474048123e-16,5.133645539175251e-16
300,E06,A6,A3,92.15806354533996,2.675115860230198,185.61056209386618,190.9959433301126
300,E07,A4,A6,3.57376590613353e-16,0.0,5.685288333219562e-16,9.369598681632869e-17
300,E08,A5,A7,40.370431510929116,1.6507988727036367,314.7330125162634,325.67998673057104
300,E09,A5,A8,10.121002140364777,0.42578172420935345,133.7943970030574,139.29208700976227
300,E10,A6,A8,776.7373782953016,23.9864476899623,1538.4802075617986,1586.2679767019874
300,E11,A7,A8,0.0,1.5995756814944987e-16,0.0,1.7774212689090114e-15
300,E11,A8,A7,327.1217901063701,12.792889881312387,715.4048046430727,743.3060680335914
301,E01,A1,A2,62.42049369961761,1.2522386353556831,104.56817718679495,106.69088188621225
301,E01,A2,A1,94.01572694790136,2.0405798601995673,154.98313978919174,158.26565896315168
301,E02,A1,A3,0.0,0.0,0.0,0.0
301,E02,A3,A1,38.956231283826355,0.7919785238384027,65.56143024521411,66.9256598397683
301,E03,A4,A2,978.8070335560332,25.20422113175054,1562.1719922873224,1602.6552521732713
301,E04,A2,A5,347.3871324926074,11.004760833435748,544.4249639540573,561.8069771333808
301,E04,A5,A2,24.9304638886202,0.793119996881154,336.38480414416176,346.81768349291224
301,E05,A4,A3,4391.22465025267,86.3070444346498,7035.5600652302155,7174.619065362094
301,E06,A3,A6,0.0,3.2675836674326643e-15,0.0,5.458919802760076e-15
301,E06,A6,A3,92.3944708234697,2.136644632878034,185.35919972527438,189.64062115458972
301,E07,A4,A6,9.369160015891605e-17,0.0,1.4885617522718653e-16,2.424930284402758e-17
301,E08,A5,A7,39.85178757155112,1.3178579465075495,311.59449309854807,322.46641917574215
301,E09,A5,A8,10.059127865803575,0.4228209378676179,132.69514327330828,138.28615741085164
301,E10,A6,A8,786.2921031076761,24.459663943675107,1556.2098030432207,1604.6039570004236
301,E11,A7,A8,0.0,1.0252351146436447e-14,0.0,1.1284849677345662e-13
301,E11,A8,A7,327.4567239092404,12.087449281699017,714.9981913638312,742.5164103725356
302,E01,A1,A2,63.244150024343156,0.49920198810086347,106.17188389575263,107.0297671917939
302,E01,A2,A1,92.65982321829392,2.6930992147760073,153.37323192084017,157.78070790052703
302,E02,A1,A3,1.8373047774028412e-16,1.7543766712137105e-16,3.1191365767232347e-16,6.029563070536821e-16
302,E02,A3,A1,38.97919405071864,0.6380981452347324,65.62313489639337,66.68890195976839
302,E03,A4,A2,971.1996766197753,26.89428901009366,1554.2441986588424,1597.525862262535
302,E04,A2,A5,352.3606014155673,4.720020038989117,551.2707127977002,558.4932822343567
302,E04,A5,A2,24.386573620753623,1.6307207570462534,335.9963955906212,358.82690852377164
302,E05,A4,A3,4365.636759515237,74.13543462704206,7011.557006658754,7131.247589501621
302,E06,A3,A6,0.0,1.8747044497181502e-14,0.0,3.136452581043619e-14
302,E06,A6,A3,92.75344942071033,2.511069058250226,185.57467224231505,190.59746133392798
302,E07,A4,A6,2.324635901416223e-16,0.0,3.7370611891734887e-16,0.0
302,E08,A5,A7,40.175958704777265,1.1558897448631391,310.22129621552864,321.4127820497499
302,E09,A5,A8,10.117472250027285,0.42254764838004943,134.82488901759965,140.6387889565152
302,E10,A6,A8,776.5241419222037,23.49834682096174,1538.2478632987732,1584.7943206314103
302,E11,A7,A8,1.3614934074519021e-17,0.0,1.5482229132209932e-16,7.985921020584856e-18
302,E11,A8,A7,324.59518833434424,11.865260319649229,710.2811509115966,736.8397267988965
303,E01,A1,A2,62.33846043062901,1.9506877781430831,104.60136675086034,107.86361838713401
303,E01,A2,A1,94.00123096974679,1.4463676591769035,154.923522160093,157.38809873838858
303,E02,A1,A3,0.0,0.0,0.0,0.0
303,E02,A3,A1,38.47058237330816,1.1082906889956479,64.68738121835183,66.56804485245482
303,E03,A4,A2,974.5879086332732,27.969553246855597,1556.4750732380592,1601.4871532217326
303,E04,A2,A5,351.560824524841,6.70367210684062,550.8880640988883,561.2607763271423
303,E04,A5,A2,24.728262549146717,1.2733872433999651,342.0538267567223,359.9765556558274
303,E05,A4,A3,4381.645925656827,73.56565012621999,7019.930112999317,7137.765815250837
303,E06,A3,A6,2.9970563360140453e-16,6.729177957291679e-16,5.124111957704726e-16,1.6590808362342839e-15
303,E06,A6,A3,92.23519140988073,2.0625442951516506,184.6374369829968,188.76596066371656
303,E07,A4,A6,1.613946302360771e-16,4.812786699572862e-16,2.591101718307954e-16,1.0307031514120466e-15
303,E08,A5,A7,39.745162702693094,1.8920128557156324,312.49945559715826,323.90524416856016
303,E09,A5,A8,10.071954836086354,0.4386838887979349,134.2879296206968,140.11314059467313
303,E10,A6,A8,784.0737434616797,23.053872740865373,1553.949039171512,1599.5275964538894
303,E11,A7,A8,0.0,1.9721878466197247e-17,0.0,2.1912075648995375e-16
303,E11,A8,A7,322.76284669729773,12.686386057386104,709.1506308537412,736.7808728304701
304,E01,A1,A2,62.213451616318224,3.3652941400036163,104.1162297538863,109.76037091185951
304,E01,A2,A1,95.82526790204372,8.592238428870908e-09,158.46272966692072,158.46272968130756
304,E02,A1,A3,8.533868303117823e-15,2.017787523044071e-14,1.44783384683412e-14,4.8714836286052004e-14
304,E02,A3,A1,39.50219362032537,0.6539598920652157,66.51841050044777,67.61783077139191
304,E03,A4,A2,969.9641362163862,23.545988870917963,1548.8343713121624,1586.666857009715
304,E04,A2,A5,352.8350947511936,10.24189260713259,551.9066170451174,567.7815296565178
304,E04,A5,A2,24.35284817968776,0.9956529914684482,333.8362149054691,347.28662480518864
304,E05,A4,A3,4368.229331707591,78.59030393591009,7002.928621746961,7128.753693190122
304,E06,A3,A6,1.3433141518462472e-14,2.725730088781813e-14,2.247558297721927e-14,6.80895479008511e-14
304,E06,A6,A3,92.29791760522937,2.007172543806778,184.62433022297282,188.64651058656568
304,E07,A4,A6,1.6705024723000175e-14,3.423320940175593e-14,2.677229575723533e-14,8.164255411824427e-14
304,E08,A5,A7,39.88478250340532,1.6690432930365775,313.3856888535548,325.1158623672227
304,E09,A5,A8,9.963623618992898,0.4205843788878548,133.95089777836753,139.72057130084102
304,E10,A6,A8,786.2103328230136,22.961477223550368,1555.6994509333044,1600.8269707891836
304,E11,A7,A8,1.4344792854649656e-15,9.653096402309974e-16,1.6088087232105094e-14,2.6892278107657362e-14
304,E11,A8,A7,325.80052594301,12.313526776259131,713.3858200667086,740.0514388764313
305,E01,A1,A2,62.145007081228755,2.114621241791205,104.02124256491538,107.57674942686785
305,E01,A2,A1,95.56576617052924,1.421288500413387,157.80524986544503,160.22309995940444
305,E02,A1,A3,1.1139825400714922e-16,1.4048902650580935e-15,1.8684817744750621e-16,2.5719314639764574e-15
305,E02,A3,A1,38.7307406551998,0.720264631935628,65.02802378524078,66.21359137899977
305,E03,A4,A2,972.5317518808974,24.825302044004424,1554.3371149190461,1594.1303585948533
305,E04,A2,A5,348.97907915479436,12.63944224616327,545.5128556525974,565.232496664783
305,E04,A5,A2,24.52997228041885,0.6592029582864678,336.35353227038706,345.32064818190236
305,E05,A4,A3,4388.9347281620485,80.16251502221048,7040.080943169596,7169.070906278098
305,E06,A3,A6,8.60551161453758e-17,1.9028086051150817e-18,1.4022544981006154e-16,4.7139904959912534e-17
305,E06,A6,A3,93.71361595918884,2.448350324107538,186.68559803203448,191.55956659421452
305,E07,A4,A6,4.013935377097989e-16,0.0,6.388591533716856e-16,0.0
305,E08,A5,A7,41.20484421034833,1.1843368759930872,316.85853399629883,328.18926608604255
305,E09,A5,A8,10.224566786929854,0.4235093699660563,135.94360894674156,141.58148770866623
305,E10,A6,A8,777.8671695953997,23.26639258160845,1538.1143861731723,1584.3489681732658
305,E11,A7,A8,7.810255215119455e-16,0.0,8.878185643125611e-15,2.0190271804634326e-15
305,E11,A8,A7,324.68342797168714,11.269504722581887,709.9275262497118,735.0896272309382
306,E01,A1,A2,64.34513066452897,1.0427248268645686,107.89178677494581,109.65408151754218
306,E01,A2,A1,95.34831764468491,2.421476094796658,156.85013620943218,160.80602783706087
306,E02,A1,A3,0.0,3.1393312225825344e-15,0.0,5.3309723217091534e-15
306,E02,A3,A1,38.997354441355604,0.7948718974674749,65.67771457773675,67.02406341002668
306,E03,A4,A2,971.6562665656352,25.754858931727387,1552.5064610339484,1593.8829346353043
306,E04,A2,A5,351.85558797492365,12.33131818305337,549.0176686033228,568.3617978858944
306,E04,A5,A2,24.835347689048437,0.7308614857792656,340.1126528469369,350.1237303155637
306,E05,A4,A3,4388.353220975452,80.04346662325815,7039.380764324618,7167.750544794973
306,E06,A3,A6,1.2711742829307678e-16,0.0,2.1018020163255618e-16,0.0
306,E06,A6,A3,90.90169978230585,2.6771866985831627,182.7266886938815,188.11140587185042
306,E07,A4,A6,3.6487959904340015e-16,6.457932009897661e-16,5.843462469429261e-16,1.6227663466358796e-15
306,E08,A5,A7,39.58716347035449,1.5299589358066368,314.10334869237533,325.76904305611953
306,E09,A5,A8,10.04045238743074,0.42794230811887807,134.03128646598952,139.6984716674068
306,E10,A6,A8,779.3740359231939,24.312442726284324,1540.2667545651682,1588.4724605027075
306,E11,A7,A8,0.0,1.240163079029162e-16,0.0,1.3758218902247674e-15
306,E11,A8,A7,323.36408339498695,12.21559849659635,712.0333779690667,739.2016662120672
307,E01,A1,A2,62.45207106356888,1.7639810060660115,104.93886549746651,107.88782974029047
307,E01,A2,A1,93.4762898664948,1.4401824892446258,154.02052952501904,156.47742333842683
307,E02,A1,A3,1.0904513232067142e-13,5.120086075567921e-14,1.853261824121323e-13,2.7233869735027144e-13
307,E02,A3,A1,38.462775062191156,0.822779304052133,65.11238470910793,66.5590076884433
307,E03,A4,A2,973.4122746993871,26.797429981137135,1557.8881667559758,1600.8951920075583
307,E04,A2,A5,348.8467439588195,7.713962892748692,548.6221145020999,560.7214151969472
307,E04,A5,A2,24.862202354279958,1.2377082653693208,338.2063967367553,355.23388026327825
307,E05,A4,A3,4379.361470789277,74.68482881494629,7042.498055904289,7164.153042992439
307,E06,A3,A6,0.0,3.2369987454746834e-14,0.0,5.440390992491891e-14
307,E06,A6,A3,92.8340227413176,2.075586580647383,186.41795645122662,190.5893038897143
307,E07,A4,A6,3.8216993083136076e-16,4.768117941704135e-16,6.147920673333313e-16,1.201313188496681e-15
307,E08,A5,A7,40.753679412108774,1.4327564641029502,314.55558613312974,326.48564250307015
307,E09,A5,A8,10.244134240367337,0.43230789897919425,135.65203215520938,141.3727170855531
307,E10,A6,A8,783.1283677078778,23.982693887441254,1550.2522303969981,1597.7413160178246
307,E11,A7,A8,1.964046892004202e-17,1.9127926638039653e-17,2.2732567557564164e-16,4.499282735801047e-16
307,E11,A8,A7,323.69977515080836,12.68471980810518,709.2282504403662,737.4097061431773
308,E01,A1,A2,62.27625907171665,1.6516661047885255,104.27778753204024,107.0401408611537
308,E01,A2,A1,93.15297052041029,1.8115303602496367,153.9303300510695,156.84583233135822
308,E02,A1,A3,5.993176317140766e-16,1.8094969273971052e-16,1.0164213924612525e-15,1.3233066114865378e-15
308,E02,A3,A1,38.45337621666389,1.1212823324307966,65.08553754856588,66.93822925174683
308,E03,A4,A2,971.7720588159593,25.39042999950947,1554.5646043120776,1595.259870604228
308,E04,A2,A5,346.1148943263004,11.680663909248047,541.7801123988924,560.0001320672363
308,E04,A5,A2,24.552707827802404,0.6793900887143847,338.29303379296095,347.6725472199473
308,E05,A4,A3,4404.746294109656,85.14422111769143,7077.617674381039,7214.410229486187
308,E06,A3,A6,0.0,0.0,0.0,0.0
308,E06,A6,A3,92.48060492368765,2.4469745286862428,185.27111121219875,190.17325014866594
308,E07,A4,A6,1.158496781144216e-16,2.0623318221341302e-16,1.843795322014794e-16,5.125133969553896e-16
308,E08,A5,A7,39.703372966687446,1.4003843488859067,313.2233771259178,324.4980060666708
308,E09,A5,A8,9.888766435674745,0.41727623702474703,132.83307691176597,138.33466822437953
308,E10,A6,A8,773.7768065518823,23.362745673850526,1529.5781577866917,1576.1246901797858
308,E11,A7,A8,0.0,1.5362894218130401e-18,0.0,1.7831633762558733e-17
308,E11,A8,A7,323.46262086283866,11.889966541737532,707.8004164282745,733.7306307613479
309,E01,A1,A2,63.35481531634828,1.066119468816059,106.1297426909126,107.94321753113447
309,E01,A2,A1,92.66054005205139,2.4985076312775925,152.8515439393275,157.11459108544042
309,E02,A1,A3,2.464173082636175e-16,3.1047589045594437e-16,4.1971353090818896e-16,9.068212896144645e-16
309,E02,A3,A1,38.74861703548888,1.024159623757608,65.29909601417783,67.00192250123479
309,E03,A4,A2,976.9951715824295,26.329976512540355,1560.0808313297591,1602.293178961341
309,E04,A2,A5,349.5180511240098,10.177768586988332,548.7403529264897,564.3041883259606
309,E04,A5,A2,24.394616594571325,0.9322429064150926,340.0663318239442,353.1698224699913
309,E05,A4,A3,4386.46555591005,73.36043599107663,7033.3483368897005,7152.206383792707
309,E06,A3,A6,8.630318017737747e-17,8.755923349925953e-17,1.421320726797595e-16,2.5581345691117295e-16
309,E06,A6,A3,91.8888339193769,2.506910450420793,185.08371088258542,190.13444323838863
309,E07,A4,A6,1.9451798524801454e-16,3.8358492839766336e-19,3.1073019094330423e-16,1.556792391839015e-17
309,E08,A5,A7,39.415313562847324,1.2740591068023717,312.1547861479049,323.5024538740975
309,E09,A5,A8,9.982070415692213,0.4207635277393087,134.40903597754985,140.15863481480795
309,E10,A6,A8,774.8138987230615,22.263207742585983,1534.6747192732528,1579.2051120602414
309,E11,A7,A8,0.0,1.993352020938003e-16,0.0,2.208340840060341e-15
309,E11,A8,A7,328.4117680866828,12.411279307622573,718.8468795239678,746.6498184499593
310,E01,A1,A2,62.12783981919628,2.297449864118773,104.197290939395,108.09747059804867
310,E01,A2,A1,94.11527083301937,1.0270834845844172,155.60399820625787,157.31087387925658
310,E02,A1,A3,2.4243172029078506e-17,2.9527298874471055e-17,4.1221962925967724e-17,9.138547144531103e-17
310,E02,A3,A1,38.95130815817961,1.1400437690523992,65.50366533899572,67.46236893357084
310,E03,A4,A2,972.7448519373941,25.028694048564994,1552.1573443237714,1592.469028170682
310,E04,A2,A5,353.91898106080754,5.22669726650259,553.1062154245767,561.2216703221933
310,E04,A5,A2,24.445394146039735,1.6477169752190697,332.47018084453833,355.17593336498663
310,E05,A4,A3,4393.0502665618815,76.77206784757261,7037.2894582479,7160.631448325206
310,E06,A3,A6,0.0,0.0,0.0,0.0
310,E06,A6,A3,94.21089496291249,2.5334944258870635,188.38351969871474,193.46025544681123
310,E07,A4,A6,0.0,0.0,0.0,0.0
310,E08,A5,A7,40.07267505064398,1.5468301511603482,314.23404993920525,325.17631580824866
310,E09,A5,A8,9.902214604904865,0.4571784583307352,131.8564950218411,137.92325179985556
310,E10,A6,A8,780.0986188155948,22.980123772293375,1543.3984312316413,1589.2670387422909
310,E11,A7,A8,0.0,0.0,0.0,0.0
310,E11,A8,A7,321.39101486455274,11.768668229262062,705.5951363584934,731.3544277535425
311,E01,A1,A2,62.418402210170115,1.9117723674675098,104.75008191789749,107.95852147420513
311,E01,A2,A1,92.481740339368,1.610010126185658,152.570812879703,155.31057958668174
311,E02,A1,A3,1.0516170276832953e-16,1.7011388115477624e-16,1.7880782670339742e-16,4.678185906792638e-16
311,E02,A3,A1,38.294769432818995,0.8844995641071485,64.34010910399292,65.83508774923945
311,E03,A4,A2,969.1255085977004,26.640772839588326,1546.7548079103299,1589.464886852212
311,E04,A2,A5,349.5552069843076,7.728076266568886,547.1611215145352,558.924733000447
311,E04,A5,A2,24.092054225370347,1.1672574641026452,335.50718860044276,351.954029766086
311,E05,A4,A3,4391.123205423562,78.5076318503093,7031.909482692927,7157.067124837435
311,E06,A3,A6,5.425557436371964e-16,0.0,8.958128204558864e-16,3.0131436161879653e-16
311,E06,A6,A3,92.28570694112116,2.8340205803269884,185.1788967439037,190.8825044000253
311,E07,A4,A6,4.830422755264146e-16,0.0,7.69954456782108e-16,4.154980509491165e-19
311,E08,A5,A7,39.9585543975174,0.9057718322868226,314.609986838577,326.25268899531983
311,E09,A5,A8,10.002637968683915,0.42473286486430717,134.7818261986789,140.62892383348841
311,E10,A6,A8,785.0386438098271,23.005613535638872,1551.2503326997369,1596.6301464551118
311,E11,A7,A8,2.6600519283133366e-18,0.0,3.0907649384734276e-17,1.5039322576816605e-17
311,E11,A8,A7,322.8711411984701,12.616548307492728,705.969297419218,733.2114878307377
312,E01,A1,A2,63.731729054631,1.4989705498201917,106.80872028344555,109.34891848191616
312,E01,A2,A1,92.0260292059215,1.7782411356790286,151.95851489664932,154.97550853325737
312,E02,A1,A3,3.2872380095082084e-15,1.2212779274993355e-16,5.591459479943854e-15,2.854352883079598e-15
312,E02,A3,A1,39.468167349989024,0.9776845540521981,66.35492301490919,68.02622510471373
312,E03,A4,A2,971.9159439935434,25.325705680885502,1552.5699230222185,1593.4672156721012
312,E04,A2,A5,355.3282756629133,7.281254083052085,555.6301074010256,567.1733357962312
312,E04,A5,A2,24.345844783404072,1.3489371732632163,336.68353194365085,355.08589970306656
312,E05,A4,A3,4403.87737177432,81.99115061424735,7061.032007988109,7193.194012159696
312,E06,A3,A6,3.8942136407478425e-15,9.937585308905455e-15,6.55088862072754e-15,2.3268002914723014e-14
312,E06,A6,A3,93.32023525052341,2.165425735832047,186.88869233444345,191.22769141593932
312,E07,A4,A6,2.153296886159158e-15,4.115941722050695e-15,3.448254063934977e-15,1.0000602248022861e-14
312,E08,A5,A7,40.51718625595497,1.0934574163813555,314.1971977920828,325.55137834665595
312,E09,A5,A8,10.022485602205384,0.42539022119397263,134.75767758934654,140.5777994788386
312,E10,A6,A8,786.6250074403544,23.439659326252542,1555.672499820433,1602.1588623419125
312,E11,A7,A8,1.5794849603706796e-17,4.2802177975228344e-18,1.8128000692539804e-16,2.284338800782877e-16
312,E11,A8,A7,323.5582448547582,12.546062431429165,710.2731262182747,738.0978090258985
313,E01,A1,A2,62.96618173256874,2.9961607101879304,105.43952849212755,110.45634025874458
313,E01,A2,A1,92.70014858817082,0.4922092394947287,152.61498305408003,153.41467671235574
313,E02,A1,A3,0.0,0.0,0.0,0.0
313,E02,A3,A1,38.80745454876292,0.7218362021522368,65.48691151494563,66.68875292478002
313,E03,A4,A2,965.5481413313439,24.247300769248497,1542.510950096124,1581.6972753494363
313,E04,A2,A5,346.89308934801943,10.500402849519688,542.6290117185462,558.8763826365962
313,E04,A5,A2,24.279546350345882,0.9657876606533864,336.2471907181415,349.6588371136975
313,E05,A4,A3,4388.705367860079,76.19678899446525,7040.285935100081,7163.727259067442
313,E06,A3,A6,8.363137898197034e-16,8.565573248701342e-16,1.396950520476482e-15,2.6474595802297572e-15
313,E06,A6,A3,91.86853499367396,2.3433319185163555,183.7233351106023,188.40967091989424
313,E07,A4,A6,1.7833797325224797e-16,1.994186678731202e-16,2.861356626440284e-16,5.173496590554186e-16
313,E08,A5,A7,40.41744705124975,1.2447961472879494,315.8413643568037,326.9284420361185
313,E09,A5,A8,10.069269590119333,0.43799581486812034,132.8940777024156,138.65043465066734
313,E10,A6,A8,780.7966946071745,24.074386125532,1548.7562634099388,1596.715887130156
313,E11,A7,A8,0.0,4.773674781072631e-20,0.0,5.126090046395087e-19
313,E11,A8,A7,325.4531429940548,12.958616528312316,710.8152815377246,739.1740659853365
314,E01,A1,A2,64.03653504867606,1.0987527287692096,107.40892265703147,109.28320393632515
314,E01,A2,A1,92.55264835780844,2.4837844492496357,152.49596351041976,156.49764812379055
314,E02,A1,A3,4.317637552035793e-17,0.0,7.394399970363613e-17,0.0
314,E02,A3,A1,38.97784187571573,0.9512572603445454,65.63236565581242,67.19456636810573
314,E03,A4,A2,975.1102957903845,22.831921703142303,1554.4904677093882,1591.209571992459
314,E04,A2,A5,344.1785502643808,9.987623246525487,538.6828648588302,553.7524070279864
314,E04,A5,A2,24.179574121984405,0.8683349697408373,334.39619385234107,346.39943769462707
314,E05,A4,A3,4418.3136397017815,78.21189788858361,7071.1617238002245,7196.234544434672
314,E06,A3,A6,0.0,3.2469511073123307e-13,0.0,5.407708414776189e-13
314,E06,A6,A3,92.0197310670974,2.2581528618473077,184.4483300076998,188.9612591768431
314,E07,A4,A6,1.2232637305652374e-15,1.0007685363915348e-16,1.951818097467006e-15,1.3097393682744437e-15
314,E08,A5,A7,39.92248132930241,1.7369321485063502,314.9271656379149,326.0428086687298
314,E09,A5,A8,10.024696075472226,0.42082061324762327,134.58453177231928,140.24779775986687
314,E10,A6,A8,779.1563201273523,23.186636136398985,1544.2613126948127,1590.3791787243053
314,E11,A7,A8,1.789719348943174e-17,7.234598367714086e-18,2.0023318387650126e-16,2.81577194244903e-16
314,E11,A8,A7,325.4648425127301,12.482893211455597,712.1530984408703,739.3546506403474
315,E01,A1,A2,63.25415435170916,2.796362346058583,106.15171747432264,110.82475966139566
315,E01,A2,A1,94.35293645177283,0.780339832180748,155.91930024487064,157.2518897106454
315,E02,A1,A3,0.0,1.444226771097513e-15,0.0,2.4546334194352734e-15
315,E02,A3,A1,39.08534401431219,0.8997082443927849,65.82796282851628,67.35855292295683
315,E03,A4,A2,965.6031265896552,25.519453047037132,1541.282327749324,1582.1091035902452
315,E04,A2,A5,350.7288736586372,6.756175706359419,547.7736385709043,558.3329753331102
315,E04,A5,A2,24.766286395077707,1.2589294428825564,338.77889314599776,356.16249805633913
315,E05,A4,A3,4384.6724919021635,88.48212485422462,7025.650368833597,7168.1492804128775
315,E06,A3,A6,0.0,0.0,0.0,0.0
315,E06,A6,A3,92.83735399861823,2.14253757494327,186.51501719790122,190.81662807315084
315,E07,A4,A6,3.8408719822682593e-16,1.236608270581599e-16,6.140948391195689e-16,7.972568086312299e-16
315,E08,A5,A7,39.7982842626053,1.8897948616520903,313.12502409806746,324.3630580382204
315,E09,A5,A8,10.058351196517672,0.43248706835059564,134.3339991239805,140.07481412580682
315,E10,A6,A8,783.1826165678945,22.2019997540023,1550.0805753677896,1594.1914766496222
315,E11,A7,A8,0.0,7.45949860465472e-18,0.0,8.207036618033758e-17
315,E11,A8,A7,325.3484711956163,12.164747732577865,714.3880542705875,741.4687243494018
316,E01,A1,A2,63.37789466450141,2.6420112359773613,106.28787224396122,110.73840321620884
316,E01,A2,A1,94.29098509972748,0.4891384978776892,155.12018909902986,155.91036183385017
316,E02,A1,A3,0.0,0.0,0.0,0.0
316,E02,A3,A1,38.65762885629759,1.2293159514809089,64.9512261823727,67.05039457927342
316,E03,A4,A2,974.4563450480707,25.844634981374785,1552.5369669717097,1594.1194049731507
316,E04,A2,A5,346.4136855681108,13.828858351439335,544.2564397275497,566.3213845899216
316,E04,A5,A2,24.795884712916056,0.4929100354253208,340.2709550024965,347.1363567294385
316,E05,A4,A3,4394.827826616375,80.33400094187692,7031.441749828532,7159.870747887242
316,E06,A3,A6,0.0,0.0,0.0,0.0
316,E06,A6,A3,92.20877297487223,2.3654273096292093,185.57345461399228,190.32280654537885
316,E07,A4,A6,1.0654926329628364e-17,4.876738127576294e-18,1.685434997035507e-17,1.2073922230354786e-17
316,E08,A5,A7,39.63007930102335,1.5854920885211872,315.02243494802167,326.7882713775202
316,E09,A5,A8,9.996429762640183,0.4490996507940951,134.48865711802102,140.5063295262347
316,E10,A6,A8,779.0910928171809,23.181804236014298,1541.5978374428414,1587.2930812404895
316,E11,A7,A8,0.0,2.60546560158771e-17,0.0,2.880390781755771e-16
316,E11,A8,A7,323.8217472374765,12.27987219516081,710.7516115114887,737.3716825015634
317,E01,A1,A2,63.67045586961832,1.2676424744214105,106.91244896774089,109.04079653267002
317,E01,A2,A1,93.2090973691631,2.3925380517128434,153.29314177586284,157.16255284329569
317,E02,A1,A3,1.0890380070632304e-16,1.319609445032584e-16,1.8466967317649813e-16,4.085567424529884e-16
317,E02,A3,A1,39.21426861960956,0.7658950465980011,66.05339074338785,67.37319264015971
317,E03,A4,A2,973.1716523149864,24.155546953499943,1552.427716944195,1591.2585496770175
317,E04,A2,A5,352.8385029115661,7.201122145244369,553.402562904409,564.5309196303785
317,E04,A5,A2,23.93777463145943,1.2825515028361871,337.1922597380604,355.1091578919932
317,E05,A4,A3,4376.345765933519,81.88018452511034,7010.117556632676,7141.983837577378
317,E06,A3,A6,6.242551801253424e-17,1.9721329677850846e-16,1.0267901117170795e-16,4.33074010463305e-16
317,E06,A6,A3,92.33482876505806,2.3572240851654396,184.89559126704654,189.61594128493527
317,E07,A4,A6,1.1325152056003626e-16,2.1498889964688362e-17,1.8051015801803097e-16,1.4553409094409377e-16
317,E08,A5,A7,39.5091865532646,2.0968296634056447,312.803656320012,324.1715899552868
317,E09,A5,A8,9.786335139739649,0.4083141688976323,134.32965547676693,139.99843021339177
317,E10,A6,A8,779.6316038159616,23.03642627269594,1540.0418609079854,1585.8205735095567
317,E11,A7,A8,4.2970064028580506e-18,1.3761044548204208e-17,4.7601466743352624e-17,1.9988403419583667e-16
317,E11,A8,A7,328.1833661349821,12.808486773815737,718.1133029692041,746.2395536286774
318,E01,A1,A2,63.51246392996812,1.1913867973615666,106.39696843366512,108.4097409864099
318,E01,A2,A1,91.933511396465,2.519361211685928,151.94128686868387,156.251459023321
318,E02,A1,A3,4.854311683944691e-16,2.904694293556376e-17,8.248339593357589e-16,6.714546876635091e-16
318,E02,A3,A1,39.357859968107704,0.8774430228789841,66.28370074553946,67.74747890501246
318,E03,A4,A2,965.8020733096602,25.81179875059177,1543.02439551429,1584.4239346623128
318,E04,A2,A5,347.47926296128617,12.090647130342532,541.8645592244864,560.7471753821401
318,E04,A5,A2,25.070292463483536,0.8092911248394903,347.0855774201683,358.4366858844273
318,E05,A4,A3,4389.5233492456755,74.2320152331613,7039.281140712331,7158.717826357596
318,E06,A3,A6,1.8726420233020611e-16,4.485333269724185e-15,3.0722080681128493e-16,7.809733537336795e-15
318,E06,A6,A3,91.89220498789648,2.3276458566902285,184.38225675563916,189.05431017952884
318,E07,A4,A6,2.718237038242252e-15,0.0,4.385884783500486e-15,1.2531240940324189e-15
318,E08,A5,A7,40.30703472380787,1.83657124182728,313.55403720766856,323.95728161818386
318,E09,A5,A8,9.984680850296321,0.4310214880680175,134.42881565116784,140.1739992064928
318,E10,A6,A8,781.3475022778053,22.56506386961988,1547.4433240587919,1591.978805490544
318,E11,A7,A8,0.0,0.0,0.0,0.0
318,E11,A8,A7,325.9742614408333,12.259660861563534,713.0370644914539,740.1404635172637
319,E01,A1,A2,62.454821646857894,2.073880207349306,104.74773500099542,108.25567522690139
319,E01,A2,A1,94.21602976642652,1.2315702878515755,155.0419606019683,157.09329992352107
319,E02,A1,A3,9.373602723019408e-16,2.1092406475410747e-17,1.6074013013170786e-15,1.0044181362888478e-15
319,E02,A3,A1,38.564719705597426,0.7994023417406964,64.93818550555032,66.33647004095185
319,E03,A4,A2,965.4236251104949,24.925245449243917,1542.4774521364186,1582.4424940602462
319,E04,A2,A5,346.20956080019914,8.014363891754194,541.8839703277187,554.5202058551938
319,E04,A5,A2,24.522804141539524,1.120529256428209,340.625540892725,356.21100083984913
319,E05,A4,A3,4373.238369959288,82.99728033478367,7014.364203867284,7149.509688555067
319,E06,A3,A6,4.20413373499752e-17,1.7380507843193506e-16,7.211023811965433e-17,3.5860993983562454e-16
319,E06,A6,A3,91.63478600454332,2.23878788633392,183.57366718351625,188.05521103420588
319,E07,A4,A6,2.1072557356859156e-15,1.5034286779724635e-15,3.3768417731939944e-15,5.796217828829011e-15
319,E08,A5,A7,40.02368537195944,0.914455143391963,314.12420728580884,325.16048772374984
319,E09,A5,A8,10.050089889602644,0.43486033576841976,135.67316296285438,141.46659454800877
319,E10,A6,A8,783.8106023436544,23.178767909500394,1551.509806847741,1597.892864352378
319,E11,A7,A8,6.937676198621148e-18,1.13169134551301e-17,8.348895178642082e-17,2.0664648512422566e-16
319,E11,A8,A7,325.6957868683494,11.863277132734025,713.839228737742,740.0549081537174
320,E01,A1,A2,62.675303303395324,1.3709968177081548,105.36810103188658,107.67867232810529
320,E01,A2,A1,93.61304570161724,1.84486896706613,154.5426019937995,157.71693365904687
320,E02,A1,A3,7.370306708972494e-16,9.486917495834449e-17,1.254684346204765e-15,1.4162907386902598e-15
320,E02,A3,A1,38.50228717946537,0.8805842427240648,65.11532544272985,66.59475633263017
320,E03,A4,A2,966.5929296459865,25.0082429820844,1547.0406139069273,1587.4690043911594
320,E04,A2,A5,350.0863941161666,10.619444492032645,549.2101331076377,565.9789222046878
320,E04,A5,A2,24.45477852079347,0.8697842967558194,336.7865823668814,348.88519699090875
320,E05,A4,A3,4410.299418088374,86.55292839688471,7090.797139676918,7231.144656104427
320,E06,A3,A6,1.0774371994247074e-16,1.812503070055015e-18,1.780106077836515e-16,5.782633540302199e-17
320,E06,A6,A3,91.48842889348873,2.3008302914438046,182.70169908038935,187.28898202904523
320,E07,A4,A6,2.0880746743095142e-16,0.0,3.322701266065241e-16,0.0
320,E08,A5,A7,39.48571900746733,1.8492794353891064,313.88313318896854,325.39000994017056
320,E09,A5,A8,9.933034431417852,0.3845021357812281,133.1854205727118,138.44108113193556
320,E10,A6,A8,780.7522980775598,23.391127110619102,1545.128294270491,1591.7479280440339
320,E11,A7,A8,1.4266046110686682e-17,3.747962082077452e-18,1.6469685701680792e-16,2.083072081285091e-16
320,E11,A8,A7,324.9076940748478,12.800699143727208,714.0823615947912,742.1408326745973
321,E01,A1,A2,62.02184513107733,2.983049233683414,103.93182518325183,108.95322037549488
321,E01,A2,A1,93.75666569330465,0.3750818634973136,155.67858159337305,156.28376258214394
321,E02,A1,A3,1.4179095345109e-16,3.144832810517213e-17,2.4043945890590556e-16,2.8937311482751032e-16
321,E02,A3,A1,38.88125737530173,0.9178825821252445,65.71905950411512,67.2948689207893
321,E03,A4,A2,964.2433450224822,25.589691991823607,1541.8079922181855,1583.1184869236326
321,E04,A2,A5,356.29400600795157,7.416140199241176,557.5521105342752,569.1577854321099
321,E04,A5,A2,24.85412255846805,1.3028455106971069,338.27678209487664,356.5734743258092
321,E05,A4,A3,4393.016797359894,80.60933505322899,7054.649946909626,7187.160760834885
321,E06,A3,A6,6.723720636304758e-17,7.620116152359164e-17,1.1145328139323453e-16,1.7608089300177069e-16
321,E06,A6,A3,91.87552502322083,1.9352577030596008,183.7840952799413,187.6510890756162
321,E07,A4,A6,1.186704107438865e-16,0.0,1.887414651211404e-16,0.0
321,E08,A5,A7,39.93092592475608,1.6268965603196242,312.9916777633311,323.8794513591113
321,E09,A5,A8,10.091115250957847,0.41965112382395253,133.691313623446,139.28362866784133
321,E10,A6,A8,776.7479581423281,23.539088515067217,1536.9218176708391,1583.812438314688
321,E11,A7,A8,1.7353426956827112e-17,4.486844889074411e-18,2.0669130753342726e-16,2.601564629115655e-16
321,E11,A8,A7,323.52837683166666,12.786552623667404,710.3090493777162,737.8660891850167
322,E01,A1,A2,62.491339948267964,1.6702793357981847,104.84358845948424,107.62769980470505
322,E01,A2,A1,92.80947593617162,2.0635578166053152,152.86214736478811,156.37167983374422
322,E02,A1,A3,0.0,4.4520488977329475e-15,0.0,7.550989840267116e-15
322,E02,A3,A1,39.25903444379698,0.5760472005812739,66.30453247698138,67.2849459163532
322,E03,A4,A2,968.4102900014141,23.599160306276293,1547.7860645806556,1585.8160224421506
322,E04,A2,A5,353.99050832335394,15.080656996803267,552.8899664144166,576.1891457548953
322,E04,A5,A2,25.117117200719704,0.48449077929396567,343.8863311094136,350.5503282565209
322,E05,A4,A3,4366.361983478719,84.22416339697422,7012.759657160077,7147.457622679254
322,E06,A3,A6,1.7648766706471742e-15,3.0069315366613196e-15,2.980064134751472e-15,8.021479918615136e-15
322,E06,A6,A3,92.38246676324233,2.5626007288458355,185.44822196016207,190.60327818482392
322,E07,A4,A6,2.916306504579095e-16,2.1300456119068101e-16,4.657926738166327e-16,5.763215660765757e-16
322,E08,A5,A7,39.89723797741366,1.3096242103567362,314.29207928924046,325.50413266539533
322,E09,A5,A8,9.980174346954627,0.4142648819141132,133.73376945480965,139.22111308641277
322,E10,A6,A8,782.7664763576879,23.94879817169423,1548.8324049257005,1596.456886491339
322,E11,A7,A8,2.254181468486187e-17,8.13228316974017e-18,2.51463277615333e-16,2.2017489335147109e-16
322,E11,A8,A7,327.6515413579913,12.288368340554227,716.3439630604502,743.1682081268721
323,E01,A1,A2,61.80955661873976,2.85251571634611,103.7260268220192,108.5392166029058
323,E01,A2,A1,92.95425919133385,0.4375148502234536,153.46017458641597,154.206208119125
323,E02,A1,A3,3.9604743309609467e-16,1.7689624465304922e-16,6.745712102234314e-16,9.259464620198709e-16
323,E02,A3,A1,38.92812695602663,0.8468898575026589,65.87295078482761,67.30571403193439
323,E03,A4,A2,959.807424803979,26.31128094402408,1535.8708976944836,1578.1791439134995
323,E04,A2,A5,350.1436955520033,10.831649375045718,547.3509314216764,564.478586003403
323,E04,A5,A2,25.102346232037426,0.8938613183999362,341.1640156335666,353.4188042091654
323,E05,A4,A3,4351.920608794689,82.03515338293863,6995.702563617193,7128.167847734162
323,E06,A3,A6,3.569674840644473e-16,8.874584542973692e-16,6.00284688734783e-16,2.0926551308189943e-15
323,E06,A6,A3,90.88930817552486,2.2446289517199016,182.3475165465805,186.83798740550372
323,E07,A4,A6,1.7870611482427222e-16,3.358176811578851e-16,2.8546906573085646e-16,8.130295207771711e-16
323,E08,A5,A7,40.231653558753784,1.879754638746477,313.93647620494033,325.2566941036116
323,E09,A5,A8,10.097838240942554,0.44521254187374126,133.93187683644837,139.8578327211547
323,E10,A6,A8,779.073183295459,22.733309977943176,1541.4269034753106,1586.229841714768
323,E11,A7,A8,0.0,1.1966467731892444e-18,0.0,1.3442650864635563e-17
323,E11,A8,A7,327.0501861691049,12.080025237658736,715.3822296277054,742.3362818870276
324,E01,A1,A2,62.96312475520804,0.6712895145866313,105.69491708531638,106.83060835599784
324,E01,A2,A1,92.11497002274926,2.502788760998722,151.74619105752663,155.93514131550802
324,E02,A1,A3,0.0,9.17336742980118e-17,0.0,1.5657522069914247e-16
324,E02,A3,A1,39.12220778957867,0.6799258743959086,65.91354183786619,67.03926138129441
324,E03,A4,A2,972.1324155831784,27.710073758549235,1552.560729966992,1597.262108114183
324,E04,A2,A5,350.57166896619196,12.77149717387227,550.6532365223796,570.3812756222737
324,E04,A5,A2,25.30247071077209,0.6392943386220421,341.3882807035269,349.908441096687
324,E05,A4,A3,4372.409117126894,76.74097255650625,7013.286605919578,7137.216867407698
324,E06,A3,A6,1.6753392567280664e-16,2.0270634460789837e-16,2.713765713245056e-16,5.543101528121496e-16
324,E06,A6,A3,92.72962818628123,1.7862791089760983,185.2313458669319,188.80568178330742
324,E07,A4,A6,1.2182045231659607e-16,0.0,1.941658136821401e-16,1.8441090527063785e-18
324,E08,A5,A7,40.6466407826347,1.645644622560026,316.8029257858426,327.7502454088235
324,E09,A5,A8,10.258576016286646,0.417340725616594,135.20482504186302,140.67783046307278
324,E10,A6,A8,776.6397863006656,22.87298837855771,1537.971588423546,1583.4713136174103
324,E11,A7,A8,0.0,1.418987181620671e-17,0.0,1.5875167694387947e-16
324,E11,A8,A7,323.6078796905304,12.00779989412814,710.7408983512905,737.3484544545286
325,E01,A1,A2,63.82942665988282,0.44951591646347083,107.34364914496022,108.11318429916608
325,E01,A2,A1,91.58573411401908,2.853429234658526,151.33772653271916,156.12523467620423
325,E02,A1,A3,0.0,8.698281515401708e-16,0.0,1.4791208097329322e-15
325,E02,A3,A1,38.65834465707651,1.0313644090859353,65.18326129255239,66.9400078007919
325,E03,A4,A2,969.1978619859092,23.68936108618299,1548.3709051111855,1586.5613549977145
325,E04,A2,A5,349.5620535332272,11.815701688257864,547.5298629587926,565.6153070810324
325,E04,A5,A2,24.384810768857314,0.7812532463554466,339.1895375835704,350.02660990316826
325,E05,A4,A3,4382.944054767698,85.2634261780762,7036.5226461229795,7175.804950074713
325,E06,A3,A6,4.102315489491594e-15,0.0,6.855767424097943e-15,6.667672782658045e-16
325,E06,A6,A3,92.93937420482146,2.483111911275208,186.19639969002895,191.16603658214336
325,E07,A4,A6,3.1979682059813867e-16,3.5853301284048285e-16,5.139632767075255e-16,9.023874915459417e-16
325,E08,A5,A7,39.858300994224734,1.929690331381492,314.93988815175436,326.1572710207853
325,E09,A5,A8,9.860039073994301,0.39387833682629175,134.22967618450855,139.49827971680585
325,E10,A6,A8,778.7571282905164,24.558207256760024,1541.2957383651146,1589.7578276467273
325,E11,A7,A8,0.0,8.761582497051468e-17,0.0,1.0400020600290407e-15
325,E11,A8,A7,325.76321037495615,11.766628712070963,713.433060864952,739.2207387324167
326,E01,A1,A2,61.63691399400015,1.4662358204330033,103.37198314403433,105.8469512378461
326,E01,A2,A1,94.22810473519394,1.8943773090257032,155.79520300812493,159.02466064822107
326,E02,A1,A3,2.898523165849877e-16,5.567921480614606e-16,4.882576102544197e-16,1.3543170051839275e-15
326,E02,A3,A1,39.13525478346693,0.985552028660166,65.84248331556627,67.50980334273022
326,E03,A4,A2,971.6353144362267,24.560824102522208,1548.6097549356232,1587.8883614836952
326,E04,A2,A5,348.5732928238949,14.247230779665987,545.7905833816557,568.1213892244003
326,E04,A5,A2,24.472814634882774,0.4353376756268427,334.5587074175745,340.5753462735072
326,E05,A4,A3,4378.39958819877,79.42984182548606,7005.387510758101,7132.553992012031
326,E06,A3,A6,6.880733918544503e-16,2.1739424545420325e-16,1.1347825755708708e-15,5.986326024831929e-16
326,E06,A6,A3,91.21814770033492,2.383950821053123,183.09927556049763,187.9197157601372
326,E07,A4,A6,9.205274207004407e-16,1.520882276364391e-17,1.4610430585590819e-15,7.501886393035284e-17
326,E08,A5,A7,39.79147440350062,1.409693207315754,314.10254192046096,325.26818502476993
326,E09,A5,A8,10.124920942737752,0.4427164265652206,134.46459481229678,140.36092628657795
326,E10,A6,A8,778.809347934362,23.93486537138965,1540.6716677877855,1588.1178431654882
326,E11,A7,A8,3.833201783249917e-16,0.0,4.426497471200489e-15,1.0010464342550929e-15
326,E11,A8,A7,325.9880310039527,11.771989806838272,712.3370507528946,738.4591318966709
327,E01,A1,A2,62.330783348831595,1.7894230714316832,104.64641388467263,107.68005953727534
327,E01,A2,A1,93.14030198685018,1.5596412161051183,153.65591756131522,156.22904908494723
327,E02,A1,A3,0.0,1.0753614748171972e-13,0.0,1.8239691986052178e-13
327,E02,A3,A1,39.62772762894094,0.5206502237249847,66.72350593694453,67.5969708189079
327,E03,A4,A2,978.1097432265932,25.54376033815181,1560.7617771914597,1601.7549873151975
327,E04,A2,A5,350.0824199014198,11.364734150169605,546.7002311464203,563.9144714634277
327,E04,A5,A2,24.51517255189064,0.9464018518624295,336.8241353933091,349.8541032368984
327,E05,A4,A3,4355.111671818272,80.58014883098902,6979.839187954625,7110.365537368341
327,E06,A3,A6,1.66112066732705e-14,3.127044447269501e-14,2.826213122001894e-14,8.151438810174456e-14
327,E06,A6,A3,92.66761283449378,1.9565836134832533,186.53051251178323,190.46971103362787
327,E07,A4,A6,1.202859365689642e-15,2.234022350808892e-15,1.9353787106366034e-15,5.415936491168131e-15
327,E08,A5,A7,40.206489218378465,1.2003698295867453,310.8464643647462,321.6706146513423
327,E09,A5,A8,10.06451736059505,0.4448642638954804,135.3914351578693,141.2637803862822
327,E10,A6,A8,778.0399506529977,22.35482906949037,1543.3864787187326,1587.9394977810946
327,E11,A7,A8,1.7706703844344232e-19,1.9390375922244674e-17,2.099882152207525e-18,2.229946114466311e-16
327,E11,A8,A7,326.32930256995735,12.675816449620102,716.8630740738226,744.5088942096788
328,E01,A1,A2,64.00722222157775,0.3597339427925025,107.47409497538513,108.08830361655302
328,E01,A2,A1,92.14497131768957,2.7988425216870767,152.08170824222697,156.84472625742745
328,E02,A1,A3,7.240921611858322e-16,0.0,1.227836091597408e-15,4.824818585101529e-16
328,E02,A3,A1,39.042775349761385,0.8106363805738905,65.86988074036785,67.24994388998307
328,E03,A4,A2,966.5891434511339,25.482226728675826,1543.9027835724185,1584.726902569198
328,E04,A2,A5,346.66454677490736,13.038905551935747,541.8911642800902,562.4561330396511
328,E04,A5,A2,25.156962708343546,0.690742347651907,343.067141650112,352.38029889501615
328,E05,A4,A3,4360.668780674287,77.58607554096436,6995.64933851204,7120.344047831512
328,E06,A3,A6,2.1250519780455948e-16,7.735745148230085e-18,3.4816876019124456e-16,1.1777597960002755e-16
328,E06,A6,A3,92.67215231154526,2.6572811598629396,185.89680170216405,191.2218099520844
328,E07,A4,A6,4.558345238885896e-16,0.0,7.257107019188529e-16,0.0
328,E08,A5,A7,39.41741888747882,2.5290075021233296,317.73970510231607,329.3990498578264
328,E09,A5,A8,10.179646086721975,0.4557797718003376,134.93061022401056,140.8933998666994
328,E10,A6,A8,781.7408367304234,22.461788170327186,1549.4197023933657,1593.9555021414794
328,E11,A7,A8,1.6932836547437388e-17,1.0435971783844715e-16,1.8676994306948139e-16,1.3590462213244461e-15
328,E11,A8,A7,325.0420988247815,12.071957098629728,712.4305799275778,739.3430840786253
329,E01,A1,A2,62.24968522944037,1.1455051424630018,104.69533302073096,106.63693180900282
329,E01,A2,A1,92.2029671673524,1.8750176520465236,152.3947502538948,155.5330578053114
329,E02,A1,A3,5.064785463977992e-15,0.0,8.645056730849384e-15,0.0
329,E02,A3,A1,38.53489975567153,0.7607631229830407,64.9056462045029,66.18353815588137
329,E03,A4,A2,962.158365831584,27.042864622160003,1536.388557909599,1579.8489209226784
329,E04,A2,A5,349.2486393573039,13.211522048513139,546.5345565203932,567.323451141881
329,E04,A5,A2,25.396671109764508,0.6223194546788264,340.47647206295363,348.85127087585784
329,E05,A4,A3,4378.598351153013,84.72745399627279,7017.691258554323,7154.293319810386
329,E06,A3,A6,2.0892557024881753e-15,4.553064732364118e-15,3.397424394682846e-15,1.0801349713102085e-14
329,E06,A6,A3,91.68356621117088,2.6154499099111277,183.72335404003576,188.96789152154213
329,E07,A4,A6,1.1154137944669413e-15,1.8397818617941803e-15,1.766173764282565e-15,4.526782673487183e-15
329,E08,A5,A7,40.15595407769437,0.9542317898693905,317.12739594558974,328.83383566301916
329,E09,A5,A8,10.198571175476369,0.430743019346303,134.72966303068674,140.44543695038894
329,E10,A6,A8,779.2702643861835,24.19322740460369,1541.4019448693934,1589.434996654852
329,E11,A7,A8,5.711442708068875e-18,5.574511601973098e-18,6.453118684663662e-17,1.2708418222947642e-16
329,E11,A8,A7,323.727224822176,12.032983575284998,710.6685658804893,737.1571886944761
330,E01,A1,A2,63.50785738032384,0.9409657908814433,106.72028716544443,108.31985913179534
330,E01,A2,A1,90.58155030882708,2.21909367695554,149.90488797658412,153.52553755076065
330,E02,A1,A3,6.209233548101666e-16,5.421927537749692e-17,1.0610521694413579e-15,5.504629805357114e-16
330,E02,A3,A1,38.27326329879603,1.3012567046554513,64.5525649657441,66.7533826862725
330,E03,A4,A2,977.7429708260673,25.10794185550415,1563.0341890930558,1603.3093867676462
330,E04,A2,A5,344.2734021727799,12.008215715676883,539.5515530017223,558.5137792484916
330,E04,A5,A2,25.51369345909557,0.6542872359542613,340.5095711268938,349.22516243190967
330,E05,A4,A3,4393.886797620673,74.91129889206461,7054.081139561673,7175.791853105729
330,E06,A3,A6,5.2107531826575044e-17,8.667161935734254e-16,8.550483809851216e-17,1.5353148891674137e-15
330,E06,A6,A3,91.65905597091158,2.3274004687353838,183.7849343170621,188.45861654913125
330,E07,A4,A6,1.646642319282542e-16,0.0,2.6220460214007093e-16,0.0
330,E08,A5,A7,40.14774151126268,1.2839615501069872,315.61100599900857,327.0192805286444
330,E09,A5,A8,10.204825295502108,0.4498581907765086,133.5685177526594,139.5096845708242
330,E10,A6,A8,776.565624164027,21.74472304165551,1538.6030518346895,1581.5752998833707
330,E11,A7,A8,9.38869392844929e-19,7.15262346916702e-18,1.092892381293368e-17,9.153294340104434e-17
330,E11,A8,A7,323.5435467888834,12.416153892018459,713.3099871204154,741.195016959496
331,E01,A1,A2,62.86362789928525,0.4953497330820487,105.2672123620051,106.11047716770342
331,E01,A2,A1,93.1620452928581,3.01247291778209,153.4351276695731,158.35985332608095
331,E02,A1,A3,0.0,5.217068807357485e-13,0.0,8.855186092146804e-13
331,E02,A3,A1,38.83573879053442,0.6083164594736291,65.40179880083124,66.4208316078721
331,E03,A4,A2,972.8497019078852,26.30103977717081,1551.5341082865414,1593.7050642664753
331,E04,A2,A5,353.8586180807389,9.161308664221536,552.8071506978495,566.8091802869104
331,E04,A5,A2,25.273897897230054,1.0784852097140303,338.497336301961,352.9615846783684
331,E05,A4,A3,4386.129467643799,84.34362564342987,7024.1678124097725,7160.361271574768
331,E06,A3,A6,0.0,5.0480168278725325e-14,0.0,8.423134351511855e-14
331,E06,A6,A3,93.25120850878292,1.9282603526456004,186.9619410677806,190.83555926365884
331,E07,A4,A6,1.8660588554311906e-16,6.041817757703038e-18,2.988825976420992e-16,8.887973869904598e-17
331,E08,A5,A7,41.676860500681016,1.0956665298343022,317.9187106213139,329.9238371352599
331,E09,A5,A8,10.397189861764959,0.41513284510527754,136.38485715890099,141.9504939033029
331,E10,A6,A8,782.5600757097734,23.634582308408753,1549.6936204649337,1596.4609633854786
331,E11,A7,A8,0.0,7.188718577474654e-18,0.0,8.248482990765798e-17
331,E11,A8,A7,324.42379764903535,12.917453679576397,709.9307215241643,737.8560864189357
332,E01,A1,A2,64.31666500578808,1.83384416373112,107.67218719444836,110.73662853547106
332,E01,A2,A1,93.39515655923717,1.609917733402585,154.21202336213491,156.79807164702527
332,E02,A1,A3,8.60893896535387e-16,0.0,1.4600710092988952e-15,0.0
332,E02,A3,A1,39.44655124490621,0.6248388099320661,66.49648554880827,67.55287599825145
332,E03,A4,A2,966.9727220446731,25.25857687619537,1543.810768273361,1584.5436745152235
332,E04,A2,A5,346.64359528602296,13.145710044680143,541.5290731463119,561.6230022096049
332,E04,A5,A2,24.356231774842765,0.6694203482100347,335.12042235704126,344.38801387230353
332,E05,A4,A3,4403.847314631702,77.10883075241888,7056.809026479594,7182.018891642986
332,E06,A3,A6,1.0862141875712278e-15,2.357049379463059e-15,1.804435981315378e-15,5.729795243640595e-15
332,E06,A6,A3,90.96191505515264,2.006099913982667,183.02201032922142,187.0527358051121
332,E07,A4,A6,5.038527928161816e-16,3.885231410687991e-16,8.061788317896018e-16,1.1055579865573766e-15
332,E08,A5,A7,40.39231339237831,0.9616563989717258,314.0175574613494,325.5033398256562
332,E09,A5,A8,10.153852055534944,0.44533280221149374,135.21434548989592,141.31642301010356
332,E10,A6,A8,778.7017318651931,23.223949401508328,1544.1033387092748,1590.447984231563
332,E11,A7,A8,0.0,3.1666745577181174e-17,0.0,3.64312382023625e-16
332,E11,A8,A7,321.9901490485288,11.707802185280105,707.5444281053328,733.4195735244955
333,E01,A1,A2,62.83934395436435,1.9474433101414343,105.6383423653174,108.93077500075606
333,E01,A2,A1,95.30362841682641,1.4746839174608621,157.23610062427963,159.63709788705484
333,E02,A1,A3,1.0824400064197022e-15,0.0,1.8358793644781873e-15,1.3616061953511032e-15
333,E02,A3,A1,39.076924686817385,0.6337091667395575,65.69425788484156,66.7673586063868
333,E03,A4,A2,961.9957443661215,26.210423294788832,1536.1472832937402,1578.2781467410261
333,E04,A2,A5,354.6524395375559,6.859202147060143,553.7207519223167,564.533910665931
333,E04,A5,A2,25.000921317956436,1.2927424355630794,341.8248541960432,359.6871276021627
333,E05,A4,A3,4419.536055152474,81.67447022188162,7084.328860768923,7215.811650961864
333,E06,A3,A6,3.001628769157438e-16,2.6768874256262762e-17,4.881136214681413e-16,2.2027170770006636e-16
333,E06,A6,A3,92.48733990308853,2.2998438480945547,184.83821531725306,189.43416978863996
333,E07,A4,A6,4.950352636283727e-16,0.0,7.8365122258299645e-16,8.550352049737786e-17
333,E08,A5,A7,40.48063189530544,0.9301814804873036,313.8266800147602,324.6938751167383
333,E09,A5,A8,10.090326501961524,0.44315536763587937,133.7582215938263,139.7366192507022
333,E10,A6,A8,774.0061960146069,22.734030920259826,1532.8781759938752,1577.895011139078
333,E11,A7,A8,5.9311999018419964e-18,6.706270938871376e-19,6.83469623982523e-17,7.246123846353214e-17
333,E11,A8,A7,320.13676629523184,11.13997643387075,704.392739908379,729.4556229624744
334,E01,A1,A2,61.62058583672592,2.676511671599525,103.49429032933344,108.01038269383169
334,E01,A2,A1,94.141383876185,0.7953640576873933,155.6106711336724,156.94147367045207
334,E02,A1,A3,1.9985526493528626e-16,4.52458082415073e-16,3.395882339624431e-16,1.1102256818344194e-15
334,E02,A3,A1,39.05761555768666,0.8011593672352361,65.66823996197023,66.97901243885696
334,E03,A4,A2,962.2658898467882,23.518215342000058,1536.2001653437262,1574.1598600810682
334,E04,A2,A5,348.94971249471746,10.561207213891707,546.1924150954737,563.0356686644789
334,E04,A5,A2,24.190087675688392,0.8174961757180046,333.4255177069376,344.5079138933805
334,E05,A4,A3,4387.244937875173,79.91077488119873,7027.032668512204,7155.217620885751
334,E06,A3,A6,1.3370491155869183e-15,5.269391766132075e-16,2.196696797876309e-15,1.8884942935525567e-15
334,E06,A6,A3,93.38102481351854,1.8622297071346547,186.86597288919796,190.6020231925944
334,E07,A4,A6,1.6952927360719863e-15,2.870893283217417e-16,2.695798954181741e-15,1.4063419909701813e-15
334,E08,A5,A7,40.641588908490135,1.0416355220798736,313.46157428099247,325.1809653141166
334,E09,A5,A8,10.00933070604318,0.41224124496914305,133.36100894795678,138.97987048268027
334,E10,A6,A8,782.4322760953949,23.820920227932632,1547.1596230918333,1594.5868041457018
334,E11,A7,A8,7.461878032435085e-17,0.0,8.234958324457017e-16,0.0
334,E11,A8,A7,326.71298642680733,12.424297132647194,714.7515820977454,741.6854390028482
335,E01,A1,A2,61.949158079179654,2.9178850204605817,103.60462887938267,108.50348627789933
335,E01,A2,A1,94.85421649030127,0.5024230742855005,156.55641995163165,157.40662125731853
335,E02,A1,A3,0.0,1.1271391674957055e-16,0.0,1.9151122989606613e-16
335,E02,A3,A1,39.45527021415756,0.2274755158953132,66.68574933309678,67.07070539663857
335,E03,A4,A2,964.7647391043174,26.450181059958133,1541.6043843326192,1584.1019083330557
335,E04,A2,A5,349.6390275642176,14.771294260679005,547.8186881427076,570.6977179676165
335,E04,A5,A2,24.73274678118437,0.5274907694969723,340.0444553368943,347.0785548552984
335,E05,A4,A3,4391.3145435305705,80.67937424749535,7044.7420371387425,7174.301191061779
335,E06,A3,A6,1.1877915435400351e-16,1.2485283073635965e-18,1.9138171176884595e-16,7.052157304849844e-17
335,E06,A6,A3,92.60492722027993,2.195865519727995,185.21094946920215,189.60206316512188
335,E07,A4,A6,1.2770342456740863e-16,0.0,2.0008218275746432e-16,5.686859821656317e-17
335,E08,A5,A7,40.674290291274296,1.0839327645288988,312.8507318564077,324.0494464460584
335,E09,A5,A8,9.940253327541791,0.4166826802393473,132.69130575693595,138.35464866380337
335,E10,A6,A8,784.4887887672795,23.483186084009247,1553.6995418748188,1600.3637871150613
335,E11,A7,A8,0.0,4.818356883800427e-16,0.0,5.365104238388721e-15
335,E11,A8,A7,326.0077630419031,11.871829903545317,716.9022381340626,743.869601268578
336,E01,A1,A2,60.562061938420314,3.442970939971887,101.77597089009944,107.58478284985716
336,E01,A2,A1,94.68023957110879,5.742436273035565e-10,156.5414366473172,156.54143664829508
336,E02,A1,A3,1.402097332983609e-16,1.3629445423598097e-16,2.381055445439505e-16,4.695655811411066e-16
336,E02,A3,A1,38.829181395411105,0.79182773419576,65.25154334829709,66.58138926701314
336,E03,A4,A2,973.5229604872372,25.606521531356172,1555.128670212573,1596.275035368901
336,E04,A2,A5,352.7748320245404,12.103128276806743,551.618135425241,569.941341826917
336,E04,A5,A2,24.623510328664317,0.8038675433257354,336.65211639404004,347.6448808966479
336,E05,A4,A3,4381.230995696863,76.32152643018554,7024.502928660992,7148.243839615434
336,E06,A3,A6,5.622669245788963e-17,1.4977698242336623e-17,9.196458811069722e-17,7.82536624436958e-17
336,E06,A6,A3,92.37883129816845,1.9400252369754947,185.2157133945219,189.1106269357952
336,E07,A4,A6,1.6265862890783198e-16,0.0,2.5881193482486766e-16,0.0
336,E08,A5,A7,40.464998818529835,1.5297159796667368,314.38250719867943,325.48141406972536
336,E09,A5,A8,10.298315859730831,0.43841004044365944,135.72985014407948,141.56150847306205
336,E10,A6,A8,776.545289165291,23.980759033317607,1536.5294827547546,1584.0521409742796
336,E11,A7,A8,6.934888664777373e-17,2.044375712817975e-16,7.969175055179847e-16,3.1467164485696124e-15
336,E11,A8,A7,322.58787660140166,12.733465291242977,709.5476171918926,737.6346019681461
337,E01,A1,A2,62.692978802156276,2.29282529316092,105.3156266385954,109.14994584338953
337,E01,A2,A1,92.63371454178254,0.882676589214763,153.36446345699932,154.79162662774993
337,E02,A1,A3,2.269915238629797e-18,3.015101729107711e-17,3.8208321799410024e-18,5.5086379965148116e-17
337,E02,A3,A1,38.77525246748992,0.7381169791971937,65.08179456795644,66.29991798708491
337,E03,A4,A2,973.7698039970259,25.17571714169277,1556.3679183717586,1596.9246824758375
337,E04,A2,A5,352.49214723088966,8.448897951916507,551.9633153828488,564.9857655199398
337,E04,A5,A2,24.887098079642943,1.210055324711503,340.9776377390771,357.7981983015432
337,E05,A4,A3,4399.124465691922,82.17684132675443,7059.211883181873,7192.363130137709
337,E06,A3,A6,7.774887405854305e-18,5.408538166790958e-17,1.281592928123017e-17,1.0337323190481823e-16
337,E06,A6,A3,92.62182903994241,1.9481681130612603,185.6326029577167,189.5488669060681
337,E07,A4,A6,2.044454481857446e-17,6.866799420102414e-18,3.2659382657169735e-17,2.2375849199246423e-17
337,E08,A5,A7,40.88609393825297,1.3887796449651262,314.14556290469807,325.6862622233589
337,E09,A5,A8,10.203771978450089,0.4460247668696398,134.7144959369556,140.30657651404738
337,E10,A6,A8,778.4008006843469,22.920007693844234,1543.777608932006,1589.4644236070972
337,E11,A7,A8,7.888977796463007e-19,9.703791474508783e-17,9.05069165688641e-18,1.0834672182125366e-15
337,E11,A8,A7,321.7805120796797,12.143531645209325,707.9263320560333,734.1328037068113
338,E01,A1,A2,61.405386557730786,2.0932073276336856,102.8857343413951,106.41295027858834
338,E01,A2,A1,92.24866047344042,1.0843380878816713,152.71388415752998,154.5624345740702
338,E02,A1,A3,1.0108929843731792e-15,2.9421686940073508e-15,1.7178247041799265e-15,6.712379606379082e-15
338,E02,A3,A1,39.63625847810455,0.7703062437356931,66.67183537435834,67.97756167111862
338,E03,A4,A2,969.0717611895263,24.959698343937863,1548.6040791908245,1588.6214760562525
338,E04,A2,A5,352.78005547316843,8.959303209850704,550.681310309452,564.4655961408286
338,E04,A5,A2,24.65641755932901,1.117799853517913,337.24048416005746,352.388745652415
338,E05,A4,A3,4391.016315527624,78.35203496902436,7040.035687742582,7165.726661221261
338,E06,A3,A6,1.9578614363239827e-15,3.280448278331337e-15,3.2647456070241588e-15,8.754796955999667e-15
338,E06,A6,A3,93.22651894549355,2.5150568015369226,186.60262443617287,191.63210300765996
338,E07,A4,A6,2.645333208929643e-15,3.850273511261579e-15,4.232735170302611e-15,1.039960153228029e-14
338,E08,A5,A7,40.4913527155253,0.9646766508998939,315.3519110452171,326.93812883993553
338,E09,A5,A8,10.174456969661126,0.44061026501664463,134.90025657603962,140.78574088123943
338,E10,A6,A8,776.0016272549,23.619633879971115,1535.7338630498534,1582.5808633123156
338,E11,A7,A8,2.5718702306386282e-18,2.0057880072228796e-16,2.7251499627812297e-17,2.2686790090281224e-15
338,E11,A8,A7,323.03523680798804,12.808457889364984,709.0074028076247,736.4319425335676
339,E01,A1,A2,61.72818164824724,2.6737234356965827,103.57185619706064,108.05569904916311
339,E01,A2,A1,93.47525388303912,0.9253274788534166,154.7889250493279,156.33867347716313
339,E02,A1,A3,1.0769918803729782e-15,6.203885371384124e-16,1.8234140295159236e-15,2.5847833436512537e-15
339,E02,A3,A1,38.96517189985287,0.8063380648689429,65.4568830383649,66.81619308260447
339,E03,A4,A2,970.3833952100061,23.955902760902156,1547.2383207425798,1585.8357767462494
339,E04,A2,A5,350.7085482578873,4.30300238387092,548.4449481574189,554.9886530539866
339,E04,A5,A2,24.272762600493905,1.5333299274182077,333.0404490818664,354.0301993228254
339,E05,A4,A3,4398.539936776437,78.22484792433477,7040.747082635163,7165.527711182785
339,E06,A3,A6,6.16811640923501e-17,1.777914892796856e-16,1.0247531783578999e-16,3.7455696493347533e-16
339,E06,A6,A3,93.18747937756994,2.609766336825427,186.48054154910858,191.70513824038716
339,E07,A4,A6,6.944263682380939e-16,3.8225851810947413e-16,1.1100467608808478e-15,1.1389488337406231e-15
339,E08,A5,A7,40.87353421175117,1.0597631063803301,314.3440209783737,326.3261300272764
339,E09,A5,A8,10.130654984437436,0.3900413882295878,134.89433432766742,140.0881657907773
339,E10,A6,A8,786.760646500629,23.800020991886246,1558.043889753165,1605.454312276907
339,E11,A7,A8,1.2027185950281574e-17,6.570554119230949e-18,1.3410733603785946e-16,2.0628246985657668e-16
339,E11,A8,A7,323.4320126945839,12.084135122920603,708.7221566511121,735.7374252193249
340,E01,A1,A2,62.286199565146504,2.442068982726152,104.73564448271591,108.82748784817758
340,E01,A2,A1,93.90889859421745,0.8550546724578755,155.1621823989405,156.6188555385014
340,E02,A1,A3,3.473334510654927e-17,2.535013936165651e-17,5.94792357486087e-17,9.28636407792797e-17
340,E02,A3,A1,38.502339288556975,0.6229064752516521,65.25182427444818,66.30628134633832
340,E03,A4,A2,968.6106573623844,25.942320608352723,1550.7054614774347,1592.266640662211
340,E04,A2,A5,355.7320553860673,5.872093520507688,556.7462222788462,565.8319698530215
340,E04,A5,A2,23.5917692660775,1.4164728620647589,329.87529639264983,349.70806328547883
340,E05,A4,A3,4357.129472447439,74.13703405768052,7009.840436206898,7128.655137329697
340,E06,A3,A6,2.6608378951556445e-16,1.438348206647963e-17,4.3806909635413753e-16,3.491191102298773e-16
340,E06,A6,A3,92.76717241937055,2.3820218701418825,186.03399333499237,190.78784983751336
340,E07,A4,A6,2.9416922636013686e-16,0.0,4.6685400202139035e-16,1.0771094436740971e-16
340,E08,A5,A7,40.73498556808945,1.0419777095644367,311.2176565486648,322.4377968460447
340,E09,A5,A8,9.904706463375836,0.3932897544782728,133.32572035727082,138.64789991514465
340,E10,A6,A8,776.4955613231107,23.180096143407923,1537.759909963972,1583.660037748406
340,E11,A7,A8,3.981155669884494e-18,0.0,4.222978508480648e-17,7.270878503006071e-18
340,E11,A8,A7,324.14721032293676,12.484166713521514,711.2878626574234,738.8100724057614
341,E01,A1,A2,63.06528598803102,0.6029537990563615,105.80485915064952,106.83529742872815
341,E01,A2,A1,91.56821326974259,2.6265044553117023,150.49679308998543,154.9567946112287
341,E02,A1,A3,0.0,6.856479977000035e-15,0.0,1.1658778493747113e-14
341,E02,A3,A1,39.41370382095462,0.4655231534797225,66.30756158064587,67.09894453162325
341,E03,A4,A2,971.7412695633775,24.837580039847634,1551.9690512625261,1591.7725590382101
341,E04,A2,A5,348.3958280272674,8.069039267427078,545.1953441625377,557.4239086944943
341,E04,A5,A2,24.632343139357094,1.147030463114783,338.44271109181574,354.34604938462303
341,E05,A4,A3,4404.102579258213,80.50118802974319,7061.327018512394,7190.203539154361
341,E06,A3,A6,2.13734431800456e-17,1.5955847542714844e-16,3.6703672851380564e-17,3.1070641697688772e-16
341,E06,A6,A3,92.37532197349867,2.2032785247063855,185.18394801569661,189.61009184842752
341,E07,A4,A6,0.0,0.0,0.0,0.0
341,E08,A5,A7,40.67305868021202,0.8863970093942589,314.78896937670476,325.7555438429442
341,E09,A5,A8,10.076142970893835,0.41792794511363773,135.20846134735046,140.7532291469094
341,E10,A6,A8,787.1044333335678,22.435464551662257,1555.0302956739467,1599.5473996332619
341,E11,A7,A8,1.3110922016947864e-18,4.001962453935091e-17,1.438343394369806e-17,4.553841526524304e-16
341,E11,A8,A7,326.6129675737645,12.55908748897598,714.8060072039283,742.5245785824246
342,E01,A1,A2,62.716699805370666,2.537803161709302,105.22913392360354,109.45596451386893
342,E01,A2,A1,94.5966250101537,0.6938064766580044,155.90525766445353,157.02101439181837
342,E02,A1,A3,1.527050191837819e-15,2.1280458268412412e-16,2.593010370027202e-15,2.891409748158132e-15
342,E02,A3,A1,38.791731928947804,0.5596925620498053,65.21983612409338,66.15386684098638
342,E03,A4,A2,971.3837863796555,26.29946067407623,1549.1688393104785,1591.4728770480535
342,E04,A2,A5,352.8929252649817,8.455962412534635,551.8321213346371,564.7159942371031
342,E04,A5,A2,24.366530958078428,1.2203253276395518,335.9481765985622,352.8546222544218
342,E05,A4,A3,4392.375627777128,87.39679581352432,7031.606365926235,7172.06952131125
342,E06,A3,A6,5.414201380126813e-16,1.3170094240381277e-15,8.856285815467475e-16,3.0399281840252697e-15
342,E06,A6,A3,92.1182899234476,2.412859512546034,185.20606681339,190.05617706694517
342,E07,A4,A6,7.989404623151298e-15,0.0,1.2776489731220292e-14,2.1304133374948543e-15
342,E08,A5,A7,40.21828338559565,0.9123417054484632,313.2782058169885,324.18620285462043
342,E09,A5,A8,10.15403634721869,0.4270268145616458,136.13397332050354,142.02185238260753
342,E10,A6,A8,775.9135147328358,22.39440559030421,1533.6689925924525,1578.2780848391794
342,E11,A7,A8,8.791771279147908e-18,1.1827439815421595e-17,1.0084272151690058e-16,2.352098447037261e-16
342,E11,A8,A7,324.8691795714942,12.055322432478832,711.6595804080129,738.4921906219042
343,E01,A1,A2,61.981761164492134,2.1274065684307506,104.11090362443765,107.67517865246839
343,E01,A2,A1,97.08709118642918,1.187916961639324,159.2669617298901,161.24934640460623
343,E02,A1,A3,1.6157243702650797e-16,6.639026699853467e-16,2.787000607438741e-16,1.4045878295425319e-15
343,E02,A3,A1,39.14150991611719,0.3990258844519991,65.9540108920865,66.60680068251962
343,E03,A4,A2,972.4706297576602,24.472603122182083,1551.1480351381194,1590.4386662561674
343,E04,A2,A5,353.41774326589723,4.331849814485353,552.6759526224129,559.5333444982998
343,E04,A5,A2,24.837231147249547,1.6544630809908365,339.6279561006514,362.22012755598075
343,E05,A4,A3,4404.091775521252,71.10116500251434,7061.455812482365,7176.664535398149
343,E06,A3,A6,8.608219855692016e-17,6.515492997004671e-17,1.4016692052010993e-16,1.7157395628154773e-16
343,E06,A6,A3,91.83425168622989,2.704756573609238,184.09675009574516,189.514257135322
343,E07,A4,A6,3.664857195008078e-16,0.0,5.803338631689232e-16,0.0
343,E08,A5,A7,40.47796400581231,1.020892129779655,315.7611620037229,326.9153651620921
343,E09,A5,A8,10.066212530663933,0.4527004664836247,134.52239007906408,140.55727708728867
343,E10,A6,A8,778.6650212245613,22.294029407542727,1540.5654926413993,1584.9253268447203
343,E11,A7,A8,0.0,2.575228357273474e-16,0.0,2.9170661656460753e-15
343,E11,A8,A7,327.7559173144821,11.918950617314,714.2487631455468,740.4878741669694
344,E01,A1,A2,63.79710715218702,0.7262703810972629,106.8981842037725,108.13530100571057
344,E01,A2,A1,93.57675588651708,2.724251784088992,154.5766450000627,159.01489886172442
344,E02,A1,A3,7.291373898542407e-16,2.3778167796803467e-15,1.233615218697617e-15,5.266590353724391e-15
344,E02,A3,A1,38.78411529379661,0.6883526876915247,65.39632717578809,66.57450566893955
344,E03,A4,A2,962.1348200035565,25.284407407198096,1537.1344260830667,1577.8978399703856
344,E04,A2,A5,349.7405407341035,11.673103744565848,548.3002932494007,566.0456194054759
344,E04,A5,A2,25.099473840945752,0.8063709584312125,339.15553236313264,350.26599019599365
344,E05,A4,A3,4373.334542164034,72.16857251867064,7014.487231734513,7130.992076148184
344,E06,A3,A6,6.89902133585175e-18,2.1935614771616436e-16,1.1511323917105923e-17,3.8346590624983004e-16
344,E06,A6,A3,94.07477803677659,2.857323517861663,188.21346012372763,193.92062226431415
344,E07,A4,A6,1.1234710214526921e-16,0.0,1.7969800220394226e-16,0.0
344,E08,A5,A7,39.8280860982682,1.7235916351433518,310.17708271418167,321.1549842068146
344,E09,A5,A8,10.327129362836944,0.43490935344062165,135.2815186472511,140.97342159433936
344,E10,A6,A8,777.9356135786879,24.105683622469982,1541.1462124962538,1589.0002164424377
344,E11,A7,A8,8.350136067162563e-16,0.0,9.435936510457525e-15,0.0
344,E11,A8,A7,324.159875451783,13.110245232147754,710.7217983332579,738.796640613858
345,E01,A1,A2,62.3135638482001,1.7983020383808994,104.74992503483003,107.80241950823738
345,E01,A2,A1,94.1345783305171,1.6653032254622375,155.4437485432826,158.21248536042214
345,E02,A1,A3,0.0,1.0312481763495445e-14,0.0,1.7496441373577676e-14
345,E02,A3,A1,39.14366962298371,0.5951654570263561,65.92514100074119,66.92913814759729
345,E03,A4,A2,965.3940212843197,26.15221843815083,1545.6479198577667,1587.7056126245916
345,E04,A2,A5,351.6450926507397,6.930527384427835,550.2271694652266,560.8504322366304
345,E04,A5,A2,24.426646746064026,1.3040015378669114,339.25462078806106,357.3622702751268
345,E05,A4,A3,4384.895760791775,75.05735262850884,7048.096422567088,7169.681314136639
345,E06,A3,A6,1.5709155709139914e-16,3.655036366282484e-17,2.5780208753368533e-16,2.13233126627572e-16
345,E06,A6,A3,91.78744160700563,2.6852447012210785,184.37288414911214,189.76675699490207
345,E07,A4,A6,3.598779817229679e-16,0.0,5.742529639198343e-16,0.0
345,E08,A5,A7,39.63919953475897,1.3252465480398248,312.5839466007856,324.2231595324752
345,E09,A5,A8,9.987569692411757,0.42781005460600735,134.45058451831943,140.15737537014593
345,E10,A6,A8,776.6450454034479,21.77174309939712,1538.2754044394565,1581.3816694316824
345,E11,A7,A8,1.0129870853185369e-17,1.6630330094969909e-18,1.1685170206252126e-16,4.303948341985071e-17
345,E11,A8,A7,324.52665197382225,12.698529356370864,710.4335088395454,737.7507435158402
346,E01,A1,A2,62.90458854869014,1.3012851143850042,105.5915570877844,107.75575971989613
346,E01,A2,A1,93.94945690532252,1.885879065707182,155.28915875253495,158.48472738460424
346,E02,A1,A3,1.1077203081588061e-14,2.6120903044171654e-16,1.8838329485953804e-14,1.9116327942042257e-14
346,E02,A3,A1,38.824867027188255,0.975081861275112,65.22865220559467,66.83863360537819
346,E03,A4,A2,969.2813772083645,25.19644917271438,1546.7703865780525,1587.2971282686326
346,E04,A2,A5,350.09784835591006,8.594991543961081,547.6825903667619,561.0787053992136
346,E04,A5,A2,24.331460940379806,1.032317951821617,334.4847917846494,348.72517445063767
346,E05,A4,A3,4386.557176245972,78.78353551958692,7021.85202973237,7147.875219800205
346,E06,A3,A6,1.8962566248321775e-16,1.0216052445255455e-16,3.0701716119585064e-16,3.3020002860446903e-16
346,E06,A6,A3,92.55417919393481,2.540882856745555,185.75786757562616,190.8732816956275
346,E07,A4,A6,5.795240917430569e-16,5.678558288953271e-16,9.099632053324813e-16,1.5210324361936591e-15
346,E08,A5,A7,39.723755577788346,1.838191630616589,314.51722673768484,325.7986013605656
346,E09,A5,A8,10.060591997216347,0.4127376501385176,135.68696040212254,141.2407108774214
346,E10,A6,A8,778.6331633948747,22.70055547914246,1544.5163480737979,1589.4965226991717
346,E11,A7,A8,9.339871624493235e-18,7.330638003847763e-17,1.167172287056901e-16,9.243753777532601e-16
346,E11,A8,A7,323.96024870694754,12.08520039959923,709.898853443271,736.79286379292
347,E01,A1,A2,62.03963897181563,3.060287172717826,104.0113420242871,109.10721168529291
347,E01,A2,A1,93.17624307325241,0.21631480900473168,154.28451692976932,154.65543120042548
347,E02,A1,A3,3.5181185783067064e-15,8.406725663149642e-17,5.970791615926421e-15,5.95101087202553e-15
347,E02,A3,A1,39.20149499818159,0.6679478882730038,65.97961909788033,67.10906983108532
347,E03,A4,A2,976.2174121699779,24.21818932749333,1555.707778581369,1594.579108399997
347,E04,A2,A5,351.2608717748357,9.421939972753743,550.2450566816715,565.1941514545939
347,E04,A5,A2,24.970384615692186,1.009558369299518,342.36189255551045,356.19795995506934
347,E05,A4,A3,4393.872405671993,81.62645516956867,7028.0404074466105,7158.850082455856
347,E06,A3,A6,0.0,0.0,0.0,0.0
347,E06,A6,A3,92.79240344199391,2.2479006046482732,186.15407310191583,190.66418894516204
347,E07,A4,A6,4.388696430671109e-16,8.75419960437843e-16,7.005328798305809e-16,2.0979584142900944e-15
347,E08,A5,A7,39.678819017737936,1.938114735373945,313.4302673194885,324.8267717654776
347,E09,A5,A8,10.162329548706438,0.4425784171290256,135.2601243148733,141.27895775100475
347,E10,A6,A8,788.327442481034,24.13919198100638,1559.9190709981444,1607.439750615783
347,E11,A7,A8,1.0109361938196781e-16,0.0,1.1324366587918616e-15,0.0
347,E11,A8,A7,325.78807251596584,12.868784950912838,713.1348297941582,741.3124370905418
348,E01,A1,A2,63.93494500233084,1.3030448596540787,107.14441128191328,109.31824828866561
348,E01,A2,A1,92.34128026157707,1.871594154898463,152.0551276568562,155.23316193523226
348,E02,A1,A3,0.0,6.150312876555009e-15,0.0,1.0431866895581294e-14
348,E02,A3,A1,38.933643622216984,0.502621394378865,65.67561867563609,66.54053488730024
348,E03,A4,A2,978.6570674428345,25.321403763559292,1562.5662135723458,1603.3416624993079
348,E04,A2,A5,348.4187898892013,7.6959099013298795,546.688803800739,558.643544428919
348,E04,A5,A2,24.503338793443206,1.1807544773798677,332.21663685509895,348.5069594968349
348,E05,A4,A3,4379.041951513325,85.00524130806852,7023.6508639164485,7160.257601622831
348,E06,A3,A6,0.0,4.844989556537486e-16,0.0,8.091762471174174e-16
348,E06,A6,A3,92.39938487865038,2.006096250822595,185.12948980387074,189.1534106885016
348,E07,A4,A6,7.761778766654157e-17,1.0080277010377372e-16,1.2424271224761042e-16,2.8582973021012937e-16
348,E08,A5,A7,39.74933326155511,2.02878190552053,312.84235466829443,324.2157300915188
348,E09,A5,A8,10.152295425296305,0.41873332477765857,133.56880713140916,138.98422575554002
348,E10,A6,A8,779.6694173545618,23.74439836781683,1544.7666605689012,1592.086158132072
348,E11,A7,A8,9.689050584085467e-18,3.201583609849293e-17,9.98335896566885e-17,4.703395102817268e-16
348,E11,A8,A7,323.1710689991282,12.435552913983916,710.5613905728977,738.1919405679432
349,E01,A1,A2,61.80648570393923,2.05217389234819,103.73796839882839,107.19178880397737
349,E01,A2,A1,94.92477037523292,1.3543893274258214,156.75862060309024,159.06613035181067
349,E02,A1,A3,6.42091196763477e-15,1.8667867119564463e-15,1.088684743671885e-14,1.1434711995164619e-14
349,E02,A3,A1,39.195894822141234,1.0250787938357298,66.00874847966195,67.78227219152953
349,E03,A4,A2,973.0430306407682,27.14442911737099,1552.7496463295067,1596.253463084751
349,E04,A2,A5,350.177653195823,7.040943668002942,549.6907854294616,560.4939830081241
349,E04,A5,A2,23.57951850090535,1.3438002052837537,326.8909045290391,345.67260624757756
349,E05,A4,A3,4374.875650650552,79.88613827013806,7009.022196986314,7138.581382571191
349,E06,A3,A6,4.4973919306774224e-15,9.888560247916647e-15,7.527616653224772e-15,2.407882943298837e-14
349,E06,A6,A3,92.5084092486928,2.2486577551904943,185.35714573366863,189.8590709956567
349,E07,A4,A6,1.9924245488711295e-15,3.682960801530406e-15,3.1821104315169116e-15,8.928492620688394e-15
349,E08,A5,A7,39.890994560475974,1.9946249174220552,315.83421857939413,327.5244955085111
349,E09,A5,A8,9.950099022502659,0.40785881475368385,134.47079358289133,140.0032580110142
349,E10,A6,A8,779.8325051601396,23.85020551927706,1541.6879615983685,1589.0185586223113
349,E11,A7,A8,0.0,2.38173783578079e-17,0.0,2.681049720892155e-16
349,E11,A8,A7,325.3606495094512,12.79113695094459,711.9942802642762,739.9313237876343
350,E01,A1,A2,63.08664965338929,0.48962046799961373,105.61746033492847,106.43406979711351
350,E01,A2,A1,91.78936077214664,2.906444223485494,151.53238073392765,156.2515052827862
350,E02,A1,A3,1.6495584561184947e-15,0.0,2.7809210463602526e-15,8.756033422523173e-16
350,E02,A3,A1,38.28530891439162,0.6875810939533158,64.58937775746331,65.76318978476496
350,E03,A4,A2,970.6115599052694,25.627477136555427,1551.645581956071,1592.8517017598692
350,E04,A2,A5,347.79242955713016,9.45727841519841,543.989575399882,558.8970513471079
350,E04,A5,A2,24.860817039013305,0.9135392528018124,341.47931910824434,354.12664240097513
350,E05,A4,A3,4376.005448063948,76.99765752276024,7027.871200713207,7152.551400559401
350,E06,A3,A6,1.1049023687642212e-16,1.982972456753452e-17,1.8331612587446508e-16,1.2190560496181634e-16
350,E06,A6,A3,91.1815574443018,1.9236603269241792,183.02762685441633,186.89102936960694
350,E07,A4,A6,9.839839528668246e-17,1.1704551328939217e-16,1.5755994257835312e-16,3.2227246405414913e-16
350,E08,A5,A7,39.853591565385976,1.3881241500039079,312.20989046649464,323.3306546350926
350,E09,A5,A8,9.933675908549729,0.43092540879767266,133.64697518046745,139.4489670687895
350,E10,A6,A8,779.1768823422979,23.53495463884881,1541.2371265755312,1587.8604965160025
350,E11,A7,A8,0.0,8.816236291007588e-18,0.0,1.0234805862080286e-16
350,E11,A8,A7,324.11265289151186,12.636007340960324,711.7362785285061,739.1667498001212
351,E01,A1,A2,61.24909235609162,3.5881900169460685,102.82330587827065,108.84698366622783
351,E01,A2,A1,94.27647809548242,8.26518612472595e-08,155.31171419320637,155.31171433436066
351,E02,A1,A3,1.7872215768894612e-16,9.349545561508348e-16,3.0413171605397444e-16,1.9003192603207396e-15
351,E02,A3,A1,38.8194997634676,0.9046602886016318,65.1304689183909,66.68967663105553
351,E03,A4,A2,970.6653993262915,25.027585529945956,1548.9045233238596,1589.301004790662
351,E04,A2,A5,348.66209912395124,10.974131566997848,546.3664201663548,563.2170514454122
351,E04,A5,A2,25.02358198662665,0.9566234689339081,337.10845008460205,350.20237896281895
351,E05,A4,A3,4381.503567432669,81.03924253638537,7017.551886025859,7148.087307536749
351,E06,A3,A6,1.4949337747446573e-16,1.4293940798200148e-16,2.4517002619364727e-16,4.543859069455738e-16
351,E06,A6,A3,91.51518732907667,1.9989275090117666,183.1404910825377,187.14392057917084
351,E07,A4,A6,3.581312576485064e-16,0.0,5.704598533843555e-16,2.412202666857534e-18
351,E08,A5,A7,40.95216028053402,1.2621273024411936,316.86638128375097,328.32232005741355
351,E09,A5,A8,10.271105356241407,0.42116926356344764,134.32612437006264,139.9235350304023
351,E10,A6,A8,787.5005731672074,23.50913111876575,1558.838559397292,1605.4379209826939
351,E11,A7,A8,3.580259555550823e-19,1.477182861725497e-17,4.0124451973810026e-18,1.660771779253678e-16
351,E11,A8,A7,322.80724669714573,12.478513830722479,708.9928280021874,736.8746077301633
352,E01,A1,A2,62.13214286144742,2.3188016522216404,104.22319676389066,108.14116847023647
352,E01,A2,A1,94.58920971585923,1.0431233911089064,155.83151135818136,157.60078873529915
352,E02,A1,A3,6.961092720049576e-16,4.2058564920373174e-17,1.1803431603172272e-15,1.1330755378052313e-15
352,E02,A3,A1,38.66838725879404,0.9594102282510237,65.29705994818185,66.89472297486421
352,E03,A4,A2,965.5213261408226,25.18436881383617,1541.5572823424316,1582.0340126312217
352,E04,A2,A5,347.8008271237842,6.444051727720634,543.9523949191343,554.0271640949097
352,E04,A5,A2,24.591068558633573,1.3435355179151602,337.6795816973599,356.26319393501063
352,E05,A4,A3,4394.748203961569,74.76257729441953,7048.241804707401,7168.649848692602
352,E06,A3,A6,3.782002339006805e-16,5.002721900805723e-17,6.209029584645179e-16,4.383261093694863e-16
352,E06,A6,A3,92.42737768825893,2.1399182974831685,185.3721424540428,189.66472898770198
352,E07,A4,A6,6.659616627265881e-16,0.0,1.0606892441856047e-15,0.0
352,E08,A5,A7,39.55793960102266,0.9113950278954176,307.9721974235429,318.8512949068672
352,E09,A5,A8,9.974850521946363,0.4119782230976624,132.54694652745528,138.22640294672894
352,E10,A6,A8,777.9511667478242,22.693633366356522,1539.230843935526,1584.1924661211542
352,E11,A7,A8,0.0,2.1228347136867972e-15,0.0,2.3756155743801015e-14
352,E11,A8,A7,325.9361990839875,12.59674731517805,714.7655014456773,742.7349394418871
353,E01,A1,A2,62.16650725859792,1.9904044115902773,104.39427750187119,107.73386141875213
353,E01,A2,A1,94.64764283620721,1.3830806080748903,155.37077459397779,157.7145656532316
353,E02,A1,A3,0.0,1.5595094266695694e-14,0.0,2.649823787768724e-14
353,E02,A3,A1,39.28263297284309,0.648648428342558,65.98432059887293,67.09906058422303
353,E03,A4,A2,969.4093816611392,25.172399780636376,1547.6513513795383,1587.543714977286
353,E04,A2,A5,349.65588800548346,12.453883709936557,549.767048454355,568.6083385850875
353,E04,A5,A2,24.88635051523987,0.7341049587370955,339.3875084126935,349.45137104654805
353,E05,A4,A3,4380.2141661784435,68.8869419213074,7015.756068030115,7126.0784559112135
353,E06,A3,A6,1.922947883785309e-17,1.0464775968416528e-16,3.214979437972636e-17,2.063884885389111e-16
353,E06,A6,A3,92.44892396449333,2.4001668038244954,185.75295863807565,190.57598483630449
353,E07,A4,A6,4.9467444550901324e-17,2.433127805030165e-17,7.898694690237087e-17,8.31675255716633e-17
353,E08,A5,A7,40.465046881801456,1.3410826112552,312.8123747022628,323.3464594043393
353,E09,A5,A8,10.289157615479995,0.42691238229762457,136.61430879070093,142.3622496493468
353,E10,A6,A8,779.193453584946,22.890334918390643,1541.8333114596471,1587.3980998083764
353,E11,A7,A8,1.6143540309456907e-17,0.0,1.8546921384360456e-16,1.1649398834179536e-16
353,E11,A8,A7,325.1561441002752,13.056150563643936,710.6061772626454,738.3153753585781
354,E01,A1,A2,62.7026409604102,0.7736109163988847,105.29240114256802,106.61652335693692
354,E01,A2,A1,93.34978210204105,2.7912831533178846,154.5690284500979,159.13528195412192
354,E02,A1,A3,1.035477635158983e-17,1.7387913636167962e-16,1.7397581160139903e-17,3.1310222536895813e-16
354,E02,A3,A1,39.33088721308656,0.4379810303233715,65.98371154672176,66.72462344748928
354,E03,A4,A2,975.066427729729,25.72017749491817,1556.2699511010899,1597.4979024550973
354,E04,A2,A5,350.33527019509575,14.278336333974211,547.926710084493,570.0481148034106
354,E04,A5,A2,25.245212724600975,0.5630606623660873,344.9278512853276,352.67294829782
354,E05,A4,A3,4408.900752492072,75.68904372315879,7062.858802673488,7184.039552363295
354,E06,A3,A6,2.465645066948636e-16,0.0,4.1052879439063917e-16,2.801737495373559e-17
354,E06,A6,A3,91.46188746210362,2.164633444980493,183.31136116139072,187.65797885123277
354,E07,A4,A6,3.5897298381962554e-17,3.680024154364111e-20,5.718402023502877e-17,1.983758810222301e-18
354,E08,A5,A7,40.003253031487986,1.86148163618241,314.5617286472415,326.055172310581
354,E09,A5,A8,10.11329899564082,0.42902302929586117,134.80526947293768,140.49746566135306
354,E10,A6,A8,785.1338519599741,24.177526011698912,1550.0791832619066,1597.9750257538713
354,E11,A7,A8,0.0,2.9744356519784497e-17,0.0,3.293792330232764e-16
354,E11,A8,A7,324.00760002735836,12.907763253677349,709.8804958025971,738.33761860772
355,E01,A1,A2,62.38366866768331,1.3831099823140658,104.50818079103776,106.84721658111225
355,E01,A2,A1,94.74463035820091,1.8720590549225837,156.18521401463198,159.38714376635784
355,E02,A1,A3,4.637303284546129e-16,4.064749699300567e-17,7.887324780545593e-16,7.14334783801192e-16
355,E02,A3,A1,38.93681382596703,0.766278098221982,65.68463309848504,66.97218647041218
355,E03,A4,A2,963.9321624224331,24.92204176364795,1542.1552775732716,1582.144826622027
355,E04,A2,A5,350.1551838431691,10.204422713827336,548.863004052554,565.2955530057312
355,E04,A5,A2,24.274300956156207,0.9193255883954851,336.2923407236417,349.25781035273474
355,E05,A4,A3,4377.209220663168,78.65575591596266,7033.056493936918,7162.111718683276
355,E06,A3,A6,1.6905839924250765e-16,5.759016414980984e-17,2.758651924302735e-16,3.055301815438929e-16
355,E06,A6,A3,92.79887867063202,2.319391130103652,185.8423635380268,190.48753602186775
355,E07,A4,A6,4.0486952627220475e-16,0.0,6.442675072569356e-16,0.0
355,E08,A5,A7,39.55085858939227,1.7670676188494447,310.8085457481726,322.5522970804674
355,E09,A5,A8,10.0738781265996,0.4068667350307622,135.52042150632707,141.00112266117603
355,E10,A6,A8,779.4413710120714,22.718307891353206,1542.202824334182,1587.3549881852548
355,E11,A7,A8,4.034899769080167e-18,4.9995749504790225e-17,4.574424002501703e-17,6.122667561854204e-16
355,E11,A8,A7,327.5082820064557,12.37890841887894,711.7392914569034,739.3425762573343
356,E01,A1,A2,63.69444730622746,2.1565733175407913,106.89312481568271,110.52494706719921
356,E01,A2,A1,91.08539109505497,1.0208903600098718,150.21814631056168,151.95136360202434
356,E02,A1,A3,0.0,7.32755704614332e-15,0.0,1.2436310216511766e-14
356,E02,A3,A1,39.50747376230856,0.7394950577383612,66.28509934878078,67.51852958774703
356,E03,A4,A2,966.3656378589509,27.349815886645473,1542.2319573162317,1585.929689347315
356,E04,A2,A5,353.84144375203516,10.37340641309485,554.2703957374227,570.500379971172
356,E04,A5,A2,24.52961416943228,0.8409688254983508,337.7238274628934,349.7417739493204
356,E05,A4,A3,4402.955445648227,76.17478041108555,7050.085103617221,7172.374093456645
356,E06,A3,A6,1.298008200096863e-15,4.606485823622954e-16,2.1654304685326194e-15,2.1589216455540715e-15
356,E06,A6,A3,92.66257484162952,2.3453134099826936,185.64452920558023,190.34215132628435
356,E07,A4,A6,7.646115965226655e-16,0.0,1.2194229037017299e-15,0.0
356,E08,A5,A7,40.70395877168616,1.4612351751731354,316.04017262641247,327.85579451703313
356,E09,A5,A8,10.070945881433161,0.44412093145136683,133.1882664250801,138.89696167357928
356,E10,A6,A8,772.0883721806103,22.63902936967435,1526.6228931290373,1571.6379070930955
356,E11,A7,A8,3.5916677010222293e-16,0.0,4.187478893287707e-15,1.3377064089794888e-15
356,E11,A8,A7,318.42218677329674,11.82940703862349,700.2038336644249,726.3882985626141
357,E01,A1,A2,62.18901229137742,0.6567604084552768,104.7039297800548,105.81507625918202
357,E01,A2,A1,91.81022777109166,2.3038771881964797,150.99773224664446,154.82112475196385
357,E02,A1,A3,0.0,1.6453748930654246e-15,0.0,2.796102482329696e-15
357,E02,A3,A1,38.36772691813092,1.0876090438524475,64.66609175039052,66.50171826396436
357,E03,A4,A2,968.304055484437,24.824106647477887,1548.9223439987775,1588.7493637509526
357,E04,A2,A5,358.3491896228141,3.7778613049955325,561.4899285611233,567.3651865872973
357,E04,A5,A2,24.38577451413248,1.711953291494077,332.5207920467685,355.5776297424711
357,E05,A4,A3,4369.937416839405,80.92621705792813,7019.446928825455,7150.366983730148
357,E06,A3,A6,1.4934606511174848e-17,0.0,2.4415632164933446e-17,0.0
357,E06,A6,A3,91.64977765698075,2.633401266454357,183.80391035603026,189.1134091956323
357,E07,A4,A6,1.172550922607978e-16,2.0855610477746302e-17,1.8738019189593333e-16,8.035629976855409e-17
357,E08,A5,A7,40.36104330769612,1.6596548533685538,312.10535031138636,323.7180811901077
357,E09,A5,A8,10.16396935676585,0.44993585170387923,134.18543000196,140.39502748282183
357,E10,A6,A8,774.6311819775466,22.776173512308162,1531.2591013658573,1576.4377655612145
357,E11,A7,A8,2.412782597203853e-18,3.6665385626093495e-18,2.7244639055204895e-17,6.83572289800096e-17
357,E11,A8,A7,324.8531194920847,12.005675345395609,712.8257934455762,739.4687491450616
358,E01,A1,A2,62.65733647703051,1.6074830299930933,104.79143169135483,107.50738677318475
358,E01,A2,A1,92.6144671941847,2.0552249849152697,152.83945466369514,156.17555693703514
358,E02,A1,A3,0.0,1.1863445466735434e-14,0.0,2.0145748172335636e-14
358,E02,A3,A1,38.77467240356915,0.8526080284375815,65.38263625127998,66.84236205526369
358,E03,A4,A2,967.7391236023032,28.19529088615741,1545.007285088184,1590.3041623138433
358,E04,A2,A5,347.1357083447326,15.375369390105146,542.9301641377413,566.856190933283
358,E04,A5,A2,25.32167630283581,0.39107457487692415,345.37297484873886,350.557816460697
358,E05,A4,A3,4393.870512354259,77.96162362514738,7040.263849533433,7166.070747914191
358,E06,A3,A6,8.463675010979801e-17,6.795342869881339e-17,1.4135466266659733e-16,2.368639469691231e-16
358,E06,A6,A3,91.28239468400287,2.6893061841601273,183.24474030410832,188.65971416831763
358,E07,A4,A6,5.668644930507027e-17,0.0,9.031665646845375e-17,0.0
358,E08,A5,A7,39.62247046024139,1.533045001207369,312.83506687206653,324.38700710823974
358,E09,A5,A8,10.160596715522367,0.4246462831039791,134.85715360042727,140.55348089187018
358,E10,A6,A8,781.4145121622349,22.89510759957338,1546.3065709507305,1591.4630231243982
358,E11,A7,A8,4.604755098152046e-19,3.0578257177041033e-18,5.170052733274868e-18,4.10127986869344e-17
358,E11,A8,A7,325.52140429484484,12.463513374893552,716.2974124195156,743.7721800335446
359,E01,A1,A2,64.06178416929964,1.3482108557566321,107.04719003920846,109.32662075487241
359,E01,A2,A1,94.29321039421673,2.0147353261048817,155.0117340994222,158.27381886374735
359,E02,A1,A3,5.876940396416707e-17,7.419918886453315e-17,9.992984669856848e-17,2.25382301746658e-16
359,E02,A3,A1,38.94272227926297,0.8518033000986223,65.53673506380306,66.99498757635021
359,E03,A4,A2,965.8787973745947,24.63515210465537,1541.2478714868512,1580.6505422514017
359,E04,A2,A5,351.47884045352635,6.000146329191787,551.2704726790488,560.5324871757279
359,E04,A5,A2,24.073825657517194,1.4385789349432252,330.58158209680767,350.3287342046961
359,E05,A4,A3,4394.989812970388,84.96063981856136,7042.194592124498,7177.912999513214
359,E06,A3,A6,0.0,2.2197522356190187e-14,0.0,3.7112574502318765e-14
359,E06,A6,A3,93.44254798720496,2.036732104216706,187.23420828262192,191.33999445376423
359,E07,A4,A6,8.739340209615224e-17,0.0,1.3982894268394776e-16,0.0
359,E08,A5,A7,40.28006897002706,1.5370460598958158,314.15832903348854,325.7810543394991
359,E09,A5,A8,10.008207059539565,0.4240683460336042,134.7036819150064,140.5577884783302
359,E10,A6,A8,777.6017670389275,22.361947210766942,1538.269175082129,1582.9797290489005
359,E11,A7,A8,1.909883230575054e-15,0.0,2.1273255108354673e-14,0.0
359,E11,A8,A7,326.3152026118258,11.902033904335543,714.7864358841188,741.4422084545126
360,E01,A1,A2,63.52147323553457,1.638766252233654,106.3140690946598,109.10103793670623
360,E01,A2,A1,92.54811104248392,1.628262651959161,153.7755341886206,156.47474124144298
360,E02,A1,A3,6.058914387418928e-17,1.1011723844039599e-17,1.0307377303011665e-16,1.2177274926826974e-16
360,E02,A3,A1,39.37991257151471,0.8253924580414169,66.37876453282874,67.7735673186019
360,E03,A4,A2,966.5912218738131,27.512569031486958,1541.2236659035077,1585.4362588431977
360,E04,A2,A5,349.14249850205033,13.629331884961674,545.9089302505076,567.0226422994482
360,E04,A5,A2,25.120514318348953,0.6727976856821537,340.21407862415407,349.3801146215842
360,E05,A4,A3,4368.323495325941,78.5213625590492,6992.990588465005,7118.974173607314
360,E06,A3,A6,1.725554144503648e-16,2.6088905995658386e-16,2.8020546371052836e-16,6.788220091208385e-16
360,E06,A6,A3,92.57408547440689,2.369593960773864,185.81620191911807,190.57073324841411
360,E07,A4,A6,1.0211751299550803e-16,0.0,1.624282370456068e-16,4.878536931966886e-18
360,E08,A5,A7,40.29052303164874,1.2457903441718239,314.66561177446795,326.4209538431226
360,E09,A5,A8,10.102181448173338,0.4604471701935069,134.12975971374328,140.37342800222467
360,E10,A6,A8,787.6049406515062,22.604010036754925,1558.1808277924413,1603.176783049184
360,E11,A7,A8,0.0,1.7484137006155947e-16,0.0,1.9501279440380768e-15
360,E11,A8,A7,326.857003896738,12.068298328329362,715.651259848278,742.7500729738542
361,E01,A1,A2,64.39278488433324,0.47416975805102857,108.2021202317484,109.00074676674129
361,E01,A2,A1,91.62769894742031,2.8588878638300663,152.2897385187411,157.0578634965411
361,E02,A1,A3,0.0,2.0150288940570763e-15,0.0,3.4345677231639185e-15
361,E02,A3,A1,38.850966435064365,0.7727871834199213,65.30713788411538,66.62479091412973
361,E03,A4,A2,961.8819876407923,25.674304891248553,1535.778453526861,1577.1325852095094
361,E04,A2,A5,353.89766435219224,11.725003322616233,552.6311928833868,570.8718175436933
361,E04,A5,A2,24.570317741589886,0.7631331332374052,338.6066510313219,349.2622843154103
361,E05,A4,A3,4387.2906427645385,76.32780613909817,7030.501355307018,7153.107015414362
361,E06,A3,A6,5.1514672816039054e-15,9.339720772455925e-15,8.500206247815236e-15,2.391130916415323e-14
361,E06,A6,A3,91.70898433430617,2.0349538646680996,184.37414143184452,188.4663521922579
361,E07,A4,A6,1.4009163297805844e-15,4.3718204854790855e-15,2.233465231004945e-15,9.23041361588905e-15
361,E08,A5,A7,40.77279488726243,1.675272838573458,316.1433352415417,326.86020249021277
361,E09,A5,A8,10.037018886136615,0.4189551588999656,135.25656771185896,140.9388560035425
361,E10,A6,A8,791.3382943625134,22.89928078630615,1567.4637952143105,1613.0901163388696
361,E11,A7,A8,3.89690938859e-17,5.341483674693497e-16,4.125507037569771e-16,6.251993215455285e-15
361,E11,A8,A7,322.75330012019043,11.812440868709489,708.9292860925079,734.7997040400553
362,E01,A1,A2,61.28517052910276,2.4557289528454387,102.8025715227194,106.98191641106624
362,E01,A2,A1,93.87619458812446,0.5538834078147634,154.7425594689194,155.68688446868447
362,E02,A1,A3,9.501767530853393e-16,1.2390732346064544e-16,1.6180917172986162e-15,1.3228107906610997e-15
362,E02,A3,A1,38.65506684379794,0.8372683791741015,65.10170253490242,66.52026746441928
362,E03,A4,A2,962.9783791747266,27.37859182270445,1536.5672153109886,1580.3363259435837
362,E04,A2,A5,349.16246262072247,13.498406254224545,545.3798523355872,566.1916805941703
362,E04,A5,A2,25.014920647187065,0.569858714244458,343.7012997207427,351.6597690695935
362,E05,A4,A3,4395.3916433866725,74.46695978371056,7044.312542855633,7164.6398494184505
362,E06,A3,A6,4.458712533721141e-16,1.0842643879571573e-15,7.283299487914964e-16,2.4994740182617296e-15
362,E06,A6,A3,92.35283763676583,2.060923944916154,184.97955082132523,189.12081948292013
362,E07,A4,A6,2.268153229696938e-16,4.1639206246232925e-16,3.578543432470743e-16,9.976321259692651e-16
362,E08,A5,A7,40.40237232366733,1.1822303643404093,316.6187413027061,327.9264578739957
362,E09,A5,A8,10.061508732481736,0.418572629516269,134.82625526772776,140.41252292533795
362,E10,A6,A8,776.9167861686014,24.391329642213332,1537.7180730854695,1585.9280911010628
362,E11,A7,A8,0.0,5.370734635626015e-18,0.0,5.883285219166584e-17
362,E11,A8,A7,323.5354121221285,12.353752362242986,710.2357932040264,737.3460182113672
363,E01,A1,A2,63.3019421004153,3.057601032791503,106.40567135950536,111.55854261339985
363,E01,A2,A1,92.61822132827615,0.5229737003271161,152.94406729862217,153.83455510522282
363,E02,A1,A3,8.788070588372045e-17,6.340804568386166e-17,1.4982116406857359e-16,2.283107658105795e-16
363,E02,A3,A1,39.26464375284014,0.9154066472482043,66.01461360941813,67.552270645407
363,E03,A4,A2,970.347129196854,26.066690610952648,1550.7866186387232,1592.6336844832479
363,E04,A2,A5,353.21129170539376,14.198862300283638,553.6497213559733,576.0079424089729
363,E04,A5,A2,25.1104659626654,0.513578820690863,341.91200559023645,348.8772062897006
363,E05,A4,A3,4375.831126662528,77.60648206517278,7019.03573293841,7144.476156399954
363,E06,A3,A6,0.0,4.4953194025414934e-17,0.0,7.28880518683275e-17
363,E06,A6,A3,91.51756805299945,2.2100756434971647,183.59519954723703,188.02767111275756
363,E07,A4,A6,8.68671428502304e-17,0.0,1.381350960593522e-16,0.0
363,E08,A5,A7,40.36518321081003,1.6742618821679949,311.04036038166583,323.1419106445544
363,E09,A5,A8,10.27092536158343,0.42434250486245817,135.0285328088862,140.68289926732263
363,E10,A6,A8,774.2363049329247,23.14836853584495,1534.9225762404099,1580.963516903568
363,E11,A7,A8,3.77792823322242e-18,1.422670779009662e-17,4.102391307387063e-17,1.9754945303814669e-16
363,E11,A8,A7,326.4023946169807,12.28264679744564,713.8880851719151,741.6694534330647
364,E01,A1,A2,62.56400159007768,2.4634372554849677,104.82225406121461,108.97985991811592
364,E01,A2,A1,93.63175910559026,0.8995768056457158,154.4106300748577,155.86173631664664
364,E02,A1,A3,2.78672705987642e-16,7.783074334439168e-18,4.712787305095925e-16,4.646900559280008e-16
364,E02,A3,A1,38.77778783631899,0.8555555516927292,65.24023152368027,66.73596836343538
364,E03,A4,A2,967.4956429830285,25.13634753161793,1544.1708379796949,1584.501156284792
364,E04,A2,A5,351.12054385009753,11.46442117393511,549.3145035534367,567.5256147821618
364,E04,A5,A2,25.09663588372987,0.8284432991320915,338.9307173816878,350.3435857398956
364,E05,A4,A3,4421.232677475968,78.83339905393727,7085.506032514899,7212.051333735856
364,E06,A3,A6,1.0837305755538717e-14,0.0,1.810458717398317e-14,1.4342869880695267e-14
364,E06,A6,A3,92.36256999923918,2.0714270082814257,185.24804884236102,189.41345454110532
364,E07,A4,A6,8.120288794111659e-16,0.0,1.3033749659636378e-15,3.4446036220287967e-18
364,E08,A5,A7,41.64071240719053,0.9575026629149249,316.620085828473,328.3431984920152
364,E09,A5,A8,10.314247041214225,0.44984511842069275,134.72230598446657,140.54868224335124
364,E10,A6,A8,781.4069135376335,23.16841244847597,1546.849022768938,1592.72030230268
364,E11,A7,A8,1.92935982126578e-17,0.0,2.1580367242811037e-16,0.0
364,E11,A8,A7,323.61272369214004,12.302328123135233,707.6996844317383,734.5020351456443
365,E01,A1,A2,62.9798294958863,3.0778916531382636,105.67804254134404,110.83534740397647
365,E01,A2,A1,92.46816620495389,0.5174418130228554,152.79186541582217,153.6248049690158
365,E02,A1,A3,3.877321041365263e-16,5.198499506246565e-17,6.531061270053416e-16,5.621554030766933e-16
365,E02,A3,A1,38.5926384925168,1.087401197278841,64.94679250856271,66.77122468063877
365,E03,A4,A2,963.7067457114322,25.62612011942634,1540.1044099453027,1581.4193863642242
365,E04,A2,A5,351.1105074503849,5.110464405731728,550.0235360758018,558.0093378125347
365,E04,A5,A2,24.757566117495536,1.4781038172538636,338.40433077207217,358.6755259988139
365,E05,A4,A3,4409.388858739436,77.00946051778878,7070.171893166327,7194.0709313289835
365,E06,A3,A6,5.881313047615936e-17,1.0545343918962293e-16,9.671227972031711e-17,2.2284310039493204e-16
365,E06,A6,A3,91.84702793759308,2.0280752272302354,184.86836695916656,188.9478446010702
365,E07,A4,A6,2.69735837072308e-16,0.0,4.310087152763589e-16,0.0
365,E08,A5,A7,40.876147463801736,1.0436303556374462,316.40984099328017,328.5263229395225
365,E09,A5,A8,10.134796946933475,0.40713307718776404,135.25512335203982,140.76101058455652
365,E10,A6,A8,777.5744415555691,24.470361120072074,1538.7849831419958,1587.302463352817
365,E11,A7,A8,5.423389859472007e-16,0.0,6.2007176610632125e-15,0.0
365,E11,A8,A7,324.83568589025276,12.024192538063728,712.1291775019405,738.400481912795
366,E01,A1,A2,63.50105453667078,1.3326060696772968,106.4292531789668,108.65515819146053
366,E01,A2,A1,92.4264542019171,1.997973322538785,152.43090285229994,155.7350351855336
366,E02,A1,A3,1.6682727260365527e-15,0.0,2.8273266579409834e-15,0.0
366,E02,A3,A1,39.04607888296726,0.930741198556971,65.82526785579842,67.36581263808218
366,E03,A4,A2,966.3477511093192,25.233908295222935,1542.7959532037771,1583.4630101729485
366,E04,A2,A5,355.58351221009,8.27320773211783,556.6454747226853,569.8484074367358
366,E04,A5,A2,24.430233830153735,1.0003702170238138,338.2389308552547,352.30987009058543
366,E05,A4,A3,4388.600984252267,73.86634488943284,7034.720412614508,7154.220230610176
366,E06,A3,A6,4.51262614479702e-15,5.868198913676684e-15,7.566913441575224e-15,1.7052810366768918e-14
366,E06,A6,A3,92.11070977581204,2.2830112624992904,184.4249053506084,189.00087402944723
366,E07,A4,A6,2.154523034940957e-13,4.3111281418790897e-13,3.453018894945e-13,1.036233427299966e-12
366,E08,A5,A7,40.30542844193708,1.6916276526726857,313.15000567766936,324.92511476934726
366,E09,A5,A8,10.14767014459089,0.4096481988558778,136.0800024218499,141.69275028275672
366,E10,A6,A8,784.7785657471874,24.979480716608926,1550.8565780738982,1600.3104754137262
366,E11,A7,A8,4.194161808604176e-19,1.1183165963343383e-17,4.663397572046785e-18,1.3266361148295123e-16
366,E11,A8,A7,321.797617578255,12.4040261411558,708.3132904712751,736.234465069705
367,E01,A1,A2,62.90053269294512,1.5222145234004067,105.67459297115445,108.21577708706445
367,E01,A2,A1,95.67554691007354,2.127549515936778,157.4537601003717,160.87422359763744
367,E02,A1,A3,0.0,8.166673409211688e-14,0.0,1.3860805067161922e-13
367,E02,A3,A1,38.54316479524459,0.6572040533227653,65.05517127885379,66.18573522767598
367,E03,A4,A2,959.2103590106448,23.88025028601233,1536.3708778181979,1574.968121315116
367,E04,A2,A5,349.38103860043395,12.10731288827943,546.7316623753964,565.3960336989735
367,E04,A5,A2,24.762536395811622,0.724038051864913,340.1990073518875,350.03966479328545
367,E05,A4,A3,4378.463062651811,79.33366474086763,7041.996930418079,7172.182157632995
367,E06,A3,A6,4.4034671306909443e-17,3.960348242660596e-16,7.834793049359579e-17,7.683213972931044e-16
367,E06,A6,A3,92.13108845484265,2.4209115341200214,184.4202277937389,189.2661878191613
367,E07,A4,A6,2.809753390101433e-16,0.0,4.476424418982382e-16,0.0
367,E08,A5,A7,40.50693521605775,0.9457972151908718,316.12862264228033,327.4735317377262
367,E09,A5,A8,9.973414908328197,0.406161322393887,133.40849731885493,138.97175338482936
367,E10,A6,A8,775.9552300483689,24.134764238378114,1535.1453899563824,1582.9271534989073
367,E11,A7,A8,1.1309422007732275e-17,1.802582383833258e-18,1.288401410231368e-16,1.2582707679454509e-16
367,E11,A8,A7,324.0963531446739,11.981866062018815,709.6527215763218,736.2787780440873
368,E01,A1,A2,63.23271877460624,1.3838462537716867,105.74221492355636,108.06456174980292
368,E01,A2,A1,95.34057766585687,2.213192308847578,157.35055144151096,160.98322654252087
368,E02,A1,A3,0.0,3.0376399803825614e-15,0.0,5.154737056111223e-15
368,E02,A3,A1,39.42451742729622,0.5802835030974676,66.67224052908867,67.6670257531323
368,E03,A4,A2,969.7554011837306,24.07051727722263,1551.2399006432759,1590.006890943011
368,E04,A2,A5,353.08254694479723,5.006629082898904,553.5816607994777,561.5181733496921
368,E04,A5,A2,23.788180545463018,1.4921254338856742,330.03092999884586,350.9909275578567
368,E05,A4,A3,4373.153917532476,79.84421952593124,7026.778676829082,7157.271131705575
368,E06,A3,A6,1.816633819327737e-16,1.814621452835022e-17,2.9780608613493903e-16,1.5891035574667478e-16
368,E06,A6,A3,91.63955303472866,2.21560955002158,183.72228420615676,188.16236277439157
368,E07,A4,A6,4.1747167181292054e-16,0.0,6.648560117538483e-16,0.0
368,E08,A5,A7,40.64905805850698,1.4115696867961023,313.7898173809341,325.00548275695894
368,E09,A5,A8,10.06482107571056,0.4417712061656352,135.25436298496282,141.14659158373516
368,E10,A6,A8,778.7617198572188,23.970376424856088,1538.5135537652209,1586.2037761608376
368,E11,A7,A8,2.7703199500002168e-17,4.052571869592297e-18,3.134897223826345e-16,3.558194578882313e-16
368,E11,A8,A7,324.10851136493307,11.39248991135349,711.3719486599277,736.9244778005884
369,E01,A1,A2,62.51526951149472,0.30846714617996585,104.9359666140556,105.46528914313078
369,E01,A2,A1,93.57153075394223,3.1870001096554907,154.7894272659924,160.0249562573315
369,E02,A1,A3,3.622770862630834e-16,0.0,6.129662916783046e-16,3.385102275066234e-16
369,E02,A3,A1,39.88384938897647,0.46062647168184845,66.93637361272633,67.6841296035824
369,E03,A4,A2,983.3993687677665,25.518024136584557,1568.6235662950994,1609.3994330452433
369,E04,A2,A5,346.1361580522531,11.575307830605823,542.4913644456398,560.456462348659
369,E04,A5,A2,25.600717721953572,0.8418994656833193,348.403699400945,359.9391208092005
369,E05,A4,A3,4384.247393573539,81.89023669564943,7014.104962735726,7144.975009540539
369,E06,A3,A6,1.1747868493832023e-16,9.394080521634177e-17,1.931206919326202e-16,3.043222157919584e-16
369,E06,A6,A3,92.81302811903178,2.1723260998329468,186.41749507019324,190.7887715608041
369,E07,A4,A6,3.376206570217969e-16,2.692450382956914e-16,5.404459867347332e-16,7.294303730225173e-16
369,E08,A5,A7,39.78360822028314,1.4416285763143253,314.1500088240665,325.5157373645992
369,E09,A5,A8,10.19383872066833,0.403801741255236,135.69463138061303,141.0070075310752
369,E10,A6,A8,775.8924287509267,21.52493829329982,1538.0109475210202,1580.5280593728878
369,E11,A7,A8,6.265205644188693e-17,2.6921598269193016e-17,7.169790735776005e-16,6.165608417025785e-16
369,E11,A8,A7,322.96149203101976,12.35066147624535,709.1384482494641,735.7514638079923
370,E01,A1,A2,60.81124289285531,2.3252498919841105,102.18467854538636,106.07684398771299
370,E01,A2,A1,93.20414975417613,1.1517252843728518,154.16363715940395,156.05687677376199
370,E02,A1,A3,0.0,2.04988962662176e-14,0.0,3.4852726284970214e-14
370,E02,A3,A1,39.11365843357673,0.6462385370764475,66.14631796724339,67.25370263123305
370,E03,A4,A2,966.5546044114435,24.667996949581077,1546.9819919795732,1586.4748123002703
370,E04,A2,A5,356.62203691604657,5.781881544564293,558.263666821694,567.2610007531218
370,E04,A5,A2,24.095431940894443,1.4461317262905133,330.6651110649568,350.5124586173102
370,E05,A4,A3,4412.499762946333,82.01934947692274,7094.216468469796,7225.961921223412
370,E06,A3,A6,0.0,0.0,0.0,0.0
370,E06,A6,A3,92.31559472194989,2.1574737667457438,185.2268491398342,189.55401042107272
370,E07,A4,A6,1.4791357915950116e-16,1.569762631776114e-17,2.3528577724814915e-16,8.135873821301941e-17
370,E08,A5,A7,40.480233733192286,1.661427927002911,316.88459344306136,328.38286581738424
370,E09,A5,A8,10.14383068520908,0.4159601890396419,135.2612762771272,140.89334967015688
370,E10,A6,A8,776.5072364834596,23.86932124178153,1538.1961074612807,1585.6451269619506
370,E11,A7,A8,1.0992838082824132e-15,0.0,1.2469578597299022e-14,0.0
370,E11,A8,A7,325.1600604118382,12.449811813022786,715.1054197822054,742.2883326991343
371,E01,A1,A2,63.02094628521009,1.5539480861851915,105.98634948180994,108.60950661717129
371,E01,A2,A1,92.96948829355509,1.6746748243525873,153.32026022801682,156.15225525036564
371,E02,A1,A3,0.0,1.0115833604819498e-14,0.0,1.721196185552095e-14
371,E02,A3,A1,38.35815238921238,0.8809825524981483,64.29931267220897,65.77485736728077
371,E03,A4,A2,970.823700963705,26.45376812060799,1547.529597985615,1590.057559292751
371,E04,A2,A5,348.42027737785315,10.692502183746672,546.0605603698201,562.5009832695189
371,E04,A5,A2,24.177858208651436,0.8666802689671215,335.8615614353378,348.48874497908383
371,E05,A4,A3,4405.981463763956,77.61829280331234,7049.477235522079,7173.863072488831
371,E06,A3,A6,0.0,6.194129245015434e-17,0.0,1.0366422519570455e-16
371,E06,A6,A3,92.56762252729224,2.3080775378270952,185.72045884130424,190.34442125652703
371,E07,A4,A6,1.9487400095694153e-14,3.894168342404389e-14,3.116643454588107e-14,9.344659047333759e-14
371,E08,A5,A7,41.61288832784749,1.9278507490834538,316.02383460730067,327.5123527519438
371,E09,A5,A8,10.049945895545381,0.3908515812434517,134.10330745412304,139.4728525774087
371,E10,A6,A8,783.9240882046133,23.43048530941998,1550.8382568296774,1597.5814348621661
371,E11,A7,A8,1.1023765174004617e-19,5.431325272375467e-18,1.2569380268967801e-18,6.258954000344635e-17
371,E11,A8,A7,324.45882235923204,12.891803736367377,710.9064568547631,738.8828297308131
372,E01,A1,A2,61.86047598531725,2.61834583156152,103.52907339898906,107.89779138962527
372,E01,A2,A1,94.16706506161269,0.896880152423101,155.29502367406076,156.73700848139492
372,E02,A1,A3,6.270489812754144e-16,3.5585614703889186e-17,1.0656307345867375e-15,8.194566170981301e-16
372,E02,A3,A1,38.99940351920653,1.0241024344803562,65.68259650328382,67.38328112525568
372,E03,A4,A2,977.2570115521745,27.186675913575364,1562.1049680852975,1605.8378650407024
372,E04,A2,A5,352.5394942945785,13.45528737585225,552.0749738914889,573.3234521645826
372,E04,A5,A2,24.375479148784038,0.5400645080587766,334.55222541895745,342.03162632833534
372,E05,A4,A3,4370.637308140742,80.58249959787713,7012.498596767945,7141.835713959076
372,E06,A3,A6,0.0,2.7286524594512686e-16,0.0,4.580168827131601e-16
372,E06,A6,A3,92.48870651499419,2.511431964694591,185.03096707066044,190.0457394583383
372,E07,A4,A6,3.1297599770777994e-16,0.0,4.986944961140084e-16,1.1353209226710317e-17
372,E08,A5,A7,40.413281995225574,1.8647449957288207,314.50151670271555,325.7958930333677
372,E09,A5,A8,10.172735382189654,0.4313912881298589,135.65583086977125,141.61433266304226
372,E10,A6,A8,774.2109790780721,24.24123576188064,1533.9121183321654,1582.175616312299
372,E11,A7,A8,0.0,1.1902475499004272e-16,0.0,1.3106108917901767e-15
372,E11,A8,A7,326.1817692648211,12.563260516834431,714.1562377401517,741.8255028351634
373,E01,A1,A2,63.83256186068135,0.35540334699223763,107.16041265645323,107.77108013679018
373,E01,A2,A1,91.79949596541599,3.1125442434489043,152.19745735623218,157.50496609252576
373,E02,A1,A3,0.0,2.485722706170385e-16,0.0,4.2249323572470324e-16
373,E02,A3,A1,39.20823287527071,0.6064657063354888,65.77328154341777,66.79648007598254
373,E03,A4,A2,965.6006618430242,25.19235013216211,1541.5696298716302,1582.1728626058602
373,E04,A2,A5,351.0903055614332,6.853150232205461,551.1093427879515,561.8550344424671
373,E04,A5,A2,24.48292648295701,1.3238431534766537,336.79057222017036,354.9229027820272
373,E05,A4,A3,4365.918605590147,76.98513154494755,6992.198676408591,7116.060541778415
373,E06,A3,A6,1.0200150322341317e-17,8.900377792652032e-18,1.6949697956983873e-17,2.6712590999650227e-17
373,E06,A6,A3,91.4145055499024,2.365011244811802,182.79673663323157,187.53435011817345
373,E07,A4,A6,9.93354303940656e-18,2.433546626745848e-18,1.586755029674371e-17,1.0040909182995115e-17
373,E08,A5,A7,40.659181133136435,0.9405801971877616,314.24386171588856,325.26943140435355
373,E09,A5,A8,10.090710433412294,0.4275347550823123,135.3784559150001,141.08241313021296
373,E10,A6,A8,777.7787083538032,23.21526928541582,1539.073810227969,1584.9439860077057
373,E11,A7,A8,1.8439928493165848e-17,3.7711019275671166e-17,1.9932476222453873e-16,6.069586613014242e-16
373,E11,A8,A7,324.37532393704373,12.983004330634689,713.9621369124418,742.8317300829224
374,E01,A1,A2,62.59103540036391,2.1586551869843325,105.06480249332023,108.66122942824661
374,E01,A2,A1,93.8916203895962,1.3993984675776472,154.84531979121329,157.2219605406904
374,E02,A1,A3,3.267985371564954e-16,8.703731491666424e-17,5.565505104257242e-16,7.043689267421725e-16
374,E02,A3,A1,39.03125443161403,0.717522495152382,65.81050683886559,66.99628525759813
374,E03,A4,A2,966.9791001198699,27.832958063335152,1545.5722061523848,1590.2038685321877
374,E04,A2,A5,352.7167567433809,10.188427072091143,552.523714385258,568.3578847235916
374,E04,A5,A2,24.777809021077303,0.8679903635645727,338.146995568595,350.1205806913414
374,E05,A4,A3,4408.3185092386375,86.33024598685441,7072.772321954712,7211.4764001494
374,E06,A3,A6,8.815814899039429e-17,5.6007154788224835e-18,1.4396682008684898e-16,2.655907653557612e-17
374,E06,A6,A3,92.05318835369481,2.283394111365801,184.40593643048365,188.9777986239854
374,E07,A4,A6,3.2223336560188154e-16,0.0,5.122074367918049e-16,0.0
374,E08,A5,A7,40.88460049412604,1.8090400761385101,315.0265358303373,326.29033360400666
374,E09,A5,A8,10.204966973484002,0.41551131795016255,134.6086557076941,140.13406088381473
374,E10,A6,A8,778.160622399604,21.542613232583502,1537.9061141166042,1580.9326736722664
374,E11,A7,A8,8.411503971689982e-18,6.031896276391461e-18,9.602107142125136e-17,1.6423569650940357e-16
374,E11,A8,A7,324.87000431714534,12.83899190217201,711.1596360562872,738.7645721794381
375,E01,A1,A2,62.89093216492182,0.8731370373219386,105.38758063490437,106.87252160226042
375,E01,A2,A1,92.8892954819837,2.3795348391966726,152.57802155644518,156.5613280218774
375,E02,A1,A3,0.0,1.876230177783968e-15,0.0,3.188939449027993e-15
375,E02,A3,A1,39.18887135481321,0.6262197499745218,66.02484393479025,67.05484421790477
375,E03,A4,A2,968.1930924655219,27.427656241005394,1546.5364954590711,1590.7629198906723
375,E04,A2,A5,350.1165153510718,8.57370183988123,547.4149719077996,560.7792953714994
375,E04,A5,A2,24.461047265087846,1.1019744389762087,335.34534689392774,350.42138134143863
375,E05,A4,A3,4372.374658543435,82.70153849867029,7010.594667508008,7143.445299915355
375,E06,A3,A6,8.403476542719563e-16,0.0,1.3959895268703777e-15,1.0711200026055319e-16
375,E06,A6,A3,91.94462712058964,2.200848486944958,184.4016153968905,188.8152680071321
375,E07,A4,A6,2.1861541723777758e-16,0.0,3.4795482777334487e-16,8.609687995096485e-18
375,E08,A5,A7,40.140274240407344,1.5021994310920417,314.3707858275038,325.33448119437577
375,E09,A5,A8,10.100153830712642,0.42311901546976594,134.77901877434047,140.38910803159354
375,E10,A6,A8,779.9414674045422,23.415661954822355,1544.6414288913486,1591.1433845653003
375,E11,A7,A8,0.0,5.345834637289827e-15,0.0,6.09720559064005e-14
375,E11,A8,A7,325.14814532891705,12.131691526953423,712.3893330406165,740.295304706868
376,E01,A1,A2,61.587625554062534,3.0987033371756842,103.20746155523943,108.40562337846666
376,E01,A2,A1,94.79958972834848,0.24266175561827455,156.46136855537353,156.87749580186588
376,E02,A1,A3,1.2072419378783023e-15,8.845950652118658e-16,2.0292405754536014e-15,3.2872566057882782e-15
376,E02,A3,A1,39.23040408783887,0.7464512629380946,66.14694520651716,67.40824206457911
376,E03,A4,A2,971.4591884528413,24.249901875584882,1552.948782445767,1592.0235300862055
376,E04,A2,A5,355.01438333890763,13.278449571606856,555.6251785063496,576.4399577632787
376,E04,A5,A2,24.707469618591343,0.73007302163574,337.0663840021268,347.0688271308566
376,E05,A4,A3,4366.15232002771,78.29111907915502,7008.46384340126,7133.738173189149
376,E06,A3,A6,5.948155981866403e-16,1.4248300673337145e-15,9.95685532648243e-16,3.3818720900122355e-15
376,E06,A6,A3,93.28560418322607,2.3894550925839897,187.2771396410149,192.0712500709359
376,E07,A4,A6,4.3965470590512993e-16,3.710945523870659e-16,7.00854509763655e-16,1.0600435356713846e-15
376,E08,A5,A7,40.546903613640225,1.1486946014868715,313.36437302960013,324.6209281008742
376,E09,A5,A8,10.268384898244046,0.4294863648255833,137.23363037777864,143.08912758296518
376,E10,A6,A8,782.0430197057161,21.706015764870536,1549.9687647635214,1593.089269914175
376,E11,A7,A8,3.6613729267823465e-16,0.0,4.169704454632658e-15,1.2412829186500064e-15
376,E11,A8,A7,324.88243078904645,12.35966788008867,709.0317618272179,736.2099732774716
377,E01,A1,A2,61.667719062254605,3.438665097913914,103.75544897304968,109.5505412771744
377,E01,A2,A1,94.0724960210126,5.214910339261314e-10,155.05131551581425,155.05131551666943
377,E02,A1,A3,2.1609087692811383e-15,1.4811534342031138e-15,3.670413610454345e-15,6.1923130318981414e-15
377,E02,A3,A1,39.223502100826295,0.16387345747566243,65.9692959678992,66.24924264012529
377,E03,A4,A2,972.07255179501,25.201607925711755,1553.8049977270161,1594.595319601883
377,E04,A2,A5,352.3593282568198,6.134065417037104,550.6248347431579,560.1953500927036
377,E04,A5,A2,24.153348157218726,1.4343119561622095,335.23584060539616,355.4072514775669
377,E05,A4,A3,4389.033486735998,85.9389334669218,7041.713085269341,7179.96154580744
377,E06,A3,A6,2.6123361688952214e-16,1.0637314631202382e-16,4.284505354843949e-16,5.193790721011261e-16
377,E06,A6,A3,92.70919132569531,2.796675645288379,185.88751205941506,191.49462672265918
377,E07,A4,A6,6.33731342212151e-16,0.0,1.0109240634552728e-15,0.0
377,E08,A5,A7,39.964091039058026,1.3069468829151165,310.4186647157062,321.0951959101122
377,E09,A5,A8,10.050467254271068,0.42406320838253897,135.49680735271977,141.26602967554555
377,E10,A6,A8,778.6529992648316,22.581852943561355,1541.3896313480557,1586.0328441196732
377,E11,A7,A8,0.0,1.414587518142935e-16,0.0,1.590664893101736e-15
377,E11,A8,A7,323.7779182337405,11.744565185957153,709.5068437991567,735.6155470748267
378,E01,A1,A2,63.347507771101405,1.5030987027099747,106.32389983686298,108.8582976956441
378,E01,A2,A1,92.27104546822815,2.3198779618139636,152.39705363376976,156.19049263222217
378,E02,A1,A3,0.0,6.786102034328917e-16,0.0,1.1543840137346333e-15
378,E02,A3,A1,38.6768421459056,0.879327888198151,65.15547950644407,66.67794555429528
378,E03,A4,A2,966.7267992629869,25.298493600150678,1542.2324693740516,1583.0946459180946
378,E04,A2,A5,355.235985329524,10.559666803005586,554.7841746158492,571.3010356636113
378,E04,A5,A2,25.698638677496465,0.8901440454483345,339.1527363593119,351.05700589512253
378,E05,A4,A3,4375.7892514468995,72.37552809002997,7008.708381331249,7124.747854543172
378,E06,A3,A6,3.8459330571497393e-16,5.049446808148763e-16,6.302424287199347e-16,1.4814485468793524e-15
378,E06,A6,A3,92.07587966710517,2.132581352362747,184.90237637614746,189.17856788929203
378,E07,A4,A6,5.22987427768472e-16,5.300084917602318e-16,8.293693138765602e-16,1.6825849974933991e-15
378,E08,A5,A7,40.556142467323966,0.9284455792776223,312.02778653896394,322.7559255339209
378,E09,A5,A8,10.411120243301987,0.45864430077658586,134.09736157306708,140.09569189061202
378,E10,A6,A8,783.2417588037936,24.56878811170713,1547.5782069016254,1595.9607840916076
378,E11,A7,A8,4.530765095184195e-18,9.363836203270397e-17,4.8015334225258266e-17,1.1124559642217184e-15
378,E11,A8,A7,327.73568172277237,12.505122979286304,716.114221538086,743.4242210839798
379,E01,A1,A2,62.82154697669276,2.0271446102139294,105.6278515027401,109.01271567660807
379,E01,A2,A1,93.58844751696223,1.30273788403175,154.20087461813284,156.41535305047825
379,E02,A1,A3,1.640769593145013e-17,1.4900164253985982e-16,2.8112561509632635e-17,2.820767750897791e-16
379,E02,A3,A1,38.5532818260435,1.162693547782431,65.0794027079777,67.05307262580037
379,E03,A4,A2,974.0251964663618,26.088250385405793,1553.3597581772171,1595.2450138236031
379,E04,A2,A5,352.4434330458284,9.88365312897085,553.1569808395159,568.276788028776
379,E04,A5,A2,25.02689461620539,1.0897562303258455,339.8058490701502,354.46262620404804
379,E05,A4,A3,4390.6467379344285,79.16962457464204,7035.200861944917,7162.900469180434
379,E06,A3,A6,0.0,0.0,0.0,0.0
379,E06,A6,A3,91.36657855702055,1.5643617884029561,183.20286111996882,186.33713297509837
379,E07,A4,A6,7.463308586670676e-17,1.3113808693531201e-17,1.1894922548424222e-16,1.0662755453928232e-16
379,E08,A5,A7,40.25784881099774,2.1311038989641933,313.42433017898014,324.4943175633304
379,E09,A5,A8,10.21763172640668,0.4363918179367297,134.02708300416873,139.7888690818784
379,E10,A6,A8,784.7964899406887,25.02638278214811,1550.9667586983028,1600.7128411020644
379,E11,A7,A8,3.2751983323106588e-18,9.366830601916102e-18,3.3904556554838705e-17,1.3152830222314295e-16
379,E11,A8,A7,328.0920673594228,12.939501084017593,719.5766038369636,747.912935059255
380,E01,A1,A2,63.549675985539544,0.6333253419095046,106.7691786100825,107.8244221290293
380,E01,A2,A1,93.25015573867921,2.949715253481303,153.72111354196613,158.64426254026034
380,E02,A1,A3,1.6620420798732929e-15,1.9107413954343513e-15,2.8014632101745857e-15,4.870923037114778e-15
380,E02,A3,A1,38.898831131731534,0.6816284910947636,65.5163271938917,66.6539330113541
380,E03,A4,A2,972.4501992455873,25.56792939282565,1553.7931748976828,1595.0613324517974
380,E04,A2,A5,351.90042910995743,8.801342523855707,551.5553648116768,565.1370437583378
380,E04,A5,A2,24.157647528003835,1.157891524240022,334.86030571244504,350.97578155963186
380,E05,A4,A3,4391.894113626592,77.60024397907424,7047.3950009703685,7172.183547498736
380,E06,A3,A6,0.0,9.042526622055235e-17,0.0,1.5237899491970067e-16
380,E06,A6,A3,92.23714334847446,2.5902584550088568,185.07972030974375,190.2760478996439
380,E07,A4,A6,2.58715669117588e-17,6.23521439398131e-19,4.107773367096533e-17,3.964710108070121e-18
380,E08,A5,A7,40.45000491475242,1.2642637719728873,311.125994911435,322.2628230825603
380,E09,A5,A8,10.12213049560438,0.43846232107929206,135.91727475476932,141.80009351698547
380,E10,A6,A8,772.5508430026869,23.44735568217684,1529.286151747938,1575.6750961678133
380,E11,A7,A8,0.0,9.217531890765723e-17,0.0,1.0840414568951262e-15
380,E11,A8,A7,327.2253278709651,12.704168244968196,715.2312287085061,743.1245763878144
381,E01,A1,A2,63.382155646926776,0.7726631117135695,106.38961698118578,107.68903898191701
381,E01,A2,A1,92.84010554101837,2.7543971590410576,152.92796719578678,157.5039722165224
381,E02,A1,A3,0.0,0.0,0.0,0.0
381,E02,A3,A1,38.59264521029169,0.7886361928326534,64.95928081506725,66.26301475339777
381,E03,A4,A2,973.6716441770536,24.728442147155764,1553.3641821262825,1593.1960131617307
381,E04,A2,A5,354.2302601544709,11.691137075294364,555.4313370085766,573.4796517618976
381,E04,A5,A2,24.876292689253077,0.9109091100325827,341.37086214800684,354.108714646816
381,E05,A4,A3,4389.19510440788,69.73778148233903,7027.860484659483,7140.06254101757
381,E06,A3,A6,1.3997178623938442e-17,3.1846782176000235e-16,2.28749592871482e-17,5.563821698984515e-16
381,E06,A6,A3,92.07646154509712,2.4695455269245308,184.80739498677445,189.77741630969393
381,E07,A4,A6,2.236005344136466e-15,4.507269697982691e-15,3.573320619203716e-15,1.078407060604873e-14
381,E08,A5,A7,40.20512991342818,1.147466984530317,310.62519093967654,321.72463873935277
381,E09,A5,A8,10.119857621337585,0.4383342579794111,134.31327088203813,140.13235106068583
381,E10,A6,A8,781.3789025509991,23.99990655553325,1548.7277620686518,1596.4168090834723
381,E11,A7,A8,0.0,5.814612416519842e-16,0.0,6.4260232941796135e-15
381,E11,A8,A7,321.8316833576487,12.408063400199731,704.3704706451135,731.6240641370402
382,E01,A1,A2,61.81428763085154,3.142262319764887,103.78488006266775,109.09419892202354
382,E01,A2,A1,94.90966585097212,0.35266470286108714,156.83966274653767,157.4096468220277
382,E02,A1,A3,0.0,2.705848142065319e-12,0.0,4.593298353035086e-12
382,E02,A3,A1,38.745272462247584,0.5290193629167497,65.31663095963702,66.17570517740884
382,E03,A4,A2,966.2670737100441,25.611671191623795,1546.1720141255366,1587.169968572096
382,E04,A2,A5,351.65437552877637,9.475110573228106,549.4617162064918,564.4584216795615
382,E04,A5,A2,24.72881504579556,0.9907436610217928,338.94510779144946,352.62210756317046
382,E05,A4,A3,4390.56569446584,79.56257092969027,7054.747772656916,7183.398203273948
382,E06,A3,A6,0.0,1.966291692890266e-15,0.0,3.2996831136050954e-15
382,E06,A6,A3,92.88185155873371,2.018593689844626,186.36521162478374,190.41321599758635
382,E07,A4,A6,3.8057367984723814e-16,0.0,6.068055043231966e-16,0.0
382,E08,A5,A7,40.393761442674375,0.889974617781704,315.70753894926594,326.47722816414637
382,E09,A5,A8,10.089821091113105,0.4378252149482053,134.21073644799654,140.10908157431103
382,E10,A6,A8,783.7570792356892,22.894327454393466,1549.3235458729769,1594.7046306428394
382,E11,A7,A8,0.0,6.478502846047881e-17,0.0,7.21598281645454e-16
382,E11,A8,A7,324.5875997957794,12.525362535439227,709.3404917033907,736.6559025037773
383,E01,A1,A2,63.19529375455312,1.1972726280882806,106.00770962894967,108.01959872760872
383,E01,A2,A1,94.21482164933971,2.345711928269807,155.14120072898936,159.12856011734948
383,E02,A1,A3,0.0,0.0,0.0,0.0
383,E02,A3,A1,38.59765883489847,1.0003378558299294,64.91463665200725,66.58443781367659
383,E03,A4,A2,981.5054532455121,25.326978564795557,1565.4783951174472,1605.9564910994013
383,E04,A2,A5,348.93688031030644,7.711330074032269,547.172672996992,559.499391760747
383,E04,A5,A2,24.510399716679004,1.2119276391129254,336.3157411044011,352.92935123455726
383,E05,A4,A3,4412.016103152519,79.54238423753509,7062.143254639448,7189.788663119983
383,E06,A3,A6,2.560736433230263e-15,2.5665620319873746e-15,4.2798823475170406e-15,8.516559087022283e-15
383,E06,A6,A3,91.62283997156636,2.5676830179876857,183.521042703334,188.6643346185549
383,E07,A4,A6,4.474859867638283e-16,8.278513119722501e-16,7.175544153422106e-16,2.044819998087239e-15
383,E08,A5,A7,40.259364405642295,1.2919927836868417,314.8728996912987,325.94979548564356
383,E09,A5,A8,10.157438157113981,0.41811320058592727,136.0675235507343,141.62713621366595
383,E10,A6,A8,780.5726772569863,23.01367493184329,1547.2055748220134,1593.011352580536
383,E11,A7,A8,1.4624547624275903e-15,0.0,1.665183361749453e-14,0.0
383,E11,A8,A7,321.8649061368709,11.783050387684321,705.9112187252466,731.9221463953533
384,E01,A1,A2,62.79881018733947,1.0905503121024043,105.42651925229555,107.25526534305862
384,E01,A2,A1,93.69601743526448,1.9513862808172657,154.23381503842748,157.415949058788
384,E02,A1,A3,5.400615629226922e-16,0.0,9.17871814242928e-16,8.302312920186765e-16
384,E02,A3,A1,38.19639077258114,1.13824423412137,64.44635384382478,66.31786283596102
384,E03,A4,A2,970.9420412700623,26.01592035900598,1552.7423710384232,1594.6829871804769
384,E04,A2,A5,357.5897060968609,7.13263462244832,560.3454027941973,571.1742385305431
384,E04,A5,A2,24.546405115937738,1.3134965063385593,335.80260599074967,353.706376702819
384,E05,A4,A3,4402.61958265379,73.14859412850114,7070.771188754033,7188.938594408466
384,E06,A3,A6,2.797129968228952e-15,1.5970371548619074e-16,4.559752163033681e-15,2.204191910728366e-15
384,E06,A6,A3,92.90001783715238,2.1893040250282807,186.31423228761477,190.69811084785533
384,E07,A4,A6,3.1318348752708193e-15,0.0,4.940296487019435e-15,8.976191670954253e-16
384,E08,A5,A7,40.554257231923046,0.9414373931947775,313.1314061069797,324.468957706282
384,E09,A5,A8,10.137756479651175,0.40588823501919763,135.03503822024987,140.4400706087709
384,E10,A6,A8,783.5694530915872,24.579833582057475,1551.333204212799,1599.8844146103497
384,E11,A7,A8,3.244144227860269e-17,7.804018426232844e-17,3.33229557692593e-16,1.2168480183809642e-15
384,E11,A8,A7,324.0683387889569,12.130038111922477,707.7372976628087,734.6941642853418
385,E01,A1,A2,63.29669904382991,1.9321794083803399,105.94204221245424,109.17160897662338
385,E01,A2,A1,92.73395844368031,1.4076669866604434,153.28585054042466,155.62399453024676
385,E02,A1,A3,1.6333190318950258e-15,2.990874481208818e-16,2.733797983783644e-15,1.8219079942105593e-15
385,E02,A3,A1,38.11993985216654,0.993858443319677,64.27436335147422,65.91883542503277
385,E03,A4,A2,972.3185253976673,25.417936680226482,1552.6516995350537,1593.4266275959642
385,E04,A2,A5,348.90465763619596,10.622465767309782,547.8592786182677,564.0113896207786
385,E04,A5,A2,25.397721682328708,1.0284120984140077,344.64848531574114,359.0318449175072
385,E05,A4,A3,4396.913863448384,82.187853462431,7051.530260998266,7184.307031303397
385,E06,A3,A6,5.658229523551934e-18,1.244342685884435e-16,9.211083416920186e-18,2.0916949804162691e-16
385,E06,A6,A3,91.2815033279711,2.1692107006351407,183.13379211157144,187.48576148222514
385,E07,A4,A6,2.4558689385383163e-16,0.0,3.9093895148725927e-16,0.0
385,E08,A5,A7,40.534736889190484,1.1995263712612068,317.69770179898535,329.0008105795941
385,E09,A5,A8,10.065987174388315,0.428825486661594,132.78973756815617,138.40386554234257
385,E10,A6,A8,772.7327094292078,24.19052660369579,1528.327395901636,1576.1880394561763
385,E11,A7,A8,0.0,1.261383493826197e-16,0.0,1.4327262946625778e-15
385,E11,A8,A7,326.75939111854336,11.85954310246239,715.3237802262871,742.0161340763398
386,E01,A1,A2,61.49650822602179,1.3589079480164594,103.19520932079269,105.49158062455632
386,E01,A2,A1,94.74269857407813,1.9805894876045738,156.0542312038268,159.432121277312
386,E02,A1,A3,8.334291796410527e-17,1.6625323075591632e-16,1.4203426824011426e-16,4.0385975055891383e-16
386,E02,A3,A1,38.849638095662996,0.883271802226145,65.35364930116596,66.85397324836492
386,E03,A4,A2,964.2746927924106,25.90025557580122,1539.216682036223,1580.8432530561365
386,E04,A2,A5,349.3638018162848,7.678701243027782,548.2207778348978,560.5043396407154
386,E04,A5,A2,24.80250402930077,1.163694292139753,340.53074655732206,356.6584871974586
386,E05,A4,A3,4409.532732932702,79.94625544404757,7065.482251322143,7194.665133715325
386,E06,A3,A6,9.319150088104964e-16,2.4010796976581464e-17,1.5314811572380281e-15,6.355910663094313e-16
386,E06,A6,A3,92.30164739903744,2.563212882414474,185.1685327366328,190.29982764802014
386,E07,A4,A6,1.342825798856853e-15,0.0,2.1339392408135075e-15,3.7590611803125225e-16
386,E08,A5,A7,40.19299034702587,1.361963700971014,315.0426539855878,326.62359804196313
386,E09,A5,A8,10.102004349962067,0.4115464939557966,134.3953537812145,139.87774410193398
386,E10,A6,A8,778.8272104130536,22.71507804633596,1542.318586101218,1587.658390562589
386,E11,A7,A8,0.0,2.179065454612945e-15,0.0,2.4308748128696722e-14
386,E11,A8,A7,324.23519707597984,12.057216567676766,708.9256434213078,736.0356709989752
387,E01,A1,A2,61.40733302672025,1.5646996340393033,103.41507165284882,106.03999512036386
387,E01,A2,A1,94.96435754604558,1.856108515923011,157.1879071995079,160.19851708973525
387,E02,A1,A3,0.0,5.9615088793190374e-15,0.0,1.0144272216527272e-14
387,E02,A3,A1,38.57586506358984,0.8647808595228592,65.17018576448143,66.64315732958731
387,E03,A4,A2,968.3599185509088,26.033635425519236,1550.863250831453,1592.9107227720656
387,E04,A2,A5,350.7624145458582,9.037729087191984,550.7957515586164,564.8974910644513
387,E04,A5,A2,24.450608233663598,1.117308952550514,339.04107499993376,354.6852895727976
387,E05,A4,A3,4368.256301722417,78.813441095194,7027.319008539207,7157.735721091602
387,E06,A3,A6,1.7046642878946448e-15,1.6422053379668991e-15,2.7843945505721062e-15,5.363889699530755e-15
387,E06,A6,A3,93.19853977984491,2.219404022083307,186.96224851626917,191.42359068375933
387,E07,A4,A6,2.5818242673806468e-15,5.1744629490069293e-17,4.10491556944077e-15,1.6204630861708746e-15
387,E08,A5,A7,39.81613994442805,2.4799230184890955,312.1005862023537,323.6411817005495
387,E09,A5,A8,9.979610958176357,0.44514380274888327,134.1501027238517,140.0334175089945
387,E10,A6,A8,770.3949058618492,22.890880408406645,1525.3899199552386,1570.8343691081486
387,E11,A7,A8,1.0203611909241224e-16,0.0,1.1218034453233154e-15,0.0
387,E11,A8,A7,320.47612794679935,12.016560287883081,703.8264126972401,730.8094864294782
388,E01,A1,A2,62.479228288594825,0.7174280176927215,104.8081078357715,106.02662683996961
388,E01,A2,A1,93.90444719882146,2.6453070643847987,155.13882906214297,159.51823928193434
388,E02,A1,A3,2.484328808997967e-16,3.626269791376977e-16,4.174735906163595e-16,8.692541549412594e-16
388,E02,A3,A1,38.39329748220251,0.9696629527516163,64.62933296765624,66.31859270999911
388,E03,A4,A2,966.4201581646425,24.913087910595213,1542.200446779249,1582.2448890770565
388,E04,A2,A5,352.08815588952655,9.080463007366973,550.7344863914025,565.1762284202924
388,E04,A5,A2,24.441532577734783,1.0724572605034695,336.45184040742646,351.13866479094406
388,E05,A4,A3,4387.740764826629,82.15665122054524,7031.730640304166,7165.631246560281
388,E06,A3,A6,1.3816739726828657e-15,6.899827842526808e-17,2.3174110348294283e-15,1.031078329987345e-15
388,E06,A6,A3,92.91793615592141,2.547494300191885,185.72518922366993,190.79990435505772
388,E07,A4,A6,1.4634302672393406e-15,4.777123484610248e-17,2.3521341214414018e-15,9.592262344979213e-16
388,E08,A5,A7,39.41581159038493,2.1671272020833885,310.55098927548454,321.7606502420904
388,E09,A5,A8,9.978478655529171,0.4198704367703262,134.52157457240978,140.25333544903927
388,E10,A6,A8,784.6601651171852,22.94545619468132,1553.7500333794842,1599.4062985320722
388,E11,A7,A8,4.937404205799665e-18,1.5218348161445798e-17,5.5104914500690614e-17,2.2558544910402343e-16
388,E11,A8,A7,322.9536335085535,12.188964321182317,708.8897292778756,735.8843203820704
389,E01,A1,A2,63.483939766611215,1.0268033449257705,106.49849490260112,108.23212251238456
389,E01,A2,A1,94.24650046000673,2.164414987460085,155.62632102420605,159.31598514131093
389,E02,A1,A3,0.0,4.810163482324225e-14,0.0,8.17659401033843e-14
389,E02,A3,A1,38.868214053450885,0.855677091888024,65.47725835688841,66.88883841610685
389,E03,A4,A2,964.7390699829066,25.50271255775492,1541.1284770556467,1582.0621980331682
389,E04,A2,A5,350.75234168680225,11.825423605313958,548.0591813616287,566.0947749680589
389,E04,A5,A2,24.93531638422007,0.806358109094115,338.69662446283866,349.96892455452064
389,E05,A4,A3,4420.949538874035,86.45949759412782,7092.766487213186,7230.892484506621
389,E06,A3,A6,2.3111496189484243e-16,5.1260744122352814e-17,3.7880595257610405e-16,3.1883801132912367e-16
389,E06,A6,A3,92.74488491345326,1.8938837473604484,185.24220312889526,189.02887825577966
389,E07,A4,A6,4.9144746981725e-16,0.0,7.80944643017839e-16,0.0
389,E08,A5,A7,40.74271410755984,1.948288261369282,317.82304817793386,329.4507923944717
389,E09,A5,A8,10.154589001354339,0.4100361458161079,134.81965794878883,140.176730194422
389,E10,A6,A8,781.8684363359786,22.79577947344625,1548.3049976149305,1593.5769104229905
389,E11,A7,A8,2.0836500332347956e-16,5.632639085327185e-16,2.1908676274336636e-15,8.113343298601385e-15
389,E11,A8,A7,323.3706753006407,11.84059458887176,708.2954902290508,734.7352855919565
390,E01,A1,A2,64.00026532735882,0.5805396395728718,107.28969222484726,108.27128388949018
390,E01,A2,A1,93.27883190824667,2.874576120783781,153.63309430477358,158.4928377315826
390,E02,A1,A3,0.0,1.2284415012009498e-14,0.0,2.084050793879129e-14
390,E02,A3,A1,39.04265229345838,0.5677926804898008,65.68929211562282,66.61348707882358
390,E03,A4,A2,972.1867408552376,24.719716053056278,1552.2470752881864,1591.9780021512859
390,E04,A2,A5,354.51597072776923,10.95587767151706,555.3571423577848,571.8891560613947
390,E04,A5,A2,23.95600744158494,0.967060645177142,331.12449415229776,344.7980013916579
390,E05,A4,A3,4403.442168922538,82.82200662361511,7054.637035075317,7187.9941172312665
390,E06,A3,A6,2.9983609106167915e-16,6.252669240647104e-16,5.004429048671024e-16,1.5441996301511258e-15
390,E06,A6,A3,92.3473531896821,2.1318446447973787,185.61551765336446,189.9001474078181
390,E07,A4,A6,4.151515467568248e-16,9.149154954894903e-16,6.658919018752679e-16,2.1332736904344854e-15
390,E08,A5,A7,40.46305893144305,1.2494126402239238,311.42444419981916,322.3688408505889
390,E09,A5,A8,9.98565530614375,0.4270837521410513,134.4900936695415,140.1730432739306
390,E10,A6,A8,778.6045401371014,24.61784715039746,1540.7092395040302,1589.6694146146235
390,E11,A7,A8,1.3878988955799833e-17,1.7635284653477283e-17,1.6530166239430858e-16,3.686049842199077e-16
390,E11,A8,A7,324.3430936996583,11.991744562330219,710.5608402509372,736.6796545075047
391,E01,A1,A2,63.12873951090061,1.7539101467911573,105.9066132396749,108.8527406716698
391,E01,A2,A1,94.52083766906537,1.5283632816272559,156.36409874705015,158.96149458946502
391,E02,A1,A3,3.516976503250604e-16,9.46727363592203e-17,5.983940468143037e-16,7.580956383356508e-16
391,E02,A3,A1,39.01153690006847,0.8427592798228194,65.70054462100262,67.11388889995798
391,E03,A4,A2,969.7860449340251,23.901669208625417,1548.5446987086805,1586.6054032278894
391,E04,A2,A5,352.82019887115854,11.540804391719133,552.7695831214062,570.2529732592695
391,E04,A5,A2,24.90282499953183,0.8544853171502886,344.1655780456905,356.13554362998
391,E05,A4,A3,4421.131541635274,76.19387545155595,7086.717347576759,7209.189381180911
391,E06,A3,A6,1.8283399109523567e-16,5.016919483658582e-18,2.9886648918153497e-16,1.2446188748132013e-16
391,E06,A6,A3,92.34853250793702,1.8716287023544684,184.79219854318808,188.54956991666955
391,E07,A4,A6,6.161680331050874e-16,0.0,9.841563154917472e-16,0.0
391,E08,A5,A7,40.08585794567964,1.4683885127071559,314.6678544525081,326.28605458096246
391,E09,A5,A8,9.948190457421898,0.4160210787981739,134.7341939866069,140.44893786923677
391,E10,A6,A8,783.1333951192402,22.10825069937372,1547.7783728123045,1591.4441623959156
391,E11,A7,A8,0.0,3.6155733922282306e-17,0.0,3.9654087618598327e-16
391,E11,A8,A7,325.67122373615683,12.520802211966393,713.1394114309105,740.7545341027386
392,E01,A1,A2,64.26365719755158,0.8296509726032762,107.58882823948682,108.98504538139497
392,E01,A2,A1,92.03055512708012,2.305428551260167,151.50156791823855,155.4286661513953
392,E02,A1,A3,3.373539857756494e-16,0.0,5.635445280620634e-16,0.0
392,E02,A3,A1,39.051590788508165,0.8624313265166232,66.00222432969542,67.44778605589464
392,E03,A4,A2,964.5519801533783,25.722074178311328,1543.1607823689042,1584.7723957965206
392,E04,A2,A5,352.9192289713036,8.183748689142073,552.6157739739376,564.9728292804092
392,E04,A5,A2,24.36195669036097,1.2226442885940993,336.4075134219924,353.5380922643865
392,E05,A4,A3,4367.921520237626,76.81935914679133,7022.310319097056,7145.942880538549
392,E06,A3,A6,1.3124516337468926e-15,1.4060198977072087e-15,2.2038714976332254e-15,4.515202261159173e-15
392,E06,A6,A3,93.57515213140326,2.3434655806358924,186.99840719450896,191.69114670092495
392,E07,A4,A6,1.6511830244268129e-16,4.1537817694206325e-18,2.6348127549992084e-16,5.426829276908755e-17
392,E08,A5,A7,40.32860097301383,0.9957838042192568,313.150506362746,324.43001992175545
392,E09,A5,A8,9.966542346337413,0.4286223412790835,133.2198977567617,138.9826407444493
392,E10,A6,A8,780.3743699984973,23.325545586979484,1540.426118121386,1586.7435250892354
392,E11,A7,A8,0.0,1.1737029337244967e-15,0.0,1.3288726968098605e-14
392,E11,A8,A7,322.41756735560716,11.670529285823433,707.0608645756786,733.2060672211379
393,E01,A1,A2,61.19432447251012,3.043569908954076,102.8155014201414,107.93263477951288
393,E01,A2,A1,93.75025415357177,0.6583459967499435,154.74945957729972,155.86611840387192
393,E02,A1,A3,0.0,2.8253593100489516e-14,0.0,4.800590672237387e-14
393,E02,A3,A1,38.984524976271395,0.9936515915263362,65.56287117277425,67.23582967321222
393,E03,A4,A2,978.4067316616407,24.69526431826599,1563.287558600817,1603.1125181111936
393,E04,A2,A5,357.4888562775434,9.149231570350281,560.1534195881966,574.5271139176425
393,E04,A5,A2,24.388352510931266,1.0786908271726134,333.924558004345,348.6069113810544
393,E05,A4,A3,4391.008344622747,85.14419502310655,7047.180179532473,7185.19040720074
393,E06,A3,A6,1.6377541857171636e-16,2.3398407634771986e-16,2.680139617882298e-16,6.143131570544887e-16
393,E06,A6,A3,91.04090263683673,2.7769809790423006,182.5465345640469,188.1196843959808
393,E07,A4,A6,4.678783670386465e-16,0.0,7.474232279585525e-16,4.882536487099897e-17
393,E08,A5,A7,40.31044262978624,1.4125148849658045,312.8427927523471,324.21208309149137
393,E09,A5,A8,9.954341112451718,0.4015603883521684,133.09820078656495,138.48197912323678
393,E10,A6,A8,780.3495518055386,23.736447763115585,1543.4229523688723,1590.6712250433711
393,E11,A7,A8,2.7652355129036895e-18,1.5251442432972227e-17,3.219834580113204e-17,2.0326557672436864e-16
393,E11,A8,A7,326.9348751870648,12.321489557353955,715.8473957521068,742.7471501346399
394,E01,A1,A2,63.06711369913394,1.5224032737583897,105.63455472335653,108.2216965707811
394,E01,A2,A1,93.41038585329643,1.8589351414045883,153.8219492087734,156.9676053720719
394,E02,A1,A3,0.0,6.464285176236281e-15,0.0,1.0980389055790414e-14
394,E02,A3,A1,38.411741855188595,0.8333043893907709,64.56292358470171,65.9487252477629
394,E03,A4,A2,972.4940021144035,25.115607950538028,1549.050972199503,1589.3299557999708
394,E04,A2,A5,346.5853706275281,11.744844536409412,542.0003527901722,560.4272089902561
394,E04,A5,A2,24.404261155382756,0.7399934981551655,336.07203120018136,346.0185044423381
394,E05,A4,A3,4367.908589926795,77.91143460333159,6982.82696760342,7106.806252634832
394,E06,A3,A6,6.05841688869956e-17,1.0480839156645859e-16,9.87125596156414e-17,2.7438830814772685e-16
394,E06,A6,A3,92.42821838513356,2.1102346631374256,185.0982210134983,189.32383469265153
394,E07,A4,A6,2.467294432643973e-16,1.0483329786717589e-17,3.9248658460091326e-16,7.490315967244851e-17
394,E08,A5,A7,39.95744724703788,1.028389741806304,312.1351252248734,323.12077655112773
394,E09,A5,A8,9.958759409956665,0.4465298851480887,134.45362485774868,140.48113203051622
394,E10,A6,A8,782.3195667380048,23.766147462889343,1549.1606631168931,1596.2557793378244
394,E11,A7,A8,0.0,6.909686967508326e-17,0.0,7.745390704206044e-16
394,E11,A8,A7,321.1325379855397,11.910651804952003,706.6953601430109,733.1033286765501
395,E01,A1,A2,63.07271003427207,1.234167985053376,106.05944786725826,108.12659665198092
395,E01,A2,A1,92.27681610891673,2.0319295676391302,153.01689299452784,156.42604997637113
395,E02,A1,A3,1.0071062748400148e-17,1.8014693104327482e-16,1.704360889279896e-17,3.234832183241697e-16
395,E02,A3,A1,39.50861031251709,0.8667065042907477,66.65523925780414,68.16389943829822
395,E03,A4,A2,969.3755710333435,26.241144332257587,1549.654278089819,1591.7711951557449
395,E04,A2,A5,350.9796224257613,5.388892638076584,549.4951546843118,557.7306692132004
395,E04,A5,A2,24.391737800304682,1.452158598026363,338.3149475381327,358.68875802529095
395,E05,A4,A3,4358.959294997067,81.0789246036866,6998.44558378392,7130.427974350582
395,E06,A3,A6,0.0,2.2810903607115734e-17,0.0,3.817981147222447e-17
395,E06,A6,A3,93.28413283849933,2.1485703865409587,187.09162907216728,191.39541376679995
395,E07,A4,A6,6.178153326475032e-17,0.0,9.820207496756613e-17,0.0
395,E08,A5,A7,39.68246253280593,1.6618476668659983,315.2134994159436,326.1212975488797
395,E09,A5,A8,9.962540407199231,0.41929631441526116,135.07348023327177,140.79092402682804
395,E10,A6,A8,781.1835946447862,24.39583907261181,1547.3509057566264,1595.8512152335556
395,E11,A7,A8,0.0,3.325281802574779e-17,0.0,3.82508927892506e-16
395,E11,A8,A7,325.04841603156535,11.96624722093264,708.8250152573339,735.2321682677575
396,E01,A1,A2,62.17594191443808,1.0405314900516593,104.1215976634216,105.89579491612469
396,E01,A2,A1,91.08665231425245,2.316854865734014,150.36471839096416,154.25471595978382
396,E02,A1,A3,5.038605592520189e-17,8.270335771087437e-17,8.550149492209244e-17,2.1668151740950412e-16
396,E02,A3,A1,38.960385409201805,0.8188180750421384,65.69851993257923,67.09907008150589
396,E03,A4,A2,970.7787617297037,23.949846511686175,1550.8214689829565,1589.4788200608566
396,E04,A2,A5,347.1985894853519,12.244875532012173,543.6101091704523,562.6103533861377
396,E04,A5,A2,24.633439047952443,0.7255234412292668,340.71709574091665,350.79905906149315
396,E05,A4,A3,4390.866646412125,79.59044075596994,7043.2721440957175,7171.0979292901775
396,E06,A3,A6,1.0914675859618214e-16,3.1451678957750534e-16,1.7876735547850698e-16,7.078650866658309e-16
396,E06,A6,A3,92.16855080219183,2.1903342338102654,185.0880390123269,189.49185808249445
396,E07,A4,A6,2.4863367613512315e-16,9.371362310290323e-17,3.976133187631192e-16,2.403955706009509e-16
396,E08,A5,A7,40.96256882996143,0.9595326269025332,315.2638849808518,326.5355756293725
396,E09,A5,A8,10.183221307083778,0.4477439831864337,134.32150470166215,140.28445176000128
396,E10,A6,A8,778.5523427791056,21.964035985509142,1540.8233835448127,1584.2098503309355
396,E11,A7,A8,7.8651808457312465e-19,6.667424472614186e-19,8.92670225095298e-18,1.5606327638476817e-17
396,E11,A8,A7,325.77538592097346,12.179437062614575,714.4917277775547,741.1778522350934
397,E01,A1,A2,63.1306827327647,1.6924776287073158,105.77260207052917,108.63147243860855
397,E01,A2,A1,95.41500016631855,1.382396807733658,158.13763223702546,160.40946844713886
397,E02,A1,A3,2.0164656364503805e-15,0.0,3.421938221422e-15,3.054968728258284e-15
397,E02,A3,A1,39.05517062232939,0.8300913268137373,65.67853395703993,67.09630428265447
397,E03,A4,A2,973.7819803286008,25.343790849296155,1554.554639570581,1595.391964126417
397,E04,A2,A5,353.10099648760894,7.1991185491178165,552.3435785223088,563.4221464665837
397,E04,A5,A2,24.94295597643954,1.3503328787382245,338.0368272404231,356.3571380636414
397,E05,A4,A3,4395.692057921645,76.70219334614696,7045.010105132,7167.487545074766
397,E06,A3,A6,5.0198760245933583e-17,0.0,8.072219030163706e-17,0.0
397,E06,A6,A3,91.38876365789787,2.0404667068249553,183.77055305919055,187.87574000102367
397,E07,A4,A6,7.219037647576734e-16,0.0,1.1404537934648068e-15,0.0
397,E08,A5,A7,40.38352355278993,0.9851273028398083,311.0455743968392,322.5727868345236
397,E09,A5,A8,10.02185126065093,0.4235212363245782,133.05572209392386,138.75585971642184
397,E10,A6,A8,777.8871331090825,23.854905075048066,1539.4353070559707,1586.7719175400748
397,E11,A7,A8,0.0,1.2686791662062997e-14,0.0,1.457699703560099e-13
397,E11,A8,A7,325.8016353180066,12.185209027569057,715.9994039051779,743.0723055241294
398,E01,A1,A2,62.90295547698078,3.4800939973486216,105.37933255226937,111.17632379869596
398,E01,A2,A1,93.99649441371882,1.7008568327565273e-07,154.93662853321953,154.9366288076395
398,E02,A1,A3,1.0669612512103994e-15,0.0,1.8114843101244543e-15,7.783677261783664e-16
398,E02,A3,A1,38.67836345266936,0.8435472349641793,65.06450955992332,66.46121382988665
398,E03,A4,A2,965.5854651433403,25.2056151663285,1543.4539254802385,1584.0652844201745
398,E04,A2,A5,352.925629756488,5.92125315362205,551.1888786175128,560.3971326109802
398,E04,A5,A2,24.603284282891895,1.4458195292503764,339.9612149969848,360.113622198681
398,E05,A4,A3,4358.497625633463,76.17375941062784,6993.980851080104,7116.003461090185
398,E06,A3,A6,0.0,0.0,0.0,0.0
398,E06,A6,A3,91.53366535501462,2.2322971255695294,183.41712535015654,187.89517827256452
398,E07,A4,A6,0.0,0.0,0.0,0.0
398,E08,A5,A7,40.21996897627676,1.777868998675784,314.19628371023134,326.0984565997681
398,E09,A5,A8,10.004257014645741,0.44804975104225886,133.89478138433753,139.69809783219284
398,E10,A6,A8,784.0930171832309,23.270804965430322,1553.3421738154498,1599.4240574548808
398,E11,A7,A8,3.006424621388793e-16,0.0,3.3409607308889816e-15,1.1452464576670303e-15
398,E11,A8,A7,325.33984982932964,12.885043533269492,711.5563420953736,739.6772431838252
399,E01,A1,A2,62.83487841805169,1.1059866812639585,105.47639901500392,107.33748611265176
399,E01,A2,A1,91.93739486481019,2.2089799134803805,151.6122287234328,155.28946279781366
399,E02,A1,A3,6.90373521725548e-16,0.0,1.1638121144656076e-15,7.261310673078578e-16
399,E02,A3,A1,38.95566172683921,0.9066079523792696,65.62012312715026,67.14283893274789
399,E03,A4,A2,964.6214470815428,25.09826989021316,1537.9991790152171,1578.1745022759656
399,E04,A2,A5,352.401645277517,7.953104054447055,551.185755609937,563.2895803421866
399,E04,A5,A2,25.158464907206387,1.2864840850519292,341.4447343451018,359.1709530760502
399,E05,A4,A3,4411.0592431388295,83.0446966957677,7059.599309284511,7193.693539087894
399,E06,A3,A6,8.32043947691758e-15,0.0,1.3893183413835051e-14,0.0
399,E06,A6,A3,91.76953512267109,2.193572458098004,184.0252154316038,188.42411706934257
399,E07,A4,A6,4.421027050148627e-16,0.0,7.054164290255473e-16,0.0
399,E08,A5,A7,40.26111332442082,1.6956593875288242,315.43162524418824,326.336082009704
399,E09,A5,A8,10.201305000785764,0.4300518090573917,134.63375185481328,140.10279406704055
399,E10,A6,A8,782.5670483262433,21.845800770897423,1547.871586435529,1591.0963761913308
399,E11,A7,A8,1.646307157770262e-16,1.934754646760708e-19,1.8633306971312305e-15,1.83320035242065e-15
399,E11,A8,A7,328.6323149946455,11.78705387300676,719.3832134700214,745.8842779595016
400,E01,A1,A2,60.99845936131871,2.0596870051776937,102.66593808771351,106.09638740792758
400,E01,A2,A1,93.20320235073794,1.464890829298724,154.2605914876347,156.75601077952211
400,E02,A1,A3,1.9487026788054793e-16,1.1919514104767447e-16,3.320677033277591e-16,5.349152599347577e-16
400,E02,A3,A1,39.32751733654471,0.6903400383483475,66.05008261828658,67.2291622538381
400,E03,A4,A2,970.8590110836793,25.668917042382688,1547.1017019969509,1588.298022264606
400,E04,A2,A5,345.5550639773164,9.040962531295369,540.7735437038571,554.3919123237293
400,E04,A5,A2,24.8022168002635,1.0416321666354478,339.8370266670404,354.2971541097393
400,E05,A4,A3,4397.582184809513,74.35106814839523,7034.909534915232,7154.034427855935
400,E06,A3,A6,1.284812202572747e-16,2.3209623791737357e-17,2.085040301614558e-16,1.5589303884193952e-16
400,E06,A6,A3,92.24215752026606,2.2966201463901874,184.66238522442688,189.2602874106758
400,E07,A4,A6,3.0208190718816986e-16,0.0,4.794562891132376e-16,0.0
400,E08,A5,A7,39.7497735544809,1.9118693787529397,313.8906656351561,325.2176489919495
400,E09,A5,A8,10.033288455916873,0.42323855457289344,133.8345121717249,139.5414396120202
400,E10,A6,A8,776.7441774437264,21.05273074090356,1537.4066804615964,1579.1893958279873
400,E11,A7,A8,0.0,1.3510705341477961e-15,0.0,1.5187829006613288e-14
400,E11,A8,A7,323.542238296234,12.426640881622959,709.6850049388601,736.4623959066319
401,E01,A1,A2,62.691809713370645,2.0703245738476466,105.25087121569811,108.75215377310984
401,E01,A2,A1,93.03229012592533,1.3251707126986725,153.11658806494142,155.24771896842395
401,E02,A1,A3,5.50947130008931e-15,3.6338840468734976e-17,9.480571488858812e-15,3.4115257580823726e-15
401,E02,A3,A1,38.50283538138841,0.8900932804277505,64.95915916807954,66.51687751813657
401,E03,A4,A2,964.6445418769513,26.100901467846644,1541.184866175853,1583.1850621711742
401,E04,A2,A5,350.5710065872414,10.152558548798893,549.6312100787776,565.427977275878
401,E04,A5,A2,24.333440662162015,0.9725525483776559,336.85146167386563,350.39721117179846
401,E05,A4,A3,4384.254038033315,81.94695815438938,7033.099986769043,7166.491804011812
401,E06,A3,A6,1.3682547081425259e-16,5.494047652248918e-17,2.2563974270924595e-16,2.3925342049497084e-16
401,E06,A6,A3,92.01938751538422,2.1994664317739443,185.12443596284783,189.54950643010534
401,E07,A4,A6,2.3895992175078454e-16,0.0,3.809969834238206e-16,0.0
401,E08,A5,A7,40.783869176875726,1.3641830564813096,315.84160481104703,327.04365474523996
401,E09,A5,A8,10.08512193956943,0.44964777381803295,135.07269342480512,141.06275037814837
401,E10,A6,A8,777.4087713045994,23.529721837297522,1539.7028450771,1586.4766466348183
401,E11,A7,A8,0.0,0.0,0.0,0.0
401,E11,A8,A7,328.9313917506921,12.223685680954762,718.7523262684209,745.3867797991004
402,E01,A1,A2,61.75308096604934,2.794901251264316,103.81088975929158,108.52217804100789
402,E01,A2,A1,95.37545249751747,0.517222393099614,156.58135324822138,157.45492005189283
402,E02,A1,A3,0.0,6.193309352109968e-16,0.0,1.0522714154135205e-15
402,E02,A3,A1,38.81349908252184,0.7089485229606172,65.2788397368143,66.442022382111
402,E03,A4,A2,975.8835721530276,25.826642468697745,1557.8709474875511,1599.5297868320536
402,E04,A2,A5,349.9440922672371,6.6996762173292765,547.5410856492625,557.6270781329563
402,E04,A5,A2,24.713638636160134,1.3573309268141462,335.49547184149503,354.20341591137475
402,E05,A4,A3,4395.760274129813,75.13116527637742,7041.009176081152,7161.848115560863
402,E06,A3,A6,3.6952305455769257e-16,3.8797206209526544e-16,6.119357127758757e-16,1.2518413995780274e-15
402,E06,A6,A3,92.93624696691128,2.383289808946321,185.43755123433374,190.18571725411175
402,E07,A4,A6,2.233503760521892e-16,0.0,3.557633352575285e-16,1.5924303101137944e-17
402,E08,A5,A7,39.81981850476589,1.6290321597424688,315.24615095378033,326.99799024796937
402,E09,A5,A8,10.002282684284094,0.4365040810962087,133.56494937031093,139.50498190577244
402,E10,A6,A8,783.9333851041168,23.544777059670864,1550.658177148204,1597.234386707672
402,E11,A7,A8,0.0,2.8440767875679516e-17,0.0,3.2594045301416376e-16
402,E11,A8,A7,324.03374278560335,11.749440658603202,710.9733222323238,737.4008098703707
403,E01,A1,A2,62.572028998964086,0.8739810575517497,105.02133003603059,106.48136229317382
403,E01,A2,A1,92.34354024213758,2.5667879600639996,151.8896222426947,156.16255187487542
403,E02,A1,A3,0.0,5.742631428341321e-15,0.0,9.751626274856518e-15
403,E02,A3,A1,38.47765069746142,0.9706182257687284,65.01213012761434,66.69273413523895
403,E03,A4,A2,966.1238895382978,26.1410088980936,1546.7549060623319,1588.6880739540284
403,E04,A2,A5,350.23937918586984,12.035420520111792,548.4591123148203,566.8481901021287
403,E04,A5,A2,24.97506394677441,0.7982345270372904,338.31801972427724,349.1703994992073
403,E05,A4,A3,4378.770130572971,83.87425579542332,7041.278992369296,7177.9256639165615
403,E06,A3,A6,5.914831296960678e-17,2.248477526989934e-17,9.696177162782217e-17,1.1128073554426055e-16
403,E06,A6,A3,90.9827691877829,2.1764461840552,182.14991574435976,186.51989611471362
403,E07,A4,A6,1.4870405171663003e-16,0.0,2.3679195865412874e-16,0.0
403,E08,A5,A7,40.63409261117354,1.301225346039264,316.52914203325423,328.2111423766394
403,E09,A5,A8,10.21774399257029,0.40032460821591387,134.84230666939033,140.11917874584452
403,E10,A6,A8,778.5491961800667,22.20535996609344,1538.6092855671038,1582.780005672698
403,E11,A7,A8,0.0,1.5352333915506665e-17,0.0,1.6973488660645208e-16
403,E11,A8,A7,321.6811743277059,11.537991336709588,705.031189339334,730.3283826025415
404,E01,A1,A2,62.517805946721474,1.9719920895374063,104.93427421179005,108.22103194771358
404,E01,A2,A1,93.3203338623072,1.4282214504930888,153.15030123674902,155.52176125844778
404,E02,A1,A3,0.0,0.0,0.0,0.0
404,E02,A3,A1,39.315843869004496,0.8037961339305852,66.05744259211055,67.41002865127311
404,E03,A4,A2,972.4955076474439,26.39340449741029,1552.1295068208447,1594.3904091729094
404,E04,A2,A5,352.84635113124557,4.235494341115089,551.8525193296884,558.2568313744617
404,E04,A5,A2,24.71163727494321,1.6221378653530576,330.8819284507507,352.8661414073731
404,E05,A4,A3,4393.721716774334,81.57801463511659,7040.24452066974,7173.221710701469
404,E06,A3,A6,1.73047212894843e-16,2.650480695957036e-16,2.894253410149032e-16,7.42644095987422e-16
404,E06,A6,A3,92.87764550848752,2.4599650291017725,185.71009822602616,190.61797142188811
404,E07,A4,A6,2.606471434352263e-16,0.0,4.1652077166984866e-16,0.0
404,E08,A5,A7,39.718223193351285,1.3252981232055387,313.7265744073994,324.7368825167212
404,E09,A5,A8,10.15312692151376,0.45030435685589854,132.78602164055832,138.60063910233228
404,E10,A6,A8,782.8453751114985,22.920583290404966,1548.3102483626403,1593.8418535896915
404,E11,A7,A8,0.0,5.718309856763424e-17,0.0,6.358590286335951e-16
404,E11,A8,A7,326.58359993376905,12.788217704005778,713.0280125697216,740.9195625910756
405,E01,A1,A2,60.88107421364391,3.4107292298371403,102.34560097095596,108.0765617593417
405,E01,A2,A1,94.76320663582996,1.3940392594169782e-09,156.14260471071603,156.14260471304058
405,E02,A1,A3,0.0,2.3883869411694546e-15,0.0,4.060302131416451e-15
405,E02,A3,A1,38.569813705330155,0.6913730529993287,64.76679937541236,65.94079310398885
405,E03,A4,A2,970.7674179188441,26.147825572708083,1548.4551036034177,1590.379342164474
405,E04,A2,A5,343.45659866538307,10.886450187378982,537.0418697147805,553.9810628332207
405,E04,A5,A2,24.896587897969283,0.9463896566949904,339.26949603206407,352.32622408844475
405,E05,A4,A3,4391.410482311056,81.89141470285733,7028.207718910983,7159.717794680976
405,E06,A3,A6,0.0,2.03314731675823e-17,0.0,3.355813708901605e-17
405,E06,A6,A3,93.05349030343515,2.1828385225395883,186.26969346925,190.6566355386995
405,E07,A4,A6,9.563992873528112e-18,3.8715746877194514e-18,1.532545487975621e-17,9.030165753201992e-18
405,E08,A5,A7,40.094268221353325,1.1918955855326696,312.8946572359889,323.4839936511587
405,E09,A5,A8,10.072795589032694,0.43618497236636433,132.90506434960645,138.64018880967066
405,E10,A6,A8,783.1317871569761,21.835646824073475,1548.8348992229198,1592.1076015869273
405,E11,A7,A8,0.0,1.1054330867111859e-18,0.0,1.2501161444727289e-17
405,E11,A8,A7,326.7760150163638,12.340761031157795,713.969490642495,742.0890256882403
406,E01,A1,A2,62.6647219281625,1.7498784880783491,105.23321703763258,108.15801593342802
406,E01,A2,A1,92.18000189201047,1.3769646548280212,151.86026456824774,154.18734287128444
406,E02,A1,A3,5.086744844865549e-16,1.0624106479698985e-17,8.588580166988588e-16,5.912304396077067e-16
406,E02,A3,A1,38.85032070837,0.9338367779103752,65.44094951559948,67.01280398572165
406,E03,A4,A2,966.6577544385286,25.719881595195865,1543.6175042681168,1585.0022826420845
406,E04,A2,A5,355.5685901228351,11.248365321922012,557.098151709742,574.8454636985543
406,E04,A5,A2,25.192960795679753,0.785141093763135,338.8806760082448,349.3502224357402
406,E05,A4,A3,4387.655097191133,80.36772487231623,7034.087066541275,7162.666021745414
406,E06,A3,A6,1.3779837628893883e-16,1.8405713256471164e-16,2.2588139620485825e-16,4.897151210236019e-16
406,E06,A6,A3,90.5471748005888,2.3831252410364523,182.10072484678955,186.9001361430259
406,E07,A4,A6,3.0315425307935525e-16,0.0,4.817421111473555e-16,0.0
406,E08,A5,A7,40.524500247528756,0.9194930675279802,312.2853620730532,323.2856534460656
406,E09,A5,A8,10.264578880974144,0.40765012321941185,134.76945726896912,140.03753907150974
406,E10,A6,A8,776.460268406124,24.58759285533976,1539.1824618769379,1588.1675640978822
406,E11,A7,A8,6.265561307108736e-17,0.0,7.214180402058171e-16,0.0
406,E11,A8,A7,322.60747582237786,11.511479935319864,706.9353128744774,732.9091007347971
407,E01,A1,A2,63.607481332611115,1.0329940148080043,107.19441647016134,108.94405580528448
407,E01,A2,A1,92.87163536743111,2.3865284401494122,153.23012689557154,157.12237319280246
407,E02,A1,A3,0.0,2.4780931455925365e-15,0.0,4.217195406645576e-15
407,E02,A3,A1,38.332734941267816,0.7657911587141784,64.64260614063366,65.93732294280295
407,E03,A4,A2,971.8470533734942,25.12205671172142,1551.3736668333847,1591.6989080541584
407,E04,A2,A5,350.8314400412459,7.267819919320015,548.6754377062462,560.207367431243
407,E04,A5,A2,24.776683244260877,1.3271606386477794,335.27393056821205,353.1813269689432
407,E05,A4,A3,4377.119880770529,78.55764897829137,7016.172251076424,7143.691390984931
407,E06,A3,A6,3.232490381797734e-17,6.824602676350758e-17,5.326351338902964e-17,1.6571804045339509e-16
407,E06,A6,A3,91.53687947939147,2.2037649914098214,183.50504426775558,187.9225943214495
407,E07,A4,A6,6.146503129242237e-17,1.0610076070985709e-16,9.740367952608517e-17,2.57229745180393e-16
407,E08,A5,A7,39.925208457951776,1.9889936697120465,311.7454109036822,323.14717413009777
407,E09,A5,A8,10.154302232449025,0.4223236255020004,133.8590789085175,139.29546072321114
407,E10,A6,A8,780.0736063673103,22.867865998343188,1541.804155017223,1587.2678939028874
407,E11,A7,A8,0.0,3.2773250323980432e-18,0.0,3.650502496542107e-17
407,E11,A8,A7,325.46613322584557,12.463460184865067,712.3603232724035,739.4804188576154
408,E01,A1,A2,63.24563904296397,1.9873301466712536,106.17212003015334,109.54847239311809
408,E01,A2,A1,92.88939181015346,1.3950741683501888,153.6444369540272,156.03041478132525
408,E02,A1,A3,1.9389011440064494e-16,4.429802837790244e-16,3.2708231201089525e-16,1.0797968679582955e-15
408,E02,A3,A1,39.36155469144723,0.6411160997631566,66.45785438012038,67.54019664333703
408,E03,A4,A2,966.2857298690831,25.134259764539845,1543.9831621604962,1584.2459744780535
408,E04,A2,A5,347.4238654192267,8.660598542234329,544.3936394622873,557.6240408958982
408,E04,A5,A2,24.518353484021127,1.0795767543519292,338.1352373367849,353.0192914948328
408,E05,A4,A3,4378.5427605223485,78.23575398783504,7030.565589514291,7158.385189740901
408,E06,A3,A6,3.154221788335781e-16,0.0,5.233471955504536e-16,1.1676487227981214e-16
408,E06,A6,A3,93.16011097755057,2.2264041807013863,186.8029390201212,191.26948258816503
408,E07,A4,A6,2.631796191411474e-16,0.0,4.198503375360698e-16,2.7193277824414076e-17
408,E08,A5,A7,39.43607234043702,1.489091545708894,313.3168567785209,324.31149416974955
408,E09,A5,A8,10.119546892028952,0.4448549063326982,134.6921595761958,140.46078923943176
408,E10,A6,A8,778.3819684388086,23.727954343909662,1539.0895676188914,1586.3948816523853
408,E11,A7,A8,6.288917211188938e-18,2.781841349816484e-18,7.299364296246245e-17,8.584188982051335e-17
408,E11,A8,A7,323.47809201924065,12.534285432486495,711.7725433357191,739.2255827095719
409,E01,A1,A2,61.40509572897582,1.5944445294415863,103.24502578194704,105.94132183067208
409,E01,A2,A1,92.79536882537741,1.8596889948620623,153.33739293530746,156.42531480248482
409,E02,A1,A3,0.0,1.1395432480673071e-15,0.0,1.937787644606181e-15
409,E02,A3,A1,38.64327508671457,0.656262103118977,65.28828654669577,66.41574632907243
409,E03,A4,A2,966.4680641291538,26.132949195326677,1546.0698048316397,1588.34111989718
409,E04,A2,A5,350.7362614676383,8.337469092645074,549.3870544759803,562.6136266064808
409,E04,A5,A2,24.916711021882236,1.0883915511170614,340.6028434964893,355.47856074385527
409,E05,A4,A3,4397.2716679777395,78.95010267873614,7068.328989587462,7198.968157631501
409,E06,A3,A6,8.32849213158329e-17,9.157115467343371e-17,1.3623078445310194e-16,2.8003351370916555e-16
409,E06,A6,A3,93.0880017432593,2.266755743375313,187.01564797954086,191.57120398200257
409,E07,A4,A6,3.630514956465635e-16,3.4030454094026387e-16,5.800514703550607e-16,1.063504646343552e-15
409,E08,A5,A7,40.86530416915777,0.8895738867239067,314.33016054273463,325.1169638178875
409,E09,A5,A8,10.244890976611714,0.42752152762103035,135.9420698701408,141.7285534375372
409,E10,A6,A8,778.2022346097406,23.170267916075947,1538.704647251484,1584.6138622220092
409,E11,A7,A8,5.551069540741465e-16,1.2973126402839075e-17,6.186048993646695e-15,2.5830015217983663e-15
409,E11,A8,A7,323.56103809795616,12.277662124211819,708.6563146195409,734.9618235320404
410,E01,A1,A2,62.8560923099745,0.6435425869574184,105.33431617267297,106.42443927373577
410,E01,A2,A1,93.37860470383879,2.470075159606737,153.1406983288575,157.1731673757384
410,E02,A1,A3,0.0,4.615962526596573e-16,0.0,7.832344005286028e-16
410,E02,A3,A1,39.14660733225459,0.8101709032294978,65.89849891992527,67.22477680858272
410,E03,A4,A2,970.2935723895682,27.054987267330613,1549.4434812594125,1592.8450759837435
410,E04,A2,A5,348.69490018960187,8.182081373512133,546.4052826829237,558.7743559680406
410,E04,A5,A2,25.076598290703796,1.251876424721976,339.9803726562935,356.93681886804904
410,E05,A4,A3,4382.085311137715,80.53462716439526,7024.627571373288,7153.904416457926
410,E06,A3,A6,4.1025680496421196e-16,0.0,6.827777016749403e-16,1.6455943904562534e-16
410,E06,A6,A3,92.06442300439028,2.264621574701003,184.5675144270587,189.11002148613318
410,E07,A4,A6,2.3295411653298026e-14,4.6448867016898993e-14,3.7335097308660965e-14,1.1177930879628357e-13
410,E08,A5,A7,40.093563369854785,1.745810299445469,311.3889828033098,322.54629108104984
410,E09,A5,A8,10.29262863635293,0.4351453522304135,136.20260337018937,141.892415162731
410,E10,A6,A8,780.7247960220612,22.091465002519833,1546.9377700649443,1590.886028427243
410,E11,A7,A8,0.0,9.85692352650412e-18,0.0,1.0086396458879626e-16
410,E11,A8,A7,325.40579445164633,12.313240917270605,713.5340146095381,741.0826955382298
411,E01,A1,A2,62.187780580036765,1.4312870861071132,104.39942724630103,106.81324628852896
411,E01,A2,A1,92.88511011916867,2.042435918572126,153.77412989558707,157.20334958094008
411,E02,A1,A3,2.8554192247381046e-16,1.435455105511912e-16,4.830448473177104e-16,4.671260472485341e-16
411,E02,A3,A1,38.66489710295624,0.7489182534620277,65.14888777020826,66.38637442999095
411,E03,A4,A2,972.1419885890558,24.624176102462815,1552.18681659248,1591.8140264695933
411,E04,A2,A5,350.8704553608211,12.344020976605304,549.5770187734415,568.4577339317991
411,E04,A5,A2,25.16598980696464,0.757825535233438,340.13129563053957,350.3340370770129
411,E05,A4,A3,4406.430723052726,87.1183309950074,7063.229883431054,7204.428372522233
411,E06,A3,A6,6.091684673383783e-17,0.0,9.978806582410213e-17,3.1090417548359604e-17
411,E06,A6,A3,92.73947154939289,2.0481770357997227,185.98358751677767,190.08723369643872
411,E07,A4,A6,6.241342327366588e-16,0.0,9.982749214745351e-16,2.882703072036425e-18
411,E08,A5,A7,40.81030550571703,1.7863703072467525,313.37507660981527,324.43440871672647
411,E09,A5,A8,10.36788287961389,0.4409145944113255,136.03899449061103,141.93506715204023
411,E10,A6,A8,781.8377977811946,22.948196342534438,1546.0046878332273,1591.608266634617
411,E11,A7,A8,1.5246709534021593e-16,1.7960912542386204e-17,1.6837850236816135e-15,1.092690324362888e-15
411,E11,A8,A7,327.917798607491,13.191121520131377,717.5989635847573,746.6617557686601
412,E01,A1,A2,62.129487546677325,2.492288752811114,104.19949612449854,108.39113907145408
412,E01,A2,A1,93.11156551865392,1.0485815225155461,154.04924620209198,155.74793938096414
412,E02,A1,A3,1.0365796886917281e-16,0.0,1.7669080445903064e-16,0.0
412,E02,A3,A1,39.13272611861235,0.9319190662725517,65.9036929900996,67.4588845719498
412,E03,A4,A2,969.9526117567297,25.551541044491405,1546.7699942404558,1587.827145226509
412,E04,A2,A5,353.9049418738643,8.273425168353468,554.549718804935,567.6206430617788
412,E04,A5,A2,24.212491274476704,1.1849375584106614,339.189315679816,355.98156408720655
412,E05,A4,A3,4375.873664900503,78.56426342211887,7005.707880802609,7131.348885920695
412,E06,A3,A6,1.6284541215047606e-15,2.602059716560785e-15,2.7802104158019704e-15,7.195480232463452e-15
412,E06,A6,A3,92.20594694040332,2.1720755007684502,184.21104954402813,188.54694680303714
412,E07,A4,A6,7.500937493184509e-17,1.7720060868634895e-16,1.1968026809964508e-16,4.0224085861159006e-16
412,E08,A5,A7,39.45348596061645,1.7134182866738543,310.51223144998374,321.4821557785698
412,E09,A5,A8,9.876559582370016,0.4398069098536092,133.21337489537297,139.08005328854773
412,E10,A6,A8,781.9698263242052,24.199522492471807,1547.4965837540806,1595.5464169095446
412,E11,A7,A8,0.0,4.825762265698054e-19,0.0,5.6129914914751604e-18
412,E11,A8,A7,324.9349341020852,12.552799550344947,710.7968598535113,737.764172379244
413,E01,A1,A2,63.24545240185939,1.64246252084457,106.08734662810367,108.86100807215446
413,E01,A2,A1,93.30401903446244,1.55425397664001,153.62216376619804,156.2572081970053
413,E02,A1,A3,1.5764194800937356e-17,5.31660432326141e-17,2.6859584977421212e-17,1.1717657696164364e-16
413,E02,A3,A1,39.34094229121723,0.6407634107243995,66.05311574101506,67.11708339704953
413,E03,A4,A2,967.6176111833063,24.013251810434063,1543.0203152224638,1581.5750437179001
413,E04,A2,A5,351.32376263215224,7.178539516287263,551.6482519680405,562.5581117516083
413,E04,A5,A2,23.95770746803797,1.3640968790832548,332.4794830356057,351.5076110109186
413,E05,A4,A3,4392.574147953828,84.95757025872865,7028.92097811932,7165.4798548801
413,E06,A3,A6,3.782338709769535e-17,1.8732255412680493e-17,6.187993946816647e-17,5.678771637587755e-17
413,E06,A6,A3,91.6655365909813,2.899199757743306,183.97475372681458,189.7994341726682
413,E07,A4,A6,3.794485400980478e-17,0.0,6.010918732313847e-17,1.1953491098551593e-17
413,E08,A5,A7,39.79528813245027,1.8161705145640443,313.1700135942776,324.79096824183887
413,E09,A5,A8,9.981500097222593,0.4152094889345019,134.72342031526114,140.37456085476413
413,E10,A6,A8,783.7663265726729,23.918948466504393,1553.0104241857252,1600.5689270317498
413,E11,A7,A8,4.454213660110348e-17,0.0,5.196154251219968e-16,7.247654675608538e-17
413,E11,A8,A7,322.31683338264804,12.619396491459351,707.9663337611058,735.2401619285665
414,E01,A1,A2,62.07083625609458,0.6629335000551186,104.40486634762827,105.53304831381422
414,E01,A2,A1,94.68895089917669,2.6368931709251795,156.1067068832554,160.4467640693661
414,E02,A1,A3,0.0,0.0,0.0,0.0
414,E02,A3,A1,39.40046714309748,0.6488126730542289,66.08650049684606,67.20682740048251
414,E03,A4,A2,964.1068728289194,26.328167098645487,1537.0710707916203,1579.3308436749933
414,E04,A2,A5,350.6322948114555,9.599045161191864,549.1600708108522,563.9435231913741
414,E04,A5,A2,24.11178301195958,1.0261466433241389,336.51041316933976,350.93203322368817
414,E05,A4,A3,4381.249130863,82.81890916180912,7009.30746139423,7141.09831415904
414,E06,A3,A6,1.1333243115273016e-15,1.3329444615269763e-15,1.8585260701574974e-15,3.855358643558931e-15
414,E06,A6,A3,92.61222821740843,2.113909763773762,185.99956617485583,190.24870502775843
414,E07,A4,A6,1.2274519920666916e-16,0.0,1.9515434898307475e-16,0.0
414,E08,A5,A7,39.30637766623787,2.224262926318697,311.5452938094314,322.5032334319739
414,E09,A5,A8,9.849282364552812,0.4153875137936299,133.57158445431355,139.33156004664266
414,E10,A6,A8,780.0546720407488,23.88524635226978,1544.797436662569,1592.0015399224303
414,E11,A7,A8,0.0,1.307502560711943e-17,0.0,1.4888971005749765e-16
414,E11,A8,A7,323.3915887218045,12.710735630407637,711.2891565677744,738.6358880955455
415,E01,A1,A2,62.948959303173666,0.9226469701779136,105.76416100067536,107.30703262535695
415,E01,A2,A1,94.47403700507438,2.3529973801185053,155.87127848631445,159.6719165481087
415,E02,A1,A3,0.0,0.0,0.0,0.0
415,E02,A3,A1,38.757865063535775,0.8232369960848199,65.55757738955703,66.94594727549321
415,E03,A4,A2,959.1460442839818,24.786539737741055,1535.5680207527187,1575.5632414667673
415,E04,A2,A5,350.75821149714346,12.252627372034066,550.196376471362,569.1621821240776
415,E04,A5,A2,25.302362301333474,0.7439698092821239,340.3333814178269,350.2451379522775
415,E05,A4,A3,4381.430640790357,80.52575413302581,7046.920510445296,7179.781574699522
415,E06,A3,A6,0.0,2.9224076655028584e-13,0.0,4.898692328351175e-13
415,E06,A6,A3,91.57852235636733,2.1042300835314816,184.0344405750107,188.27740811857618
415,E07,A4,A6,1.468403889109757e-15,1.513305137803273e-15,2.3574547089768987e-15,4.3237028896546256e-15
415,E08,A5,A7,40.08910064851541,1.5003120223247057,312.945919888969,324.4007036993536
415,E09,A5,A8,10.278894099827298,0.4424886405064394,134.42538223014995,140.18259866534333
415,E10,A6,A8,782.2914963404376,23.41134203982456,1547.9766307457933,1594.2241013194598
415,E11,A7,A8,0.0,1.1979447871454302e-16,0.0,1.3271134807384335e-15
415,E11,A8,A7,325.2786417535474,11.772369754568413,715.9963071848482,741.7255092600055
416,E01,A1,A2,61.98240655884368,1.641656762439834,103.79548915089146,106.57550332510888
416,E01,A2,A1,94.92270705298674,1.4897651931213045,156.3413031168058,158.7816655173322
416,E02,A1,A3,7.694338827044054e-16,2.22832134438469e-16,1.307560302225489e-15,1.68490885079877e-15
416,E02,A3,A1,38.87777923002424,0.8791017822114575,65.8238025092432,67.32179607682747
416,E03,A4,A2,959.9094019006748,25.25043731854874,1539.2352118831586,1579.7099508779963
416,E04,A2,A5,352.5620885354537,4.1034620065152065,552.3148154021692,558.8684184490852
416,E04,A5,A2,24.5894888387614,1.6007781548237003,336.03845911439305,358.11924924351337
416,E05,A4,A3,4377.966340815554,77.58451341410351,7054.254667457507,7180.500239367626
416,E06,A3,A6,1.5905278938282922e-17,4.374035286102203e-17,2.602228962579637e-17,9.758495349989028e-17
416,E06,A6,A3,92.8169366464749,2.1509613024404923,185.55943081008127,189.87052428502682
416,E07,A4,A6,0.0,0.0,0.0,0.0
416,E08,A5,A7,39.957699765718296,1.4344699745116112,310.5809178804971,322.1300392144935
416,E09,A5,A8,10.194195426655858,0.44152365112877057,134.8355039194393,140.67260001865384
416,E10,A6,A8,785.9536521226786,24.837095983898195,1552.618329541845,1601.5278610349396
416,E11,A7,A8,2.5826279748585842e-17,4.412816821478419e-17,2.8823737313835512e-16,7.838834811751772e-16
416,E11,A8,A7,324.70877211546417,12.028393935634382,709.4722502697482,735.8523844219658
417,E01,A1,A2,63.79840145007475,2.0224541168228587,106.96282728816288,110.378980124593
417,E01,A2,A1,94.54995549388951,1.3650777601081507,155.97401028298708,158.1851096540609
417,E02,A1,A3,5.235829290157369e-16,1.0922794241099696e-16,8.870996613398588e-16,1.0262856332833142e-15
417,E02,A3,A1,39.85545846639711,0.8791746094607853,66.95082384266613,68.43442731261341
417,E03,A4,A2,968.9680391951342,25.626137534767036,1547.4744633257137,1588.558447311168
417,E04,A2,A5,357.3807014319465,12.51628869895966,558.221400556147,577.3337489343929
417,E04,A5,A2,24.75278110156819,0.7082509424246151,333.5760441241325,343.01001478627785
417,E05,A4,A3,4396.934637069415,80.1229343154133,7047.002349791504,7175.660806928871
417,E06,A3,A6,0.0,0.0,0.0,0.0
417,E06,A6,A3,92.81163535260643,2.638651747623707,185.50244738572633,190.7897727571234
417,E07,A4,A6,1.951512896401964e-12,3.902111938744822e-12,3.12691421612706e-12,9.379284560577803e-12
417,E08,A5,A7,40.118162322011344,1.1839593508219821,311.9225471463535,323.1138124570924
417,E09,A5,A8,9.996996888549106,0.4594829168947024,132.35224632923297,138.29139821265932
417,E10,A6,A8,773.0432214222716,22.338042151052225,1528.1617105842001,1572.5897304363966
417,E11,A7,A8,0.0,2.8315670377747573e-18,0.0,3.338782184071118e-17
417,E11,A8,A7,326.6728212825452,11.969420630094389,715.3084850429427,741.7476363558718
418,E01,A1,A2,64.04957281876416,0.7117514268618872,107.26324024256817,108.4568477234521
418,E01,A2,A1,91.17439256985965,2.594036164794038,150.0872000579593,154.3757518411678
418,E02,A1,A3,0.0,2.2551326678210553e-15,0.0,3.824556994018606e-15
418,E02,A3,A1,38.60107888959303,0.8030942204548367,65.12708972937253,66.51622612749593
418,E03,A4,A2,963.9974133049975,25.94419359896541,1541.2467724097082,1582.998909159436
418,E04,A2,A5,349.5637477942647,6.143904421620519,547.3250135106779,556.522080530324
418,E04,A5,A2,24.786369450898928,1.33124591707442,334.4856568912716,352.44975707493853
418,E05,A4,A3,4382.010547600889,76.42807097861682,7034.455305103979,7158.676201808415
418,E06,A3,A6,2.1590904514184884e-16,3.7110911019274435e-16,3.55087369264603e-16,9.608341753409687e-16
418,E06,A6,A3,91.21085731225975,2.031765909852296,183.5442296834371,187.6299870288455
418,E07,A4,A6,5.994362142841892e-16,1.1980200195104878e-16,9.583261825852315e-16,9.123333587173786e-16
418,E08,A5,A7,39.6201111487686,1.8120686749145059,312.7017268516032,323.87298947938626
418,E09,A5,A8,10.308991716322497,0.41774486703014235,135.4140234543351,141.00180643133058
418,E10,A6,A8,790.3446228670463,25.34080130137898,1565.1080041075638,1615.0613791089197
418,E11,A7,A8,1.7068460716772366e-15,0.0,1.9203669418312123e-14,0.0
418,E11,A8,A7,324.15611275939756,12.493206864771878,710.687691088856,737.9229382406197
419,E01,A1,A2,62.529036067114355,2.597203346421877,104.97485694848275,109.32453759378441
419,E01,A2,A1,94.14271159952648,0.570505422958159,154.77605010845247,155.72633658890032
419,E02,A1,A3,0.0,4.39870675588276e-16,0.0,7.465777565544696e-16
419,E02,A3,A1,38.53980480876833,0.9082454152017845,64.85694185093773,66.3863766862422
419,E03,A4,A2,971.7550285521462,25.336980806703973,1549.5127180032666,1590.1423627935667
419,E04,A2,A5,350.0618854984994,12.329004940495341,547.8432178321374,567.1317726979231
419,E04,A5,A2,24.419284102384168,0.7062717852021009,338.2692130810225,348.06562253128715
419,E05,A4,A3,4404.852568550636,81.22001157690373,7053.554472682036,7183.656032452649
419,E06,A3,A6,4.020246722134553e-16,0.0,6.773022998049315e-16,6.284001726680637e-17
419,E06,A6,A3,91.4618380770855,2.112881500150724,183.49235917860472,187.73940141868178
419,E07,A4,A6,7.751866197094003e-16,0.0,1.2431143453645999e-15,1.1616703833986474e-16
419,E08,A5,A7,41.16925930293792,0.9377114043715551,317.7638003024271,329.0571388078897
419,E09,A5,A8,10.12261546450222,0.43956636563994783,134.70368956542453,140.73331497982937
419,E10,A6,A8,781.1188495256281,22.21311232153768,1545.0138493753461,1588.9430004127112
419,E11,A7,A8,0.0,2.6972672489394825e-15,0.0,2.9906384502642785e-14
419,E11,A8,A7,325.43384551062474,11.804319232657097,712.3845594555049,739.1531431064675
420,E01,A1,A2,63.15970708002153,2.8842641501680184,105.9857889183985,110.84366117245926
420,E01,A2,A1,93.99763893091395,0.4099074516201452,154.99486206068735,155.65735177408158
420,E02,A1,A3,5.921499134799952e-16,3.10735897728482e-16,1.003313402214308e-15,1.5298938233332363e-15
420,E02,A3,A1,39.17894491118613,0.9083415892203439,65.92707989598969,67.46349364283878
420,E03,A4,A2,971.192854566667,24.807440149993162,1549.2415319814854,1589.2568485500476
420,E04,A2,A5,347.4650611804046,8.676162518681464,544.3389000967528,558.3071753233369
420,E04,A5,A2,24.64073355869479,0.9662478218753037,335.1156508274321,347.98541073730627
420,E05,A4,A3,4378.533862369059,72.17401636759449,7017.916002015014,7134.4214705295235
420,E06,A3,A6,3.413827815117311e-15,0.0,5.682882811795546e-15,0.0
420,E06,A6,A3,92.0596851280452,2.188634467725125,184.72245854717414,189.11127352071935
420,E07,A4,A6,9.59882990952354e-15,0.0,1.53758646453585e-14,4.432738369235206e-15
420,E08,A5,A7,40.493834366931345,1.4463387557620497,315.54939930589455,327.21838422843035
420,E09,A5,A8,10.144615078423602,0.4625178667710127,135.5209488100026,141.82686686058653
420,E10,A6,A8,781.7293034536733,22.87715730686161,1549.781235195223,1595.451401826651
420,E11,A7,A8,1.1147573140074977e-17,5.588634674291587e-18,1.2549354393399012e-16,1.8784042721160198e-16
420,E11,A8,A7,325.7925653292732,13.052058388288764,710.6125142887673,738.7821579286709
421,E01,A1,A2,62.21866951787418,2.167918732369893,104.28343287872138,107.92065289963806
421,E01,A2,A1,94.63037610705678,1.138912230046597,156.41859612427083,158.35412067926788
421,E02,A1,A3,8.72841335660858e-18,0.0,1.467315658569155e-17,0.0
421,E02,A3,A1,38.88166848601823,1.0354593562862369,65.43533024791441,67.2353197961017
421,E03,A4,A2,969.362658734612,25.698284055474684,1547.7415935245779,1589.165778416162
421,E04,A2,A5,352.1584753469184,7.909835378772187,551.0463360978348,563.1917353071228
421,E04,A5,A2,23.92065097012198,1.231088687102009,334.54670365456286,351.6663855819716
421,E05,A4,A3,4381.044484890843,84.06443481911269,7021.17039213431,7156.345852622738
421,E06,A3,A6,1.0566172857228857e-16,1.1139698289764438e-15,1.8196571759095974e-16,2.0645012521269075e-15
421,E06,A6,A3,92.86446816600323,1.8734128703965893,186.1252505980431,189.8814571010397
421,E07,A4,A6,2.707638428499977e-17,1.0026749436446345e-17,4.323634847875112e-17,3.6637207698266476e-17
421,E08,A5,A7,39.845033815499384,1.2786111783829641,313.56276779226533,324.6532003141061
421,E09,A5,A8,10.00597830835501,0.45595266689671277,135.40246212607113,141.44302892279347
421,E10,A6,A8,778.9478041628178,22.512389464757995,1540.1722936964588,1584.6058709524314
421,E11,A7,A8,0.0,2.362061692973724e-16,0.0,2.6083667062199407e-15
421,E11,A8,A7,324.8235555826535,12.156235498751663,710.6901079900623,737.7178185592198
422,E01,A1,A2,62.78516095693846,0.9245465924429888,105.31495499966465,106.8740354368874
422,E01,A2,A1,93.44105198328646,2.4809168136899364,153.9485363411861,158.0260363118049
422,E02,A1,A3,4.472865691632814e-16,7.029082103122283e-17,7.585273422663803e-16,8.752268302074302e-16
422,E02,A3,A1,38.86332174278315,0.8912272742289795,65.65062216793898,67.17743264752215
422,E03,A4,A2,977.2043562947019,26.210833793174995,1560.771067892687,1602.8891046320289
422,E04,A2,A5,352.6811744062551,8.960450254937173,553.2320405310974,567.1329827141114
422,E04,A5,A2,24.227572292798843,0.9925649436800275,337.8101041188924,351.79768819509115
422,E05,A4,A3,4363.786639557387,81.9279317668414,7000.519706461888,7132.775933613005
422,E06,A3,A6,0.0,0.0,0.0,0.0
422,E06,A6,A3,93.21536269715838,2.258783211615725,186.591288081705,191.1298225883924
422,E07,A4,A6,6.812719662782095e-16,0.0,1.0863856132281909e-15,0.0
422,E08,A5,A7,39.8968123205013,1.4548046296996158,312.68134481129016,323.56999718508933
422,E09,A5,A8,9.975096075272056,0.45976757757743175,133.74804406412204,139.7613554772946
422,E10,A6,A8,776.3476053135639,22.824492544329537,1537.5658025979744,1583.092634449034
422,E11,A7,A8,4.035500536223179e-18,1.0565068453529222e-16,4.20604860868821e-17,1.2345740309598719e-15
422,E11,A8,A7,325.4952598527868,12.003028507505197,714.3044169079321,740.8011078281118
423,E01,A1,A2,63.71400356646276,2.4389804873335845,106.75552884499339,110.81472027871601
423,E01,A2,A1,94.5170989246553,0.940848663548162,155.02566079841444,156.6214403495825
423,E02,A1,A3,0.0,3.4775890825563435e-13,0.0,5.909518006317421e-13
423,E02,A3,A1,39.08442666520676,0.5493809147459756,65.56784105921672,66.49914293273731
423,E03,A4,A2,963.2332546240912,26.531517107634713,1538.5793565559206,1581.192424831077
423,E04,A2,A5,352.58211487017417,11.240623448450174,552.4307636253468,570.28474706987
423,E04,A5,A2,24.69718635306103,0.8939937551501983,339.1136845877445,351.17213002762225
423,E05,A4,A3,4378.832886352359,78.05960519289285,7015.81245135669,7141.697089238921
423,E06,A3,A6,4.9181134024054745e-17,5.792453505177469e-17,7.986378404674578e-17,1.624485090790849e-16
423,E06,A6,A3,92.00185394742715,2.2918455622489766,184.16073443222987,188.74657156815272
423,E07,A4,A6,2.253425067392083e-16,1.814085853086653e-17,3.59870600097087e-16,2.607725645054711e-16
423,E08,A5,A7,40.42877479053781,1.8432704412645,314.31597614396645,325.9105053601559
423,E09,A5,A8,10.089606036585865,0.4029079111161127,134.652963724873,140.0374463596675
423,E10,A6,A8,775.1370230469767,22.335923648119675,1537.958462452411,1582.373526215045
423,E11,A7,A8,1.1985285658741642e-17,3.626591722364802e-17,1.2453465815448572e-16,5.0451731380573e-16
423,E11,A8,A7,325.6235069299269,12.215175443475722,712.3289035215114,738.8575296694689
424,E01,A1,A2,62.17497539358048,2.788824893037318,104.28618020072753,108.99320623165232
424,E01,A2,A1,92.85273702371293,0.3765546095436678,152.62186140026768,153.2534124023578
424,E02,A1,A3,3.5345961551748797e-16,3.3007446294546585e-16,6.000355430436606e-16,1.110848169418439e-15
424,E02,A3,A1,39.05156983305016,0.8643084253310065,65.73475299839643,67.23366543514537
424,E03,A4,A2,971.5947802869607,25.078577270059352,1552.7692646726778,1593.0716392992892
424,E04,A2,A5,358.60029855833193,5.77894203835192,561.8819023589796,570.8976195451388
424,E04,A5,A2,24.786532091389535,1.4770628224041555,333.0851621863262,352.9554239147036
424,E05,A4,A3,4386.467798284551,78.18784858124803,7039.11790274666,7165.1953666979025
424,E06,A3,A6,8.001011156096918e-16,2.5481388408144537e-16,1.3163471425833862e-15,1.5276716789443068e-15
424,E06,A6,A3,91.50122506525732,2.2493108199429317,183.2499656853488,187.75161366298266
424,E07,A4,A6,1.7666492794880476e-15,0.0,2.8230468579767916e-15,6.96331231836942e-18
424,E08,A5,A7,40.81919123417235,1.1579102683840936,317.4380266646563,328.6333852652966
424,E09,A5,A8,10.081499045375628,0.46784655278380805,133.00281637929723,139.09777059141604
424,E10,A6,A8,789.0027886321236,24.368816473414206,1560.6526263341048,1608.8680460953874
424,E11,A7,A8,0.0,4.21710048089096e-17,0.0,4.710994446848963e-16
424,E11,A8,A7,320.3379146599242,12.806725577317765,705.378533169843,733.9755095600162
425,E01,A1,A2,63.76275016923397,1.128160761447505,106.92426351987409,108.85174522297473
425,E01,A2,A1,93.23748613700391,2.2764709879961473,154.4360521020421,158.21125870657767
425,E02,A1,A3,3.740715496420029e-16,4.511615074307604e-15,6.357304930801058e-16,8.30036667765211e-15
425,E02,A3,A1,39.12626043666979,0.9408246127816655,65.89863383895174,67.48486782724787
425,E03,A4,A2,966.3321498204843,26.425767336801886,1541.7529926128586,1584.2197217542773
425,E04,A2,A5,345.49370090412344,10.021675078921003,540.3295302419813,555.8563850157569
425,E04,A5,A2,24.756468156479496,1.0119830639677192,340.8689960857031,355.15325640878234
425,E05,A4,A3,4405.303426356369,82.45670864264146,7054.623715229332,7187.3072220975755
425,E06,A3,A6,1.8497459903775244e-15,3.977725551936067e-15,3.0909400553976396e-15,9.73733929042262e-15
425,E06,A6,A3,92.49831636971307,2.2856732891385243,185.265079399382,189.83582415987814
425,E07,A4,A6,2.3874372064091735e-15,4.9167191616930084e-15,3.8222530404792476e-15,1.1693726491023537e-14
425,E08,A5,A7,39.40066788601386,1.647696914796897,309.538237873667,320.97025144311976
425,E09,A5,A8,10.15449630380997,0.43491433472574265,135.01957224570387,140.87415346193526
425,E10,A6,A8,778.3902625200799,24.131259387630244,1539.8664146846158,1587.8914190476187
425,E11,A7,A8,1.1221648342635164e-16,2.3487894347042935e-16,1.2598816945960507e-15,3.896679829841003e-15
425,E11,A8,A7,323.0223542994788,12.658881219608405,708.9952849318939,736.8114328860291
426,E01,A1,A2,62.35378506679265,2.9573574191665655,104.70914442682135,109.64754542327636
426,E01,A2,A1,93.14201034492308,0.4851523628641711,153.39541873697516,154.17328841867936
426,E02,A1,A3,2.9110339327061384e-15,0.0,4.957790175467415e-15,0.0
426,E02,A3,A1,39.16958246987125,1.055630456148469,65.50436589878521,67.29102637365921
426,E03,A4,A2,970.2480198735873,25.898331545287434,1544.8835219560021,1586.304561346032
426,E04,A2,A5,352.0585618762202,6.892085153777369,550.9642847858283,561.311281515998
426,E04,A5,A2,24.388631043342794,1.383968996188021,334.6991204895089,353.4676639123063
426,E05,A4,A3,4390.614377959185,80.10637139955242,7008.5945366148135,7136.842452222068
426,E06,A3,A6,7.57688381393341e-16,2.911897103532664e-15,1.2765622712614647e-15,6.194897978607844e-15
426,E06,A6,A3,91.30102948120654,2.6268304672121765,182.36485228720494,187.61208891200107
426,E07,A4,A6,3.7660915362550155e-16,4.12778697084096e-16,6.027069959710139e-16,1.1569644645412446e-15
426,E08,A5,A7,40.146583649079496,1.9834767415366448,312.92578457974207,324.00058528084065
426,E09,A5,A8,10.139596939025608,0.45500438842333396,134.3532998918388,140.34619583101392
426,E10,A6,A8,778.4139549325714,23.663543883105888,1540.1024966667087,1586.8410102815537
426,E11,A7,A8,0.0,7.08065548901393e-17,0.0,7.952843659443007e-16
426,E11,A8,A7,325.0350267098776,11.755995864298376,712.8896994441445,739.5095725387978
427,E01,A1,A2,64.1043781353643,1.8273517689986758,107.60742534744094,110.67621321626285
427,E01,A2,A1,93.69101996314578,1.5265535775039605,154.0944159084598,156.5759532111665
427,E02,A1,A3,0.0,0.0,0.0,0.0
427,E02,A3,A1,39.8107884633123,0.4875898666325421,67.0378287508471,67.85511455101627
427,E03,A4,A2,975.3081543896415,25.273113538737064,1557.1031787785635,1597.8472660320022
427,E04,A2,A5,354.2224765204042,6.11424963593088,554.8812435816516,564.529839080612
427,E04,A5,A2,24.40768687183516,1.3912087798846318,335.49956020869377,354.53223721191
427,E05,A4,A3,4378.6869054981935,83.17610236119116,7025.477348307897,7160.2031381629
427,E06,A3,A6,2.3082463231609865e-16,3.6748099380305524e-17,3.7821644826642734e-16,3.1745021300455363e-16
427,E06,A6,A3,93.46607978983656,2.0627977140727203,187.71954748604787,191.85834623036607
427,E07,A4,A6,4.695021015774268e-16,0.0,7.469134712653885e-16,0.0
427,E08,A5,A7,39.86175799957716,2.465019000856484,311.0726950095782,322.4666177647636
427,E09,A5,A8,10.317746598705352,0.4362373426406664,136.41747557549613,142.1689301487881
427,E10,A6,A8,779.4591448694739,22.871671031786008,1542.1553198370273,1587.7851118926887
427,E11,A7,A8,4.001590143791192e-18,3.2601563410457504e-18,4.496163042893032e-17,8.08275650192431e-17
427,E11,A8,A7,319.04563231603544,11.741875323419421,698.0772329690961,723.485843463542
428,E01,A1,A2,63.34989247118037,1.390631968098764,106.13089987268116,108.45455879465496
428,E01,A2,A1,94.15313539678725,2.187238180517276,154.80310558920627,158.51061518896825
428,E02,A1,A3,4.853920884676539e-16,1.4108141019025214e-17,8.195198251243307e-16,4.386631267233408e-16
428,E02,A3,A1,38.93428794503319,0.7128669830724433,65.5251471105686,66.67823147275291
428,E03,A4,A2,968.852498599357,25.73317015132756,1545.7084860270495,1586.881376487191
428,E04,A2,A5,349.8617727076969,10.156512057062521,546.905749021007,562.79595408625
428,E04,A5,A2,24.28873013007993,0.9733476520810895,335.8463744008707,349.2698380428475
428,E05,A4,A3,4384.2903262290065,89.32932195099973,7026.044291186735,7170.6341497285985
428,E06,A3,A6,1.9278235935643045e-16,3.924717264798306e-17,3.0976592854555944e-16,1.6730747457085445e-16
428,E06,A6,A3,91.89306982193264,2.3231564219908662,183.7188745925568,188.36513215509737
428,E07,A4,A6,2.5820818353135896e-16,0.0,4.0541122226104855e-16,1.3002702210883167e-17
428,E08,A5,A7,40.006844724721105,0.9678937171521925,310.2341819220258,321.882199824967
428,E09,A5,A8,9.99041689716377,0.414649458285453,134.00221429236217,139.53894895618726
428,E10,A6,A8,781.9976253447929,21.923507174340628,1550.9363199174434,1594.532597260358
428,E11,A7,A8,2.7096452791827854e-19,9.733896386065511e-18,3.0965619031086672e-18,1.1360678346928555e-16
428,E11,A8,A7,325.17496218816024,12.003998233631533,714.4841314459266,740.936160627165
429,E01,A1,A2,63.432245511206304,0.5345146649377241,106.40958245042034,107.31563533147758
429,E01,A2,A1,92.91467666477195,2.4863501089872964,153.39591651562625,157.5190551349143
429,E02,A1,A3,1.539037392153269e-16,5.33465385828601e-17,2.6032160309121e-16,3.011647570740968e-16
429,E02,A3,A1,39.54899671361759,0.632472512782978,66.6586985952023,67.72069466561601
429,E03,A4,A2,966.8853576459057,25.480135100407338,1545.5596217162508,1586.685431252461
429,E04,A2,A5,353.07814092042196,7.636957254047657,553.4096820884305,565.202318955503
429,E04,A5,A2,24.141495773893624,1.3518719445232845,333.585597381315,352.25411333158314
429,E05,A4,A3,4380.06513981729,78.2352982305566,7028.024863286966,7154.746334940973
429,E06,A3,A6,4.235984930324758e-17,1.8306130229304207e-18,6.947464565045131e-17,2.518340513337427e-17
429,E06,A6,A3,92.99033638636992,2.5740432813759977,185.57179101913613,190.7124382687761
429,E07,A4,A6,5.907524702754053e-17,0.0,9.405443535087274e-17,0.0
429,E08,A5,A7,39.229640793095726,1.2426692578730767,310.93039218081213,321.71791264217256
429,E09,A5,A8,9.877094754051331,0.44576423161156475,134.07615675308847,140.06179490289765
429,E10,A6,A8,778.77211810857,25.169071257824335,1541.7892896525823,1591.9593164469786
429,E11,A7,A8,0.0,4.619929222949627e-18,0.0,5.1782090561219776e-17
429,E11,A8,A7,325.3916305920087,12.080716517956574,713.8574226119403,740.336123161225
430,E01,A1,A2,61.512621821970086,1.8920216419962643,103.58175286201042,106.78398890685023
430,E01,A2,A1,94.44069261094683,1.6004345251510763,156.2329628492892,158.80961648960732
430,E02,A1,A3,0.0,4.366398252870893e-15,0.0,7.434065517225742e-15
430,E02,A3,A1,39.07210372033179,0.673488072885378,65.77771872573199,66.92050362091979
430,E03,A4,A2,966.2990994304444,25.98266566499422,1542.5410083325398,1584.3791076526022
430,E04,A2,A5,351.3006316470646,10.000601441681797,550.1381543863343,566.0068208662979
430,E04,A5,A2,25.36644023986435,1.0474466335453545,343.70384017074196,357.9049646664044
430,E05,A4,A3,4382.009590345939,85.70821177000764,7025.697441157681,7164.78832197154
430,E06,A3,A6,0.0,3.9878006813539303e-16,0.0,6.586438110941436e-16
430,E06,A6,A3,91.84102316009526,2.295860348351852,184.40056341283568,189.021507183856
430,E07,A4,A6,5.845889711144076e-16,0.0,9.31716951082796e-16,0.0
430,E08,A5,A7,39.00609748796889,1.9770263889003776,313.74686769496975,325.1277926641107
430,E09,A5,A8,10.141218815025848,0.4291047390161815,134.95171369496435,140.6914705954359
430,E10,A6,A8,771.0761677960302,25.061766576323397,1526.9617848805433,1576.8144869164876
430,E11,A7,A8,0.0,4.549893939712254e-17,0.0,5.164488409584731e-16
430,E11,A8,A7,326.6086338998454,12.214567612501217,712.9932305360257,739.8793312978597
431,E01,A1,A2,62.55883684820119,1.541644010956413,105.1673963660189,107.74782191724762
431,E01,A2,A1,91.44529162255759,1.8244121607807045,150.42839735753097,153.36834001003592
431,E02,A1,A3,0.0,1.1918470955188503e-14,0.0,2.0263953992061372e-14
431,E02,A3,A1,39.14652061525717,0.712669129576298,65.95027519433536,67.1444874418585
431,E03,A4,A2,967.6507106726725,26.776230174702565,1547.1208308196262,1590.3331781301843
431,E04,A2,A5,347.72067723212604,12.86505147572776,545.3701290210396,565.7408431865133
431,E04,A5,A2,25.729980959963022,0.7419268990098161,350.5611664483263,360.4743545660317
431,E05,A4,A3,4375.729243528449,79.91266865844956,7025.192486246703,7154.325566408097
431,E06,A3,A6,1.38518243755741e-16,6.91230263466015e-17,2.287433538092827e-16,2.796104956836699e-16
431,E06,A6,A3,92.94207530742577,2.105438875078486,185.3652943728996,189.56147998195144
431,E07,A4,A6,2.2950686053087487e-16,0.0,3.65776625306586e-16,0.0
431,E08,A5,A7,40.48433648130558,1.026618349049524,317.82373726201183,329.2691063787529
431,E09,A5,A8,10.025965234476853,0.4264454525252143,133.3553091826171,139.02537024606335
431,E10,A6,A8,781.3186313661563,22.69784211151412,1547.0399212481068,1592.1271158633374
431,E11,A7,A8,0.0,4.532562435172484e-16,0.0,5.263366019271369e-15
431,E11,A8,A7,324.9105036604534,11.705877255228408,713.0592034649644,739.085618577833
432,E01,A1,A2,63.7582798953875,1.2204288032456734,106.89010648285947,108.92757209667118
432,E01,A2,A1,94.45650095455053,2.4640272851865817,155.95436486998534,160.0507304502852
432,E02,A1,A3,6.46829622654352e-16,0.0,1.1024714115685575e-15,0.0
432,E02,A3,A1,38.99235347525743,0.8553105619802867,65.78564698070272,67.21105375320926
432,E03,A4,A2,973.1182865801421,25.47518438779285,1554.4586864350713,1595.5368105145108
432,E04,A2,A5,353.6694302685714,13.028311395814914,552.3903530411658,572.3888675273832
432,E04,A5,A2,24.402100044158367,0.6298919152653493,342.26605924642905,351.3259051354497
432,E05,A4,A3,4377.526130900748,75.96292129738944,7023.6110516356475,7146.428789050046
432,E06,A3,A6,3.5078964617666014e-16,9.5799588447703e-16,5.891710631908674e-16,2.197410797398709e-15
432,E06,A6,A3,90.66917945780446,1.9946027550881373,181.74757989654375,185.73026778148085
432,E07,A4,A6,5.781171774308583e-17,0.0,9.110458705386619e-17,0.0
432,E08,A5,A7,40.77174795773029,1.5500209242760914,317.253321494478,329.20326870274897
432,E09,A5,A8,9.934432993574884,0.42493699008013586,134.51675449947317,140.33327846061204
432,E10,A6,A8,779.7149061589364,22.525547983540207,1546.1474394083584,1590.8149852324932
432,E11,A7,A8,8.468136366299842e-17,8.412695241310251e-17,1.0623129094289745e-15,1.855260556640372e-15
432,E11,A8,A7,325.35949967761246,12.778207992449298,714.9511532542388,742.8072146871141
433,E01,A1,A2,62.8725275260403,1.6371609362865411,105.5376367371852,108.2990969942246
433,E01,A2,A1,94.58387819068315,1.5048103420097607,155.26106615037565,157.76228373324057
433,E02,A1,A3,3.315270371087431e-16,7.436691525217181e-19,5.615698290784318e-16,3.1026568322460266e-16
433,E02,A3,A1,38.926623086567766,0.9280318395754394,65.55367966473432,67.12794192839435
433,E03,A4,A2,977.2793920782223,23.73293793536073,1562.6839282624844,1600.6632557110008
433,E04,A2,A5,348.76268620544806,13.153702130960331,545.0502317972279,566.0824626537319
433,E04,A5,A2,24.86896955343304,0.5693168252264266,336.55676275450463,344.34079495242327
433,E05,A4,A3,4355.540226473521,81.50473684733718,6991.92176974555,7122.92116961442
433,E06,A3,A6,5.26213478099549e-16,0.0,8.781300883476429e-16,5.89149083919636e-16
433,E06,A6,A3,91.4987853498721,2.4720304267046664,183.558465470001,188.51716644989924
433,E07,A4,A6,1.0264316067366652e-15,0.0,1.645601510274035e-15,1.5682601716740996e-17
433,E08,A5,A7,40.153710381672084,0.9241381737613769,313.36062030107985,324.76179165960355
433,E09,A5,A8,10.21054710683703,0.42596005521969266,135.6113143348162,141.3000970148858
433,E10,A6,A8,774.8545522737421,22.83517793513942,1535.1763809536985,1580.5296066077815
433,E11,A7,A8,0.0,6.00762481661953e-17,0.0,6.842546733736064e-16
433,E11,A8,A7,320.9260206916493,12.455399387804837,706.5742230406515,734.5866098537169
434,E01,A1,A2,62.86614864551741,1.8915557908262275,105.38271236071957,108.54771209148124
434,E01,A2,A1,92.8866255058158,1.495041478357233,153.5554351839994,156.05204860110507
434,E02,A1,A3,0.0,1.871301294343259e-15,0.0,3.174520157401389e-15
434,E02,A3,A1,39.084969423921585,0.823484710761488,65.52934232906881,66.91041208917967
434,E03,A4,A2,966.5145579909585,26.639196551192686,1541.9513567383558,1584.7645488158714
434,E04,A2,A5,350.9278314503811,8.201541137548702,548.7873728373746,561.5879153524334
434,E04,A5,A2,24.446835537161974,1.199724846310413,341.80259049017724,358.4727248040658
434,E05,A4,A3,4405.302472607712,82.44085055592187,7061.214197443981,7192.316869700817
434,E06,A3,A6,1.6099359871717447e-14,0.0,2.681034310366999e-14,2.89452849873646e-15
434,E06,A6,A3,92.98872779582601,2.532241520703946,185.9168604209624,190.9779867442988
434,E07,A4,A6,1.729544626998913e-16,8.768676453198501e-17,2.744216761267079e-16,4.040494468000377e-16
434,E08,A5,A7,41.14877316438912,1.1983288271599586,312.99380915931187,324.6793306769043
434,E09,A5,A8,9.994097341100096,0.38542810001067696,134.78279790165914,139.8961058611702
434,E10,A6,A8,774.9380170691448,23.72734662912399,1532.292322094766,1579.1225669915148
434,E11,A7,A8,4.748341223591995e-16,5.705544330001113e-17,5.378658692805555e-15,5.625554711880068e-15
434,E11,A8,A7,323.50502575688375,11.960365852501479,709.8762534633794,736.9905549480488
435,E01,A1,A2,61.954846506205755,3.072058329135114,103.89078781187943,109.04096510539864
435,E01,A2,A1,95.313369769134,0.3223472271938108,157.07443913277524,157.59247436508844
435,E02,A1,A3,1.1841926384815418e-16,7.22448777105628e-17,2.0054632480360592e-16,2.6181720648342334e-16
435,E02,A3,A1,38.93116913742705,1.0916228012981,65.43015982169791,67.28458323683748
435,E03,A4,A2,969.3173628226202,25.543029111358216,1546.700266826456,1587.9135502126533
435,E04,A2,A5,350.7150550857418,9.058251980444924,549.6746935751341,563.3999010132849
435,E04,A5,A2,23.762738334348754,1.1437832861717168,330.63629304483044,346.8353030347113
435,E05,A4,A3,4374.556944166428,72.89407912041464,7006.442009259667,7123.927289782348
435,E06,A3,A6,0.0,3.3053031998590437e-15,0.0,5.510088193695067e-15
435,E06,A6,A3,93.77315579777415,1.9592453067791689,187.46986200136968,191.39726748070862
435,E07,A4,A6,4.695093568276307e-16,5.736784665933588e-16,7.519250174559701e-16,1.6710622937271804e-15
435,E08,A5,A7,41.20905760675256,1.3149745197607146,316.1887629775721,327.09511110564824
435,E09,A5,A8,10.15932022544151,0.42033515948855893,136.24019743199838,141.95710315003714
435,E10,A6,A8,785.0412803661304,23.04688283348361,1551.8731826513776,1597.9229042965933
435,E11,A7,A8,3.674321416949139e-20,8.365222079347051e-18,4.242621766561102e-19,9.368427212208045e-17
435,E11,A8,A7,322.18770415658406,12.116491318336045,706.5165437751327,733.5645068346118
436,E01,A1,A2,62.22444826262669,3.0622497776347277,104.4000293827385,109.5081271400727
436,E01,A2,A1,93.69286496537063,0.48785711330636494,155.23954906190608,156.07050644904143
436,E02,A1,A3,0.0,9.723767948289835e-15,0.0,1.6532063396558983e-14
436,E02,A3,A1,39.42089833478698,0.7026258729259404,66.30464363176822,67.47696303366877
436,E03,A4,A2,966.7507703247129,24.12023873639273,1541.9484480357692,1580.763723946932
436,E04,A2,A5,349.30117722942936,11.271163555160252,546.4681373006824,563.7396691254937
436,E04,A5,A2,24.809274856122116,0.7951371528698563,340.24899925495157,351.0378194442989
436,E05,A4,A3,4379.084302890162,81.60537313040012,7010.84246350898,7142.488821191425
436,E06,A3,A6,3.884570725561149e-17,4.835315479201932e-18,6.326833490798188e-17,1.720072417643441e-17
436,E06,A6,A3,92.6604440283295,2.2436432695173876,185.7242718793974,190.2231035995572
436,E07,A4,A6,2.4024727177449277e-16,0.0,3.8102898289627983e-16,0.0
436,E08,A5,A7,41.15764818076951,0.9995771714930946,317.88662508325046,328.6254251222442
436,E09,A5,A8,10.162347066837368,0.3912291124167136,135.06264796571114,140.38575844587047
436,E10,A6,A8,778.7619306345002,22.397037572249264,1542.4760884521206,1586.9081375699964
436,E11,A7,A8,0.0,2.818423364129603e-16,0.0,3.1762298457963795e-15
436,E11,A8,A7,322.1179873560451,12.666780814980747,707.5113764043823,734.8854442836174
437,E01,A1,A2,62.619352667446584,2.1610275164268016,105.05735645276225,108.71940862354683
437,E01,A2,A1,95.40289369609961,1.2004613650171239,156.7805502908799,158.81792158551426
437,E02,A1,A3,6.069354412338532e-16,1.0272279184427581e-16,1.0293304833819954e-15,1.1983758278870879e-15
437,E02,A3,A1,38.87735098639523,0.7121883904690176,65.7178461456059,66.94256721131633
437,E03,A4,A2,958.9291010487523,24.112082726859608,1532.5289393665942,1571.2363387038497
437,E04,A2,A5,352.2837298393967,12.33647623594932,549.6744865562164,569.2556194767565
437,E04,A5,A2,24.61031522107554,0.6076891122377769,340.2820273308352,348.63927983996496
437,E05,A4,A3,4369.0502561143485,77.10332929313599,7013.924458222805,7139.798003931922
437,E06,A3,A6,3.362808965283878e-14,6.920967269119021e-16,5.629957770916907e-14,4.373726203411327e-14
437,E06,A6,A3,91.61064936778453,2.079422748928429,183.3629530935813,187.53130568397467
437,E07,A4,A6,6.309814804956544e-15,0.0,1.0041450427066177e-14,1.944474122443666e-15
437,E08,A5,A7,40.1774156127618,1.868658000869667,311.53370478707825,323.03618004649593
437,E09,A5,A8,10.073431277156953,0.42097553932502857,134.11921306832625,139.65144974103438
437,E10,A6,A8,774.9091777160232,22.727305991439056,1530.906453800807,1576.2405582284089
437,E11,A7,A8,3.372448159530852e-16,0.0,3.694401015999211e-15,0.0
437,E11,A8,A7,322.3298561044261,12.929988800393215,707.2095150291693,735.6273930914246
438,E01,A1,A2,62.54732498404404,1.606204439848907,104.79663799010632,107.47031713428407
438,E01,A2,A1,93.59586416958915,1.680958934241026,154.41334491342917,157.26503866599393
438,E02,A1,A3,0.0,1.495386066237219e-15,0.0,2.5366235345133726e-15
438,E02,A3,A1,39.533424914795745,0.8398757980355409,66.28162697917072,67.71115814254698
438,E03,A4,A2,975.4125442726354,25.857621915373702,1555.0664534546554,1596.3375123437113
438,E04,A2,A5,354.4307968431445,7.550691120881126,554.4383521325468,566.2239448813496
438,E04,A5,A2,24.52569228089705,1.3299977406270176,336.02620885572867,354.41639504090733
438,E05,A4,A3,4388.77771301778,72.17232669027857,7019.939124054503,7136.061726099786
438,E06,A3,A6,5.306748042932914e-16,0.0,8.612766311857221e-16,0.0
438,E06,A6,A3,93.17413718946779,2.059677040724938,186.75097153644342,190.88223824009197
438,E07,A4,A6,2.709558574402401e-15,1.9685196281323317e-17,4.296679746744152e-15,2.0976267233472866e-15
438,E08,A5,A7,39.86309947183227,0.9011414734382542,310.9726645629863,321.8830781934541
438,E09,A5,A8,10.0726558435322,0.4169550870227886,134.32451072423413,139.83693232888217
438,E10,A6,A8,782.7665970553686,23.510757610719835,1549.6133817649925,1596.411066952574
438,E11,A7,A8,0.0,2.67855342701287e-16,0.0,3.055657516238251e-15
438,E11,A8,A7,324.8471880037905,12.308385159527973,711.7302401258028,738.8523522072065
439,E01,A1,A2,62.60701056094862,1.0260798526817145,104.99774790188135,106.75223708302224
439,E01,A2,A1,92.02757890139597,2.203993113242072,152.36453545558018,156.05433160140836
439,E02,A1,A3,1.241745082865935e-16,4.00611070948787e-16,2.1199213666682782e-16,8.916266513573701e-16
439,E02,A3,A1,38.91149000711394,1.022554843749779,65.68776421370038,67.426564303204
439,E03,A4,A2,961.3251960657271,25.883170169714127,1535.8722806112776,1577.8143764890874
439,E04,A2,A5,351.89674458475696,10.577712250554978,551.3924214706411,567.4107892465236
439,E04,A5,A2,24.7705840394838,1.025153594953949,342.5873527177898,356.4368806675494
439,E05,A4,A3,4391.028907161949,80.36901200220363,7044.871859798812,7174.299938874541
439,E06,A3,A6,2.4863622344993762e-17,1.288654621887e-16,4.062426425181828e-17,2.4425074521468035e-16
439,E06,A6,A3,92.93993585230368,2.1873400370609595,186.85121768495094,191.26068083561586
439,E07,A4,A6,1.9569787594213223e-16,0.0,3.1119377068636494e-16,0.0
439,E08,A5,A7,40.623773213230415,1.7776980409440133,315.816339654328,326.77522379673786
439,E09,A5,A8,9.832339208686395,0.4125644028915254,132.61874841469458,138.31775800279794
439,E10,A6,A8,781.1918802240901,24.337673150665204,1546.8612354157603,1595.1091989549443
439,E11,A7,A8,2.0624505833075915e-18,3.735227278135695e-18,2.3938313988684303e-17,6.511054659131806e-17
439,E11,A8,A7,323.6314143137717,13.02533792732578,710.573342378499,739.0971460590624
440,E01,A1,A2,62.512086897823295,0.45383269774982615,105.08819419264165,105.85356856231498
440,E01,A2,A1,93.7760005049124,3.094214010758296,155.29993439528215,160.4735990814041
440,E02,A1,A3,0.0,2.1831400258321766e-16,0.0,3.7089613373164945e-16
440,E02,A3,A1,38.82227805617862,1.072972127893437,65.24900020733826,67.08052388992286
440,E03,A4,A2,969.8636321065788,26.172199490028635,1545.714921753626,1587.7227418228945
440,E04,A2,A5,355.5722431980466,11.625854178710382,556.1563484114706,574.5609674876362
440,E04,A5,A2,25.023246973618114,0.7539017253738682,341.1839915390776,351.44684350499904
440,E05,A4,A3,4341.044882857141,73.54803096269396,6943.3874912417195,7061.741541651643
440,E06,A3,A6,1.2642290273317517e-16,8.860930369991679e-17,2.0945998506697487e-16,3.555595712987034e-16
440,E06,A6,A3,91.3359333100897,2.526657794353133,183.76145496219368,188.84528057004502
440,E07,A4,A6,8.851964404333495e-17,1.0142819682676153e-16,1.4047885041741355e-16,2.9895782109447107e-16
440,E08,A5,A7,40.25843179551649,1.0303528337184624,310.5579120701499,322.1755736822006
440,E09,A5,A8,10.039135782479487,0.41427718496768473,133.1041111009,138.70082558298856
440,E10,A6,A8,777.5794388848233,20.427658736390345,1541.3625348833762,1582.044134984927
440,E11,A7,A8,1.3957749139431276e-17,7.82531709257577e-18,1.6777808051953653e-16,2.447978489144366e-16
440,E11,A8,A7,321.50325727863446,12.108289256263072,705.657711018249,732.7662227303374
441,E01,A1,A2,63.67541853861783,0.4436183737595098,106.51310243507726,107.24840644118518
441,E01,A2,A1,92.7768319459453,2.881021763763917,152.9243337762287,157.58763092936448
441,E02,A1,A3,2.6914067964872374e-16,9.345015784153812e-18,4.561719190994087e-16,4.390194090019535e-16
441,E02,A3,A1,38.95011807450949,1.1940755858652305,65.80892177637439,67.80270949402828
441,E03,A4,A2,975.0307186064276,24.4115718011483,1558.5357401629237,1597.6996905373467
441,E04,A2,A5,353.493250274982,5.0581768847361985,553.8168937815749,561.8785202175891
441,E04,A5,A2,24.38108565933885,1.550504739435271,338.15379352583574,359.80595743525834
441,E05,A4,A3,4362.902468526325,85.54527956783166,7005.081443894653,7144.6207012831055
441,E06,A3,A6,1.575060116347188e-16,0.0,2.5847397832908745e-16,3.279614128155246e-17
441,E06,A6,A3,92.81479419619868,2.169208014175509,185.81810071081406,190.17010066164488
441,E07,A4,A6,2.670450276424346e-15,3.829696362753754e-15,4.283625529425059e-15,1.0437252497163739e-14
441,E08,A5,A7,40.22846765411257,1.7385237148422072,311.61210283700956,323.0205829284849
441,E09,A5,A8,10.038893812042431,0.4567457440984638,133.43179222541198,139.387799447451
441,E10,A6,A8,779.1964697602913,23.523004654073056,1541.0053886052435,1587.298345391387
441,E11,A7,A8,3.960191133316328e-17,7.062528363221691e-18,4.672288529072882e-16,5.523780255878191e-16
441,E11,A8,A7,326.9172865237976,11.891023090224222,714.5960853379542,741.2887862311957
442,E01,A1,A2,60.82161969917992,3.23202444175552,102.1945381725053,107.58274734958559
442,E01,A2,A1,93.09098244309331,0.3362479064651709,153.97269886959936,154.54384512461786
442,E02,A1,A3,1.7180880126699048e-16,8.710441190514302e-16,2.899378032630827e-16,1.773241826106435e-15
442,E02,A3,A1,39.243783886964025,0.8814396644297439,66.25680399767539,67.69076420481024
442,E03,A4,A2,960.1972486982722,27.317951383939196,1532.6006265677856,1576.5589677233565
442,E04,A2,A5,350.97005092560846,5.065814184608998,548.129212719935,555.8767866035153
442,E04,A5,A2,24.393838511260828,1.4556383486745492,333.24353536100557,353.305954285796
442,E05,A4,A3,4376.961434376837,80.9758816371544,7019.52335666177,7152.155353284741
442,E06,A3,A6,3.6624712222210514e-17,5.734292528207546e-17,6.021096510122078e-17,1.5785972559149e-16
442,E06,A6,A3,91.34533001812827,2.163272831677359,182.91346957463588,187.24718195036624
442,E07,A4,A6,1.284113589215749e-16,8.816368448702319e-17,2.0572532898097026e-16,3.0934453544181204e-16
442,E08,A5,A7,40.421262236143654,1.7205623221940076,314.77879642538556,326.0125010051182
442,E09,A5,A8,10.228859890803893,0.4174648753753148,135.1556040151748,140.8589171434381
442,E10,A6,A8,779.818409512738,22.577592031275913,1541.4528995904889,1586.3103334069672
442,E11,A7,A8,1.3407903072397074e-17,0.0,1.5245287203883174e-16,6.900513976396983e-17
442,E11,A8,A7,322.908137317658,12.483650409590718,709.5242385584189,737.1306923698864
443,E01,A1,A2,62.01101212201451,2.2933919185213525,104.22904409846825,108.08653222517302
443,E01,A2,A1,94.06524731683703,0.9113512286811464,155.0785536601469,156.61706197466123
443,E02,A1,A3,0.0,3.445976218132657e-15,0.0,5.8524973744696204e-15
443,E02,A3,A1,39.03860071989695,0.7262239231568269,65.76004343372881,67.00548334584869
443,E03,A4,A2,971.891781347578,25.38368194962538,1554.9560940131278,1596.0019274257022
443,E04,A2,A5,355.883204865298,10.907542399823644,557.7323530073103,574.4359675709006
443,E04,A5,A2,24.769446588812652,1.0470941530565363,336.5339711057508,350.4829893167217
443,E05,A4,A3,4372.991640732747,80.02197387482244,7026.384249869037,7156.036656615105
443,E06,A3,A6,8.86063566492166e-16,9.036881004112102e-18,1.4511208699735267e-15,5.855872707992464e-16
443,E06,A6,A3,91.85482473817672,2.7469421402311136,183.8560250551664,189.3924705607005
443,E07,A4,A6,2.5902114456992066e-13,5.183004618065551e-13,4.1615220483988517e-13,1.2488881556250641e-12
443,E08,A5,A7,39.90960969665888,1.867229119465527,312.34378189235963,323.66071949448764
443,E09,A5,A8,10.134655922154014,0.4401868096021809,134.23906532345063,140.03423087329696
443,E10,A6,A8,779.4232299287104,23.43486989377934,1541.9718990156903,1588.3942972484142
443,E11,A7,A8,0.0,1.0272388248200094e-16,0.0,1.1328774142001712e-15
443,E11,A8,A7,325.4003650529774,11.965206300132373,715.6473099667171,742.1020733838334
444,E01,A1,A2,60.804753272389476,2.0191296806937915,102.06432044546185,105.48505788156336
444,E01,A2,A1,93.59834548003874,1.1955668083071849,154.46438225513856,156.4944932753036
444,E02,A1,A3,6.587449561145515e-16,5.230634604423226e-15,1.1294852719161276e-15,1.0015808301173647e-14
444,E02,A3,A1,39.196290438165654,0.8507406445006543,65.99703351206364,67.43114242859896
444,E03,A4,A2,969.8279367422031,25.196593204152364,1547.0688979501933,1587.5488062414956
444,E04,A2,A5,349.2209134928023,6.877071521366599,548.4416628729043,559.3850711028172
444,E04,A5,A2,24.759011088682513,1.2752435361434418,335.75508718244043,353.12531283165816
444,E05,A4,A3,4370.128407102253,77.59397008117517,7003.9363132063645,7129.260311771272
444,E06,A3,A6,2.3206779651836323e-16,7.490917768590958e-18,3.794686106011111e-16,1.728015081679263e-16
444,E06,A6,A3,92.0067940816866,2.1844045136522734,184.11102062201752,188.47361682711656
444,E07,A4,A6,4.745806210894826e-16,0.0,7.553559346001925e-16,0.0
444,E08,A5,A7,40.37997664329659,1.0478948225084699,313.7265640485678,324.936040808426
444,E09,A5,A8,10.16012100985326,0.43616670318497064,134.9923062260823,140.82489617257195
444,E10,A6,A8,780.5669000208046,23.27569340715313,1543.274223282331,1589.3830552578365
444,E11,A7,A8,1.5506854166747057e-17,0.0,1.7403001964001692e-16,0.0
444,E11,A8,A7,325.87905907223796,11.6008181181843,714.4844533508459,740.321962542233
445,E01,A1,A2,63.49007098961323,0.7472474458204084,106.45789976803542,107.731091213105
445,E01,A2,A1,94.4454662979536,2.669267148936666,155.8065076615606,160.35755434261696
445,E02,A1,A3,0.0,7.507239587144764e-16,0.0,1.2777973897534753e-15
445,E02,A3,A1,39.129051244636415,0.6459192165026435,65.83557076056377,66.93318999360594
445,E03,A4,A2,967.4745488231468,25.236741788596056,1546.4786380870357,1587.22773452695
445,E04,A2,A5,352.70476443847133,9.958662685999448,550.3704826954387,565.781434480102
445,E04,A5,A2,25.016888876661014,0.9635532990275769,340.0819889751551,353.2789087560492
445,E05,A4,A3,4383.396296091637,86.4227260062515,7037.595939832641,7176.465643817296
445,E06,A3,A6,1.2626137416781007e-15,0.0,2.0745188496910172e-15,5.333023160874909e-16
445,E06,A6,A3,92.87400783625918,2.196022515934162,185.82043499223974,190.2175220911708
445,E07,A4,A6,1.6263293750268669e-15,0.0,2.5831748525739636e-15,3.1138700057421783e-16
445,E08,A5,A7,40.07354327247164,1.3658315772336382,313.725974701067,325.23352467532874
445,E09,A5,A8,10.265515593439272,0.44628366486385734,134.88417023151865,140.85764368118848
445,E10,A6,A8,778.9201991621601,23.93169399890003,1542.080362975581,1589.603743111948
445,E11,A7,A8,0.0,1.0047062568691071e-16,0.0,1.155281531562283e-15
445,E11,A8,A7,323.60583700792256,12.342518699948664,711.3616868286476,738.7024591576646
446,E01,A1,A2,63.84624306439078,1.8007497111416202,107.11612051511332,110.12535910067213
446,E01,A2,A1,91.84839052412013,1.5734297352684585,151.53743076805927,154.19246840982777
446,E02,A1,A3,0.0,1.4595880314375709e-15,0.0,2.480733046475831e-15
446,E02,A3,A1,39.12230334843258,0.8091104069715788,65.8451247804473,67.17508130911683
446,E03,A4,A2,968.5629588301567,25.41486471335984,1547.6466730448399,1588.6229256686736
446,E04,A2,A5,349.81789981992756,10.092629978379268,548.8786990265113,564.5806082319265
446,E04,A5,A2,24.71749038968977,0.8830638308375784,343.7320969295804,355.81896010631397
446,E05,A4,A3,4383.231672721091,83.84996688912949,7030.574301785017,7165.35583596839
446,E06,A3,A6,1.6361659125916398e-17,1.1152078815930238e-16,2.6699605925395316e-17,2.132928572923117e-16
446,E06,A6,A3,90.82932437721726,2.1571305628142134,182.02169579517323,186.34630325348286
446,E07,A4,A6,2.3222640466974894e-16,0.0,3.6958591066065267e-16,0.0
446,E08,A5,A7,40.144821020717394,1.8170644802559484,310.50259804386104,321.04985050766965
446,E09,A5,A8,10.081348817309925,0.4103232370515666,135.35618175459507,140.70903597756018
446,E10,A6,A8,776.9236999951802,23.49655556266193,1537.4306160456745,1583.8114496588628
446,E11,A7,A8,3.2600863962373484e-16,0.0,3.684937655963092e-15,3.8762654836851863e-16
446,E11,A8,A7,325.0597635967812,12.204774247745902,710.373940984447,737.0995041005178
447,E01,A1,A2,62.751924497072324,1.9119064392869634,105.34025453394793,108.58707675210903
447,E01,A2,A1,92.7136441087346,1.4543645653515578,152.4934979492124,154.8340231203395
447,E02,A1,A3,6.190993511645522e-16,0.0,1.0470151117702117e-15,0.0
447,E02,A3,A1,38.73628777384876,0.8024535541051595,65.2819061148208,66.6447587902683
447,E03,A4,A2,963.1765491411619,25.994629082551754,1536.2929496857803,1578.1756056452057
447,E04,A2,A5,348.36426724039626,16.362608554817243,545.756170040856,572.0181304762162
447,E04,A5,A2,24.75331602681309,0.13484804780918522,341.7399196599097,343.56796004011534
447,E05,A4,A3,4388.1251474823275,76.46355778078919,7028.551851295142,7152.599380685207
447,E06,A3,A6,1.3662036011905096e-15,1.1437038026841988e-15,2.2919166784241085e-15,3.5945836048487204e-15
447,E06,A6,A3,91.96255558939514,2.2060160313678066,183.88847565555346,188.30232888483812
447,E07,A4,A6,8.40221939124487e-16,5.732189738613177e-16,1.3451080024467468e-15,1.7522004301440122e-15
447,E08,A5,A7,39.24756379404967,1.2360593311000434,311.9345851966205,323.49285605779585
447,E09,A5,A8,9.860314505775476,0.42292092181346247,132.97730500157422,138.6778308075016
447,E10,A6,A8,783.625813681305,24.05325573154514,1548.0148324477823,1595.5524731892724
447,E11,A7,A8,2.263043593671076e-17,0.0,2.4586066926552735e-16,0.0
447,E11,A8,A7,322.24959140151657,11.975664473976893,707.5933793144351,734.4959449950813
448,E01,A1,A2,62.676883082523084,2.580682397702839,105.22675386525063,109.55120745249545
448,E01,A2,A1,94.2797663067068,0.9023270404538626,156.11864293919086,157.59371621020267
448,E02,A1,A3,3.14822787625152e-16,0.0,5.315048750276765e-16,2.06207119573613e-16
448,E02,A3,A1,38.763334910391784,0.7337218601435207,65.54684962509437,66.77284659326847
448,E03,A4,A2,965.646297118172,24.906872272577733,1546.6863907244008,1586.7757483520309
448,E04,A2,A5,347.7706570807329,9.13361598845643,543.6926021644836,558.0037894862974
448,E04,A5,A2,25.169765443401214,1.0937293903982734,340.09791492581445,354.95892605289737
448,E05,A4,A3,4377.755558057819,80.21592931824131,7043.273693648808,7173.863394799922
448,E06,A3,A6,3.653314678234979e-15,5.139642029263225e-16,6.134124251904415e-15,6.822845675063797e-15
448,E06,A6,A3,91.66811769055015,2.7040933534416802,184.7064982058077,190.1546586380443
448,E07,A4,A6,1.308428366289797e-16,9.385524749051995e-17,2.112769321394422e-16,2.450332090565183e-16
448,E08,A5,A7,40.45573151266971,1.311836530005968,315.07236644479315,326.3270906135802
448,E09,A5,A8,10.231992144797779,0.42147415608752536,134.34856235198788,139.87654837450918
448,E10,A6,A8,780.333303056571,24.545631407768475,1545.5932820514972,1594.5514019443333
448,E11,A7,A8,3.1989587186221448e-18,1.5914071502913743e-19,3.6205391423451585e-17,3.784763485462865e-17
448,E11,A8,A7,323.7354057898214,12.751091907080436,706.9121783299165,734.6209117527488
449,E01,A1,A2,62.785083023432485,2.4339903051788414,105.11067837067606,109.22901609396948
449,E01,A2,A1,92.82486003309383,1.0554170785819768,153.51134832640406,155.21199028502986
449,E02,A1,A3,0.0,7.402408358038952e-15,0.0,1.2559070975325667e-14
449,E02,A3,A1,39.23304858816653,0.5129212870439009,65.88621741569835,66.7432919622981
449,E03,A4,A2,964.4747347799843,27.408743476308178,1538.1920220181607,1582.3462509964388
449,E04,A2,A5,349.2589928087986,9.46477145654317,546.866212025859,561.5279241997328
449,E04,A5,A2,24.617634481223142,1.0003781199618926,338.08590973750773,352.08599093634376
449,E05,A4,A3,4388.764565858758,81.68018897052028,7028.628052619552,7160.399546857803
449,E06,A3,A6,1.7751932569506857e-15,0.0,2.9005854481942356e-15,8.439474969715355e-16
449,E06,A6,A3,91.6294310433818,2.2910679616913647,184.0199938983479,188.62116688408577
449,E07,A4,A6,2.5619383336377112e-15,0.0,4.056399960926899e-15,1.903344362515205e-16
449,E08,A5,A7,40.31636936488763,1.53205293726141,313.86345847569225,325.0651046480409
449,E09,A5,A8,10.057888305816702,0.4500874647175281,134.09553634427934,140.06407729243682
449,E10,A6,A8,782.9750525174845,23.66508741075337,1551.0049943475294,1597.7616935908056
449,E11,A7,A8,0.0,2.840121647256838e-16,0.0,3.0966583404665387e-15
449,E11,A8,A7,325.3357281252078,12.106170583433975,712.8231136630228,739.7584511518501
450,E01,A1,A2,62.57047644902465,1.2336854285340186,105.02538352193622,107.13528688375285
450,E01,A2,A1,91.67208880459555,2.3046434855526643,151.855672923339,155.5748612518223
450,E02,A1,A3,9.255650442151906e-16,3.1841582003966206e-17,1.5892018980099804e-15,1.2600987483769646e-15
450,E02,A3,A1,38.75283674795035,0.7643169438593452,65.30027564848693,66.62174505345538
450,E03,A4,A2,970.019452772959,25.539677311168376,1548.9192993917814,1590.1365295412425
450,E04,A2,A5,349.6859966295631,7.041281119390439,546.9543170735643,557.7204578155887
450,E04,A5,A2,24.049796211672252,1.245211692123285,336.7509482919088,354.3459708896143
450,E05,A4,A3,4423.275140323178,80.9249771553383,7089.211341738013,7219.1074165060245
450,E06,A3,A6,1.5761523448053963e-15,3.586609821819851e-15,2.654161599239039e-15,8.693832886028999e-15
450,E06,A6,A3,91.91381920774961,2.1126601798094637,183.85606828274717,188.08177143598607
450,E07,A4,A6,9.23133769736268e-16,1.4540825134860218e-15,1.481304565338138e-15,3.608098746839329e-15
450,E08,A5,A7,40.59660811937989,1.6590633978411944,315.6784217644963,327.3838475956911
450,E09,A5,A8,9.796374323377787,0.4150254604742374,132.55508691682908,138.01323723958353
450,E10,A6,A8,784.0648400889795,24.64105040710799,1550.8399244025109,1599.7202635271397
450,E11,A7,A8,0.0,1.4771918472427528e-16,0.0,1.6405869116606647e-15
450,E11,A8,A7,323.2139088508154,12.687718128697117,710.2585957882393,738.074268223065
451,E01,A1,A2,63.855766383068385,0.895847363677937,107.09971469457372,108.62562614919364
451,E01,A2,A1,92.55565758106218,2.40041938107736,153.00327047540893,157.01389858489486
451,E02,A1,A3,0.0,6.385699539423641e-16,0.0,1.083693895629363e-15
451,E02,A3,A1,39.01881811240244,0.6929548836105445,65.62112186337369,66.81070747937119
451,E03,A4,A2,966.8078646157178,25.728555253243087,1542.6284354940983,1583.7230003866914
451,E04,A2,A5,353.77525842913707,8.008451799042067,553.086760391339,565.4616955943839
451,E04,A5,A2,24.427117843164467,1.1870028114367916,335.77910086444774,352.1654727567384
451,E05,A4,A3,4409.9044692268735,82.53154965727356,7063.770860512714,7196.874526099792
451,E06,A3,A6,1.2566979290363748e-19,3.184547394850774e-17,2.060708584370311e-19,5.280319666229032e-17
451,E06,A6,A3,93.05493272696114,1.9801310681617517,185.85856588463355,189.8094495646704
451,E07,A4,A6,6.826234828996299e-17,8.6976009874543e-17,1.0870540062435132e-16,2.483986490999202e-16
451,E08,A5,A7,40.09360157790484,1.342408556056703,310.1777627855698,321.2085787793883
451,E09,A5,A8,10.047854167506644,0.38530527839589673,135.15619515534516,140.51388828656164
451,E10,A6,A8,781.8561763618549,22.793221262213883,1544.5877641780612,1589.7013998741122
451,E11,A7,A8,1.3706842167364691e-17,5.545177901377211e-17,1.561848095135287e-16,8.058711548491258e-16
451,E11,A8,A7,327.01713003227724,12.814694337407218,713.9428780214829,742.8773599754479
452,E01,A1,A2,63.12804286426508,1.3898354530826316,105.54817040799784,107.8940754111814
452,E01,A2,A1,92.56315621704829,1.6881465454110107,152.95299412549613,155.76552826509482
452,E02,A1,A3,5.725411407109661e-16,1.1274503761000244e-17,9.706914413614295e-16,8.557438072369981e-16
452,E02,A3,A1,39.25520190881348,0.6213429575078074,66.24892051194533,67.2895681709791
452,E03,A4,A2,966.4801301879367,23.19177783875485,1541.3488844845242,1578.7202019325002
452,E04,A2,A5,350.89804371039185,12.534361316225954,547.9556632736692,567.0538963307096
452,E04,A5,A2,24.873753843906346,0.6798423211282516,343.46849599377754,352.67866884544526
452,E05,A4,A3,4389.5224051484165,71.33718060258985,7030.846761608886,7145.126292791238
452,E06,A3,A6,2.3109557067022403e-15,0.0,3.8436828615815025e-15,7.983440029278574e-16
452,E06,A6,A3,92.9506945333768,2.6322108457269073,186.35110796954444,191.62592439108064
452,E07,A4,A6,8.826464573823521e-16,4.672153372312754e-16,1.3978281467305555e-15,1.4607966464797165e-15
452,E08,A5,A7,40.08679472518999,1.1368820573534975,311.25379174695837,322.7394039862387
452,E09,A5,A8,9.94787889676335,0.3862848292141549,134.4632734583699,139.7060060800316
452,E10,A6,A8,774.4879112997738,23.31915442414757,1531.2467069765603,1577.501565827521
452,E11,A7,A8,1.446332541359752e-16,0.0,1.6384708583299854e-15,0.0
452,E11,A8,A7,322.804896092364,12.621759696719442,708.1631454369549,736.2082949176058
453,E01,A1,A2,62.987774265965065,2.3336597532822543,105.7378487038217,109.65593590109393
453,E01,A2,A1,91.66751747034128,1.1735717587486123,151.7610587285093,153.74496811168933
453,E02,A1,A3,0.0,3.549928886898032e-16,0.0,6.032946172997964e-16
453,E02,A3,A1,39.31626988573524,0.7317423273407457,66.42395150294624,67.64473664201051
453,E03,A4,A2,966.6119354543226,24.407804056942705,1545.7080948540124,1585.260165160256
453,E04,A2,A5,354.0832813886208,8.206576388264361,554.2413952891362,567.024745017967
453,E04,A5,A2,24.365695240043365,1.1721417393263147,332.2095125653718,348.32102579079736
453,E05,A4,A3,4372.59042550703,78.67763481320554,7023.370973685883,7152.098371407588
453,E06,A3,A6,5.710456735081086e-17,1.4103089723740051e-16,9.294657725446773e-17,3.229886208006008e-16
453,E06,A6,A3,93.07093282579345,2.211567628819147,187.48794980121053,191.94548676029206
453,E07,A4,A6,3.932614913564992e-17,8.26195316479819e-17,6.266960774810263e-17,1.93806837841739e-16
453,E08,A5,A7,40.62564858367782,0.9575831661060961,312.07667545174826,323.5291523958883
453,E09,A5,A8,10.235866440265516,0.454175466029465,136.2338898057305,142.1304836084381
453,E10,A6,A8,777.3231818150626,23.45548800036524,1540.213611867733,1586.7399614212602
453,E11,A7,A8,0.0,9.692738490775018e-17,0.0,1.1159169868440712e-15
453,E11,A8,A7,328.7562646243769,12.596003922567796,720.060848780255,747.3408751211481
454,E01,A1,A2,63.417718064710456,0.8082374517998874,106.12258756613377,107.48393621354558
454,E01,A2,A1,94.07740083325007,2.2805714233946794,155.1268926736085,158.99324816077385
454,E02,A1,A3,0.0,0.0,0.0,0.0
454,E02,A3,A1,38.79596605360932,0.7174257759003,65.10681836243302,66.30554170412962
454,E03,A4,A2,965.5797053973139,27.79848648813768,1542.6435855281159,1587.4982013124006
454,E04,A2,A5,353.60957771817505,6.728866166837717,553.8678737008998,564.0962431313936
454,E04,A5,A2,23.533001533562857,1.486843327212503,329.80091635944893,350.4914688594706
454,E05,A4,A3,4381.476176499201,77.46896742964798,7029.380850089667,7153.453497213058
454,E06,A3,A6,9.617712923959353e-18,9.471668670188997e-17,1.5935550124785115e-17,1.7409669767215362e-16
454,E06,A6,A3,91.52007569334687,2.694809349250307,184.08037636172077,189.50772954941954
454,E07,A4,A6,5.762309128599188e-16,0.0,9.241241612179761e-16,5.230942614495396e-16
454,E08,A5,A7,39.88864960763897,1.8155164548140823,316.4822442677056,328.34945923961243
454,E09,A5,A8,9.851988670799694,0.40935977807163926,135.14137082626635,140.82388059657345
454,E10,A6,A8,782.075672442504,23.137897727474197,1548.8954250010775,1594.9982092497864
454,E11,A7,A8,3.626490896830449e-18,2.6204741382321504e-18,4.120310325232621e-17,7.09761454463648e-17
454,E11,A8,A7,324.31862729324257,12.48481515978973,712.7620420226249,740.2094636034802
455,E01,A1,A2,62.74678458825325,0.5180242548227322,105.31548498903686,106.1996100055988
455,E01,A2,A1,93.55633403591136,2.6150595061570905,154.52437099837329,158.98490969327543
455,E02,A1,A3,0.0,5.2090598829024176e-15,0.0,8.845571570726814e-15
455,E02,A3,A1,39.70404916305361,0.5291450897292495,66.76102212921872,67.65818226569574
455,E03,A4,A2,965.4260996366427,25.485722482372847,1541.105106950764,1581.938909672333
455,E04,A2,A5,352.6773794277824,9.060343607884995,553.2916373770711,567.2073386394958
455,E04,A5,A2,24.679237830107155,1.2017494584716966,336.84214527886473,352.71089355956406
455,E05,A4,A3,4401.747676898917,77.07315061193728,7051.756277710132,7175.447783185447
455,E06,A3,A6,0.0,3.814165410946672e-18,0.0,6.235790328873402e-18
455,E06,A6,A3,92.22905555924245,1.7398511655203848,184.92056676083092,188.40553466125436
455,E07,A4,A6,4.805862310355354e-16,0.0,7.658332328020608e-16,0.0
455,E08,A5,A7,40.735152785974876,1.4837005270454717,312.8047547098892,323.71114399936073
455,E09,A5,A8,10.017709753045555,0.4309172451164483,133.0209393160772,138.6713929027944
455,E10,A6,A8,776.7893501393247,23.44843527843678,1537.079732712003,1583.695975723827
455,E11,A7,A8,3.686675258005596e-16,5.131425306747343e-18,4.237010828085039e-15,1.5254059130712323e-15
455,E11,A8,A7,324.23949958476294,12.217186670345143,710.9868011635892,737.7709916848307
456,E01,A1,A2,62.001427402178734,0.6625128290769868,103.9354115784922,105.05306699492897
456,E01,A2,A1,91.91443947439622,2.8846555725360625,150.71874574528215,155.4438566316324
456,E02,A1,A3,7.836445408654888e-16,0.0,1.3386591152899152e-15,0.0
456,E02,A3,A1,38.53946469320951,1.0062333368898697,64.81675778806843,66.57402427412572
456,E03,A4,A2,965.6136541782341,26.011458884218975,1542.7646968272466,1584.5855988684534
456,E04,A2,A5,346.82905561101535,12.017305462492097,542.8903009777281,561.6269314125617
456,E04,A5,A2,24.903828132887014,0.7429635677957495,344.13100699804016,354.13659632566925
456,E05,A4,A3,4408.833867045548,75.84816535811913,7075.176116719131,7198.230477753511
456,E06,A3,A6,4.8142173495110775e-15,9.562534166394578e-15,7.917290626888148e-15,2.3644493864720212e-14
456,E06,A6,A3,92.16078982923767,2.1701084283500434,184.75182335016353,189.09973441077454
456,E07,A4,A6,5.299030186464666e-16,9.924484001326644e-16,8.447831782006747e-16,2.3996190978475645e-15
456,E08,A5,A7,39.79549082651843,1.9449725160130442,311.8551028464498,323.1295175107247
456,E09,A5,A8,10.115572592319735,0.42410406028689035,135.56881571301273,141.15674958903122
456,E10,A6,A8,785.0591877042483,22.030070711586497,1553.6898886533422,1597.2866798820573
456,E11,A7,A8,1.3883229052792991e-19,3.764139538339048e-18,1.4017370222848058e-18,4.260301894414274e-17
456,E11,A8,A7,323.9729409583359,12.568102698030051,709.3873875005502,737.7185719604975
457,E01,A1,A2,63.46495618767288,0.6926035576403985,106.50839702644285,107.68831578366881
457,E01,A2,A1,93.83926710915453,2.7130258793513318,154.84995171323467,159.30691328515928
457,E02,A1,A3,1.0576758343797781e-16,9.588937457091041e-17,1.776254938899494e-16,3.31364827133616e-16
457,E02,A3,A1,38.50496004286231,0.6881462261568796,65.06985275487675,66.22672065433368
457,E03,A4,A2,966.4504342841014,26.281459192990603,1543.6354035498512,1585.8769207667183
457,E04,A2,A5,349.38379036742646,11.95064014093291,547.7362030213613,566.2380027427498
457,E04,A5,A2,24.69221748702952,0.8057288480304923,339.5829077684208,350.4398284932984
457,E05,A4,A3,4398.679671171591,80.41061841322099,7058.495604791083,7189.417093937687
457,E06,A3,A6,4.0135833974793257e-17,9.681684588891014e-18,6.568428996252349e-17,4.985708160832292e-17
457,E06,A6,A3,93.83884254619446,2.18920248851113,187.63020489622858,192.00622739220245
457,E07,A4,A6,1.115867248805445e-16,0.0,1.777028309021608e-16,0.0
457,E08,A5,A7,40.13093293620418,1.3762434103401913,311.55807583864345,322.3391329817445
457,E09,A5,A8,10.058839174883394,0.4469189253588655,133.39010927369168,139.24791924565596
457,E10,A6,A8,776.3801194974002,24.641280252018067,1539.7830476828337,1588.7422140941073
457,E11,A7,A8,6.259909146527863e-18,7.161060617920223e-18,6.641747619785132e-17,1.4081266650636207e-16
457,E11,A8,A7,328.8346829268122,12.592976119588096,720.5767546265264,748.136828025309
458,E01,A1,A2,62.641595289254916,2.2195521529751394,105.04877634900546,108.7702814654535
458,E01,A2,A1,94.99428268873804,1.3429183249377092,156.10638439795008,158.37738645736
458,E02,A1,A3,0.0,1.6000734823667252e-14,0.0,2.7145599573745863e-14
458,E02,A3,A1,38.559220267340535,1.0911319215465383,64.8114105838577,66.59875283824948
458,E03,A4,A2,971.435118932636,26.914477243365194,1551.0192073302478,1594.3404361840585
458,E04,A2,A5,350.0319232806744,7.532347638826652,549.4367641847434,560.7747985227438
458,E04,A5,A2,24.68942213751484,1.2899119910365822,340.4690488247982,358.01293415813154
458,E05,A4,A3,4386.094230005168,78.7138699404463,7030.733138392157,7158.123319250124
458,E06,A3,A6,1.0697293177901413e-17,1.0615702974741719e-15,1.734307345936284e-17,1.7923213724025552e-15
458,E06,A6,A3,91.77306635389192,2.4664081980618633,183.88664420507752,188.82179011086967
458,E07,A4,A6,3.3040537143358117e-16,0.0,5.301347598673545e-16,6.242436749927255e-18
458,E08,A5,A7,40.30494429315468,0.9186121625075359,312.83524276509524,323.75387681621675
458,E09,A5,A8,10.086300630096867,0.4030516222193427,134.29464348288326,139.81718942412766
458,E10,A6,A8,773.7022585851898,23.669721624986163,1529.1878734728027,1576.1272819310657
458,E11,A7,A8,1.0755545144099517e-17,2.317628490362548e-18,1.2594266518899874e-16,1.0338224552196929e-16
458,E11,A8,A7,326.4926835925873,12.347783264588376,714.6320524424101,741.9908958328618
459,E01,A1,A2,64.38216793203428,1.4169131800985224,108.39316443307538,110.77156468115702
459,E01,A2,A1,92.86664861212822,1.8720126846073313,152.58393358018898,155.76880960640543
459,E02,A1,A3,1.7702727416608723e-15,0.0,3.0084673297193764e-15,4.626840865098534e-16
459,E02,A3,A1,39.050427409219594,0.9794706163373985,65.91589008371976,67.55206132075162
459,E03,A4,A2,967.999780889611,25.058351844657732,1544.1361082579858,1584.4926502732358
459,E04,A2,A5,346.46288895509105,9.313111800753145,543.372102935113,557.6248211070575
459,E04,A5,A2,24.50981410912225,1.0843129584514852,336.800528846179,351.8756277013905
459,E05,A4,A3,4360.040073415563,79.62675323738675,6987.358202812995,7115.554663364219
459,E06,A3,A6,2.3901079515223592e-17,0.0,3.8973489428712203e-17,0.0
459,E06,A6,A3,92.10564300853014,2.214648310332156,184.93367264895699,189.38784179827664
459,E07,A4,A6,1.802164086260073e-16,0.0,2.8724975719990205e-16,0.0
459,E08,A5,A7,40.445539532044265,1.9709284782344847,316.08487466022103,327.6374367447875
459,E09,A5,A8,10.008948686033824,0.4588936625391353,133.824478624589,139.92837797107205
459,E10,A6,A8,783.307071219762,21.86511034302655,1553.9093184634644,1597.3789969705433
459,E11,A7,A8,6.664098399247659e-18,2.362017285943923e-18,7.551864269081714e-17,1.0160204458779491e-16
459,E11,A8,A7,321.76711494818073,12.52618773758467,709.959536138071,737.3326226396733
460,E01,A1,A2,62.598146165809766,2.5685036084115476,104.9751594396898,109.2682104084991
460,E01,A2,A1,94.00783497411483,0.9792201151548425,155.45087926651868,157.09691913418405
460,E02,A1,A3,1.1048917471506334e-15,1.6199345884805303e-17,1.8807452164150075e-15,1.0916068898855079e-15
460,E02,A3,A1,38.12645404181394,1.1218904320468333,64.32479690775665,66.20021775473279
460,E03,A4,A2,962.7207490388346,23.830033241564948,1538.5101088381066,1576.8518573005845
460,E04,A2,A5,350.53572138681346,9.12173686122243,549.1585337634644,562.898700231357
460,E04,A5,A2,24.79106137693128,1.149838085645515,331.893536889757,347.37824529535936
460,E05,A4,A3,4383.573553042585,84.54895668399125,7035.0356043457305,7170.998334506786
460,E06,A3,A6,0.0,0.0,0.0,0.0
460,E06,A6,A3,91.56530296614167,2.8264100834784642,183.49137047716005,189.1547019951608
460,E07,A4,A6,2.947551794742041e-14,0.0,4.728789687187021e-14,1.4001614551204064e-14
460,E08,A5,A7,41.15174032808831,1.1168102437501197,318.60582518925537,330.39318700606094
460,E09,A5,A8,10.275844146325221,0.4260725664516724,135.02678411805059,140.61786888939594
460,E10,A6,A8,779.2222584282406,23.45462961185042,1543.5201322383382,1590.2120509023973
460,E11,A7,A8,3.159529165586533e-16,7.589815143769486e-16,3.23261622015981e-15,1.0998000951846295e-14
460,E11,A8,A7,321.7459529495594,12.399850676453484,704.4195443966403,731.6730382339572
461,E01,A1,A2,62.09346083190374,1.7536024314245244,104.38197421565155,107.3279238858444
461,E01,A2,A1,93.46510128269759,1.7109914800284312,153.6557199360952,156.41515235664616
461,E02,A1,A3,3.519871050789719e-15,0.0,6.0069815430427605e-15,0.0
461,E02,A3,A1,39.79556972505146,0.5327529194882493,67.18104176929718,68.07022861787505
461,E03,A4,A2,969.1426551520013,25.4505965691909,1545.6721646896888,1586.5537806606578
461,E04,A2,A5,360.71010384446504,5.342654121588068,562.711974808457,571.0809147417694
461,E04,A5,A2,24.10152340851197,1.4952857607775876,332.541043603133,353.1876141304891
461,E05,A4,A3,4371.160101295944,83.54432406485822,7003.801000762633,7138.779697940285
461,E06,A3,A6,2.9070241562032193e-15,5.997257903628079e-15,4.881736808004274e-15,1.495287247186255e-14
461,E06,A6,A3,92.3213899379553,2.527865317101095,185.07119137685774,190.13842232019294
461,E07,A4,A6,4.860263066418011e-16,8.625297314680315e-16,7.813768625431935e-16,2.1663716153603917e-15
461,E08,A5,A7,40.01476284704443,1.647739317249086,315.2401704219663,326.1171403634172
461,E09,A5,A8,9.977760032343161,0.4404182081823712,133.22516106414255,139.28557060634463
461,E10,A6,A8,781.6475125799724,23.52923783448776,1546.4335486653167,1593.0944124679506
461,E11,A7,A8,0.0,9.716177215636222e-17,0.0,1.1017207173493875e-15
461,E11,A8,A7,324.1629488083281,12.641958607418387,710.008935732979,737.8050642724022
462,E01,A1,A2,63.265522511610705,1.756425072968571,106.20435269711228,109.14769174533728
462,E01,A2,A1,91.79741511898865,1.525079839698805,151.19222160487678,153.78464305667904
462,E02,A1,A3,2.8863081586702976e-17,1.8066321200659632e-16,4.827530254833818e-17,3.557768684744223e-16
462,E02,A3,A1,38.99318392803266,0.7379663325604628,65.62228028327412,66.90032127392938
462,E03,A4,A2,969.419677839667,25.88806600681034,1548.0840413742333,1589.5873205600894
462,E04,A2,A5,350.28770576626334,10.253001133094823,549.2980743035049,565.0960196052067
462,E04,A5,A2,24.72727043237857,1.0039360206226038,337.4271514208814,351.25740107862117
462,E05,A4,A3,4397.6036620286395,79.20059565278498,7056.507553846679,7184.221474568161
462,E06,A3,A6,1.4332191425015676e-17,5.797605679856416e-17,2.3534190536441493e-17,1.2012900926773653e-16
462,E06,A6,A3,91.76456939052443,2.2075381770583533,183.99015722923707,188.41657345738332
462,E07,A4,A6,5.3807886736487276e-17,0.0,8.574106590723382e-17,0.0
462,E08,A5,A7,40.73831079645536,1.1076860241215016,313.5943888350214,325.2780777579841
462,E09,A5,A8,9.962592199131192,0.4094502312909873,132.7354200498038,138.2007824822784
462,E10,A6,A8,782.8503520833162,23.025231032717944,1550.5657530034384,1596.5021723109905
462,E11,A7,A8,6.308758776230738e-19,7.317315475338241e-19,7.07229377563405e-18,1.5304886677769393e-17
462,E11,A8,A7,323.8545658561374,12.867704702539019,710.6272875302338,738.743342423028
463,E01,A1,A2,63.795983555444295,1.9781326948858022,106.90847888298855,110.23148409957508
463,E01,A2,A1,92.61143403870162,1.2194312109436225,153.18156225862566,155.14979437746507
463,E02,A1,A3,0.0,1.0248466708339363e-15,0.0,1.7409687457099318e-15
463,E02,A3,A1,38.65428860982119,0.9567972453617982,65.18017466881994,66.80780953230914
463,E03,A4,A2,975.2308024383813,25.870500701097548,1555.434079745203,1597.1062543296368
463,E04,A2,A5,348.7523727349689,10.127582190349322,546.4874705780417,562.0423144016816
463,E04,A5,A2,25.23963219927983,0.971786481881986,342.0396396501827,355.52523392546874
463,E05,A4,A3,4385.64171993125,77.68122303812973,7023.538019610621,7148.437605906125
463,E06,A3,A6,1.6260134688546944e-16,1.8394243358748566e-17,2.6741955724138393e-16,1.5508375936513718e-16
463,E06,A6,A3,91.56228761042175,2.093229732401882,183.280594126815,187.47423122795493
463,E07,A4,A6,2.1413069398151267e-16,0.0,3.394480030976215e-16,1.155852635017598e-17
463,E08,A5,A7,40.260262499390315,1.2479069800795202,313.0248555765443,324.5294582717898
463,E09,A5,A8,10.141309313971755,0.41494176441718994,134.90353133597077,140.46398957194486
463,E10,A6,A8,782.3714938589131,24.632006760581056,1547.6230020655596,1596.6114737226615
463,E11,A7,A8,0.0,3.161218395398274e-17,0.0,3.6121219460484666e-16
463,E11,A8,A7,327.14680690488075,12.804038619526942,717.2231351765906,745.7612675649428
464,E01,A1,A2,62.288949426924965,1.5314017582891444,104.30300419174307,106.87645680526049
464,E01,A2,A1,93.65023244094232,1.9142485782146739,154.33742874147072,157.41520117961747
464,E02,A1,A3,7.146227130977781e-17,4.29670215900738e-16,1.2063292549308773e-16,8.493369981892864e-16
464,E02,A3,A1,39.29428652245118,0.8911103888685364,66.17773795180078,67.70517131270388
464,E03,A4,A2,973.0807817974884,24.735792283778448,1553.4431406380318,1593.2496936534496
464,E04,A2,A5,355.0167524304143,8.888151003701207,555.5495030615618,569.3469896514084
464,E04,A5,A2,24.303788445074513,1.1914938817858767,334.416689349772,350.814951017525
464,E05,A4,A3,4378.334621684692,76.127393176038,7019.204924465293,7141.458149428882
464,E06,A3,A6,5.833249158827815e-17,1.4700409130705971e-16,9.539700405587738e-17,3.1963200436556573e-16
464,E06,A6,A3,92.98485526238585,2.4920801748321657,185.6627236666323,190.64416168800955
464,E07,A4,A6,1.589622777405008e-16,0.0,2.531815155599049e-16,1.3188445387176207e-17
464,E08,A5,A7,40.502362246377984,0.9743715613103165,313.44821159562946,323.90573048323307
464,E09,A5,A8,10.156275772070142,0.4305378143861201,134.67973206988228,140.45237797070396
464,E10,A6,A8,784.6761057670956,23.84363120460445,1552.7244803808144,1599.8677071314712
464,E11,A7,A8,2.402537282984282e-18,1.1341066005606296e-17,2.679326620051773e-17,1.5183416302496069e-16
464,E11,A8,A7,325.22962100209554,12.053781154321769,711.4966999005455,737.6583675802342
465,E01,A1,A2,61.88477126142705,2.765052187634921,103.90996977607394,108.56016085249067
465,E01,A2,A1,93.58739618986428,0.2168125407938128,154.1526581685705,154.50387675868222
465,E02,A1,A3,3.4854400096786154e-16,1.4340160687208635e-17,5.913433159614808e-16,4.392672099754303e-16
465,E02,A3,A1,38.5145449271502,0.966105681554066,64.9780929372403,66.59025037910813
465,E03,A4,A2,972.6542188480993,24.374388754822824,1554.258789708946,1593.5499661570034
465,E04,A2,A5,350.5610002759423,9.096252697350822,549.8293551890054,563.9559822550802
465,E04,A5,A2,24.94712464138945,1.1660138042312405,342.3895692153225,358.5562186032033
465,E05,A4,A3,4341.118417141721,83.85418596290754,6965.159273509892,7100.625438941529
465,E06,A3,A6,0.0,1.9462205985104908e-15,0.0,3.258095934892145e-15
465,E06,A6,A3,93.23951922687979,2.168492955843078,186.55332362694128,190.89758223574728
465,E07,A4,A6,1.2679438551152865e-16,0.0,2.020968287003424e-16,0.0
465,E08,A5,A7,40.763765295862505,1.1042506497268791,313.40161106198866,324.76510225588504
465,E09,A5,A8,10.173435409503515,0.404951629789494,135.48562273502344,140.91748690601855
465,E10,A6,A8,778.0919375138747,22.77600120363897,1541.5405828081973,1586.6368665302587
465,E11,A7,A8,0.0,0.0,0.0,0.0
465,E11,A8,A7,326.07595045856726,12.64106683198843,714.2802463250084,742.0772664662361
466,E01,A1,A2,62.92233464466788,1.6324608672647432,105.60091747375944,108.37285296204911
466,E01,A2,A1,92.69699992086662,1.8245113629353593,153.016566770706,155.97478270986664
466,E02,A1,A3,7.5661490114147e-16,2.794142218782213e-16,1.2912420329050583e-15,1.6908188458286202e-15
466,E02,A3,A1,39.36138487621608,0.7949339860177442,66.2114246209526,67.5830132272805
466,E03,A4,A2,971.9993812203193,25.722310269284947,1551.4726735020058,1592.9454157391056
466,E04,A2,A5,352.5866787181211,9.836122847848578,552.5119344828342,567.749305979852
466,E04,A5,A2,25.055425162505582,0.9206597579708036,342.45397841357646,355.15518056888305
466,E05,A4,A3,4370.672585805556,84.25070515167494,7005.464000577096,7140.871781183038
466,E06,A3,A6,0.0,2.662960579713677e-17,0.0,4.371942303208475e-17
466,E06,A6,A3,92.4385352670325,2.1954580986716046,185.2340061995854,189.6382175093682
466,E07,A4,A6,2.0987704263490804e-16,0.0,3.345071102882575e-16,0.0
466,E08,A5,A7,40.13190140008965,1.1927513540493042,313.2136650107866,324.608056284285
466,E09,A5,A8,10.12161527135267,0.4357170960765625,136.02980896528578,141.93509505193214
466,E10,A6,A8,781.2498010335087,24.130648687129714,1547.1800234706589,1595.0675882066196
466,E11,A7,A8,8.949202916788873e-18,5.053183970948218e-18,1.0652140176807834e-16,1.5711341509772178e-16
466,E11,A8,A7,323.9667359707539,12.269770425811409,712.3920542946823,739.5840629427337
467,E01,A1,A2,63.265185337000275,1.0594763171683164,106.12662997286914,107.9197458824336
467,E01,A2,A1,92.36310416769417,2.40585338680295,153.08009353394544,157.0964120714302
467,E02,A1,A3,5.07137871460338e-16,1.4614272002608753e-16,8.627992056949696e-16,7.167650687503113e-16
467,E02,A3,A1,39.10267326606682,0.4802002503745513,65.89322476591278,66.71732589378999
467,E03,A4,A2,969.5321226424024,26.56836935184448,1547.0120747937597,1589.9369905062417
467,E04,A2,A5,344.8723345893394,14.118607054631276,539.6654335898629,561.6567038536358
467,E04,A5,A2,25.33516297436646,0.6159782573603906,342.77480545875824,351.2773424911456
467,E05,A4,A3,4376.915050279329,85.30928241761191,7012.605062534859,7150.306414952305
467,E06,A3,A6,0.0,2.2675394665716592e-13,0.0,3.785754487081309e-13
467,E06,A6,A3,91.93079893909908,2.173667042784,184.26188965285016,188.5995763706631
467,E07,A4,A6,6.215294011786559e-16,0.0,1.0008922702726703e-15,1.5608419783082045e-16
467,E08,A5,A7,39.804558508649954,1.0235841033251247,312.6477868179454,324.59761314863977
467,E09,A5,A8,10.085774191468609,0.42992366056746456,133.1176304439925,138.81103023715104
467,E10,A6,A8,783.2104617053585,22.51137808595177,1549.044717234268,1593.7354638469146
467,E11,A7,A8,3.3080896224604703e-15,0.0,3.692270606784819e-14,0.0
467,E11,A8,A7,323.6587613170353,11.190971944431352,711.0418483177405,736.2065238879316
468,E01,A1,A2,63.42380248380306,1.589366215895017,106.30542134048034,109.0037899440083
468,E01,A2,A1,94.04814443517319,1.6495328782665657,154.94273086892014,157.66333063547563
468,E02,A1,A3,1.1798739994386496e-17,1.1798193818419074e-15,2.028169508146892e-17,2.0264382549930227e-15
468,E02,A3,A1,38.49131037980085,0.8271383898370521,64.72466011646961,66.09958924030761
468,E03,A4,A2,977.1611683758687,25.12329368504236,1560.5749884817499,1600.9956440001185
468,E04,A2,A5,347.64734360265726,14.077649025017337,543.6272998210673,565.1613936259334
468,E04,A5,A2,24.371862464764913,0.4605214150423498,339.86813422123794,346.4051413807066
468,E05,A4,A3,4405.838284938774,80.89888291569243,7063.131727749869,7193.407601013829
468,E06,A3,A6,6.835096726746121e-17,4.3164753556603565e-18,1.1201188528426477e-16,6.175937400532178e-17
468,E06,A6,A3,92.73409505216038,2.2276133421472286,186.2830016956923,190.75281926108443
468,E07,A4,A6,1.1567095821109003e-16,0.0,1.8413064455445703e-16,0.0
468,E08,A5,A7,39.81600080145601,1.5239860946038069,313.3986991765285,324.41777242133753
468,E09,A5,A8,9.969560032844486,0.4067876919696998,133.87983884416843,139.48190823789926
468,E10,A6,A8,780.1177366961134,24.21441269744372,1545.52778802369,1593.157762084432
468,E11,A7,A8,0.0,1.323439634740381e-17,0.0,1.498575779792238e-16
468,E11,A8,A7,324.43990960716224,11.80380667875099,711.1601857885441,737.7053822681873
469,E01,A1,A2,63.49557663020289,1.3087217616300886,106.59709199175504,108.80125110223858
469,E01,A2,A1,91.92113901936722,2.0237569234266246,151.4262106406679,154.85732515878718
469,E02,A1,A3,1.3917299730821334e-17,1.99957800170373e-17,2.3404185503200443e-17,5.0225325214360424e-17
469,E02,A3,A1,38.66002183508609,1.0663124412632903,65.02616621718025,66.80962919379877
469,E03,A4,A2,970.6505961871808,24.83159911954178,1550.3544409102358,1590.234429326337
469,E04,A2,A5,349.60322433114777,8.68737791504723,547.9464758408044,561.454069172255
469,E04,A5,A2,24.090987572478817,1.183690508917383,336.8507627935017,353.4840941094135
469,E05,A4,A3,4395.208839419253,78.39690119108857,7050.296334248356,7176.903889711491
469,E06,A3,A6,5.876136928639213e-18,1.403550249698424e-17,9.502955950362038e-18,3.2210533036430845e-17
469,E06,A6,A3,92.02034983504505,2.4227426422935787,183.99477326406844,188.83930132213703
469,E07,A4,A6,7.669744485006613e-18,1.7991531917003342e-18,1.2122429163870015e-17,8.212700732597137e-18
469,E08,A5,A7,40.79864682673294,1.521403116514677,316.7771088741726,327.95492192521885
469,E09,A5,A8,10.118909192806498,0.42796288376904007,136.90826463538784,142.78836623096788
469,E10,A6,A8,772.3276235584073,23.035321169367222,1529.7056400135737,1575.3820784674722
469,E11,A7,A8,0.0,1.6037784309053868e-18,0.0,1.8558956741846722e-17
469,E11,A8,A7,321.9836511800846,11.685488314056165,707.1217485430051,733.6739136889719
470,E01,A1,A2,61.611399234126594,3.3076117844441244,103.32334622901104,108.8531946796146
470,E01,A2,A1,94.84864565275205,7.00829699829153e-11,156.4543147946123,156.4543147947291
470,E02,A1,A3,0.0,0.0,0.0,0.0
470,E02,A3,A1,38.93343190570046,0.3844901503961816,65.60500190336046,66.25033867695589
470,E03,A4,A2,976.8714454489241,24.287728304252838,1558.5153938722528,1597.4329774952948
470,E04,A2,A5,350.6774024355608,12.003221749432058,549.9477113019703,568.8295341107934
470,E04,A5,A2,25.0596758321625,0.7987027882555144,342.4985048757154,353.38055051226155
470,E05,A4,A3,4382.905210370303,80.92535239021608,7016.756765549632,7146.797232811402
470,E06,A3,A6,1.0110163615325277e-16,1.7161067668429063e-16,1.6615723344540594e-16,4.371019096590603e-16
470,E06,A6,A3,91.72707129316464,2.3849422235661,183.64727058657218,188.40639979869346
470,E07,A4,A6,3.785279139544037e-16,0.0,6.020108493969562e-16,0.0
470,E08,A5,A7,40.24080762621422,0.9569245921445163,313.5275284788813,325.02873679181664
470,E09,A5,A8,10.230369817030821,0.41831652142082043,135.2927696816114,140.83764780140677
470,E10,A6,A8,784.381313570121,22.93804346250351,1552.04347772124,1597.687658608642
470,E11,A7,A8,2.571869969064511e-18,5.2064431224790026e-18,2.950520932265317e-17,8.753484549867271e-17
470,E11,A8,A7,326.1189545063533,12.898228291983838,714.9698991629575,743.3303317007884
471,E01,A1,A2,62.85284562433654,1.282206793346147,105.52397557329454,107.67265427293715
471,E01,A2,A1,91.42378921400186,1.9631732757004487,151.06467412403592,154.35263379291374
471,E02,A1,A3,3.01147272350686e-16,6.7434203129903495e-18,5.109634675740161e-16,4.683098794686725e-16
471,E02,A3,A1,39.339129268809494,0.8097061685302154,66.19534648320435,67.56579132147276
471,E03,A4,A2,962.2665111811791,25.03479983315643,1535.2425778866348,1575.364775453007
471,E04,A2,A5,354.6616193150319,5.593190325764075,554.4765495297672,563.0702717267158
471,E04,A5,A2,25.3019991912708,1.418529052454911,344.8631136246489,364.1881407121952
471,E05,A4,A3,4399.804823829298,79.1051348528001,7049.134486198028,7176.528507538507
471,E06,A3,A6,0.0,6.149498736003914e-17,0.0,1.0277004632180457e-16
471,E06,A6,A3,93.17942080810354,1.9620349694157069,187.4659676153442,191.40708353129327
471,E07,A4,A6,4.363350764495126e-18,0.0,6.8148861396829886e-18,5.313232745507603e-19
471,E08,A5,A7,39.79704574204993,1.3702132220073349,313.2507025650147,325.3257905571407
471,E09,A5,A8,9.996107955079594,0.393970792919186,134.38448842732626,139.68628438584955
471,E10,A6,A8,780.7102370539877,22.408341526664348,1544.6682199810618,1589.105948442201
471,E11,A7,A8,0.0,2.858798533304657e-16,0.0,3.1560856945447503e-15
471,E11,A8,A7,326.2342797836431,11.997270948668007,713.5558057817426,740.4525271175804
472,E01,A1,A2,61.51388158452124,1.4297181055096102,103.22296134791314,105.64645557067169
472,E01,A2,A1,93.81069752133232,1.815729460545791,154.85721273947988,157.9450468317118
472,E02,A1,A3,0.0,2.972237732704717e-17,0.0,5.042546167343842e-17
472,E02,A3,A1,38.947631137263684,0.5723526946459144,65.60585969279798,66.57821021569006
472,E03,A4,A2,971.4552348609345,24.458815727420387,1551.3993114774241,1590.6460704283372
472,E04,A2,A5,357.5072315777838,3.1236571364272097,560.2718459588737,564.9584278343319
472,E04,A5,A2,24.184819243943636,1.727771992067052,335.093702807222,359.49570315364355
472,E05,A4,A3,4380.898003682038,81.93405209820295,7023.837678623198,7156.257695518177
472,E06,A3,A6,5.473871946120628e-17,1.1205756764465395e-16,8.890124417350634e-17,2.70971257177257e-16
472,E06,A6,A3,92.87970501297309,1.9865356292485925,186.12382538780753,190.10054489068142
472,E07,A4,A6,2.7222515999652436e-17,1.450411196248821e-17,4.322403492672666e-17,4.4975082365366506e-17
472,E08,A5,A7,40.7706896820542,1.519771933928041,316.25984727099376,327.3842197333273
472,E09,A5,A8,10.027150275023153,0.4385850530317448,134.59233815934806,140.474946882753
472,E10,A6,A8,779.2442385856502,22.699746094854284,1540.920688200193,1585.9963488587164
472,E11,A7,A8,2.9451072712453304e-19,0.0,3.1252145506027423e-18,0.0
472,E11,A8,A7,322.3879636291997,11.905298884769241,709.9185201156612,737.0277297996824
473,E01,A1,A2,62.817810971729216,1.5726882074779578,105.2651127986441,107.8979554502486
473,E01,A2,A1,93.26675116679885,1.5196668747028017,154.79629822787038,157.40044209705792
473,E02,A1,A3,1.9439785617990454e-16,2.2198188585688245e-16,3.29486669864581e-16,7.007565774443524e-16
473,E02,A3,A1,38.68636588063538,0.7702852749374416,65.25760075980482,66.6403921858477
473,E03,A4,A2,974.6869495146652,26.498589142696858,1559.752825949723,1602.4125182103312
473,E04,A2,A5,355.98591174798304,6.393942884932156,554.0274767565261,564.0316902634712
473,E04,A5,A2,24.577702027524467,1.4073860097512694,338.3447387523302,358.0098465833096
473,E05,A4,A3,4376.8440105683085,80.54086900091716,7034.166965230918,7163.664156924599
473,E06,A3,A6,0.0,0.0,0.0,0.0
473,E06,A6,A3,92.74390124218084,2.1014107467567986,185.9503447721965,190.16918971439196
473,E07,A4,A6,2.994813555541787e-17,4.092235906826743e-17,4.7379694445154434e-17,1.119551746641742e-16
473,E08,A5,A7,40.4811938848774,1.776119900727182,314.16297437013264,325.6522062485659
473,E09,A5,A8,9.95963215639758,0.42538849185170424,133.2667334417198,138.99473387850733
473,E10,A6,A8,775.98524348937,22.04253730418082,1534.8875046976232,1578.7254511977974
473,E11,A7,A8,0.0,1.072825497203682e-16,0.0,1.2225394941900067e-15
473,E11,A8,A7,322.5694987837746,12.427343053497523,707.4053099244497,735.1182828135418
474,E01,A1,A2,62.1693558732281,1.1769658226077562,104.44396113462903,106.44444085781558
474,E01,A2,A1,93.05134671955855,2.3251386158532044,153.27270878229342,157.0619071566603
474,E02,A1,A3,5.386333137218893e-16,1.221704863799828e-17,9.145691896356637e-16,8.207854948739271e-16
474,E02,A3,A1,38.90864493714632,0.9378196098625396,65.52348128541202,67.096638900309
474,E03,A4,A2,969.0732873367359,24.584147518941712,1550.384462058239,1590.0217627206982
474,E04,A2,A5,349.6750604362959,7.7460863880287665,546.4584738088265,558.3668607943478
474,E04,A5,A2,24.483345035444575,1.1948122845411797,332.2445865482922,348.46321869841995
474,E05,A4,A3,4404.846539852961,81.24163771091995,7076.505893974624,7207.418982722082
474,E06,A3,A6,2.7699786029766626e-16,1.878681500354068e-17,4.628577929300654e-16,2.487952914016782e-16
474,E06,A6,A3,92.77955822385483,2.0150151876221414,186.02628890452468,190.06472991977273
474,E07,A4,A6,4.316546726859701e-16,0.0,6.902001235118279e-16,9.498114142327461e-18
474,E08,A5,A7,39.726079610581756,1.441329004811086,309.2041681614389,319.9618670763194
474,E09,A5,A8,10.140944514756761,0.4116964136848862,135.25834679886665,140.75960114963715
474,E10,A6,A8,776.6442295192062,23.023748438614337,1537.8168167077772,1583.6237893436532
474,E11,A7,A8,1.2237047178031046e-18,4.06185466661411e-18,1.426669428813201e-17,6.031972609304795e-17
474,E11,A8,A7,324.1375078945611,12.558714988725816,708.9944035644518,736.6267240426263
475,E01,A1,A2,61.991442419485665,1.9013732624638569,104.2694151439417,107.47642225153955
475,E01,A2,A1,94.13453435230616,1.353519932978189,155.1798884615027,157.48764672430815
475,E02,A1,A3,0.0,3.540429921425088e-17,0.0,6.009102968407205e-17
475,E02,A3,A1,39.36360531235166,0.7952617610238983,65.79541509383137,67.11802857500534
475,E03,A4,A2,967.3876990485672,25.40629282333934,1542.3720075484216,1583.2717525930543
475,E04,A2,A5,347.3766439010981,12.116161712984713,545.5094745547736,564.3498294448447
475,E04,A5,A2,25.22336475227626,0.7563505696362065,343.0114405276531,353.45492621709195
475,E05,A4,A3,4434.856661892491,79.08696232684527,7087.592641147646,7214.333020897876
475,E06,A3,A6,1.8217516114529496e-18,5.691339504733686e-18,2.9567195432001574e-18,1.2349578289692849e-17
475,E06,A6,A3,91.70475726544748,2.086979410542833,183.52223997026613,187.70969068540893
475,E07,A4,A6,1.733019486850682e-17,0.0,2.750197538438484e-17,0.0
475,E08,A5,A7,40.52805172183402,0.9513714299259266,315.5497401820607,327.26960817411253
475,E09,A5,A8,10.058903546073926,0.4233365650326275,133.9003495971173,139.54792179796146
475,E10,A6,A8,776.8862890081925,21.661388872960543,1541.6342698726307,1584.8126117879283
475,E11,A7,A8,3.968341486934175e-17,0.0,4.09758524902262e-16,1.4564269358369604e-16
475,E11,A8,A7,325.3025954698297,11.749059667215297,713.4308338987735,739.170292575102
476,E01,A1,A2,62.56926558435725,1.8700177970741583,104.71247408602136,107.891885120186
476,E01,A2,A1,92.17504087160097,1.3269740451980327,152.2387972353948,154.49842190270206
476,E02,A1,A3,3.108649479211343e-16,4.375584921132945e-16,5.28961390792277e-16,1.2183493225798111e-15
476,E02,A3,A1,39.17073652049986,0.8743974473009901,65.94546088421234,67.41415862361696
476,E03,A4,A2,970.3428853783062,26.22430513857971,1549.5787877235982,1591.91466335856
476,E04,A2,A5,348.657552293281,11.181509341483196,546.4823795774867,564.0403504642629
476,E04,A5,A2,25.11678300445234,0.8549732769147842,344.405502470609,355.8287785170211
476,E05,A4,A3,4403.883096104644,84.86066266951985,7064.315888224497,7203.071554469889
476,E06,A3,A6,1.4168346928972922e-16,2.6378625640325482e-17,2.313361639837145e-16,1.2767369574779297e-16
476,E06,A6,A3,92.97509593872402,2.4321485117492605,186.40603366982032,191.29538222972215
476,E07,A4,A6,3.7414243833064806e-16,0.0,5.951948848997994e-16,0.0
476,E08,A5,A7,40.4300192355641,1.1414853086307557,315.1772220445025,325.875192675499
476,E09,A5,A8,10.042248529972175,0.42252797748458215,133.2879461551433,138.8650558281267
476,E10,A6,A8,777.7363543612747,22.549350480247853,1538.0136802701284,1582.547951208637
476,E11,A7,A8,0.0,7.979593594539658e-16,0.0,8.981946039206447e-15
476,E11,A8,A7,321.6872404539322,11.70954803099757,707.3403743180538,733.0749827358552
477,E01,A1,A2,62.95397708149436,1.1412139244055084,105.4681580782559,107.40953529837775
477,E01,A2,A1,95.98604438640803,2.098095226260231,158.324805913204,161.8298354585526
477,E02,A1,A3,4.142344045406262e-16,7.394602244453667e-17,7.076645608438834e-16,6.341489176375588e-16
477,E02,A3,A1,38.87771443927524,0.6774256219040066,65.67321474899539,66.79811787359228
477,E03,A4,A2,966.8793466284059,26.252250700529736,1545.5495591482272,1587.633495321685
477,E04,A2,A5,354.2427359349376,10.178662236703333,555.2681546334591,571.09805300882
477,E04,A5,A2,24.66598010017861,0.9059868629118255,336.5552539883097,349.1213069822228
477,E05,A4,A3,4371.244784478865,81.05419579819676,7020.883676499552,7153.936987499498
477,E06,A3,A6,1.0951308861964728e-16,1.205162032850595e-16,1.7960479160032484e-16,3.553687122583604e-16
477,E06,A6,A3,91.67747333963997,2.6083285662848827,183.59484581748603,188.8064989548496
477,E07,A4,A6,2.7517853229144183e-16,0.0,4.3836623511954674e-16,2.150140519966366e-17
477,E08,A5,A7,40.65733950755451,1.96563780105039,319.1176708067145,330.47858838012945
477,E09,A5,A8,10.182792486176506,0.4670717170720742,134.4766465583279,140.39757546649338
477,E10,A6,A8,779.0381617933527,23.62120073899935,1543.7778300980972,1590.6234474773626
477,E11,A7,A8,8.880041588306727e-18,1.190251779210414e-17,1.008974376261054e-16,2.356228245397235e-16
477,E11,A8,A7,323.559405746327,12.068476627972313,708.8029476141251,734.6300214795795
478,E01,A1,A2,63.47439776896368,0.4041867696348293,106.59097482221188,107.28631769163621
478,E01,A2,A1,93.81331699912499,3.0747281033657785,154.80758054868974,160.04997473891484
478,E02,A1,A3,9.595516172561634e-16,4.223175970248744e-17,1.6282264845531175e-15,9.054092946271993e-16
478,E02,A3,A1,38.820933187680794,0.8830823737584494,65.1675995946421,66.64052939487104
478,E03,A4,A2,964.4081226446372,24.020716586904353,1538.9787010032696,1577.649626351699
478,E04,A2,A5,355.63782675554626,8.42024940050716,556.4225234430722,569.3286555103185
478,E04,A5,A2,24.54717487172712,1.1260066873569858,333.13320089863754,348.745201064305
478,E05,A4,A3,4391.353019792242,78.83540215300593,7030.264188766543,7157.0866130675495
478,E06,A3,A6,0.0,7.129369399543994e-17,0.0,1.1727029631070874e-16
478,E06,A6,A3,92.6777973478817,2.433279375064031,186.64966489170854,191.54751798667627
478,E07,A4,A6,3.6640119157846307e-16,0.0,5.837441432362366e-16,7.246901751224216e-18
478,E08,A5,A7,39.3618738437009,2.842370893018411,311.03932153494605,322.7532207500891
478,E09,A5,A8,10.069892612443821,0.44359346366649116,134.1261440570502,140.02814162036609
478,E10,A6,A8,778.5012995301489,24.05168115693353,1538.294056602244,1586.14054423153
478,E11,A7,A8,1.2081432308785923e-18,2.0417812857345892e-17,1.4267047510895984e-17,2.4718572257014503e-16
478,E11,A8,A7,324.89316197203743,12.452662246145632,711.3953216618817,738.4820593330435
479,E01,A1,A2,61.50068060039396,2.5414437049314422,103.18613008735257,107.50048187160695
479,E01,A2,A1,94.56723896283535,0.5266427052055542,156.05905809108506,156.9096190978062
479,E02,A1,A3,8.152659346462583e-17,1.9832906637514144e-15,1.3743317362675053e-16,3.5028395800138757e-15
479,E02,A3,A1,38.638704395301225,0.7156442530684393,65.29981347749764,66.5281077854947
479,E03,A4,A2,967.3353222623556,24.628423070587154,1546.0269740747367,1585.608369297423
479,E04,A2,A5,356.9862606725054,8.803358992616054,558.2274659383843,571.9775948586491
479,E04,A5,A2,24.6652299045465,1.2102989655721454,335.59040453375894,352.0673607626352
479,E05,A4,A3,4366.753397687981,74.24226993748269,7018.175364682817,7140.360857232387
479,E06,A3,A6,7.099980690872381e-17,7.582526674777267e-18,1.1696565129698325e-16,4.264653514772448e-17
479,E06,A6,A3,92.16001385470739,2.643913158107803,185.13730549997655,190.43266688996476
479,E07,A4,A6,1.957196906898605e-16,0.0,3.1172774491505536e-16,0.0
479,E08,A5,A7,41.142688254691194,1.464061628252698,315.4450841039544,326.88480698552763
479,E09,A5,A8,10.113434442479498,0.40309044338488875,134.4613199049943,139.92380652887945
479,E10,A6,A8,780.9108708288885,23.60175379993366,1547.7006125368237,1594.861678144523
479,E11,A7,A8,4.722959984364216e-18,0.0,5.3096995403670345e-17,0.0
479,E11,A8,A7,327.54461568655864,12.757947651937695,719.4591214998976,747.0709805173315
480,E01,A1,A2,61.75875483348088,1.753594492921368,103.65141601124606,106.59997567886504
480,E01,A2,A1,93.93816679580354,1.6792424356913358,155.37345221514983,158.12753713352788
480,E02,A1,A3,8.131405641476949e-16,8.243112775756815e-16,1.3587438599053238e-15,2.356089857709702e-15
480,E02,A3,A1,38.881684553277104,0.9555222330931739,65.32418067590493,66.91889065920526
480,E03,A4,A2,967.4861274153594,26.535572932505588,1544.2700179890046,1587.0191613040517
480,E04,A2,A5,350.6553337037046,11.918823826854066,548.8470595175493,567.0305227709631
480,E04,A5,A2,24.812694617879455,0.7887102753662872,339.44375897744646,349.9205594120625
480,E05,A4,A3,4378.321767310696,78.48967404874637,7016.9180256517975,7142.808973490283
480,E06,A3,A6,0.0,2.1203731944616218e-15,0.0,3.5509595002874042e-15
480,E06,A6,A3,94.34340617487632,2.0523164653095938,189.02098810112344,193.16134044316107
480,E07,A4,A6,2.1952965760661026e-16,0.0,3.490057206609577e-16,0.0
480,E08,A5,A7,40.66591650537942,0.9126284907712382,313.5718766604175,324.6984838538256
480,E09,A5,A8,10.138819140792382,0.4231035315524346,135.00848822586917,140.67012014171394
480,E10,A6,A8,780.1679229971386,25.039887319271728,1543.2685393765305,1593.0873058577056
480,E11,A7,A8,0.0,2.0833086693811943e-17,0.0,2.376352781042664e-16
480,E11,A8,A7,325.44451932436266,12.039299671778068,710.5685491086742,737.1277869826412
481,E01,A1,A2,63.132730107304575,1.0536983971555534,105.82952236642103,107.61819868883816
481,E01,A2,A1,94.23277674051862,2.246697360876157,155.74453844038482,159.52993932337432
481,E02,A1,A3,0.0,1.598623849474323e-14,0.0,2.7130161209704945e-14
481,E02,A3,A1,38.8682501711901,0.9502449641949576,65.56196655777413,67.26157613996166
481,E03,A4,A2,962.158025393693,24.21726752899291,1540.7104694844547,1579.67785218453
481,E04,A2,A5,349.6342196454449,8.279275906601766,548.9770168165672,561.9490550359376
481,E04,A5,A2,24.929628263706014,1.1610274688186788,333.56577557824295,349.11526447429605
481,E05,A4,A3,4395.472089863301,78.41469587792942,7072.428714008809,7201.549455031423
481,E06,A3,A6,0.0,4.2872366478624266e-14,0.0,7.178374605056503e-14
481,E06,A6,A3,92.09499534974594,2.087449007579091,185.29285512401486,189.4928194992228
481,E07,A4,A6,2.4074562184005925e-16,1.0090143992903185e-18,3.845186900054405e-16,1.0998915833234338e-16
481,E08,A5,A7,40.33428703411786,1.8652076612299286,312.94960794986696,325.20279776838584
481,E09,A5,A8,10.248191528607434,0.47204290676066435,133.47630265388221,139.53783153730194
481,E10,A6,A8,780.9072394789246,24.30934697370308,1547.6964554627823,1595.86688066722
481,E11,A7,A8,7.161027574432519e-17,6.047247959237994e-17,8.097541658427121e-16,1.4123904520480387e-15
481,E11,A8,A7,324.2405139722434,12.224567327381841,711.784376164263,738.553291621527
482,E01,A1,A2,61.677545086528774,1.9633212930867376,103.55060965135668,106.85735233661154
482,E01,A2,A1,93.85829446642353,1.0786982238032865,155.50429758873855,157.2488676252924
482,E02,A1,A3,0.0,4.124127840664488e-15,0.0,7.00716152295386e-15
482,E02,A3,A1,38.818166035344426,0.6117067213009132,65.39093864087235,66.41186050489513
482,E03,A4,A2,972.5254243135023,25.564542439290054,1550.2899833794024,1591.2031871755396
482,E04,A2,A5,352.38671479994184,6.227320323470615,552.2255721707359,561.5432898492272
482,E04,A5,A2,23.945331442390724,1.3832963449873361,333.70075966314556,353.3013415234042
482,E05,A4,A3,4389.1183262397535,84.62657574890248,7025.003946994539,7160.242379101985
482,E06,A3,A6,2.113184772952729e-15,6.752005048826129e-17,3.4807471810532564e-15,1.4165175582673842e-15
482,E06,A6,A3,93.57444585855525,2.265514614966768,187.64584124049253,192.1824312753552
482,E07,A4,A6,2.7869392359413856e-15,5.742564817332884e-16,4.420109726128375e-15,2.6656087889678782e-15
482,E08,A5,A7,40.14822459969027,1.9157046883923325,314.49895697037164,325.89708953975577
482,E09,A5,A8,9.825852998970161,0.43542770747654624,133.42195678841102,139.19090401210707
482,E10,A6,A8,775.3454217722219,22.19533733608069,1538.1342051361878,1582.4518469330483
482,E11,A7,A8,3.0378019190553695e-17,3.089489256366581e-18,3.275949427348667e-16,1.8796320766753548e-16
482,E11,A8,A7,324.30871728190186,12.310927101835944,711.8041411004336,738.7813351273747
483,E01,A1,A2,62.866859201093135,1.4115251281696812,105.15601921585986,107.5385820884965
483,E01,A2,A1,93.85568476669886,1.7126073042880516,154.58986108355265,157.4922470116067
483,E02,A1,A3,0.0,0.0,0.0,0.0
483,E02,A3,A1,38.96636715499584,0.8425121797896518,65.55126295836644,67.00640624410774
483,E03,A4,A2,977.3743581029521,25.961097679756772,1560.7303869890054,1602.4088945010203
483,E04,A2,A5,352.5472743161206,9.77249006287535,551.2941909528748,566.588115345179
483,E04,A5,A2,25.36977682637031,0.9627270679515557,342.77345919459924,356.0847322511129
483,E05,A4,A3,4402.877481002928,81.35102139396274,7056.967941180169,7187.710675596033
483,E06,A3,A6,8.614386815675278e-18,9.948676653770312e-17,1.416086930778487e-17,1.7765449255204664e-16
483,E06,A6,A3,92.55183028341852,2.305218969091205,184.77313741030986,189.37984588537176
483,E07,A4,A6,1.119848712516254e-16,0.0,1.7809903508606544e-16,0.0
483,E08,A5,A7,40.93253268238726,0.9708904590818668,311.63490804919894,323.30644557484646
483,E09,A5,A8,10.110539165195824,0.4241340900687646,133.79705402354136,139.3492649233369
483,E10,A6,A8,777.818141051227,23.598294300743127,1539.8724580721944,1586.788544924704
483,E11,A7,A8,3.9661786494950434e-16,0.0,4.445157809469826e-15,0.0
483,E11,A8,A7,325.9407480551737,12.205203339495634,714.0116231073732,741.0626238866146
484,E01,A1,A2,62.96270883871799,1.05979551031514,105.64961384091387,107.41216119115484
484,E01,A2,A1,92.5365882913204,2.1253272138602064,152.5311167321159,156.14278639159244
484,E02,A1,A3,0.0,7.772179687384194e-15,0.0,1.3211613430696684e-14
484,E02,A3,A1,38.8182981766872,1.0157854016492454,65.60200387209619,67.26393436431732
484,E03,A4,A2,960.9708350383246,23.36834421110446,1539.323231046375,1576.7853703760513
484,E04,A2,A5,346.4860087942362,11.579245208176975,543.1368677225548,560.7043896851426
484,E04,A5,A2,24.052233367411045,0.6928092645641941,337.139908218315,347.00671775867113
484,E05,A4,A3,4349.246987907562,72.05452683742605,6995.738900203353,7114.002318036785
484,E06,A3,A6,3.0093640379881863e-16,5.936726029165642e-16,5.069422993843849e-16,1.4775702687478754e-15
484,E06,A6,A3,91.96532593062116,2.235626033950232,183.66791747748732,188.11556874129712
484,E07,A4,A6,4.1864570064478147e-16,6.146227465023638e-16,6.731644227893443e-16,1.6206766490176612e-15
484,E08,A5,A7,39.859728908862536,1.8714952199930281,311.77738616945317,322.74280541691235
484,E09,A5,A8,9.975489960034462,0.4468126813488916,134.72151844089402,140.5379693544609
484,E10,A6,A8,777.7955464471434,22.73985280306568,1536.856994912883,1581.9292578713532
484,E11,A7,A8,0.0,6.888988867080997e-17,0.0,7.785134217852882e-16
484,E11,A8,A7,323.1832951789437,12.365802805937196,707.3702192564041,734.4506258623576
485,E01,A1,A2,62.46289950455663,2.468929338082856,104.52323028516179,108.67609092983884
485,E01,A2,A1,93.07790756643666,0.740517577470046,152.90826058646235,154.16394915438383
485,E02,A1,A3,0.0,1.7695097019422467e-16,0.0,3.0017473930730946e-16
485,E02,A3,A1,38.52799197433584,0.9581446669639678,64.87371469507076,66.53312222764903
485,E03,A4,A2,967.192999308438,25.622487819773525,1542.0577232820765,1583.082442825887
485,E04,A2,A5,352.2049154712354,9.683420114552774,550.6742331897734,565.7332496697912
485,E04,A5,A2,24.54246603225674,0.9621212817130445,338.0569611459046,351.34029449542504
485,E05,A4,A3,4362.5145670115,74.78239222468348,6985.139259969949,7103.915213295612
485,E06,A3,A6,1.4813342912236023e-17,7.312715859843377e-17,2.4353699389959915e-17,1.4599881570886082e-16
485,E06,A6,A3,91.55260596492354,1.8962043675714855,183.7631143732728,187.57900336259138
485,E07,A4,A6,5.212751706759245e-17,3.4582714878290543e-17,8.306957255363272e-17,1.3847229038342892e-16
485,E08,A5,A7,40.38112717798038,0.953667451591967,314.1958657792115,325.7372786025204
485,E09,A5,A8,9.930486127612498,0.41373669104547406,133.18454234593582,138.84707662423665
485,E10,A6,A8,783.8833191620458,22.761403350077607,1553.9144056600499,1599.2543130940094
485,E11,A7,A8,5.3259169310845545e-16,1.0728473637724308e-15,6.1636602256625315e-15,1.8579675551955742e-14
485,E11,A8,A7,322.9927403229547,12.362593522194205,707.2648413416342,735.0885813332403
486,E01,A1,A2,62.7177252081762,1.689710283529355,105.01311133273288,107.87067549883443
486,E01,A2,A1,94.34054786898652,1.5005400009463161,156.2664263070393,158.82732980433897
486,E02,A1,A3,0.0,6.322900525554742e-15,0.0,1.0737087668148637e-14
486,E02,A3,A1,39.213882140585156,0.6269762106224567,65.86714261442212,66.97049863459146
486,E03,A4,A2,976.1206064184182,26.599158967616116,1559.8301212046965,1602.638049030279
486,E04,A2,A5,353.4756124731084,7.783683664851904,554.9125887717747,566.656991617841
486,E04,A5,A2,24.711167766586932,1.2303099962035706,334.9901096675829,351.9549468487236
486,E05,A4,A3,4357.655939769076,79.04816750428122,6989.871072447927,7117.671605663917
486,E06,A3,A6,0.0,2.112400530091489e-17,0.0,3.4589107312317707e-17
486,E06,A6,A3,92.24808949916778,2.100677412050564,185.31202585656217,189.55096121496211
486,E07,A4,A6,4.985351206907658e-16,0.0,7.950479754049172e-16,0.0
486,E08,A5,A7,41.04752841729756,1.1495630310515768,315.93077273321194,327.53754284170753
486,E09,A5,A8,10.136214003749956,0.42178764373383437,134.53455191491446,140.18236026672665
486,E10,A6,A8,777.7448196845191,24.398952750167002,1538.4826399559322,1587.0022061788864
486,E11,A7,A8,1.1508586299129815e-17,8.354842655177029e-18,1.2961694142335552e-16,2.2089041201031425e-16
486,E11,A8,A7,327.7911980440803,12.412731293780817,716.127248160836,742.8722434340499
487,E01,A1,A2,62.63327247931855,3.2360046260091377,105.10865267054888,110.54603281130838
487,E01,A2,A1,94.49256352460318,0.37675208830125,155.88859863293987,156.4968878082965
487,E02,A1,A3,0.0,2.632516676891503e-15,0.0,4.474712178052237e-15
487,E02,A3,A1,39.36072938268369,0.8309960320385661,66.25476307252362,67.67398537109234
487,E03,A4,A2,966.2149684323797,24.96383407441052,1541.1944501366172,1581.2534777781887
487,E04,A2,A5,349.94840245456794,6.225819795182374,548.6888152658332,558.3337378602445
487,E04,A5,A2,24.064967576440434,1.4144325521062604,329.50332837943,348.94279522316106
487,E05,A4,A3,4402.817296946513,82.71545599253365,7052.888030932417,7185.418480886796
487,E06,A3,A6,6.45032972675828e-16,2.084672943786558e-15,1.0558395418925835e-15,4.1921725069553424e-15
487,E06,A6,A3,92.84325115764696,2.147021439882084,185.79306017548188,190.09415279533286
487,E07,A4,A6,8.658568184344665e-16,2.3802204180231356e-16,1.3690666490902953e-15,9.83534209682635e-16
487,E08,A5,A7,40.855728061386245,1.1819425517175934,313.2640420484111,324.7728460743817
487,E09,A5,A8,10.077582406361913,0.43679126912704686,133.85741571876554,139.6203600282015
487,E10,A6,A8,777.0128794045605,22.642078787661525,1539.650830221746,1584.574091352961
487,E11,A7,A8,5.022576415503369e-17,2.0065271623061465e-16,5.505599640951661e-16,2.8157161368315933e-15
487,E11,A8,A7,324.9079795779066,11.681376114763372,711.4693027819411,737.2732875198487
488,E01,A1,A2,62.876128655001224,1.1283965888795846,105.42913755940373,107.33801599462141
488,E01,A2,A1,92.87454798912401,2.2204702854514182,153.03574344973163,156.80184215981154
488,E02,A1,A3,1.2634681845616569e-17,6.461237974958728e-16,2.1183235114705876e-17,1.1181145701215385e-15
488,E02,A3,A1,38.66588505387773,0.8395720492902956,64.92456448117117,66.3414764270656
488,E03,A4,A2,975.2533583776133,24.661822145265063,1556.1417384488861,1595.9344146491353
488,E04,A2,A5,355.1748469834074,3.758889039282398,555.1609993943816,560.9864398876692
488,E04,A5,A2,24.22034225228499,1.7821081013445468,333.94048373274927,358.8722924833543
488,E05,A4,A3,4433.917478332669,74.0016039457965,7101.080682768252,7220.049462349546
488,E06,A3,A6,1.1321580135268583e-15,4.159031735702836e-16,1.8711819751640044e-15,2.143315699013455e-15
488,E06,A6,A3,92.17996873341448,2.0837683312761017,184.4416317502803,188.61352560384552
488,E07,A4,A6,1.7457035298591916e-15,5.380535304452798e-16,2.779282911941213e-15,3.326902989307011e-15
488,E08,A5,A7,40.133417169031574,1.7482163975840899,312.22777242784315,323.5701842109036
488,E09,A5,A8,10.02879254054052,0.44138060681559355,135.3522829280262,141.32068986114507
488,E10,A6,A8,776.98773098827,22.769767524157555,1537.7261968103032,1582.9334855438867
488,E11,A7,A8,0.0,5.655402188235882e-15,0.0,6.390359249660696e-14
488,E11,A8,A7,321.45495439748805,12.406832366462117,703.9188198555943,731.2772845531575
489,E01,A1,A2,63.8130855801202,2.0374655578900756,106.93449203562051,110.33349818965942
489,E01,A2,A1,93.26504282046733,1.0196547759043004,153.8247130406284,155.5271783975886
489,E02,A1,A3,2.756736897929638e-16,6.06686216371928e-17,4.658846702351847e-16,5.162521963817043e-16
489,E02,A3,A1,39.22676197154786,0.6868337939603865,66.17084166203617,67.2953454179186
489,E03,A4,A2,965.282047435607,25.364850584709153,1541.7670102167604,1582.372987590305
489,E04,A2,A5,351.83324551050566,9.670006035585065,551.7804291312652,566.6997164604575
489,E04,A5,A2,24.24594462783752,1.1156499057825076,335.2909012400967,350.6868515879513
489,E05,A4,A3,4399.078083757691,83.83026348617739,7058.671101541004,7194.488717936502
489,E06,A3,A6,1.8508777541965245e-17,6.548906299059024e-17,3.045867208033661e-17,1.3418168808309924e-16
489,E06,A6,A3,91.56923237459148,2.3660668772970577,183.37490641612277,188.11378037350718
489,E07,A4,A6,3.446385694347409e-16,4.2424316649576216e-16,5.536095209376943e-16,1.0305256875747051e-15
489,E08,A5,A7,40.15269819793891,1.4662548272735725,310.8150758150855,322.60325917940264
489,E09,A5,A8,10.076446017175803,0.4038586841613934,135.54237239278223,141.08072005425262
489,E10,A6,A8,783.9131510345517,22.546805616449753,1551.1516866814761,1595.7314159032408
489,E11,A7,A8,1.5115292028790447e-18,7.705722641240513e-18,1.7321416909732863e-17,1.0417713034942064e-16
489,E11,A8,A7,325.08916300469485,12.747309509876656,712.0568884078805,740.1153786194725
490,E01,A1,A2,62.993688957084146,1.394783769465458,105.7074518588183,108.04062036264823
490,E01,A2,A1,93.32569939831637,1.9441079188349215,154.04472699451497,157.31819179196575
490,E02,A1,A3,0.0,3.24536460415304e-17,0.0,5.532681204178007e-17
490,E02,A3,A1,38.34258685209275,0.7631449957780061,64.5795801343647,65.86739740502864
490,E03,A4,A2,973.2592828278642,25.87286707861613,1553.97586270745,1595.6915783861814
490,E04,A2,A5,350.893428831253,6.458500722014101,550.1946285953738,560.0661397500152
490,E04,A5,A2,24.47310402699037,1.387124386179745,334.1718401093711,353.089585743198
490,E05,A4,A3,4391.066388029477,73.7294366970005,7042.557249731544,7161.611383894136
490,E06,A3,A6,1.1105988321269772e-14,0.0,1.8539944907822884e-14,7.718098042257181e-15
490,E06,A6,A3,92.82886388952682,2.2248110582833407,185.86313960263146,190.317076626598
490,E07,A4,A6,5.246649127524516e-16,7.465695604140504e-16,8.386378404244748e-16,2.0372192135675285e-15
490,E08,A5,A7,40.25278167513858,1.0092655793210135,313.157242156395,324.03920485643823
490,E09,A5,A8,10.127469521524462,0.41958370972685183,133.73202876062354,139.19369097212035
490,E10,A6,A8,775.2486559227053,22.72940258748672,1537.0002729753198,1582.1984786357852
490,E11,A7,A8,0.0,1.9351533203758506e-16,0.0,2.202969985068865e-15
490,E11,A8,A7,322.9548847119948,12.404952364974344,711.2807841417091,738.5997946676555
491,E01,A1,A2,62.52225781756749,2.07281471394223,104.83994931410177,108.3308098495375
491,E01,A2,A1,94.18210543406349,1.5720401753611897,155.6774764258351,158.3040216752659
491,E02,A1,A3,4.526084324992601e-18,2.5079142737709967e-17,7.711910946495824e-18,5.019344688514098e-17
491,E02,A3,A1,39.04311045824593,0.8991086749166255,65.973130699801,67.44285997203887
491,E03,A4,A2,968.8151763497592,25.453042433001425,1550.030399937095,1590.854904635482
491,E04,A2,A5,358.28128739848523,8.19954327814975,561.3980119447627,574.4896990490603
491,E04,A5,A2,24.012309579404942,1.1740922306699186,330.8907508766969,347.41496718672624
491,E05,A4,A3,4386.910085540857,83.15678232979238,7044.357805690416,7179.405539633005
491,E06,A3,A6,5.3331978161054293e-17,0.0,8.836623980561135e-17,2.1813715332923883e-17
491,E06,A6,A3,91.35757569400403,2.1614951028322453,183.03441463994517,187.3730291762032
491,E07,A4,A6,3.4698347061029626e-17,0.0,5.559004251024754e-17,1.1836201861647092e-17
491,E08,A5,A7,40.925134151768965,2.0364941738754703,317.0500997024754,328.4087352841746
491,E09,A5,A8,10.181771364547794,0.4018003555056524,136.99909234805895,142.41436454495698
491,E10,A6,A8,784.8015224958393,23.32250223142656,1554.0308290937037,1600.2769426703492
491,E11,A7,A8,0.0,1.9487414036126966e-17,0.0,2.204901488724468e-16
491,E11,A8,A7,323.6704024189702,12.623831420374074,710.3563266508528,738.0772358313743
492,E01,A1,A2,62.08012656287159,2.600319803342119,104.15969396451624,108.51512433952328
492,E01,A2,A1,94.60808921402204,0.81066924324266,155.48043573582163,156.83791857163112
492,E02,A1,A3,0.0,1.275077476777087e-13,0.0,2.165591525797441e-13
492,E02,A3,A1,38.76894335132891,0.8897921607566321,65.58943440125098,67.05323277624869
492,E03,A4,A2,968.9637795076883,24.74452552134884,1551.804944722555,1591.544959478254
492,E04,A2,A5,349.0632294401372,9.753344944419965,546.478167986304,561.7344193894834
492,E04,A5,A2,24.521007135411857,1.0105636790300812,336.82673130275646,350.66132102470976
492,E05,A4,A3,4389.830058840878,83.48845500423462,7060.479828137149,7197.930718182114
492,E06,A3,A6,3.366072255751803e-16,2.350804217046599e-15,5.656531450422657e-16,4.512089176459025e-15
492,E06,A6,A3,93.57912873850808,1.9345381401701542,187.12517029849118,190.99180494186368
492,E07,A4,A6,2.0247862117913053e-16,2.7539643256361976e-16,3.2660898077418955e-16,7.010443349539063e-16
492,E08,A5,A7,40.20789236934553,2.2256149792048237,315.91505210545995,327.0957328113469
492,E09,A5,A8,10.06301212350548,0.42945826789270114,133.13691902675518,138.85484603917854
492,E10,A6,A8,778.8979255761009,23.26822454605631,1542.5904936139736,1588.8465918720976
492,E11,A7,A8,0.0,2.2980197185555302e-17,0.0,2.5450299004255387e-16
492,E11,A8,A7,329.41837393446906,13.842942926912034,720.9123281867007,750.7063930514829
493,E01,A1,A2,62.80513391644626,2.7682425983762133,105.08896955276117,109.71697041111213
493,E01,A2,A1,92.73112569535135,0.6342447425817147,152.8194929779463,153.89120169945122
493,E02,A1,A3,0.0,0.0,0.0,0.0
493,E02,A3,A1,38.852690753576795,0.7994922275672327,65.51103057934613,66.86631266621276
493,E03,A4,A2,965.0803533494095,26.43034704695644,1543.2661352923988,1585.8133547431057
493,E04,A2,A5,349.6429287599469,8.70175138721077,547.9769107957508,561.2685885594879
493,E04,A5,A2,24.604554111324187,1.1639526227957078,337.45071874506505,353.63092156632035
493,E05,A4,A3,4368.425629545579,83.76602089192737,7014.082715542827,7150.217751975667
493,E06,A3,A6,7.171892792981675e-16,1.1802657802893046e-15,1.22405161057778e-15,3.1715683889956143e-15
493,E06,A6,A3,92.75818859032185,2.329990277008128,185.47632362976347,190.13080021680997
493,E07,A4,A6,1.7555685725654094e-16,0.0,2.7969633397193276e-16,1.5094415170893467e-17
493,E08,A5,A7,39.93428521965989,1.2084553395548019,313.41355935701614,325.3967648899766
493,E09,A5,A8,10.136338262365598,0.41182260832709106,134.43334060464227,139.86864412080038
493,E10,A6,A8,788.1536854805712,22.460633208114167,1558.1653686574728,1602.897595196298
493,E11,A7,A8,0.0,1.0536940036813478e-17,0.0,1.1652377855109558e-16
493,E11,A8,A7,323.0414286032703,12.64396505020548,710.0298084937754,737.980894830661
494,E01,A1,A2,62.80393458050324,0.21163785467580387,105.17735630345196,105.53858677226245
494,E01,A2,A1,92.27622478551604,3.0607183478448103,152.73618244046006,157.9840697195229
494,E02,A1,A3,0.0,2.063425535248319e-15,0.0,3.499638496344191e-15
494,E02,A3,A1,39.11153558358719,1.2133338840624273,65.8104124333204,67.81242658765943
494,E03,A4,A2,964.7447432567502,27.389947248885193,1542.919808290762,1586.9685120559761
494,E04,A2,A5,349.39040054487054,8.841178853554005,549.6709969381593,563.104561112282
494,E04,A5,A2,24.24646589008163,1.0942807185089218,335.7739308950774,351.0037669033317
494,E05,A4,A3,4389.987081362734,83.42068554706314,7043.584192411526,7178.618434085571
494,E06,A3,A6,6.180641627290168e-16,2.0055641471078464e-15,1.0441055982467414e-15,4.424209223459202e-15
494,E06,A6,A3,92.34679795225338,2.140700320412693,185.2696777253895,189.56091195304356
494,E07,A4,A6,5.832303455214784e-16,1.720292603075845e-15,9.35261200683398e-16,3.6978046341730515e-15
494,E08,A5,A7,40.57488880727156,1.4465949914383556,314.69712401924846,325.84053024112313
494,E09,A5,A8,9.905080030145617,0.402528265586874,134.8252041598759,140.30159778733525
494,E10,A6,A8,781.5161417623821,21.54169297823577,1546.699577489403,1589.5310765208426
494,E11,A7,A8,5.591086029652966e-17,3.4356714649569324e-16,7.005943125721669e-16,4.8963442532135206e-15
494,E11,A8,A7,329.03425694930314,13.49682999848959,718.9163199839347,747.8393449411237
495,E01,A1,A2,63.00799370477178,0.7018343652022992,105.60422499436066,106.78345637424864
495,E01,A2,A1,92.9268193569627,2.572447554259155,153.1629191178159,157.51419283450147
495,E02,A1,A3,2.357266292940541e-16,1.1833759851203536e-18,3.9778968623971814e-16,2.78809498689547e-16
495,E02,A3,A1,38.89932624861663,0.5537858416921373,65.73424502768745,66.71102757637696
495,E03,A4,A2,969.0095741653979,25.428807091754933,1546.711954012752,1587.5995453592552
495,E04,A2,A5,355.36725330647687,2.481054308753901,556.8932796338737,560.7845223304616
495,E04,A5,A2,24.009898612014275,1.8387541712533313,332.66565472301045,358.25618203835285
495,E05,A4,A3,4397.664319689623,88.31148193579565,7056.673852083268,7198.465322737336
495,E06,A3,A6,0.0,1.151213445886879e-16,0.0,1.9620499260016815e-16
495,E06,A6,A3,93.71497042034096,2.6557245216309857,187.62789657093185,192.95752342161137
495,E07,A4,A6,2.8614707734566327e-16,4.1301166610092366e-16,4.600564707184098e-16,1.0310480286713104e-15
495,E08,A5,A7,40.698621147684754,0.931716657320186,315.76588909786113,326.7501943922471
495,E09,A5,A8,9.905828117736636,0.40942974483016287,133.61025843919978,139.17780347135226
495,E10,A6,A8,778.3774272257004,23.197225850417954,1543.3654560725035,1589.439231799732
495,E11,A7,A8,0.0,7.168028377869433e-17,0.0,7.987493908557513e-16
495,E11,A8,A7,325.74364585926776,12.092158340694969,714.0719302743133,740.7804601333034
496,E01,A1,A2,63.88471687426452,1.4634656346831614,107.33165353739338,109.8231528050304
496,E01,A2,A1,93.71174848887613,1.9861207864416048,154.783317044154,158.11788805800558
496,E02,A1,A3,3.242734251087506e-16,0.0,5.509116337225206e-16,2.8173657341960173e-16
496,E02,A3,A1,38.63030356215245,0.9521064963536228,65.20324840103999,66.77142001002677
496,E03,A4,A2,973.7416150673248,25.019321788980047,1557.9866055412776,1598.1914822145252
496,E04,A2,A5,347.15042253646607,11.80028815590454,542.3658920434061,560.497165921684
496,E04,A5,A2,24.807223795396293,0.8221441392734588,336.76452147161973,347.9650159031926
496,E05,A4,A3,4383.30662289045,83.67735250988088,7042.16286868003,7179.278699584207
496,E06,A3,A6,7.68001254073879e-16,2.522405130481949e-16,1.2634474985970173e-15,1.0044364813133048e-15
496,E06,A6,A3,92.9490325639311,2.2140192125516456,186.25434609577823,190.68809231345134
496,E07,A4,A6,7.80735588625853e-16,0.0,1.2408543592767167e-15,0.0
496,E08,A5,A7,40.00911291575134,1.4711609439786815,314.53065021807265,326.0557014298107
496,E09,A5,A8,10.082294199257374,0.4366441654039225,134.46481078425066,140.26249166485826
496,E10,A6,A8,785.4349508291757,24.43455071412462,1553.5698178703676,1602.1708428115949
496,E11,A7,A8,1.7631239447899288e-17,7.756183783651847e-18,1.9772644086780543e-16,2.4727940677628535e-16
496,E11,A8,A7,326.1857100464572,12.195605099150013,714.8116608624155,741.2543994477828
497,E01,A1,A2,63.366913120037026,1.5053056701257503,106.40173940688528,108.93544149894694
497,E01,A2,A1,93.33740264837857,1.6128444164620848,153.77122128635756,156.51827320697274
497,E02,A1,A3,4.033447209361757e-17,2.984814480883471e-17,6.883159880313422e-17,1.1954248099603995e-16
497,E02,A3,A1,38.87574070976393,0.7835404627087346,65.6323856451127,66.95141526051387
497,E03,A4,A2,966.4294260660587,24.860095323100644,1544.1918286440864,1584.1717075928295
497,E04,A2,A5,347.8542189611224,13.154898269729367,545.6536734037544,565.5349606726389
497,E04,A5,A2,24.915934655870473,0.7351136427030118,342.65123302792534,352.8384754224469
497,E05,A4,A3,4370.191480049629,88.61364106796559,7015.941427295348,7158.324594193107
497,E06,A3,A6,6.128684291411774e-18,3.9570068971972475e-17,1.0032006781940817e-17,7.480401679475391e-17
497,E06,A6,A3,92.0807129700134,2.4438727344165576,184.84284456132616,189.75382356173853
497,E07,A4,A6,1.0259048448115688e-16,0.0,1.62672374870354e-16,1.7581403493696273e-17
497,E08,A5,A7,40.84400921215288,0.988303786179031,312.22757594115865,323.9218979431111
497,E09,A5,A8,10.105691480388408,0.4134059551836451,135.4765041494053,141.121712446036
497,E10,A6,A8,776.6861761501417,21.970748931837832,1535.310248635403,1578.916591944437
497,E11,A7,A8,2.415541132612874e-16,1.3855783833207725e-18,2.6882036695559347e-15,1.8805171455074318e-15
497,E11,A8,A7,321.11722011423876,12.28014157683938,704.7265880132488,731.9289284015751
498,E01,A1,A2,61.415862704765516,1.7648336380515754,102.9615409716235,105.95242547851703
498,E01,A2,A1,95.0702515640217,1.7675290990137014,156.64773835157624,159.66971615482475
498,E02,A1,A3,0.0,6.340560905842635e-14,0.0,1.0767969710695072e-13
498,E02,A3,A1,39.199515081960726,0.8864698021776258,65.78787643602571,67.27510831800284
498,E03,A4,A2,965.25621546241,26.426134699838766,1538.5109843604441,1580.8393804547804
498,E04,A2,A5,345.97273854158493,11.639845626753651,542.2864077157623,560.6828148312611
498,E04,A5,A2,25.01648788445725,0.7992889716435477,339.4673591937501,350.38674151947333
498,E05,A4,A3,4417.996660233603,72.42489787865755,7068.338254918024,7185.2542137888595
498,E06,A3,A6,0.0,3.775790522094016e-15,0.0,6.294443147518781e-15
498,E06,A6,A3,90.25907753836259,2.3392652833196825,181.65083799699784,186.3538115355082
498,E07,A4,A6,3.928648581297926e-16,0.0,6.239822488281768e-16,0.0
498,E08,A5,A7,39.54861576146007,1.600761310992534,312.3490781169797,323.50564228180804
498,E09,A5,A8,10.107552852605691,0.42282974060994466,133.75223357016893,139.467080011751
498,E10,A6,A8,782.6204264209643,23.633369401816367,1551.7041987682148,1598.3197916986096
498,E11,A7,A8,2.24195419588568e-17,5.423367564549685e-17,2.498861533493589e-16,8.546068357067687e-16
498,E11,A8,A7,323.0211751943868,12.2354224781021,709.309431477288,736.4597990367756
499,E01,A1,A2,63.91084371347486,0.39343060531101426,106.93878831378078,107.60948683364188
499,E01,A2,A1,89.94606758825839,2.989368341734725,149.19274849872272,154.1986361389151
499,E02,A1,A3,0.0,1.8239277590043606e-15,0.0,3.0928851803570745e-15
499,E02,A3,A1,38.64450570869156,0.8158944901524761,65.08583277704383,66.47514682122623
499,E03,A4,A2,969.310835903065,25.90590921924668,1545.7172717978933,1587.4729252294187
499,E04,A2,A5,354.0715179460733,11.037656251691795,555.058333796091,572.0005994780681
499,E04,A5,A2,24.054721310735246,0.9359399248360543,329.89237022445417,342.4616050828488
499,E05,A4,A3,4390.719916861302,81.48392587286504,7031.820559193251,7162.978428580412
499,E06,A3,A6,3.1608780632426053e-16,3.959167778429609e-17,5.187488828518767e-16,4.4284008000843573e-16
499,E06,A6,A3,94.05763680148772,2.582955084289163,188.43894846053524,193.61201010424458
499,E07,A4,A6,4.0877790112116934e-16,0.0,6.502400904809684e-16,0.0
499,E08,A5,A7,40.60641882535722,1.8300045074611648,316.1885960601708,327.04443683429815
499,E09,A5,A8,9.989266329252285,0.42523578888608454,133.4324324364753,139.02522746693356
499,E10,A6,A8,785.3866757354189,23.35660858009911,1553.067529311185,1599.5243791016871
499,E11,A7,A8,1.3446807244510328e-18,3.6049767416705404e-17,1.4419075067355812e-17,4.0984164885997576e-16
499,E11,A8,A7,325.80067736143417,12.166880571172694,713.2643459193237,739.7913579934448
500,E01,A1,A2,62.432464123087,1.7406404981297516,104.6162784547108,107.5597823794149
500,E01,A2,A1,92.19344421106769,1.577951839651229,152.52589729609332,155.06474759066424
500,E02,A1,A3,0.0,2.1699022633967215e-15,0.0,3.687638159621286e-15
500,E02,A3,A1,39.03910382256512,0.7505194228817202,65.63038976506486,66.90081719862197
500,E03,A4,A2,971.3149013756009,25.315174983056146,1551.1092101071038,1591.9004773222573
500,E04,A2,A5,351.93172805964184,12.152143506032052,552.3056399350694,571.3907013745202
500,E04,A5,A2,25.43557745008487,0.6444783264285429,337.8667037050135,346.66454432005094
500,E05,A4,A3,4381.295523305361,74.38094435760269,7018.195257903725,7137.690846390149
500,E06,A3,A6,2.304594633453854e-15,0.0,3.853487553810135e-15,3.008727115958972e-15
500,E06,A6,A3,90.73825555296386,1.929806062419976,182.15188719014589,186.01617710126385
500,E07,A4,A6,2.1749832009972263e-17,1.7188657141464863e-17,3.4727928130782106e-17,5.718783976789519e-17
500,E08,A5,A7,39.9705385897932,1.3038385327031918,312.77339904850913,324.2020997898783
500,E09,A5,A8,10.222984916593731,0.43868093127509367,133.30146727391812,139.09080646778824
500,E10,A6,A8,777.5467408273456,22.51867778933618,1541.2980502001037,1586.1089528359107
500,E11,A7,A8,2.680438109546041e-17,0.0,2.939977192108692e-16,0.0
500,E11,A8,A7,324.66554593192194,11.848048137443211,711.4460606448592,737.5801741518816
